{
	"credit": "Made with Blockbench",
	"textures": {
		"0": "block/milenary",
		"particle": "block/milenary"
	},
	"elements": [
		{
			"from": [0, 0, 1],
			"to": [16, 16, 1],
			"rotation": {"angle": 0, "axis": "y", "origin": [31, 8, 8]},
			"faces": {
				"north": {"uv": [16, 0, 0, 16], "texture": "#0"},
				"east": {"uv": [0, 0, 0, 16], "texture": "#missing"},
				"south": {"uv": [16, 0, 0, 16], "texture": "#0"},
				"west": {"uv": [0, 0, 0, 16], "texture": "#missing"},
				"up": {"uv": [0, 0, 16, 0], "texture": "#missing"},
				"down": {"uv": [0, 0, 16, 0], "texture": "#missing"}
			}
		}
	],
	"display": {
		"head": {
			"translation": [0, -2.5, 11.25],
			"scale": [2, 2, 2]
		}
	}
}