{
	"__comment": "Designed by Tsunami67 with Cubik Studio - https://cubik.studio",
	"textures": {
		"particle": "blocks/e_particle",
		"texture": "blocks/e_texture"
	},
	"elements": [ 	 
		{
			"__comment": "Box1",
			"from": [ 0, 0, 0 ],
			"to": [ 0.001, 0.001, 0.001 ],
			"faces": {
				"down": { "uv": [ 0, 15.999, 0.001, 16 ], "texture": "#texture" },
				"up": { "uv": [ 0, 0, 0.001, 0.001000404 ], "texture": "#texture" },
				"north": { "uv": [ 15.999, 15.999, 16, 16 ], "texture": "#texture" },
				"south": { "uv": [ 0, 15.999, 0.001, 16 ], "texture": "#texture" },
				"west": { "uv": [ 0, 15.999, 0.001, 16 ], "texture": "#texture" },
				"east": { "uv": [ 15.999, 15.999, 16, 16 ], "texture": "#texture" }
			}
		}
	]
}