{
	"__comment": "Designed by Tsunami67 with Cubik Studio - https://cubik.studio",
	"textures": {
		"particle": "blocks/e_particle",
		"texture": "tsunami67/eyes_the_horror_map"
	},
	"elements": [ 	 
		{
			"__comment": "Box1",
			"from": [ -14, -14, -0.5 ],
			"to": [ 30, 30, 16.5 ],
			"faces": {
				"down": { "uv": [ 0, 0, 0.5, 5.5 ], "texture": "#texture" },
				"up": { "uv": [ 0, 0, 1, 6 ], "texture": "#texture" },
				"north": { "uv": [ 0, 0, 16, 16 ], "texture": "#texture" },
				"south": { "uv": [ 0, 0, 16, 16 ], "texture": "#texture" },
				"west": { "uv": [ 0, 0, 1.5, 5.5 ], "texture": "#texture" },
				"east": { "uv": [ 0, 0, 1, 6.5 ], "texture": "#texture" }
			}
		}
	],
	"display": {
		"firstperson_righthand": {
			"translation":  [ 2.7826, 1.3913, -4.869 ],
			"scale":  [ 0.3, 0.3, 0.3 ]
		},
		"gui": {
			"scale":  [ 0.3, 0.3, 0.3 ]
		}
	}
}