{
	"__comment": "Designed by Tsunami67 with Cubik Studio - https://cubik.studio",
	"textures": {
		"particle": "blocks/stonebrick",
		"texture": "blocks/stonebrick_mossy"
	},
	"elements": [ 	 
		{
			"__comment": "Box1",
			"from": [ 0, 0, 0 ],
			"to": [ 16, 16, 16 ],
			"faces": {
				"down": { "uv": [ 1, 1, 2, 11.5 ], "texture": "#texture", "rotation": 180 },
				"up": { "uv": [ 1, 1, 1.5, 11 ], "texture": "#texture", "rotation": 180 },
				"north": { "uv": [ 0, 0, 16, 16 ], "texture": "#texture" },
				"south": { "uv": [ 1, 1, 2, 6.5 ], "texture": "#texture" },
				"west": { "uv": [ 0, 0.5, 2, 14 ], "texture": "#texture" },
				"east": { "uv": [ 1, 1, 2, 12.5 ], "texture": "#texture" }
			}
		},
		{
			"__comment": "Box2",
			"from": [ 6.5, 4, -1 ],
			"to": [ 9.5, 7, 0 ],
			"faces": {
				"down": { "uv": [ 6.5, 0, 9.5, 1 ], "texture": "#particle", "rotation": 180 },
				"up": { "uv": [ 6.5, 15, 9.5, 16 ], "texture": "#particle", "rotation": 180 },
				"north": { "uv": [ 6.5, 9, 9.5, 12 ], "texture": "#particle" },
				"south": { "uv": [ 6.5, 9, 9.5, 12 ], "texture": "#particle" },
				"west": { "uv": [ 0, 9, 1, 12 ], "texture": "#particle" },
				"east": { "uv": [ 15, 9, 16, 12 ], "texture": "#particle" }
			}
		},
		{
			"__comment": "Box3",
			"from": [ 7.5, 9.5, -2.5 ],
			"to": [ 8.5, 10.5, -1 ],
			"faces": {
				"down": { "uv": [ 7.5, 14.5, 8.5, 16 ], "texture": "#particle", "rotation": 180 },
				"up": { "uv": [ 7.5, 0, 8.5, 1.5 ], "texture": "#particle", "rotation": 180 },
				"north": { "uv": [ 7.5, 5.5, 8.5, 6.5 ], "texture": "#particle" },
				"south": { "uv": [ 7.5, 5.5, 8.5, 6.5 ], "texture": "#particle" },
				"west": { "uv": [ 14.5, 5.5, 16, 6.5 ], "texture": "#particle" },
				"east": { "uv": [ 0, 5.5, 1.5, 6.5 ], "texture": "#particle" }
			}
		},
		{
			"__comment": "Box4",
			"from": [ 6, 9.5, -3 ],
			"to": [ 10, 10.5, -2.5 ],
			"faces": {
				"down": { "uv": [ 6, 14, 10, 14.5 ], "texture": "#particle", "rotation": 180 },
				"up": { "uv": [ 6, 1.5, 10, 2 ], "texture": "#particle", "rotation": 180 },
				"north": { "uv": [ 6, 5.5, 10, 6.5 ], "texture": "#particle" },
				"south": { "uv": [ 6, 5.5, 10, 6.5 ], "texture": "#particle" },
				"west": { "uv": [ 14, 5.5, 14.5, 6.5 ], "texture": "#particle" },
				"east": { "uv": [ 1.5, 5.5, 2, 6.5 ], "texture": "#particle" }
			}
		},
		{
			"__comment": "Box5",
			"from": [ 7.5, 8, -3 ],
			"to": [ 8.5, 9.5, -2.5 ],
			"faces": {
				"down": { "uv": [ 7.5, 14, 8.5, 14.5 ], "texture": "#particle", "rotation": 180 },
				"up": { "uv": [ 7.5, 1.5, 8.5, 2 ], "texture": "#particle", "rotation": 180 },
				"north": { "uv": [ 7.5, 6.5, 8.5, 8 ], "texture": "#particle" },
				"south": { "uv": [ 7.5, 6.5, 8.5, 8 ], "texture": "#particle" },
				"west": { "uv": [ 14, 6.5, 14.5, 8 ], "texture": "#particle" },
				"east": { "uv": [ 1.5, 6.5, 2, 8 ], "texture": "#particle" }
			}
		},
		{
			"__comment": "Box5",
			"from": [ 7.5, 10.5, -3 ],
			"to": [ 8.5, 12, -2.5 ],
			"faces": {
				"down": { "uv": [ 7.5, 14, 8.5, 14.5 ], "texture": "#particle", "rotation": 180 },
				"up": { "uv": [ 7.5, 1.5, 8.5, 2 ], "texture": "#particle", "rotation": 180 },
				"north": { "uv": [ 7.5, 4, 8.5, 5.5 ], "texture": "#particle" },
				"south": { "uv": [ 7.5, 4, 8.5, 5.5 ], "texture": "#particle" },
				"west": { "uv": [ 14, 4, 14.5, 5.5 ], "texture": "#particle" },
				"east": { "uv": [ 1.5, 4, 2, 5.5 ], "texture": "#particle" }
			}
		},
		{
			"__comment": "Box2",
			"from": [ 6.5, 8.5, -1 ],
			"to": [ 9.5, 11.5, 0 ],
			"faces": {
				"down": { "uv": [ 6.5, 0, 9.5, 1 ], "texture": "#particle", "rotation": 180 },
				"up": { "uv": [ 6.5, 15, 9.5, 16 ], "texture": "#particle", "rotation": 180 },
				"north": { "uv": [ 6.5, 4.5, 9.5, 7.5 ], "texture": "#particle" },
				"south": { "uv": [ 6.5, 4.5, 9.5, 7.5 ], "texture": "#particle" },
				"west": { "uv": [ 0, 4.5, 1, 7.5 ], "texture": "#particle" },
				"east": { "uv": [ 15, 4.5, 16, 7.5 ], "texture": "#particle" }
			}
		}
	],
	"display": {
		"gui": {
			"rotation":  [ 30, 136, 0 ],
			"scale":  [ 0.625, 0.625, 0.625 ]
		}
	}
}