{
	"__comment": "Designed by Tsunami67 with Cubik Studio - https://cubik.studio",
	"textures": {
		"particle": "blocks/e_particle",
		"texture": "blocks/e_texture"
	},
	"elements": [ 	 
		{
			"__comment": "Box1",
			"from": [ 7.5, 10, 17 ],
			"to": [ 7.501, 10.001, 17.001 ],
			"faces": {
				"down": { "uv": [ 7.5, 14.999, 7.501, 15 ], "texture": "#texture" },
				"up": { "uv": [ 7.5, 1, 7.501, 1.001 ], "texture": "#texture" },
				"north": { "uv": [ 8.499, 5.999, 8.5, 6 ], "texture": "#texture" },
				"south": { "uv": [ 7.5, 5.999, 7.501, 6 ], "texture": "#texture" },
				"west": { "uv": [ 1, 5.999, 1.000999, 6 ], "texture": "#texture" },
				"east": { "uv": [ 14.999, 5.999, 15, 6 ], "texture": "#texture" }
			}
		}
	]
}