{
	"__comment": "Designed by Tsunami67 with Cubik Studio - https://cubik.studio",
	"textures": {
		"particle": "blocks/beacon",
		"texture": "blocks/stonebrick"
	},
	"elements": [ 	 
		{
			"__comment": "Box1",
			"from": [ 16, 12.5, -16 ],
			"to": [ 16.5, 16, 32 ],
			"faces": {
				"down": { "uv": [ 0, 0, 0.5, 16 ], "texture": "#texture" },
				"up": { "uv": [ 0, 0, 0.5, 16 ], "texture": "#texture" },
				"north": { "uv": [ 15.5, 0, 16, 3.5 ], "texture": "#texture" },
				"south": { "uv": [ 0, 0, 0.5, 3.5 ], "texture": "#texture" },
				"west": { "uv": [ 0, 0, 16, 3.5 ], "texture": "#texture" },
				"east": { "uv": [ 0, 0, 16, 3.5 ], "texture": "#texture" }
			}
		},
		{
			"__comment": "Box1",
			"from": [ -0.5, 12.5, -16 ],
			"to": [ 0, 16, 32 ],
			"faces": {
				"down": { "uv": [ 15.5, 0, 16, 16 ], "texture": "#texture" },
				"up": { "uv": [ 15.5, 0, 16, 16 ], "texture": "#texture" },
				"north": { "uv": [ 0, 0, 0.5, 2 ], "texture": "#texture" },
				"south": { "uv": [ 15.5, 0, 16, 2 ], "texture": "#texture" },
				"west": { "uv": [ 0, 0, 16, 2 ], "texture": "#texture" },
				"east": { "uv": [ 0, 0, 16, 2 ], "texture": "#texture" }
			}
		},
		{
			"__comment": "Box3",
			"from": [ 0, 12.5, 31.5 ],
			"to": [ 16, 16, 32 ],
			"faces": {
				"down": { "uv": [ 0, 0, 16, 0.5 ], "texture": "#texture" },
				"up": { "uv": [ 0, 15.5, 16, 16 ], "texture": "#texture" },
				"north": { "uv": [ 0, 0, 16, 2 ], "texture": "#texture" },
				"south": { "uv": [ 0, 0, 16, 2 ], "texture": "#texture" },
				"west": { "uv": [ 15.5, 0, 16, 2 ], "texture": "#texture" },
				"east": { "uv": [ 0, 0, 0.5, 2 ], "texture": "#texture" }
			}
		},
		{
			"__comment": "Box3",
			"from": [ 0, 12.5, -16 ],
			"to": [ 16, 16, -15.5 ],
			"faces": {
				"down": { "uv": [ 0, 15.5, 16, 16 ], "texture": "#texture" },
				"up": { "uv": [ 0, 0, 16, 0.5 ], "texture": "#texture" },
				"north": { "uv": [ 0, 0, 16, 2 ], "texture": "#texture" },
				"south": { "uv": [ 0, 0, 16, 2 ], "texture": "#texture" },
				"west": { "uv": [ 0, 0, 0.5, 2 ], "texture": "#texture" },
				"east": { "uv": [ 15.5, 0, 16, 2 ], "texture": "#texture" }
			}
		},
		{
			"__comment": "Box5",
			"from": [ 0, 15.5, -15.5 ],
			"to": [ 16, 16, 31.5 ],
			"faces": {
				"down": { "uv": [ 0, 0, 16, 16 ], "texture": "#particle" },
				"up": { "uv": [ 0, 0, 16, 16 ], "texture": "#texture" },
				"north": { "uv": [ 0, 0, 16, 0.5 ], "texture": "#texture" },
				"south": { "uv": [ 0, 0, 16, 0.5 ], "texture": "#texture" },
				"west": { "uv": [ 0, 0, 16, 0.5 ], "texture": "#texture" },
				"east": { "uv": [ 0, 0, 16, 0.5 ], "texture": "#texture" }
			}
		},
		{
			"__comment": "Box11",
			"from": [ 5, 15, -15.5 ],
			"to": [ 5.5, 15.5, 31.5 ],
			"faces": {
				"down": { "uv": [ 5, 0, 5.5, 16 ], "texture": "#texture" },
				"up": { "uv": [ 5, 0, 5.5, 16 ], "texture": "#texture" },
				"north": { "uv": [ 10.5, 0.5, 11, 1 ], "texture": "#texture" },
				"south": { "uv": [ 5, 0.5, 5.5, 1 ], "texture": "#texture" },
				"west": { "uv": [ 0, 0.5, 16, 1 ], "texture": "#texture" },
				"east": { "uv": [ 0, 0.5, 16, 1 ], "texture": "#texture" }
			}
		},
		{
			"__comment": "Box12",
			"from": [ 10.5, 15, -15.5 ],
			"to": [ 11, 15.5, 31.5 ],
			"faces": {
				"down": { "uv": [ 10.5, 0, 11, 16 ], "texture": "#texture" },
				"up": { "uv": [ 10.5, 0, 11, 16 ], "texture": "#texture" },
				"north": { "uv": [ 5, 0.5, 5.5, 1 ], "texture": "#texture" },
				"south": { "uv": [ 10.5, 0.5, 11, 1 ], "texture": "#texture" },
				"west": { "uv": [ 0, 0.5, 16, 1 ], "texture": "#texture" },
				"east": { "uv": [ 0, 0.5, 16, 1 ], "texture": "#texture" }
			}
		},
		{
			"__comment": "Box6",
			"from": [ 0, 14.5, -8 ],
			"to": [ 16, 15.5, -7.5 ],
			"faces": {
				"down": { "uv": [ 0, 7.5, 16, 8 ], "texture": "#texture" },
				"up": { "uv": [ 0, 8, 16, 8.5 ], "texture": "#texture" },
				"north": { "uv": [ 0, 0.5, 16, 1.5 ], "texture": "#texture" },
				"south": { "uv": [ 0, 0.5, 16, 1.5 ], "texture": "#texture" },
				"west": { "uv": [ 8, 0.5, 8.5, 1.5 ], "texture": "#texture" },
				"east": { "uv": [ 7.5, 0.5, 8, 1.5 ], "texture": "#texture" }
			}
		},
		{
			"__comment": "Box7",
			"from": [ 0, 14.5, 0 ],
			"to": [ 16, 15.5, 0.5 ],
			"faces": {
				"down": { "uv": [ 0, 15.5, 16, 16 ], "texture": "#texture" },
				"up": { "uv": [ 0, 0, 16, 0.5 ], "texture": "#texture" },
				"north": { "uv": [ 0, 0.5, 16, 1.5 ], "texture": "#texture" },
				"south": { "uv": [ 0, 0.5, 16, 1.5 ], "texture": "#texture" },
				"west": { "uv": [ 0, 0.5, 0.5, 1.5 ], "texture": "#texture" },
				"east": { "uv": [ 15.5, 0.5, 16, 1.5 ], "texture": "#texture" }
			}
		},
		{
			"__comment": "Box7",
			"from": [ 0, 14.5, 16 ],
			"to": [ 16, 15.5, 16.5 ],
			"faces": {
				"down": { "uv": [ 0, 15.5, 16, 16 ], "texture": "#texture" },
				"up": { "uv": [ 0, 0, 16, 0.5 ], "texture": "#texture" },
				"north": { "uv": [ 0, 0.5, 16, 1.5 ], "texture": "#texture" },
				"south": { "uv": [ 0, 0.5, 16, 1.5 ], "texture": "#texture" },
				"west": { "uv": [ 0, 0.5, 0.5, 1.5 ], "texture": "#texture" },
				"east": { "uv": [ 15.5, 0.5, 16, 1.5 ], "texture": "#texture" }
			}
		},
		{
			"__comment": "Box6",
			"from": [ 0, 14.5, 24 ],
			"to": [ 16, 15.5, 24.5 ],
			"faces": {
				"down": { "uv": [ 0, 7.5, 16, 8 ], "texture": "#texture" },
				"up": { "uv": [ 0, 8, 16, 8.5 ], "texture": "#texture" },
				"north": { "uv": [ 0, 0.5, 16, 1.5 ], "texture": "#texture" },
				"south": { "uv": [ 0, 0.5, 16, 1.5 ], "texture": "#texture" },
				"west": { "uv": [ 8, 0.5, 8.5, 1.5 ], "texture": "#texture" },
				"east": { "uv": [ 7.5, 0.5, 8, 1.5 ], "texture": "#texture" }
			}
		},
		{
			"__comment": "Box6",
			"from": [ 0, 14.5, 8 ],
			"to": [ 16, 15.5, 8.5 ],
			"faces": {
				"down": { "uv": [ 0, 7.5, 16, 8 ], "texture": "#texture" },
				"up": { "uv": [ 0, 8, 16, 8.5 ], "texture": "#texture" },
				"north": { "uv": [ 0, 0.5, 16, 1.5 ], "texture": "#texture" },
				"south": { "uv": [ 0, 0.5, 16, 1.5 ], "texture": "#texture" },
				"west": { "uv": [ 8, 0.5, 8.5, 1.5 ], "texture": "#texture" },
				"east": { "uv": [ 7.5, 0.5, 8, 1.5 ], "texture": "#texture" }
			}
		}
	],
	"display": {
		"gui": {
			"rotation":  [ 30, 225, -180 ],
			"scale":  [ 0.3, 0.3, 0.3 ]
		}
	}
}