{
	"__comment": "Designed by Tsunami67 with Cubik Studio - https://cubik.studio",
	"textures": {
		"particle": "blocks/glass_white",
		"texture": "blocks/stone_granite_smooth",
		"courbe": "tsunami67/billes_chandelier",
		"droit": "tsunami67/billes_chandelier1"
	},
	"elements": [ 	 
		{
			"__comment": "Box1",
			"from": [ 7, 3, 7 ],
			"to": [ 9, 15, 9 ],
			"faces": {
				"down": { "uv": [ 7, 7, 9, 9 ], "texture": "#texture" },
				"up": { "uv": [ 7, 7, 9, 9 ], "texture": "#texture" },
				"north": { "uv": [ 7, 1, 9, 13 ], "texture": "#texture" },
				"south": { "uv": [ 7, 1, 9, 13 ], "texture": "#texture" },
				"west": { "uv": [ 7, 1, 9, 13 ], "texture": "#texture" },
				"east": { "uv": [ 7, 1, 9, 13 ], "texture": "#texture" }
			}
		},
		{
			"__comment": "Box2",
			"from": [ 5, 14, 5 ],
			"to": [ 11, 15, 11 ],
			"faces": {
				"down": { "uv": [ 5, 5, 11, 11 ], "texture": "#texture" },
				"up": { "uv": [ 5, 5, 11, 11 ], "texture": "#texture" },
				"north": { "uv": [ 5, 1, 11, 2 ], "texture": "#texture" },
				"south": { "uv": [ 5, 1, 11, 2 ], "texture": "#texture" },
				"west": { "uv": [ 5, 1, 11, 2 ], "texture": "#texture" },
				"east": { "uv": [ 5, 1, 11, 2 ], "texture": "#texture" }
			}
		},
		{
			"__comment": "Box3",
			"from": [ 2, 15, 2 ],
			"to": [ 14, 16, 14 ],
			"faces": {
				"down": { "uv": [ 2, 2, 14, 14 ], "texture": "#texture" },
				"up": { "uv": [ 2, 2, 14, 14 ], "texture": "#texture" },
				"north": { "uv": [ 2, 0, 14, 1 ], "texture": "#texture" },
				"south": { "uv": [ 2, 0, 14, 1 ], "texture": "#texture" },
				"west": { "uv": [ 2, 0, 14, 1 ], "texture": "#texture" },
				"east": { "uv": [ 2, 0, 14, 1 ], "texture": "#texture" }
			}
		},
		{
			"__comment": "Box4",
			"from": [ -1, 5.5, 7 ],
			"to": [ 7, 6.5, 9 ],
			"faces": {
				"down": { "uv": [ 0, 7, 7, 9 ], "texture": "#texture" },
				"up": { "uv": [ 0, 7, 7, 9 ], "texture": "#texture" },
				"north": { "uv": [ 9, 9.5, 16, 10.5 ], "texture": "#texture" },
				"south": { "uv": [ 0, 9.5, 7, 10.5 ], "texture": "#texture" },
				"west": { "uv": [ 7, 9.5, 9, 10.5 ], "texture": "#texture" },
				"east": { "uv": [ 7, 9.5, 9, 10.5 ], "texture": "#texture" }
			}
		},
		{
			"__comment": "Box5",
			"from": [ 7, 5.5, -1 ],
			"to": [ 9, 6.5, 7 ],
			"faces": {
				"down": { "uv": [ 7, 9, 9, 16 ], "texture": "#texture" },
				"up": { "uv": [ 7, 0, 9, 7 ], "texture": "#texture" },
				"north": { "uv": [ 7, 9.5, 9, 10.5 ], "texture": "#texture" },
				"south": { "uv": [ 7, 9.5, 9, 10.5 ], "texture": "#texture" },
				"west": { "uv": [ 0, 9.5, 7, 10.5 ], "texture": "#texture" },
				"east": { "uv": [ 9, 9.5, 16, 10.5 ], "texture": "#texture" }
			}
		},
		{
			"__comment": "Box6",
			"from": [ 7, 5.5, 9 ],
			"to": [ 9, 6.5, 17 ],
			"faces": {
				"down": { "uv": [ 7, 0, 9, 7 ], "texture": "#texture" },
				"up": { "uv": [ 7, 9, 9, 16 ], "texture": "#texture" },
				"north": { "uv": [ 7, 9.5, 9, 10.5 ], "texture": "#texture" },
				"south": { "uv": [ 7, 9.5, 9, 10.5 ], "texture": "#texture" },
				"west": { "uv": [ 9, 9.5, 16, 10.5 ], "texture": "#texture" },
				"east": { "uv": [ 0, 9.5, 7, 10.5 ], "texture": "#texture" }
			}
		},
		{
			"__comment": "Box7",
			"from": [ 9, 5.5, 7 ],
			"to": [ 17, 6.5, 9 ],
			"faces": {
				"down": { "uv": [ 9, 7, 16, 9 ], "texture": "#texture" },
				"up": { "uv": [ 9, 7, 16, 9 ], "texture": "#texture" },
				"north": { "uv": [ 0, 9.5, 7, 10.5 ], "texture": "#texture" },
				"south": { "uv": [ 9, 9.5, 16, 10.5 ], "texture": "#texture" },
				"west": { "uv": [ 7, 9.5, 9, 10.5 ], "texture": "#texture" },
				"east": { "uv": [ 7, 9.5, 9, 10.5 ], "texture": "#texture" }
			}
		},
		{
			"__comment": "Box11",
			"from": [ -1, 6.5, 7 ],
			"to": [ 1, 8.5, 9 ],
			"faces": {
				"down": { "uv": [ 0, 0, 16, 16 ], "texture": "#particle" },
				"up": { "uv": [ 0, 0, 16, 16 ], "texture": "#particle" },
				"north": { "uv": [ 0, 0, 16, 16 ], "texture": "#particle" },
				"south": { "uv": [ 0, 0, 16, 16 ], "texture": "#particle" },
				"west": { "uv": [ 0, 0, 16, 16 ], "texture": "#particle" },
				"east": { "uv": [ 0, 0, 16, 16 ], "texture": "#particle" }
			}
		},
		{
			"__comment": "Box11",
			"from": [ 7, 6.5, 15 ],
			"to": [ 9, 8.5, 17 ],
			"faces": {
				"down": { "uv": [ 0, 0, 16, 16 ], "texture": "#particle" },
				"up": { "uv": [ 0, 0, 16, 16 ], "texture": "#particle" },
				"north": { "uv": [ 0, 0, 16, 16 ], "texture": "#particle" },
				"south": { "uv": [ 0, 0, 16, 16 ], "texture": "#particle" },
				"west": { "uv": [ 0, 0, 16, 16 ], "texture": "#particle" },
				"east": { "uv": [ 0, 0, 16, 16 ], "texture": "#particle" }
			}
		},
		{
			"__comment": "Box11",
			"from": [ 7, 6.5, -1 ],
			"to": [ 9, 8.5, 1 ],
			"faces": {
				"down": { "uv": [ 0, 0, 16, 16 ], "texture": "#particle" },
				"up": { "uv": [ 0, 0, 16, 16 ], "texture": "#particle" },
				"north": { "uv": [ 0, 0, 16, 16 ], "texture": "#particle" },
				"south": { "uv": [ 0, 0, 16, 16 ], "texture": "#particle" },
				"west": { "uv": [ 0, 0, 16, 16 ], "texture": "#particle" },
				"east": { "uv": [ 0, 0, 16, 16 ], "texture": "#particle" }
			}
		},
		{
			"__comment": "Box11",
			"from": [ 15, 6.5, 7 ],
			"to": [ 17, 8.5, 9 ],
			"faces": {
				"down": { "uv": [ 0, 0, 16, 16 ], "texture": "#particle" },
				"up": { "uv": [ 0, 0, 16, 16 ], "texture": "#particle" },
				"north": { "uv": [ 0, 0, 16, 16 ], "texture": "#particle" },
				"south": { "uv": [ 0, 0, 16, 16 ], "texture": "#particle" },
				"west": { "uv": [ 0, 0, 16, 16 ], "texture": "#particle" },
				"east": { "uv": [ 0, 0, 16, 16 ], "texture": "#particle" }
			}
		},
		{
			"__comment": "Box12",
			"from": [ 8, -4, -1 ],
			"to": [ 8.001, 5.5, 7 ],
			"faces": {
				"down": { "uv": [ 4.5, 7.499, 8.5, 7.5 ], "texture": "#droit", "rotation": 270 },
				"up": { "uv": [ 1.5, 5.5, 5.5, 5.500999 ], "texture": "#droit", "rotation": 90 },
				"north": { "uv": [ 12, 2, 12.001, 6.5 ], "texture": "#droit" },
				"south": { "uv": [ 13, 2, 13.001, 6.5 ], "texture": "#droit" },
				"west": { "uv": [ 16, 0, 0, 16 ], "texture": "#droit" },
				"east": { "uv": [ 0, 0, 16, 16 ], "texture": "#droit" }
			}
		},
		{
			"__comment": "Box12",
			"from": [ 8, 6.5, -1 ],
			"to": [ 8.001, 15, 7 ],
			"faces": {
				"down": { "uv": [ 4.5, 7.499, 8.5, 7.5 ], "texture": "#courbe" },
				"up": { "uv": [ 4.5, 8.5, 8.5, 8.500999 ], "texture": "#courbe" },
				"north": { "uv": [ 0, 0, 5.5, 8.5 ], "texture": "#courbe" },
				"south": { "uv": [ 0, 0, 7, 7 ], "texture": "#courbe" },
				"west": { "uv": [ 0, 0, 16, 16 ], "texture": "#courbe" },
				"east": { "uv": [ 16, 0, 0, 16 ], "texture": "#courbe" }
			}
		},
		{
			"__comment": "Box12",
			"from": [ -1, 6.5, 8 ],
			"to": [ 7, 15, 8.001 ],
			"faces": {
				"down": { "uv": [ 4.5, 7.499, 8.5, 7.5 ], "texture": "#courbe" },
				"up": { "uv": [ 4.5, 8.5, 8.5, 8.500999 ], "texture": "#courbe" },
				"north": { "uv": [ 16, 0, 0, 16 ], "texture": "#courbe" },
				"south": { "uv": [ 0, 0, 16, 16 ], "texture": "#courbe" },
				"west": { "uv": [ 8.5, 0.5, 8.501, 5 ], "texture": "#courbe" },
				"east": { "uv": [ 7.499, 0.5, 7.5, 5 ], "texture": "#courbe" }
			}
		},
		{
			"__comment": "Box12",
			"from": [ 8, 6.5, 9 ],
			"to": [ 8.001, 15, 17 ],
			"faces": {
				"down": { "uv": [ 4.5, 7.499, 8.5, 7.5 ], "texture": "#courbe" },
				"up": { "uv": [ 4.5, 8.5, 8.5, 8.500999 ], "texture": "#courbe" },
				"north": { "uv": [ 0, 0, 5.5, 8.5 ], "texture": "#courbe" },
				"south": { "uv": [ 0, 0, 7, 7 ], "texture": "#courbe" },
				"west": { "uv": [ 16, 0, 0, 16 ], "texture": "#courbe" },
				"east": { "uv": [ 0, 0, 16, 16 ], "texture": "#courbe" }
			}
		},
		{
			"__comment": "Box12",
			"from": [ 9, 6.5, 8 ],
			"to": [ 17, 15, 8.001 ],
			"faces": {
				"down": { "uv": [ 4.5, 7.499, 8.5, 7.5 ], "texture": "#courbe" },
				"up": { "uv": [ 4.5, 8.5, 8.5, 8.500999 ], "texture": "#courbe" },
				"north": { "uv": [ 0, 0, 16, 16 ], "texture": "#courbe" },
				"south": { "uv": [ 16, 0, 0, 16 ], "texture": "#courbe" },
				"west": { "uv": [ 8.5, 0.5, 8.501, 5 ], "texture": "#courbe" },
				"east": { "uv": [ 7.499, 0.5, 7.5, 5 ], "texture": "#courbe" }
			}
		},
		{
			"__comment": "Box12",
			"from": [ 8, -4, 9 ],
			"to": [ 8.001, 5.5, 17 ],
			"faces": {
				"down": { "uv": [ 4.5, 7.499, 8.5, 7.5 ], "texture": "#droit", "rotation": 270 },
				"up": { "uv": [ 1.5, 6.5, 5.5, 6.500999 ], "texture": "#droit", "rotation": 90 },
				"north": { "uv": [ 11, 1, 11.001, 5.5 ], "texture": "#droit" },
				"south": { "uv": [ 12, 1.5, 12.001, 6 ], "texture": "#droit" },
				"west": { "uv": [ 16, 0, 0, 16 ], "texture": "#droit" },
				"east": { "uv": [ 0, 0, 16, 16 ], "texture": "#droit" }
			}
		},
		{
			"__comment": "Box12",
			"from": [ -1, -4, 8 ],
			"to": [ 7, 5.5, 8.001 ],
			"faces": {
				"down": { "uv": [ 4.5, 7.499, 8.5, 7.5 ], "texture": "#droit" },
				"up": { "uv": [ 4.5, 8.5, 8.5, 8.500999 ], "texture": "#droit" },
				"north": { "uv": [ 0, 0, 16, 16 ], "texture": "#droit" },
				"south": { "uv": [ 16, 0, 0, 16 ], "texture": "#droit" },
				"west": { "uv": [ 10.5, 1, 10.501, 5.5 ], "texture": "#droit" },
				"east": { "uv": [ 11, 1, 11.001, 5.5 ], "texture": "#droit" }
			}
		},
		{
			"__comment": "Box12",
			"from": [ 9, -4, 8 ],
			"to": [ 17, 5.5, 8.001 ],
			"faces": {
				"down": { "uv": [ 4.5, 7.499, 8.5, 7.5 ], "texture": "#droit" },
				"up": { "uv": [ 4.5, 8.5, 8.5, 8.500999 ], "texture": "#droit" },
				"north": { "uv": [ 0, 0, 16, 16 ], "texture": "#droit" },
				"south": { "uv": [ 16, 0, 0, 16 ], "texture": "#droit" },
				"west": { "uv": [ 13, 3, 13.001, 7.5 ], "texture": "#droit" },
				"east": { "uv": [ 13, 1.5, 13.001, 6 ], "texture": "#droit" }
			}
		},
		{
			"__comment": "Box2",
			"from": [ 5, 4.5, 5 ],
			"to": [ 11, 5.5, 11 ],
			"faces": {
				"down": { "uv": [ 5, 5, 11, 11 ], "texture": "#texture" },
				"up": { "uv": [ 5, 5, 11, 11 ], "texture": "#texture" },
				"north": { "uv": [ 5, 10.5, 11, 11.5 ], "texture": "#texture" },
				"south": { "uv": [ 5, 10.5, 11, 11.5 ], "texture": "#texture" },
				"west": { "uv": [ 5, 10.5, 11, 11.5 ], "texture": "#texture" },
				"east": { "uv": [ 5, 10.5, 11, 11.5 ], "texture": "#texture" }
			}
		},
		{
			"__comment": "Box2",
			"from": [ 5, 9, 5 ],
			"to": [ 11, 10, 11 ],
			"faces": {
				"down": { "uv": [ 5, 5, 11, 11 ], "texture": "#texture" },
				"up": { "uv": [ 5, 5, 11, 11 ], "texture": "#texture" },
				"north": { "uv": [ 5, 6, 11, 7 ], "texture": "#texture" },
				"south": { "uv": [ 5, 6, 11, 7 ], "texture": "#texture" },
				"west": { "uv": [ 5, 6, 11, 7 ], "texture": "#texture" },
				"east": { "uv": [ 5, 6, 11, 7 ], "texture": "#texture" }
			}
		}
	],
	"display": {
		"thirdperson_righthand": {
			"scale":  [ 2, 2, 2 ]
		},
		"gui": {
			"rotation":  [ 30, 225, 0 ],
			"translation":  [ 0, -2.782, 0 ]
		}
	}
}