{
	"__comment": "Designed by Tsunami67 with Cubik Studio - https://cubik.studio",
	"textures": {
		"particle": "tsunami67/four_texture",
		"texture": "tsunami67/four_plateaux",
		"texture1": "blocks/stone_granite_smooth"
	},
	"elements": [ 	 
		{
			"__comment": "Box1",
			"from": [ 0, 4, 4 ],
			"to": [ 1, 12, 12 ],
			"faces": {
				"down": { "uv": [ 0.5, 15, 3.5, 16 ], "texture": "#texture", "rotation": 90 },
				"up": { "uv": [ 0, 5, 16, 11.5 ], "texture": "#texture", "rotation": 270 },
				"north": { "uv": [ 0, 9.5, 16, 16 ], "texture": "#texture" },
				"south": { "uv": [ 0, 9.5, 16, 16 ], "texture": "#texture" },
				"west": { "uv": [ 0, 9, 16, 16 ], "texture": "#texture" },
				"east": { "uv": [ 0, 9.5, 16, 16 ], "texture": "#texture" }
			}
		},
		{
			"__comment": "Box2",
			"from": [ 1, 5, 6 ],
			"to": [ 2, 10, 10 ],
			"faces": {
				"down": { "uv": [ 7.5, 8, 8.5, 9 ], "texture": "#texture", "rotation": 90 },
				"up": { "uv": [ 3, 3, 13.5, 12 ], "texture": "#texture", "rotation": 270 },
				"north": { "uv": [ 1, 0, 16, 16 ], "texture": "#texture" },
				"south": { "uv": [ 1.5, 1, 15, 15.5 ], "texture": "#texture" },
				"west": { "uv": [ 1, 1, 14.5, 15 ], "texture": "#texture" },
				"east": { "uv": [ 1, 0, 16, 16 ], "texture": "#texture" }
			}
		},
		{
			"__comment": "Box7",
			"from": [ 2, 7.5, 3.5 ],
			"to": [ 3.5, 9, 12.5 ],
			"faces": {
				"down": { "uv": [ 0, 4.5, 16, 11 ], "texture": "#texture", "rotation": 90 },
				"up": { "uv": [ 0, 5, 16, 10.5 ], "texture": "#texture", "rotation": 270 },
				"north": { "uv": [ 7.5, 13.5, 8, 14 ], "texture": "#texture" },
				"south": { "uv": [ 8, 13.5, 8.5, 14 ], "texture": "#texture" },
				"west": { "uv": [ 0, 5.5, 16, 10.5 ], "texture": "#texture" },
				"east": { "uv": [ 0.5, 5, 16, 11 ], "texture": "#texture" }
			}
		},
		{
			"__comment": "Box8",
			"from": [ 6.5, 6.5, 4 ],
			"to": [ 7.5, 7.5, 5 ],
			"faces": {
				"down": { "uv": [ 6, 6, 6.5, 6.5 ], "texture": "#texture", "rotation": 90 },
				"up": { "uv": [ 6, 9.5, 6.5, 10 ], "texture": "#texture", "rotation": 270 },
				"north": { "uv": [ 6, 14, 6.5, 14.5 ], "texture": "#texture" },
				"south": { "uv": [ 9.5, 14, 10, 14.5 ], "texture": "#texture" },
				"west": { "uv": [ 9.5, 14, 10, 14.5 ], "texture": "#texture" },
				"east": { "uv": [ 6, 14, 6.5, 14.5 ], "texture": "#texture" }
			}
		},
		{
			"__comment": "Box10",
			"from": [ 6.5, 9.5, 4 ],
			"to": [ 7.5, 12.5, 5 ],
			"faces": {
				"down": { "uv": [ 6, 6, 6.5, 6.5 ], "texture": "#particle", "rotation": 90 },
				"up": { "uv": [ 6, 9.5, 6.5, 10 ], "texture": "#particle", "rotation": 270 },
				"north": { "uv": [ 6, 11, 6.5, 13 ], "texture": "#particle" },
				"south": { "uv": [ 9.5, 11, 10, 13 ], "texture": "#particle" },
				"west": { "uv": [ 9.5, 11, 10, 13 ], "texture": "#particle" },
				"east": { "uv": [ 6, 11, 6.5, 13 ], "texture": "#particle" }
			}
		},
		{
			"__comment": "Box10",
			"from": [ 5.5, 8.5, 3 ],
			"to": [ 8.5, 9.5, 6 ],
			"faces": {
				"down": { "uv": [ 5.5, 5.5, 7, 7 ], "texture": "#texture", "rotation": 90 },
				"up": { "uv": [ 0, 0, 16, 16 ], "texture": "#texture", "rotation": 270 },
				"north": { "uv": [ 5.5, 13, 7, 13.5 ], "texture": "#texture" },
				"south": { "uv": [ 9, 13, 10.5, 13.5 ], "texture": "#texture" },
				"west": { "uv": [ 9, 13, 10.5, 13.5 ], "texture": "#texture" },
				"east": { "uv": [ 5.5, 13, 7, 13.5 ], "texture": "#texture" }
			}
		},
		{
			"__comment": "Box8",
			"from": [ 3.5, 7.5, 11 ],
			"to": [ 7.5, 9, 12 ],
			"faces": {
				"down": { "uv": [ 0, 0, 16, 16 ], "texture": "#texture", "rotation": 90 },
				"up": { "uv": [ 0, 0, 16, 16 ], "texture": "#texture", "rotation": 270 },
				"north": { "uv": [ 0, 0, 16, 16 ], "texture": "#texture" },
				"south": { "uv": [ 0, 0, 16, 16 ], "texture": "#texture" },
				"west": { "uv": [ 9.5, 13.5, 10, 14 ], "texture": "#texture" },
				"east": { "uv": [ 6, 13.5, 6.5, 14 ], "texture": "#texture" }
			}
		},
		{
			"__comment": "Box8",
			"from": [ 3.5, 7.5, 4 ],
			"to": [ 7.5, 9, 5 ],
			"faces": {
				"down": { "uv": [ 9.5, 6, 10, 7.5 ], "texture": "#texture", "rotation": 90 },
				"up": { "uv": [ 0, 0, 16, 16 ], "texture": "#texture", "rotation": 270 },
				"north": { "uv": [ 0, 0, 16, 16 ], "texture": "#texture" },
				"south": { "uv": [ 0, 0, 16, 16 ], "texture": "#texture" },
				"west": { "uv": [ 6, 13.5, 6.5, 14 ], "texture": "#texture" },
				"east": { "uv": [ 9.5, 13.5, 10, 14 ], "texture": "#texture" }
			}
		},
		{
			"__comment": "Box16",
			"from": [ 6.5, 12.5, 4 ],
			"to": [ 7.5, 13.5, 5 ],
			"faces": {
				"down": { "uv": [ 9.5, 6, 10, 6.5 ], "texture": "#texture1", "rotation": 90 },
				"up": { "uv": [ 0, 0, 16, 16 ], "texture": "#texture1", "rotation": 270 },
				"north": { "uv": [ 0, 0, 16, 16 ], "texture": "#texture1" },
				"south": { "uv": [ 0, 0, 16, 16 ], "texture": "#texture1" },
				"west": { "uv": [ 0, 0, 16, 16 ], "texture": "#texture1" },
				"east": { "uv": [ 0, 0, 16, 16 ], "texture": "#texture1" }
			}
		},
		{
			"__comment": "Box16",
			"from": [ 6.5, 12.5, 11 ],
			"to": [ 7.5, 13.5, 12 ],
			"faces": {
				"down": { "uv": [ 9.5, 6, 10, 6.5 ], "texture": "#texture1", "rotation": 90 },
				"up": { "uv": [ 0, 0, 16, 16 ], "texture": "#texture1", "rotation": 270 },
				"north": { "uv": [ 0, 0, 16, 16 ], "texture": "#texture1" },
				"south": { "uv": [ 0, 0, 16, 16 ], "texture": "#texture1" },
				"west": { "uv": [ 0, 0, 16, 16 ], "texture": "#texture1" },
				"east": { "uv": [ 0, 0, 16, 16 ], "texture": "#texture1" }
			}
		},
		{
			"__comment": "Box10",
			"from": [ 5.5, 8.5, 10 ],
			"to": [ 8.5, 9.5, 13 ],
			"faces": {
				"down": { "uv": [ 5.5, 5.5, 7, 7 ], "texture": "#texture", "rotation": 90 },
				"up": { "uv": [ 0, 0, 16, 16 ], "texture": "#texture", "rotation": 270 },
				"north": { "uv": [ 5.5, 13, 7, 13.5 ], "texture": "#texture" },
				"south": { "uv": [ 9, 13, 10.5, 13.5 ], "texture": "#texture" },
				"west": { "uv": [ 9, 13, 10.5, 13.5 ], "texture": "#texture" },
				"east": { "uv": [ 5.5, 13, 7, 13.5 ], "texture": "#texture" }
			}
		},
		{
			"__comment": "Box8",
			"from": [ 6.5, 6.5, 11 ],
			"to": [ 7.5, 7.5, 12 ],
			"faces": {
				"down": { "uv": [ 6, 6, 6.5, 6.5 ], "texture": "#texture", "rotation": 90 },
				"up": { "uv": [ 6, 9.5, 6.5, 10 ], "texture": "#texture", "rotation": 270 },
				"north": { "uv": [ 6, 14, 6.5, 14.5 ], "texture": "#texture" },
				"south": { "uv": [ 9.5, 14, 10, 14.5 ], "texture": "#texture" },
				"west": { "uv": [ 9.5, 14, 10, 14.5 ], "texture": "#texture" },
				"east": { "uv": [ 6, 14, 6.5, 14.5 ], "texture": "#texture" }
			}
		},
		{
			"__comment": "Box10",
			"from": [ 6.5, 9.5, 11 ],
			"to": [ 7.5, 12.5, 12 ],
			"faces": {
				"down": { "uv": [ 6, 6, 6.5, 6.5 ], "texture": "#particle", "rotation": 90 },
				"up": { "uv": [ 6, 9.5, 6.5, 10 ], "texture": "#particle", "rotation": 270 },
				"north": { "uv": [ 6, 11, 6.5, 13 ], "texture": "#particle" },
				"south": { "uv": [ 9.5, 11, 10, 13 ], "texture": "#particle" },
				"west": { "uv": [ 9.5, 11, 10, 13 ], "texture": "#particle" },
				"east": { "uv": [ 6, 11, 6.5, 13 ], "texture": "#particle" }
			}
		}
	],
	"display": {
		"thirdperson_righthand": {
			"scale":  [ 1.8, 1.8, 1.8 ]
		},
		"gui": {
			"rotation":  [ 22, -41, 0 ],
			"translation":  [ 0, 4.1739, 0 ]
		}
	}
}