{
	"__comment": "Designed by Tsunami67 with Cubik Studio - https://cubik.studio",
	"textures": {
		"particle": "blocks/stone_granite_smooth",
		"texture": "blocks/planks_oak",
		"texture1": "blocks/coal_block"
	},
	"elements": [ 	 
		{
			"__comment": "Box1",
			"from": [ 5, 0, 5 ],
			"to": [ 11, 1, 11 ],
			"faces": {
				"down": { "uv": [ 5, 5, 11, 11 ], "texture": "#texture" },
				"up": { "uv": [ 5, 5, 11, 11 ], "texture": "#texture" },
				"north": { "uv": [ 5, 15, 11, 16 ], "texture": "#texture" },
				"south": { "uv": [ 5, 15, 11, 16 ], "texture": "#texture" },
				"west": { "uv": [ 5, 15, 11, 16 ], "texture": "#texture" },
				"east": { "uv": [ 5, 15, 11, 16 ], "texture": "#texture" }
			}
		},
		{
			"__comment": "Box2",
			"from": [ 6.5, 1, 6.5 ],
			"to": [ 9.5, 8.5, 9.5 ],
			"faces": {
				"down": { "uv": [ 6.5, 6.5, 9.5, 9.5 ], "texture": "#particle" },
				"up": { "uv": [ 6.5, 6.5, 9.5, 9.5 ], "texture": "#particle" },
				"north": { "uv": [ 6.5, 7.5, 9.5, 15 ], "texture": "#particle" },
				"south": { "uv": [ 6.5, 7.5, 9.5, 15 ], "texture": "#particle" },
				"west": { "uv": [ 6.5, 7.5, 9.5, 15 ], "texture": "#particle" },
				"east": { "uv": [ 6.5, 7.5, 9.5, 15 ], "texture": "#particle" }
			}
		},
		{
			"__comment": "Box3",
			"from": [ 7.5, 8.5, 7.5 ],
			"to": [ 8, 10, 8 ],
			"faces": {
				"down": { "uv": [ 7.5, 8, 8, 8.5 ], "texture": "#texture1" },
				"up": { "uv": [ 7.5, 7.5, 8, 8 ], "texture": "#texture1" },
				"north": { "uv": [ 8, 6, 8.5, 7.5 ], "texture": "#texture1" },
				"south": { "uv": [ 7.5, 6, 8, 7.5 ], "texture": "#texture1" },
				"west": { "uv": [ 7.5, 6, 8, 7.5 ], "texture": "#texture1" },
				"east": { "uv": [ 8, 6, 8.5, 7.5 ], "texture": "#texture1" }
			}
		}
	],
	"display": {
		"thirdperson_righthand": {
			"scale":  [ 0.8, 0.8, 0.8 ]
		},
		"gui": {
			"rotation":  [ 30, 225, 0 ],
			"scale":  [ 0.625, 0.625, 0.625 ]
		}
	}
}