{
	"__comment": "Designed by Tsunami67 with Cubik Studio - https://cubik.studio",
	"textures": {
		"particle": "blocks/e_particle",
		"texture": "blocks/stonebrick"
	},
	"elements": [ 	 
		{
			"__comment": "Box1",
			"from": [ 0, 0, 0 ],
			"to": [ 2, 2, 16 ],
			"faces": {
				"down": { "uv": [ 0, 0, 2, 16 ], "texture": "#texture" },
				"up": { "uv": [ 0, 0, 2, 16 ], "texture": "#texture" },
				"north": { "uv": [ 14, 14, 16, 16 ], "texture": "#texture" },
				"south": { "uv": [ 0, 14, 2, 16 ], "texture": "#texture" },
				"west": { "uv": [ 0, 14, 16, 16 ], "texture": "#texture" },
				"east": { "uv": [ 0, 14, 16, 16 ], "texture": "#texture" }
			}
		},
		{
			"__comment": "Box2",
			"from": [ 2, 0, 0 ],
			"to": [ 4, 4, 16 ],
			"faces": {
				"down": { "uv": [ 2, 0, 4, 16 ], "texture": "#texture" },
				"up": { "uv": [ 2, 0, 4, 16 ], "texture": "#texture" },
				"north": { "uv": [ 12, 12, 14, 14.5 ], "texture": "#texture" },
				"south": { "uv": [ 2, 12, 4, 14.5 ], "texture": "#texture" },
				"west": { "uv": [ 0, 12, 16, 14.5 ], "texture": "#texture" },
				"east": { "uv": [ 0, 12, 16, 14.5 ], "texture": "#texture" }
			}
		},
		{
			"__comment": "Box3",
			"from": [ 4, 0, 0 ],
			"to": [ 6, 6, 16 ],
			"faces": {
				"down": { "uv": [ 4, 0, 6, 16 ], "texture": "#texture" },
				"up": { "uv": [ 4, 0, 6, 16 ], "texture": "#texture" },
				"north": { "uv": [ 10, 10, 12, 12.5 ], "texture": "#texture" },
				"south": { "uv": [ 4, 10, 6, 12.5 ], "texture": "#texture" },
				"west": { "uv": [ 0, 10, 16, 12.5 ], "texture": "#texture" },
				"east": { "uv": [ 0, 10, 16, 12.5 ], "texture": "#texture" }
			}
		},
		{
			"__comment": "Box4",
			"from": [ 6, 0, 0 ],
			"to": [ 8, 8, 16 ],
			"faces": {
				"down": { "uv": [ 6, 0, 8, 16 ], "texture": "#texture" },
				"up": { "uv": [ 6, 0, 8, 16 ], "texture": "#texture" },
				"north": { "uv": [ 8, 8, 10, 10.5 ], "texture": "#texture" },
				"south": { "uv": [ 6, 8, 8, 10.5 ], "texture": "#texture" },
				"west": { "uv": [ 0, 8, 16, 10.5 ], "texture": "#texture" },
				"east": { "uv": [ 0, 8, 16, 10.5 ], "texture": "#texture" }
			}
		},
		{
			"__comment": "Box5",
			"from": [ 8, 0, 0 ],
			"to": [ 10, 10, 16 ],
			"faces": {
				"down": { "uv": [ 8, 0, 10, 16 ], "texture": "#texture" },
				"up": { "uv": [ 8, 0, 10, 16 ], "texture": "#texture" },
				"north": { "uv": [ 6, 6, 8, 8.5 ], "texture": "#texture" },
				"south": { "uv": [ 8, 6, 10, 8.5 ], "texture": "#texture" },
				"west": { "uv": [ 0, 6, 16, 8.5 ], "texture": "#texture" },
				"east": { "uv": [ 0, 6, 16, 8.5 ], "texture": "#texture" }
			}
		},
		{
			"__comment": "Box6",
			"from": [ 10, 0, 0 ],
			"to": [ 12, 12, 16 ],
			"faces": {
				"down": { "uv": [ 10, 0, 12, 16 ], "texture": "#texture" },
				"up": { "uv": [ 10, 0, 12, 16 ], "texture": "#texture" },
				"north": { "uv": [ 4, 4, 6, 6.5 ], "texture": "#texture" },
				"south": { "uv": [ 10, 4, 12, 6.5 ], "texture": "#texture" },
				"west": { "uv": [ 0, 4, 16, 6.5 ], "texture": "#texture" },
				"east": { "uv": [ 0, 4, 16, 6.5 ], "texture": "#texture" }
			}
		},
		{
			"__comment": "Box7",
			"from": [ 12, 0, 0 ],
			"to": [ 14, 14, 16 ],
			"faces": {
				"down": { "uv": [ 12, 0, 14, 16 ], "texture": "#texture" },
				"up": { "uv": [ 12, 0, 14, 16 ], "texture": "#texture" },
				"north": { "uv": [ 2, 2, 4, 4.5 ], "texture": "#texture" },
				"south": { "uv": [ 12, 2, 14, 4.5 ], "texture": "#texture" },
				"west": { "uv": [ 0, 2, 16, 4.5 ], "texture": "#texture" },
				"east": { "uv": [ 0, 2, 16, 4.5 ], "texture": "#texture" }
			}
		},
		{
			"__comment": "Box8",
			"from": [ 14, 0, 0 ],
			"to": [ 16, 16, 16 ],
			"faces": {
				"down": { "uv": [ 14, 0, 16, 16 ], "texture": "#texture" },
				"up": { "uv": [ 14, 0, 16, 16 ], "texture": "#texture" },
				"north": { "uv": [ 0, 0, 2, 2.5 ], "texture": "#texture" },
				"south": { "uv": [ 14, 0, 16, 2.5 ], "texture": "#texture" },
				"west": { "uv": [ 0, 0, 16, 2.5 ], "texture": "#texture" },
				"east": { "uv": [ 0, 0, 16, 2.5 ], "texture": "#texture" }
			}
		}
	],
	"display": {
		"thirdperson_righthand": {
			"rotation":  [ 75, 45, 0 ],
			"translation":  [ 0, 2.5, 0 ],
			"scale":  [ 0.375, 0.375, 0.375 ]
		},
		"gui": {
			"rotation":  [ 30, 130, 0 ],
			"scale":  [ 0.625, 0.625, 0.625 ]
		}
	}
}