{
	"__comment": "Designed by Tsunami67 with Cubik Studio - https://cubik.studio",
	"textures": {
		"particle": "blocks/anvil_base",
		"texture": "blocks/door_wood_lower"
	},
	"elements": [ 	 
		{
			"__comment": "Box1",
			"from": [ 0.5, 0, 0 ],
			"to": [ 1.5, 16, 16 ],
			"faces": {
				"down": { "uv": [ 4, 4, 11.5, 4.5 ], "texture": "#texture", "rotation": 270 },
				"up": { "uv": [ 1.5, 14.5, 13.5, 15.5 ], "texture": "#texture", "rotation": 90 },
				"north": { "uv": [ 14.5, 4, 15.5, 15 ], "texture": "#texture" },
				"south": { "uv": [ 1, 4.5, 2, 14.5 ], "texture": "#texture" },
				"west": { "uv": [ 0, 0, 16, 16 ], "texture": "#texture" },
				"east": { "uv": [ 16, 0, 0, 16 ], "texture": "#texture" }
			}
		},
		{
			"__comment": "Box2",
			"from": [ 1.5, 2.5, 3 ],
			"to": [ 2, 10.5, 13 ],
			"faces": {
				"down": { "uv": [ 6.5, 13.5, 10, 14 ], "texture": "#texture", "rotation": 270 },
				"up": { "uv": [ 6, 5.5, 9.5, 6 ], "texture": "#texture", "rotation": 90 },
				"north": { "uv": [ 3, 6.5, 3.5, 12.5 ], "texture": "#texture" },
				"south": { "uv": [ 13, 7, 13.5, 12 ], "texture": "#texture" },
				"west": { "uv": [ 3.5, 5.5, 13, 13.5 ], "texture": "#texture" },
				"east": { "uv": [ 3.5, 5.5, 13, 13.5 ], "texture": "#texture" }
			}
		},
		{
			"__comment": "Box2",
			"from": [ 1.5, 13.5, 3 ],
			"to": [ 2, 15, 13 ],
			"faces": {
				"down": { "uv": [ 6.5, 13.5, 10, 14 ], "texture": "#texture", "rotation": 270 },
				"up": { "uv": [ 6, 5.5, 9.5, 6 ], "texture": "#texture", "rotation": 90 },
				"north": { "uv": [ 3, 6.5, 3.5, 12.5 ], "texture": "#texture" },
				"south": { "uv": [ 13, 7, 13.5, 12 ], "texture": "#texture" },
				"west": { "uv": [ 3.5, 5.5, 13, 13.5 ], "texture": "#texture" },
				"east": { "uv": [ 3.5, 5.5, 13, 13.5 ], "texture": "#texture" }
			}
		},
		{
			"__comment": "Box9",
			"from": [ 1.5, 13.5, 1 ],
			"to": [ 3.5, 14.5, 2 ],
			"faces": {
				"down": { "uv": [ 1.5, 14, 3.5, 15 ], "texture": "#particle" },
				"up": { "uv": [ 1.5, 1, 3.5, 2 ], "texture": "#particle" },
				"north": { "uv": [ 12.5, 1.5, 14.5, 2.5 ], "texture": "#particle" },
				"south": { "uv": [ 1.5, 1.5, 3.5, 2.5 ], "texture": "#particle" },
				"west": { "uv": [ 1, 1.5, 2, 2.5 ], "texture": "#particle" },
				"east": { "uv": [ 14, 1.5, 15, 2.5 ], "texture": "#particle" }
			}
		},
		{
			"__comment": "Box10",
			"from": [ 2.5, 13.5, 2 ],
			"to": [ 3.5, 14.5, 4 ],
			"faces": {
				"down": { "uv": [ 2.5, 12, 3.5, 14 ], "texture": "#particle" },
				"up": { "uv": [ 2.5, 2, 3.5, 4 ], "texture": "#particle" },
				"north": { "uv": [ 12.5, 1.5, 13.5, 2.5 ], "texture": "#particle" },
				"south": { "uv": [ 2.5, 1.5, 3.5, 2.5 ], "texture": "#particle" },
				"west": { "uv": [ 2, 1.5, 4, 2.5 ], "texture": "#particle" },
				"east": { "uv": [ 12, 1.5, 14, 2.5 ], "texture": "#particle" }
			}
		},
		{
			"__comment": "Box9",
			"from": [ -1.5, 13.5, 1 ],
			"to": [ 0.5, 14.5, 2 ],
			"faces": {
				"down": { "uv": [ 0, 14, 0.5, 15 ], "texture": "#particle" },
				"up": { "uv": [ 0, 1, 0.5, 2 ], "texture": "#particle" },
				"north": { "uv": [ 15.5, 1.5, 16, 2.5 ], "texture": "#particle" },
				"south": { "uv": [ 0, 1.5, 0.5, 2.5 ], "texture": "#particle" },
				"west": { "uv": [ 1, 1.5, 2, 2.5 ], "texture": "#particle" },
				"east": { "uv": [ 14, 1.5, 15, 2.5 ], "texture": "#particle" }
			}
		},
		{
			"__comment": "Box10",
			"from": [ -1.5, 13.5, 2 ],
			"to": [ -0.5, 14.5, 4 ],
			"faces": {
				"down": { "uv": [ 14.5, 12, 15.5, 14 ], "texture": "#particle" },
				"up": { "uv": [ 14.5, 2, 15.5, 4 ], "texture": "#particle" },
				"north": { "uv": [ 0.5, 1.5, 1.5, 2.5 ], "texture": "#particle" },
				"south": { "uv": [ 14.5, 1.5, 15.5, 2.5 ], "texture": "#particle" },
				"west": { "uv": [ 2, 1.5, 4, 2.5 ], "texture": "#particle" },
				"east": { "uv": [ 12, 1.5, 14, 2.5 ], "texture": "#particle" }
			}
		},
		{
			"__comment": "Box2",
			"from": [ 0, 13.5, 3 ],
			"to": [ 0.5, 15, 13 ],
			"faces": {
				"down": { "uv": [ 6.5, 13.5, 10, 14 ], "texture": "#texture", "rotation": 270 },
				"up": { "uv": [ 6, 5.5, 9.5, 6 ], "texture": "#texture", "rotation": 90 },
				"north": { "uv": [ 3, 6.5, 3.5, 12.5 ], "texture": "#texture" },
				"south": { "uv": [ 13, 7, 13.5, 12 ], "texture": "#texture" },
				"west": { "uv": [ 3.5, 5.5, 13, 13.5 ], "texture": "#texture" },
				"east": { "uv": [ 3.5, 5.5, 13, 13.5 ], "texture": "#texture" }
			}
		},
		{
			"__comment": "Box2",
			"from": [ 0, 2.5, 3 ],
			"to": [ 0.5, 10.5, 13 ],
			"faces": {
				"down": { "uv": [ 6.5, 13.5, 10, 14 ], "texture": "#texture", "rotation": 270 },
				"up": { "uv": [ 6, 5.5, 9.5, 6 ], "texture": "#texture", "rotation": 90 },
				"north": { "uv": [ 3, 6.5, 3.5, 12.5 ], "texture": "#texture" },
				"south": { "uv": [ 13, 7, 13.5, 12 ], "texture": "#texture" },
				"west": { "uv": [ 3.5, 5.5, 13, 13.5 ], "texture": "#texture" },
				"east": { "uv": [ 3.5, 5.5, 13, 13.5 ], "texture": "#texture" }
			}
		}
	],
	"display": {
		"thirdperson_righthand": {
			"rotation":  [ 75, 45, 0 ],
			"translation":  [ 0, 2.5, 0 ],
			"scale":  [ 0.375, 0.375, 0.375 ]
		},
		"gui": {
			"rotation":  [ 30, 225, 0 ],
			"scale":  [ 0.625, 0.625, 0.625 ]
		}
	}
}