{
	"__comment": "Designed by Tsunami67 with Cubik Studio - https://cubik.studio",
	"textures": {
		"particle": "blocks/e_particle",
		"texture": "blocks/hardened_clay_stained_green"
	},
	"elements": [ 	 
		{
			"__comment": "Box10",
			"from": [ -6.5, 25.5, -0.5 ],
			"to": [ 16, 27, 1.5 ],
			"rotation": { "origin": [ 16, 25.5, -0.5 ], "axis": "z", "angle": 45 },
			"faces": {
				"down": { "uv": [ 1, 0, 2, 16 ], "texture": "#texture", "rotation": 270 },
				"up": { "uv": [ 1, 0, 2, 16 ], "texture": "#texture", "rotation": 90 },
				"north": { "uv": [ 0, 9, 16, 10 ], "texture": "#texture" },
				"south": { "uv": [ 0, 9, 16, 10 ], "texture": "#texture" },
				"west": { "uv": [ 1, 9, 2, 10 ], "texture": "#texture" },
				"east": { "uv": [ 14, 9, 15, 10 ], "texture": "#texture" }
			}
		},
		{
			"__comment": "Box9",
			"from": [ 14, 14, 0 ],
			"to": [ 15, 25, 1 ],
			"faces": {
				"down": { "uv": [ 0, 14, 1, 15 ], "texture": "#texture", "rotation": 270 },
				"up": { "uv": [ 0, 1, 1, 2 ], "texture": "#texture", "rotation": 90 },
				"north": { "uv": [ 1, 0, 2, 2 ], "texture": "#texture" },
				"south": { "uv": [ 14, 0, 15, 2 ], "texture": "#texture" },
				"west": { "uv": [ 0, 0, 1, 2 ], "texture": "#texture" },
				"east": { "uv": [ 15, 0, 16, 2 ], "texture": "#texture" }
			}
		},
		{
			"__comment": "Box8",
			"from": [ 12, 12, 0 ],
			"to": [ 13, 23, 1 ],
			"faces": {
				"down": { "uv": [ 0, 12, 1, 13 ], "texture": "#texture", "rotation": 270 },
				"up": { "uv": [ 0, 3, 1, 4 ], "texture": "#texture", "rotation": 90 },
				"north": { "uv": [ 3, 0, 4, 4 ], "texture": "#texture" },
				"south": { "uv": [ 12, 0, 13, 4 ], "texture": "#texture" },
				"west": { "uv": [ 0, 0, 1, 4 ], "texture": "#texture" },
				"east": { "uv": [ 15, 0, 16, 4 ], "texture": "#texture" }
			}
		},
		{
			"__comment": "Box7",
			"from": [ 10, 10, 0 ],
			"to": [ 11, 21, 1 ],
			"faces": {
				"down": { "uv": [ 0, 10, 1, 11 ], "texture": "#texture", "rotation": 270 },
				"up": { "uv": [ 0, 5, 1, 6 ], "texture": "#texture", "rotation": 90 },
				"north": { "uv": [ 5, 0, 6, 6 ], "texture": "#texture" },
				"south": { "uv": [ 10, 0, 11, 6 ], "texture": "#texture" },
				"west": { "uv": [ 0, 0, 1, 6 ], "texture": "#texture" },
				"east": { "uv": [ 15, 0, 16, 6 ], "texture": "#texture" }
			}
		},
		{
			"__comment": "Box6",
			"from": [ 8, 8, 0 ],
			"to": [ 9, 19, 1 ],
			"faces": {
				"down": { "uv": [ 0, 8, 1, 9 ], "texture": "#texture", "rotation": 270 },
				"up": { "uv": [ 0, 7, 1, 8 ], "texture": "#texture", "rotation": 90 },
				"north": { "uv": [ 7, 0, 8, 8 ], "texture": "#texture" },
				"south": { "uv": [ 8, 0, 9, 8 ], "texture": "#texture" },
				"west": { "uv": [ 0, 0, 1, 8 ], "texture": "#texture" },
				"east": { "uv": [ 15, 0, 16, 8 ], "texture": "#texture" }
			}
		},
		{
			"__comment": "Box5",
			"from": [ 6, 6, 0 ],
			"to": [ 7, 17, 1 ],
			"faces": {
				"down": { "uv": [ 0, 6, 1, 7 ], "texture": "#texture", "rotation": 270 },
				"up": { "uv": [ 0, 9, 1, 10 ], "texture": "#texture", "rotation": 90 },
				"north": { "uv": [ 9, 0, 10, 10 ], "texture": "#texture" },
				"south": { "uv": [ 6, 0, 7, 10 ], "texture": "#texture" },
				"west": { "uv": [ 0, 0, 1, 10 ], "texture": "#texture" },
				"east": { "uv": [ 15, 0, 16, 10 ], "texture": "#texture" }
			}
		},
		{
			"__comment": "Box4",
			"from": [ 4, 4, 0 ],
			"to": [ 5, 15, 1 ],
			"faces": {
				"down": { "uv": [ 0, 4, 1, 5 ], "texture": "#texture", "rotation": 270 },
				"up": { "uv": [ 0, 11, 1, 12 ], "texture": "#texture", "rotation": 90 },
				"north": { "uv": [ 11, 1, 12, 12 ], "texture": "#texture" },
				"south": { "uv": [ 4, 1, 5, 12 ], "texture": "#texture" },
				"west": { "uv": [ 0, 1, 1, 12 ], "texture": "#texture" },
				"east": { "uv": [ 15, 1, 16, 12 ], "texture": "#texture" }
			}
		},
		{
			"__comment": "Box3",
			"from": [ 2, 2, 0 ],
			"to": [ 3, 13, 1 ],
			"faces": {
				"down": { "uv": [ 0, 2, 1, 3 ], "texture": "#texture", "rotation": 270 },
				"up": { "uv": [ 0, 13, 1, 14 ], "texture": "#texture", "rotation": 90 },
				"north": { "uv": [ 13, 3, 14, 14 ], "texture": "#texture" },
				"south": { "uv": [ 2, 3, 3, 14 ], "texture": "#texture" },
				"west": { "uv": [ 0, 3, 1, 14 ], "texture": "#texture" },
				"east": { "uv": [ 15, 3, 16, 14 ], "texture": "#texture" }
			}
		},
		{
			"__comment": "Box2",
			"from": [ 0, 0, 0 ],
			"to": [ 1, 11, 1 ],
			"faces": {
				"down": { "uv": [ 0, 0, 1, 1 ], "texture": "#texture", "rotation": 270 },
				"up": { "uv": [ 0, 15, 1, 16 ], "texture": "#texture", "rotation": 90 },
				"north": { "uv": [ 15, 5, 16, 16 ], "texture": "#texture" },
				"south": { "uv": [ 0, 5, 1, 16 ], "texture": "#texture" },
				"west": { "uv": [ 0, 5, 1, 16 ], "texture": "#texture" },
				"east": { "uv": [ 15, 5, 16, 16 ], "texture": "#texture" }
			}
		}
	],
	"display": {
		"gui": {
			"rotation":  [ 30, -26, 0 ],
			"translation":  [ 0, -4.868, 0 ],
			"scale":  [ 0.625, 0.625, 0.625 ]
		}
	}
}