{
    "providers": [
    {
        "type": "bitmap",
        "file": "hub:hub/san_0.png",
        "ascent": 60,
        "height": 100,
        "chars": ["\ue001"]
    },
    {
        "type": "bitmap",
        "file": "hub:hub/ghost_view.png",
        "ascent": 650,
        "height": 1000,
        "chars": ["\ue002"]
    },
	{
        "type": "bitmap",
        "file": "hub:hub/san_5.png",
        "ascent": 60,
        "height": 100,
        "chars": ["\ue003"]
    },
	{
        "type": "bitmap",
        "file": "hub:hub/san_10.png",
        "ascent": 60,
        "height": 100,
        "chars": ["\ue004"]
    },
	{
        "type": "bitmap",
        "file": "hub:hub/san_15.png",
        "ascent": 60,
        "height": 100,
        "chars": ["\ue005"]
    },
	{
        "type": "bitmap",
        "file": "hub:hub/san_20.png",
        "ascent": 60,
        "height": 100,
        "chars": ["\ue006"]
    },
	{
        "type": "bitmap",
        "file": "hub:hub/san_25.png",
        "ascent": 60,
        "height": 100,
        "chars": ["\ue007"]
    },
	{
        "type": "bitmap",
        "file": "hub:hub/san_30.png",
        "ascent": 60,
        "height": 100,
        "chars": ["\ue008"]
    },
	{
        "type": "bitmap",
        "file": "hub:hub/san_35.png",
        "ascent": 60,
        "height": 100,
        "chars": ["\ue009"]
    },
	{
        "type": "bitmap",
        "file": "hub:hub/san_40.png",
        "ascent": 60,
        "height": 100,
        "chars": ["\ue010"]
    },
	{
        "type": "bitmap",
        "file": "hub:hub/san_45.png",
        "ascent": 60,
        "height": 100,
        "chars": ["\ue011"]
    },
	{
        "type": "bitmap",
        "file": "hub:hub/san_50.png",
        "ascent": 60,
        "height": 100,
        "chars": ["\ue012"]
    },
	{
        "type": "bitmap",
        "file": "hub:hub/san_55.png",
        "ascent": 60,
        "height": 100,
        "chars": ["\ue013"]
    },
	{
        "type": "bitmap",
        "file": "hub:hub/san_60.png",
        "ascent": 60,
        "height": 100,
        "chars": ["\ue014"]
    },
	{
        "type": "bitmap",
        "file": "hub:hub/san_65.png",
        "ascent": 60,
        "height": 100,
        "chars": ["\ue015"]
    },
	{
        "type": "bitmap",
        "file": "hub:hub/san_70.png",
        "ascent": 60,
        "height": 100,
        "chars": ["\ue016"]
    },
	{
        "type": "bitmap",
        "file": "hub:hub/san_75.png",
        "ascent": 60,
        "height": 100,
        "chars": ["\ue017"]
    },
	{
        "type": "bitmap",
        "file": "hub:hub/san_80.png",
        "ascent": 60,
        "height": 100,
        "chars": ["\ue018"]
    },
	{
        "type": "bitmap",
        "file": "hub:hub/san_85.png",
        "ascent": 60,
        "height": 100,
        "chars": ["\ue019"]
    },
	{
        "type": "bitmap",
        "file": "hub:hub/san_90.png",
        "ascent": 60,
        "height": 100,
        "chars": ["\ue020"]
    },
	{
        "type": "bitmap",
        "file": "hub:hub/san_95.png",
        "ascent": 60,
        "height": 100,
        "chars": ["\ue021"]
    },
	{
        "type": "bitmap",
        "file": "hub:hub/san_100.png",
        "ascent": 60,
        "height": 100,
        "chars": ["\ue022"]
    },
	{
        "type": "bitmap",
        "file": "hub:hub/close_eye.png",
        "ascent": 50,
        "height": 250,
        "chars": ["\ue023"]
    }
]
}