{
	"g_ambient": {
		"sounds": [
			{
				"name": "g_ambient_1",
				"stream": true
			},{
				"name": "g_ambient_2",
				"stream": true
			},{
				"name": "g_ambient_3",
				"stream": true
			},{
				"name": "g_ambient_4",
				"stream": true
			},{
				"name": "g_ambient_5",
				"stream": true
			},{
				"name": "g_ambient_6",
				"stream": true
			}		]
	},
	"g_ambient_high": {
		"sounds": [
			{
				"name": "g_ambient_high_1",
				"stream": true
			}
		]
	},
	"g_instant_spawn_mid": {
		"sounds": [
			{
				"name": "g_instant_spawn_mid_1",
				"stream": true
			}
		]
	},
	"g_instant_spawn_weak": {
		"sounds": [
			{
				"name": "g_instant_spawn_weak_1",
				"stream": true
			}
		]
	},
	"g_instant_spawn_strong": {
		"sounds": [
			{
				"name": "g_instant_spawn_strong_2",
				"stream": true
			},
			{
				"name": "g_instant_spawn_strong_3",
				"stream": true
			},
			{
				"name": "g_instant_spawn_strong_4",
				"stream": true
			}
		]
	},
	"ghost_scream": {
		"sounds": [
			{
				"name": "ghost_scream_1",
				"stream": true
			},
			{
				"name": "ghost_scream_2",
				"stream": true
			}
		]
	},
	"player_heart": {
		"sounds": [
			{
				"name": "player_heart",
				"stream": true
			}
		]
	},
	"thunder": {
		"sounds": [
			{
				"name": "thunder",
				"stream": true
			}
		]
	},
	"player_breath": {
		"sounds": [
			{
				"name": "breath_1",
				"stream": true
			},
			{
				"name": "breath_2",
				"stream": true
			},
			{
				"name": "breath_3",
				"stream": true
			}
		]
	},
	"wind": {
		"sounds": [
			{
				"name": "wind",
				"stream": true
			}
		]
	},
	"g_hint": {
		"sounds": [
			{
				"name": "g_hint",
				"stream": true
			}
		]
	}





}