{
	"credit": "Made by MILENARY",
	"textures": {
		"0": "block/blodd_foot",
		"particle": "block/blodd_foot"
	},
	"elements": [
		{
			"name": "blodd_foot_0",
			"from": [4.5, 0, 1.75],
			"to": [5.75, 0.25, 3.5],
			"faces": {
				"north": {"uv": [5.75, 1.75, 4.5, 2], "texture": "#0"},
				"east": {"uv": [5.5, 1.75, 5.75, 3.5], "rotation": 90, "texture": "#0"},
				"south": {"uv": [4.5, 3.25, 5.75, 3.5], "texture": "#0"},
				"west": {"uv": [4.5, 1.75, 4.75, 3.5], "rotation": 270, "texture": "#0"},
				"up": {"uv": [4.5, 1.75, 5.75, 3.5], "texture": "#0"},
				"down": {"uv": [4.5, 3.5, 5.75, 1.75], "texture": "#0"}
			}
		},
		{
			"name": "blodd_foot_1",
			"from": [4.25, 0, 2],
			"to": [4.5, 0.25, 3.75],
			"faces": {
				"north": {"uv": [4.5, 2, 4.25, 2.25], "texture": "#0"},
				"east": {"uv": [4.25, 2, 4.5, 3.75], "rotation": 90, "texture": "#0"},
				"south": {"uv": [4.25, 3.5, 4.5, 3.75], "texture": "#0"},
				"west": {"uv": [4.25, 2, 4.5, 3.75], "rotation": 270, "texture": "#0"},
				"up": {"uv": [4.25, 2, 4.5, 3.75], "texture": "#0"},
				"down": {"uv": [4.25, 3.75, 4.5, 2], "texture": "#0"}
			}
		},
		{
			"name": "blodd_foot_2",
			"from": [7, 0, 2],
			"to": [7.5, 0.25, 3.5],
			"faces": {
				"north": {"uv": [7.5, 2, 7, 2.25], "texture": "#0"},
				"east": {"uv": [7.25, 2, 7.5, 3.5], "rotation": 90, "texture": "#0"},
				"south": {"uv": [7, 3.25, 7.5, 3.5], "texture": "#0"},
				"west": {"uv": [7, 2, 7.25, 3.5], "rotation": 270, "texture": "#0"},
				"up": {"uv": [7, 2, 7.5, 3.5], "texture": "#0"},
				"down": {"uv": [7, 3.5, 7.5, 2], "texture": "#0"}
			}
		},
		{
			"name": "blodd_foot_3",
			"from": [4, 0, 2.25],
			"to": [4.25, 0.25, 3.25],
			"faces": {
				"north": {"uv": [4.25, 2.25, 4, 2.5], "texture": "#0"},
				"east": {"uv": [4, 2.25, 4.25, 3.25], "rotation": 90, "texture": "#0"},
				"south": {"uv": [4, 3, 4.25, 3.25], "texture": "#0"},
				"west": {"uv": [4, 2.25, 4.25, 3.25], "rotation": 270, "texture": "#0"},
				"up": {"uv": [4, 2.25, 4.25, 3.25], "texture": "#0"},
				"down": {"uv": [4, 3.25, 4.25, 2.25], "texture": "#0"}
			}
		},
		{
			"name": "blodd_foot_4",
			"from": [5.75, 0, 2.25],
			"to": [6, 0.25, 3.5],
			"faces": {
				"north": {"uv": [6, 2.25, 5.75, 2.5], "texture": "#0"},
				"east": {"uv": [5.75, 2.25, 6, 3.5], "rotation": 90, "texture": "#0"},
				"south": {"uv": [5.75, 3.25, 6, 3.5], "texture": "#0"},
				"west": {"uv": [5.75, 2.25, 6, 3.5], "rotation": 270, "texture": "#0"},
				"up": {"uv": [5.75, 2.25, 6, 3.5], "texture": "#0"},
				"down": {"uv": [5.75, 3.5, 6, 2.25], "texture": "#0"}
			}
		},
		{
			"name": "blodd_foot_5",
			"from": [6.75, 0, 2.25],
			"to": [7, 0.25, 3.5],
			"faces": {
				"north": {"uv": [7, 2.25, 6.75, 2.5], "texture": "#0"},
				"east": {"uv": [6.75, 2.25, 7, 3.5], "rotation": 90, "texture": "#0"},
				"south": {"uv": [6.75, 3.25, 7, 3.5], "texture": "#0"},
				"west": {"uv": [6.75, 2.25, 7, 3.5], "rotation": 270, "texture": "#0"},
				"up": {"uv": [6.75, 2.25, 7, 3.5], "texture": "#0"},
				"down": {"uv": [6.75, 3.5, 7, 2.25], "texture": "#0"}
			}
		},
		{
			"name": "blodd_foot_6",
			"from": [7.5, 0, 2.25],
			"to": [7.75, 0.25, 3.25],
			"faces": {
				"north": {"uv": [7.75, 2.25, 7.5, 2.5], "texture": "#0"},
				"east": {"uv": [7.5, 2.25, 7.75, 3.25], "rotation": 90, "texture": "#0"},
				"south": {"uv": [7.5, 3, 7.75, 3.25], "texture": "#0"},
				"west": {"uv": [7.5, 2.25, 7.75, 3.25], "rotation": 270, "texture": "#0"},
				"up": {"uv": [7.5, 2.25, 7.75, 3.25], "texture": "#0"},
				"down": {"uv": [7.5, 3.25, 7.75, 2.25], "texture": "#0"}
			}
		},
		{
			"name": "blodd_foot_7",
			"from": [8.25, 0, 2.25],
			"to": [9, 0.25, 3.5],
			"faces": {
				"north": {"uv": [9, 2.25, 8.25, 2.5], "texture": "#0"},
				"east": {"uv": [8.75, 2.25, 9, 3.5], "rotation": 90, "texture": "#0"},
				"south": {"uv": [8.25, 3.25, 9, 3.5], "texture": "#0"},
				"west": {"uv": [8.25, 2.25, 8.5, 3.5], "rotation": 270, "texture": "#0"},
				"up": {"uv": [8.25, 2.25, 9, 3.5], "texture": "#0"},
				"down": {"uv": [8.25, 3.5, 9, 2.25], "texture": "#0"}
			}
		},
		{
			"name": "blodd_foot_8",
			"from": [9.75, 0, 2.25],
			"to": [10.5, 0.25, 3.5],
			"faces": {
				"north": {"uv": [10.5, 2.25, 9.75, 2.5], "texture": "#0"},
				"east": {"uv": [10.25, 2.25, 10.5, 3.5], "rotation": 90, "texture": "#0"},
				"south": {"uv": [9.75, 3.25, 10.5, 3.5], "texture": "#0"},
				"west": {"uv": [9.75, 2.25, 10, 3.5], "rotation": 270, "texture": "#0"},
				"up": {"uv": [9.75, 2.25, 10.5, 3.5], "texture": "#0"},
				"down": {"uv": [9.75, 3.5, 10.5, 2.25], "texture": "#0"}
			}
		},
		{
			"name": "blodd_foot_9",
			"from": [8, 0, 2.5],
			"to": [8.25, 0.25, 3.25],
			"faces": {
				"north": {"uv": [8.25, 2.5, 8, 2.75], "texture": "#0"},
				"east": {"uv": [8, 2.5, 8.25, 3.25], "rotation": 90, "texture": "#0"},
				"south": {"uv": [8, 3, 8.25, 3.25], "texture": "#0"},
				"west": {"uv": [8, 2.5, 8.25, 3.25], "rotation": 270, "texture": "#0"},
				"up": {"uv": [8, 2.5, 8.25, 3.25], "texture": "#0"},
				"down": {"uv": [8, 3.25, 8.25, 2.5], "texture": "#0"}
			}
		},
		{
			"name": "blodd_foot_10",
			"from": [9.5, 0, 2.75],
			"to": [9.75, 0.25, 3.25],
			"faces": {
				"north": {"uv": [9.75, 2.75, 9.5, 3], "texture": "#0"},
				"east": {"uv": [9.5, 2.75, 9.75, 3.25], "rotation": 90, "texture": "#0"},
				"south": {"uv": [9.5, 3, 9.75, 3.25], "texture": "#0"},
				"west": {"uv": [9.5, 2.75, 9.75, 3.25], "rotation": 270, "texture": "#0"},
				"up": {"uv": [9.5, 2.75, 9.75, 3.25], "texture": "#0"},
				"down": {"uv": [9.5, 3.25, 9.75, 2.75], "texture": "#0"}
			}
		},
		{
			"name": "blodd_foot_11",
			"from": [10.5, 0, 2.75],
			"to": [10.75, 0.25, 3.5],
			"faces": {
				"north": {"uv": [10.75, 2.75, 10.5, 3], "texture": "#0"},
				"east": {"uv": [10.5, 2.75, 10.75, 3.5], "rotation": 90, "texture": "#0"},
				"south": {"uv": [10.5, 3.25, 10.75, 3.5], "texture": "#0"},
				"west": {"uv": [10.5, 2.75, 10.75, 3.5], "rotation": 270, "texture": "#0"},
				"up": {"uv": [10.5, 2.75, 10.75, 3.5], "texture": "#0"},
				"down": {"uv": [10.5, 3.5, 10.75, 2.75], "texture": "#0"}
			}
		},
		{
			"name": "blodd_foot_12",
			"from": [11, 0, 3.25],
			"to": [11.75, 0.25, 4.25],
			"faces": {
				"north": {"uv": [11.75, 3.25, 11, 3.5], "texture": "#0"},
				"east": {"uv": [11.5, 3.25, 11.75, 4.25], "rotation": 90, "texture": "#0"},
				"south": {"uv": [11, 4, 11.75, 4.25], "texture": "#0"},
				"west": {"uv": [11, 3.25, 11.25, 4.25], "rotation": 270, "texture": "#0"},
				"up": {"uv": [11, 3.25, 11.75, 4.25], "texture": "#0"},
				"down": {"uv": [11, 4.25, 11.75, 3.25], "texture": "#0"}
			}
		},
		{
			"name": "blodd_foot_13",
			"from": [4.5, 0, 3.5],
			"to": [5.25, 0.25, 4],
			"faces": {
				"north": {"uv": [5.25, 3.5, 4.5, 3.75], "texture": "#0"},
				"east": {"uv": [5, 3.5, 5.25, 4], "rotation": 90, "texture": "#0"},
				"south": {"uv": [4.5, 3.75, 5.25, 4], "texture": "#0"},
				"west": {"uv": [4.5, 3.5, 4.75, 4], "rotation": 270, "texture": "#0"},
				"up": {"uv": [4.5, 3.5, 5.25, 4], "texture": "#0"},
				"down": {"uv": [4.5, 4, 5.25, 3.5], "texture": "#0"}
			}
		},
		{
			"name": "blodd_foot_14",
			"from": [5.25, 0, 3.5],
			"to": [5.5, 0.25, 3.75],
			"faces": {
				"north": {"uv": [5.5, 3.5, 5.25, 3.75], "texture": "#0"},
				"east": {"uv": [5.25, 3.5, 5.5, 3.75], "rotation": 90, "texture": "#0"},
				"south": {"uv": [5.25, 3.5, 5.5, 3.75], "texture": "#0"},
				"west": {"uv": [5.25, 3.5, 5.5, 3.75], "rotation": 270, "texture": "#0"},
				"up": {"uv": [5.25, 3.5, 5.5, 3.75], "texture": "#0"},
				"down": {"uv": [5.25, 3.75, 5.5, 3.5], "texture": "#0"}
			}
		},
		{
			"name": "blodd_foot_15",
			"from": [10, 0, 3.5],
			"to": [10.5, 0.25, 3.75],
			"faces": {
				"north": {"uv": [10.5, 3.5, 10, 3.75], "texture": "#0"},
				"east": {"uv": [10.25, 3.5, 10.5, 3.75], "rotation": 90, "texture": "#0"},
				"south": {"uv": [10, 3.5, 10.5, 3.75], "texture": "#0"},
				"west": {"uv": [10, 3.5, 10.25, 3.75], "rotation": 270, "texture": "#0"},
				"up": {"uv": [10, 3.5, 10.5, 3.75], "texture": "#0"},
				"down": {"uv": [10, 3.75, 10.5, 3.5], "texture": "#0"}
			}
		},
		{
			"name": "blodd_foot_16",
			"from": [11.75, 0, 3.5],
			"to": [12, 0.25, 4],
			"faces": {
				"north": {"uv": [12, 3.5, 11.75, 3.75], "texture": "#0"},
				"east": {"uv": [11.75, 3.5, 12, 4], "rotation": 90, "texture": "#0"},
				"south": {"uv": [11.75, 3.75, 12, 4], "texture": "#0"},
				"west": {"uv": [11.75, 3.5, 12, 4], "rotation": 270, "texture": "#0"},
				"up": {"uv": [11.75, 3.5, 12, 4], "texture": "#0"},
				"down": {"uv": [11.75, 4, 12, 3.5], "texture": "#0"}
			}
		},
		{
			"name": "blodd_foot_17",
			"from": [6.75, 0, 3.75],
			"to": [10, 0.25, 10],
			"faces": {
				"north": {"uv": [10, 3.75, 6.75, 4], "texture": "#0"},
				"east": {"uv": [9.75, 3.75, 10, 10], "rotation": 90, "texture": "#0"},
				"south": {"uv": [6.75, 9.75, 10, 10], "texture": "#0"},
				"west": {"uv": [6.75, 3.75, 7, 10], "rotation": 270, "texture": "#0"},
				"up": {"uv": [6.75, 3.75, 10, 10], "texture": "#0"},
				"down": {"uv": [6.75, 10, 10, 3.75], "texture": "#0"}
			}
		},
		{
			"name": "blodd_foot_18",
			"from": [6.25, 0, 4],
			"to": [6.75, 0.25, 7.75],
			"faces": {
				"north": {"uv": [6.75, 4, 6.25, 4.25], "texture": "#0"},
				"east": {"uv": [6.5, 4, 6.75, 7.75], "rotation": 90, "texture": "#0"},
				"south": {"uv": [6.25, 7.5, 6.75, 7.75], "texture": "#0"},
				"west": {"uv": [6.25, 4, 6.5, 7.75], "rotation": 270, "texture": "#0"},
				"up": {"uv": [6.25, 4, 6.75, 7.75], "texture": "#0"},
				"down": {"uv": [6.25, 7.75, 6.75, 4], "texture": "#0"}
			}
		},
		{
			"name": "blodd_foot_19",
			"from": [10, 0, 4],
			"to": [10.5, 0.25, 13.25],
			"faces": {
				"north": {"uv": [10.5, 4, 10, 4.25], "texture": "#0"},
				"east": {"uv": [10.25, 4, 10.5, 13.25], "rotation": 90, "texture": "#0"},
				"south": {"uv": [10, 13, 10.5, 13.25], "texture": "#0"},
				"west": {"uv": [10, 4, 10.25, 13.25], "rotation": 270, "texture": "#0"},
				"up": {"uv": [10, 4, 10.5, 13.25], "texture": "#0"},
				"down": {"uv": [10, 13.25, 10.5, 4], "texture": "#0"}
			}
		},
		{
			"name": "blodd_foot_20",
			"from": [5.75, 0, 4.25],
			"to": [6.25, 0.25, 6.75],
			"faces": {
				"north": {"uv": [6.25, 4.25, 5.75, 4.5], "texture": "#0"},
				"east": {"uv": [6, 4.25, 6.25, 6.75], "rotation": 90, "texture": "#0"},
				"south": {"uv": [5.75, 6.5, 6.25, 6.75], "texture": "#0"},
				"west": {"uv": [5.75, 4.25, 6, 6.75], "rotation": 270, "texture": "#0"},
				"up": {"uv": [5.75, 4.25, 6.25, 6.75], "texture": "#0"},
				"down": {"uv": [5.75, 6.75, 6.25, 4.25], "texture": "#0"}
			}
		},
		{
			"name": "blodd_foot_21",
			"from": [10.5, 0, 4.25],
			"to": [10.75, 0.25, 10.75],
			"faces": {
				"north": {"uv": [10.75, 4.25, 10.5, 4.5], "texture": "#0"},
				"east": {"uv": [10.5, 4.25, 10.75, 10.75], "rotation": 90, "texture": "#0"},
				"south": {"uv": [10.5, 10.5, 10.75, 10.75], "texture": "#0"},
				"west": {"uv": [10.5, 4.25, 10.75, 10.75], "rotation": 270, "texture": "#0"},
				"up": {"uv": [10.5, 4.25, 10.75, 10.75], "texture": "#0"},
				"down": {"uv": [10.5, 10.75, 10.75, 4.25], "texture": "#0"}
			}
		},
		{
			"name": "blodd_foot_22",
			"from": [5.5, 0, 4.5],
			"to": [5.75, 0.25, 6.5],
			"faces": {
				"north": {"uv": [5.75, 4.5, 5.5, 4.75], "texture": "#0"},
				"east": {"uv": [5.5, 4.5, 5.75, 6.5], "rotation": 90, "texture": "#0"},
				"south": {"uv": [5.5, 6.25, 5.75, 6.5], "texture": "#0"},
				"west": {"uv": [5.5, 4.5, 5.75, 6.5], "rotation": 270, "texture": "#0"},
				"up": {"uv": [5.5, 4.5, 5.75, 6.5], "texture": "#0"},
				"down": {"uv": [5.5, 6.5, 5.75, 4.5], "texture": "#0"}
			}
		},
		{
			"name": "blodd_foot_23",
			"from": [10.75, 0, 4.5],
			"to": [11, 0.25, 9.25],
			"faces": {
				"north": {"uv": [11, 4.5, 10.75, 4.75], "texture": "#0"},
				"east": {"uv": [10.75, 4.5, 11, 9.25], "rotation": 90, "texture": "#0"},
				"south": {"uv": [10.75, 9, 11, 9.25], "texture": "#0"},
				"west": {"uv": [10.75, 4.5, 11, 9.25], "rotation": 270, "texture": "#0"},
				"up": {"uv": [10.75, 4.5, 11, 9.25], "texture": "#0"},
				"down": {"uv": [10.75, 9.25, 11, 4.5], "texture": "#0"}
			}
		},
		{
			"name": "blodd_foot_24",
			"from": [11, 0, 4.75],
			"to": [11.25, 0.25, 8],
			"faces": {
				"north": {"uv": [11.25, 4.75, 11, 5], "texture": "#0"},
				"east": {"uv": [11, 4.75, 11.25, 8], "rotation": 90, "texture": "#0"},
				"south": {"uv": [11, 7.75, 11.25, 8], "texture": "#0"},
				"west": {"uv": [11, 4.75, 11.25, 8], "rotation": 270, "texture": "#0"},
				"up": {"uv": [11, 4.75, 11.25, 8], "texture": "#0"},
				"down": {"uv": [11, 8, 11.25, 4.75], "texture": "#0"}
			}
		},
		{
			"name": "blodd_foot_25",
			"from": [5.25, 0, 5],
			"to": [5.5, 0.25, 6.25],
			"faces": {
				"north": {"uv": [5.5, 5, 5.25, 5.25], "texture": "#0"},
				"east": {"uv": [5.25, 5, 5.5, 6.25], "rotation": 90, "texture": "#0"},
				"south": {"uv": [5.25, 6, 5.5, 6.25], "texture": "#0"},
				"west": {"uv": [5.25, 5, 5.5, 6.25], "rotation": 270, "texture": "#0"},
				"up": {"uv": [5.25, 5, 5.5, 6.25], "texture": "#0"},
				"down": {"uv": [5.25, 6.25, 5.5, 5], "texture": "#0"}
			}
		},
		{
			"name": "blodd_foot_26",
			"from": [11.25, 0, 5.5],
			"to": [11.5, 0.25, 6.75],
			"faces": {
				"north": {"uv": [11.5, 5.5, 11.25, 5.75], "texture": "#0"},
				"east": {"uv": [11.25, 5.5, 11.5, 6.75], "rotation": 90, "texture": "#0"},
				"south": {"uv": [11.25, 6.5, 11.5, 6.75], "texture": "#0"},
				"west": {"uv": [11.25, 5.5, 11.5, 6.75], "rotation": 270, "texture": "#0"},
				"up": {"uv": [11.25, 5.5, 11.5, 6.75], "texture": "#0"},
				"down": {"uv": [11.25, 6.75, 11.5, 5.5], "texture": "#0"}
			}
		},
		{
			"name": "blodd_foot_27",
			"from": [6, 0, 6.75],
			"to": [6.25, 0.25, 7.25],
			"faces": {
				"north": {"uv": [6.25, 6.75, 6, 7], "texture": "#0"},
				"east": {"uv": [6, 6.75, 6.25, 7.25], "rotation": 90, "texture": "#0"},
				"south": {"uv": [6, 7, 6.25, 7.25], "texture": "#0"},
				"west": {"uv": [6, 6.75, 6.25, 7.25], "rotation": 270, "texture": "#0"},
				"up": {"uv": [6, 6.75, 6.25, 7.25], "texture": "#0"},
				"down": {"uv": [6, 7.25, 6.25, 6.75], "texture": "#0"}
			}
		},
		{
			"name": "blodd_foot_28",
			"from": [6.5, 0, 7.75],
			"to": [6.75, 0.25, 8.25],
			"faces": {
				"north": {"uv": [6.75, 7.75, 6.5, 8], "texture": "#0"},
				"east": {"uv": [6.5, 7.75, 6.75, 8.25], "rotation": 90, "texture": "#0"},
				"south": {"uv": [6.5, 8, 6.75, 8.25], "texture": "#0"},
				"west": {"uv": [6.5, 7.75, 6.75, 8.25], "rotation": 270, "texture": "#0"},
				"up": {"uv": [6.5, 7.75, 6.75, 8.25], "texture": "#0"},
				"down": {"uv": [6.5, 8.25, 6.75, 7.75], "texture": "#0"}
			}
		},
		{
			"name": "blodd_foot_29",
			"from": [7, 0, 10],
			"to": [10, 0.25, 14.25],
			"faces": {
				"north": {"uv": [10, 10, 7, 10.25], "texture": "#0"},
				"east": {"uv": [9.75, 10, 10, 14.25], "rotation": 90, "texture": "#0"},
				"south": {"uv": [7, 14, 10, 14.25], "texture": "#0"},
				"west": {"uv": [7, 10, 7.25, 14.25], "rotation": 270, "texture": "#0"},
				"up": {"uv": [7, 10, 10, 14.25], "texture": "#0"},
				"down": {"uv": [7, 14.25, 10, 10], "texture": "#0"}
			}
		},
		{
			"name": "blodd_foot_30",
			"from": [6.75, 0, 11.25],
			"to": [7, 0.25, 14.25],
			"faces": {
				"north": {"uv": [7, 11.25, 6.75, 11.5], "texture": "#0"},
				"east": {"uv": [6.75, 11.25, 7, 14.25], "rotation": 90, "texture": "#0"},
				"south": {"uv": [6.75, 14, 7, 14.25], "texture": "#0"},
				"west": {"uv": [6.75, 11.25, 7, 14.25], "rotation": 270, "texture": "#0"},
				"up": {"uv": [6.75, 11.25, 7, 14.25], "texture": "#0"},
				"down": {"uv": [6.75, 14.25, 7, 11.25], "texture": "#0"}
			}
		},
		{
			"name": "blodd_foot_31",
			"from": [6.5, 0, 12.25],
			"to": [6.75, 0.25, 13.75],
			"faces": {
				"north": {"uv": [6.75, 12.25, 6.5, 12.5], "texture": "#0"},
				"east": {"uv": [6.5, 12.25, 6.75, 13.75], "rotation": 90, "texture": "#0"},
				"south": {"uv": [6.5, 13.5, 6.75, 13.75], "texture": "#0"},
				"west": {"uv": [6.5, 12.25, 6.75, 13.75], "rotation": 270, "texture": "#0"},
				"up": {"uv": [6.5, 12.25, 6.75, 13.75], "texture": "#0"},
				"down": {"uv": [6.5, 13.75, 6.75, 12.25], "texture": "#0"}
			}
		},
		{
			"name": "blodd_foot_32",
			"from": [10, 0, 13.25],
			"to": [10.25, 0.25, 13.75],
			"faces": {
				"north": {"uv": [10.25, 13.25, 10, 13.5], "texture": "#0"},
				"east": {"uv": [10, 13.25, 10.25, 13.75], "rotation": 90, "texture": "#0"},
				"south": {"uv": [10, 13.5, 10.25, 13.75], "texture": "#0"},
				"west": {"uv": [10, 13.25, 10.25, 13.75], "rotation": 270, "texture": "#0"},
				"up": {"uv": [10, 13.25, 10.25, 13.75], "texture": "#0"},
				"down": {"uv": [10, 13.75, 10.25, 13.25], "texture": "#0"}
			}
		},
		{
			"name": "blodd_foot_33",
			"from": [7, 0, 14.25],
			"to": [9.75, 0.25, 14.5],
			"faces": {
				"north": {"uv": [9.75, 14.25, 7, 14.5], "texture": "#0"},
				"east": {"uv": [9.5, 14.25, 9.75, 14.5], "rotation": 90, "texture": "#0"},
				"south": {"uv": [7, 14.25, 9.75, 14.5], "texture": "#0"},
				"west": {"uv": [7, 14.25, 7.25, 14.5], "rotation": 270, "texture": "#0"},
				"up": {"uv": [7, 14.25, 9.75, 14.5], "texture": "#0"},
				"down": {"uv": [7, 14.5, 9.75, 14.25], "texture": "#0"}
			}
		},
		{
			"name": "blodd_foot_34",
			"from": [7.25, 0, 14.5],
			"to": [9.5, 0.25, 14.75],
			"faces": {
				"north": {"uv": [9.5, 14.5, 7.25, 14.75], "texture": "#0"},
				"east": {"uv": [9.25, 14.5, 9.5, 14.75], "rotation": 90, "texture": "#0"},
				"south": {"uv": [7.25, 14.5, 9.5, 14.75], "texture": "#0"},
				"west": {"uv": [7.25, 14.5, 7.5, 14.75], "rotation": 270, "texture": "#0"},
				"up": {"uv": [7.25, 14.5, 9.5, 14.75], "texture": "#0"},
				"down": {"uv": [7.25, 14.75, 9.5, 14.5], "texture": "#0"}
			}
		}
	],
	"display": {
		"gui": {
			"rotation": [90, 0, 0]
		},
		"head": {
			"translation": [4.25, -35.25, 0]
		}
	},
	"groups": [
		{
			"name": "blodd_foot",
			"origin": [8, 8, 8],
			"children": [0, 1, 2, 3, 4, 5, 6, 7, 8, 9, 10, 11, 12, 13, 14, 15, 16, 17, 18, 19, 20, 21, 22, 23, 24, 25, 26, 27, 28, 29, 30, 31, 32, 33, 34]
		}
	]
}