{
	"credit": "Made by MILENARY",
	"textures": {
		"0": "block/g_cloth",
		"1": "block/g_hair",
		"2": "block/g_skin",
		"particle": "block/g_cloth"
	},
	"elements": [
		{
			"from": [6.25, 26.07349, -1.93098],
			"to": [9.75, 30.07349, 6.06902],
			"rotation": {"angle": 45, "axis": "x", "origin": [8.51838, 20.12114, 1.00754]},
			"faces": {
				"north": {"uv": [0, 0, 3.5, 4], "rotation": 180, "texture": "#2"},
				"east": {"uv": [0, 0, 4, 8], "rotation": 90, "texture": "#2"},
				"south": {"uv": [0, 0, 3.5, 4], "texture": "#2"},
				"west": {"uv": [0, 0, 4, 8], "rotation": 270, "texture": "#2"},
				"up": {"uv": [0, 0, 3.5, 8], "texture": "#2"},
				"down": {"uv": [0, 0, 3.5, 8], "rotation": 180, "texture": "#2"}
			}
		},
		{
			"from": [5, 11, -2.5],
			"to": [5.75, 28, -1.5],
			"rotation": {"angle": 0, "axis": "x", "origin": [8.51838, 20.12114, 1.00754]},
			"faces": {
				"north": {"uv": [0, 0, 0.75, 16], "texture": "#1"},
				"east": {"uv": [0, 0, 1, 16], "texture": "#1"},
				"south": {"uv": [0, 0, 0.75, 16], "texture": "#1"},
				"west": {"uv": [0, 0, 1, 16], "texture": "#1"},
				"up": {"uv": [0, 0, 0.75, 1], "texture": "#1"},
				"down": {"uv": [0, 0, 0.75, 1], "texture": "#1"}
			}
		},
		{
			"from": [4.25, 8.25, -1],
			"to": [5, 29.75, 0],
			"rotation": {"angle": 0, "axis": "x", "origin": [8.51838, 20.12114, 1.00754]},
			"faces": {
				"north": {"uv": [0, 0, 0.75, 16], "texture": "#1"},
				"east": {"uv": [0, 0, 1, 16], "texture": "#1"},
				"south": {"uv": [0, 0, 0.75, 16], "texture": "#1"},
				"west": {"uv": [0, 0, 1, 16], "texture": "#1"},
				"up": {"uv": [0, 0, 0.75, 1], "texture": "#1"},
				"down": {"uv": [0, 0, 0.75, 1], "texture": "#1"}
			}
		},
		{
			"from": [4.25, 13, 0],
			"to": [5, 28.25, 0.75],
			"rotation": {"angle": 0, "axis": "x", "origin": [8.51838, 20.12114, 1.00754]},
			"faces": {
				"north": {"uv": [0, 0, 0.75, 15.25], "texture": "#1"},
				"east": {"uv": [0, 0, 0.75, 15.25], "texture": "#1"},
				"south": {"uv": [0, 0, 0.75, 15.25], "texture": "#1"},
				"west": {"uv": [0, 0, 0.75, 15.25], "texture": "#1"},
				"up": {"uv": [0, 0, 0.75, 0.75], "texture": "#1"},
				"down": {"uv": [0, 0, 0.75, 0.75], "texture": "#1"}
			}
		},
		{
			"from": [4.25, 10.25, 0.75],
			"to": [5, 28.25, 1.25],
			"rotation": {"angle": 0, "axis": "x", "origin": [8.51838, 20.12114, 1.00754]},
			"faces": {
				"north": {"uv": [0, 0, 0.75, 16], "texture": "#1"},
				"east": {"uv": [0, 0, 0.5, 16], "texture": "#1"},
				"south": {"uv": [0, 0, 0.75, 16], "texture": "#1"},
				"west": {"uv": [0, 0, 0.5, 16], "texture": "#1"},
				"up": {"uv": [0, 0, 0.75, 0.5], "texture": "#1"},
				"down": {"uv": [0, 0, 0.75, 0.5], "texture": "#1"}
			}
		},
		{
			"from": [4.25, 6.75, 1.25],
			"to": [5, 29.75, 2],
			"rotation": {"angle": 0, "axis": "x", "origin": [8.51838, 20.12114, 1.00754]},
			"faces": {
				"north": {"uv": [0, 0, 0.75, 16], "texture": "#1"},
				"east": {"uv": [0, 0, 0.75, 16], "texture": "#1"},
				"south": {"uv": [0, 0, 0.75, 16], "texture": "#1"},
				"west": {"uv": [0, 0, 0.75, 16], "texture": "#1"},
				"up": {"uv": [0, 0, 0.75, 0.75], "texture": "#1"},
				"down": {"uv": [0, 0, 0.75, 0.75], "texture": "#1"}
			}
		},
		{
			"from": [4.25, 8.5, 2],
			"to": [5, 30.75, 2.75],
			"rotation": {"angle": 0, "axis": "x", "origin": [8.51838, 20.12114, 1.00754]},
			"faces": {
				"north": {"uv": [0, 0, 0.75, 16], "texture": "#1"},
				"east": {"uv": [0, 0, 0.75, 16], "texture": "#1"},
				"south": {"uv": [0, 0, 0.75, 16], "texture": "#1"},
				"west": {"uv": [0, 0, 0.75, 16], "texture": "#1"},
				"up": {"uv": [0, 0, 0.75, 0.75], "texture": "#1"},
				"down": {"uv": [0, 0, 0.75, 0.75], "texture": "#1"}
			}
		},
		{
			"from": [4.25, 5.75, 2.75],
			"to": [5, 29.75, 3.5],
			"rotation": {"angle": 0, "axis": "x", "origin": [8.51838, 20.12114, 1.00754]},
			"faces": {
				"north": {"uv": [0, 0, 0.75, 16], "texture": "#1"},
				"east": {"uv": [0, 0, 0.75, 16], "texture": "#1"},
				"south": {"uv": [0, 0, 0.75, 16], "texture": "#1"},
				"west": {"uv": [0, 0, 0.75, 16], "texture": "#1"},
				"up": {"uv": [0, 0, 0.75, 0.75], "texture": "#1"},
				"down": {"uv": [0, 0, 0.75, 0.75], "texture": "#1"}
			}
		},
		{
			"from": [4.25, 11.5, 3.5],
			"to": [5, 30.5, 4.25],
			"rotation": {"angle": 0, "axis": "x", "origin": [8.51838, 20.12114, 1.00754]},
			"faces": {
				"north": {"uv": [0, 0, 0.75, 16], "texture": "#1"},
				"east": {"uv": [0, 0, 0.75, 16], "texture": "#1"},
				"south": {"uv": [0, 0, 0.75, 16], "texture": "#1"},
				"west": {"uv": [0, 0, 0.75, 16], "texture": "#1"},
				"up": {"uv": [0, 0, 0.75, 0.75], "texture": "#1"},
				"down": {"uv": [0, 0, 0.75, 0.75], "texture": "#1"}
			}
		},
		{
			"from": [4.25, 7.5, 4.25],
			"to": [5, 30.5, 4.75],
			"rotation": {"angle": 0, "axis": "x", "origin": [8.51838, 20.12114, 1.00754]},
			"faces": {
				"north": {"uv": [0, 0, 0.75, 16], "texture": "#1"},
				"east": {"uv": [0, 0, 0.5, 16], "texture": "#1"},
				"south": {"uv": [0, 0, 0.75, 16], "texture": "#1"},
				"west": {"uv": [0, 0, 0.5, 16], "texture": "#1"},
				"up": {"uv": [0, 0, 0.75, 0.5], "texture": "#1"},
				"down": {"uv": [0, 0, 0.75, 0.5], "texture": "#1"}
			}
		},
		{
			"from": [4.25, 10, 4.75],
			"to": [5, 30.5, 5.25],
			"rotation": {"angle": 0, "axis": "x", "origin": [8.51838, 20.12114, 1.00754]},
			"faces": {
				"north": {"uv": [0, 0, 0.75, 16], "texture": "#1"},
				"east": {"uv": [0, 0, 0.5, 16], "texture": "#1"},
				"south": {"uv": [0, 0, 0.75, 16], "texture": "#1"},
				"west": {"uv": [0, 0, 0.5, 16], "texture": "#1"},
				"up": {"uv": [0, 0, 0.75, 0.5], "texture": "#1"},
				"down": {"uv": [0, 0, 0.75, 0.5], "texture": "#1"}
			}
		},
		{
			"from": [4.25, 12.5, -2],
			"to": [5, 28, -1],
			"rotation": {"angle": 0, "axis": "x", "origin": [8.51838, 20.12114, 1.00754]},
			"faces": {
				"north": {"uv": [0, 0, 0.75, 15.5], "texture": "#1"},
				"east": {"uv": [0, 0, 1, 15.5], "texture": "#1"},
				"south": {"uv": [0, 0, 0.75, 15.5], "texture": "#1"},
				"west": {"uv": [0, 0, 1, 15.5], "texture": "#1"},
				"up": {"uv": [0, 0, 0.75, 1], "texture": "#1"},
				"down": {"uv": [0, 0, 0.75, 1], "texture": "#1"}
			}
		},
		{
			"from": [5.75, 7.5, -2.5],
			"to": [6.5, 29.25, -1.5],
			"rotation": {"angle": 0, "axis": "x", "origin": [8.51838, 20.12114, 1.00754]},
			"faces": {
				"north": {"uv": [0, 0, 0.75, 16], "texture": "#1"},
				"east": {"uv": [0, 0, 1, 16], "texture": "#1"},
				"south": {"uv": [0, 0, 0.75, 16], "texture": "#1"},
				"west": {"uv": [0, 0, 1, 16], "texture": "#1"},
				"up": {"uv": [0, 0, 0.75, 1], "texture": "#1"},
				"down": {"uv": [0, 0, 0.75, 1], "texture": "#1"}
			}
		},
		{
			"from": [6.5, 5.75, -2.5],
			"to": [7, 29, -1.5],
			"rotation": {"angle": 0, "axis": "x", "origin": [8.51838, 20.12114, 1.00754]},
			"faces": {
				"north": {"uv": [0, 0, 0.5, 16], "texture": "#1"},
				"east": {"uv": [0, 0, 1, 16], "texture": "#1"},
				"south": {"uv": [0, 0, 0.5, 16], "texture": "#1"},
				"west": {"uv": [0, 0, 1, 16], "texture": "#1"},
				"up": {"uv": [0, 0, 0.5, 1], "texture": "#1"},
				"down": {"uv": [0, 0, 0.5, 1], "texture": "#1"}
			}
		},
		{
			"from": [7, 9.5, -2.5],
			"to": [7.75, 29, -1.5],
			"rotation": {"angle": 0, "axis": "x", "origin": [8.51838, 20.12114, 1.00754]},
			"faces": {
				"north": {"uv": [0, 0, 0.75, 16], "texture": "#1"},
				"east": {"uv": [0, 0, 1, 16], "texture": "#1"},
				"south": {"uv": [0, 0, 0.75, 16], "texture": "#1"},
				"west": {"uv": [0, 0, 1, 16], "texture": "#1"},
				"up": {"uv": [0, 0, 0.75, 1], "texture": "#1"},
				"down": {"uv": [0, 0, 0.75, 1], "texture": "#1"}
			}
		},
		{
			"from": [7.75, 7.25, -2.5],
			"to": [8.5, 27.5, -1.5],
			"rotation": {"angle": 0, "axis": "x", "origin": [8.51838, 20.12114, 1.00754]},
			"faces": {
				"north": {"uv": [0, 0, 0.75, 16], "texture": "#1"},
				"east": {"uv": [0, 0, 1, 16], "texture": "#1"},
				"south": {"uv": [0, 0, 0.75, 16], "texture": "#1"},
				"west": {"uv": [0, 0, 1, 16], "texture": "#1"},
				"up": {"uv": [0, 0, 0.75, 1], "texture": "#1"},
				"down": {"uv": [0, 0, 0.75, 1], "texture": "#1"}
			}
		},
		{
			"from": [10.5, 7.5, -2.25],
			"to": [11, 27, -2],
			"rotation": {"angle": 0, "axis": "x", "origin": [8.51838, 20.12114, 1.00754]},
			"faces": {
				"north": {"uv": [0, 0, 0.5, 16], "texture": "#1"},
				"east": {"uv": [0, 0, 0.25, 16], "texture": "#1"},
				"south": {"uv": [0, 0, 0.5, 16], "texture": "#1"},
				"west": {"uv": [0, 0, 0.25, 16], "texture": "#1"},
				"up": {"uv": [0, 0, 0.5, 0.25], "texture": "#1"},
				"down": {"uv": [0, 0, 0.5, 0.25], "texture": "#1"}
			}
		},
		{
			"from": [11.75, 9, -2],
			"to": [12.25, 30, -1.5],
			"rotation": {"angle": 0, "axis": "x", "origin": [8.51838, 20.12114, 1.00754]},
			"faces": {
				"north": {"uv": [0, 0, 0.5, 16], "texture": "#1"},
				"east": {"uv": [0, 0, 0.5, 16], "texture": "#1"},
				"south": {"uv": [0, 0, 0.5, 16], "texture": "#1"},
				"west": {"uv": [0, 0, 0.5, 16], "texture": "#1"},
				"up": {"uv": [0, 0, 0.5, 0.5], "texture": "#1"},
				"down": {"uv": [0, 0, 0.5, 0.5], "texture": "#1"}
			}
		},
		{
			"from": [11.75, 9.25, -1.5],
			"to": [12.25, 30.5, -0.75],
			"rotation": {"angle": 0, "axis": "x", "origin": [8.51838, 20.12114, 1.00754]},
			"faces": {
				"north": {"uv": [0, 0, 0.5, 16], "texture": "#1"},
				"east": {"uv": [0, 0, 0.75, 16], "texture": "#1"},
				"south": {"uv": [0, 0, 0.5, 16], "texture": "#1"},
				"west": {"uv": [0, 0, 0.75, 16], "texture": "#1"},
				"up": {"uv": [0, 0, 0.5, 0.75], "texture": "#1"},
				"down": {"uv": [0, 0, 0.5, 0.75], "texture": "#1"}
			}
		},
		{
			"from": [11.75, 8, -0.75],
			"to": [12.25, 29.5, 0],
			"rotation": {"angle": 0, "axis": "x", "origin": [8.51838, 20.12114, 1.00754]},
			"faces": {
				"north": {"uv": [0, 0, 0.5, 16], "texture": "#1"},
				"east": {"uv": [0, 0, 0.75, 16], "texture": "#1"},
				"south": {"uv": [0, 0, 0.5, 16], "texture": "#1"},
				"west": {"uv": [0, 0, 0.75, 16], "texture": "#1"},
				"up": {"uv": [0, 0, 0.5, 0.75], "texture": "#1"},
				"down": {"uv": [0, 0, 0.5, 0.75], "texture": "#1"}
			}
		},
		{
			"from": [11.75, 9.75, 0],
			"to": [12.25, 30.75, 0.75],
			"rotation": {"angle": 0, "axis": "x", "origin": [8.51838, 20.12114, 1.00754]},
			"faces": {
				"north": {"uv": [0, 0, 0.5, 16], "texture": "#1"},
				"east": {"uv": [0, 0, 0.75, 16], "texture": "#1"},
				"south": {"uv": [0, 0, 0.5, 16], "texture": "#1"},
				"west": {"uv": [0, 0, 0.75, 16], "texture": "#1"},
				"up": {"uv": [0, 0, 0.5, 0.75], "texture": "#1"},
				"down": {"uv": [0, 0, 0.5, 0.75], "texture": "#1"}
			}
		},
		{
			"from": [11.75, 9.25, 0.75],
			"to": [12.25, 30.75, 1],
			"rotation": {"angle": 0, "axis": "x", "origin": [8.51838, 20.12114, 1.00754]},
			"faces": {
				"north": {"uv": [0, 0, 0.5, 16], "texture": "#1"},
				"east": {"uv": [0, 0, 0.25, 16], "texture": "#1"},
				"south": {"uv": [0, 0, 0.5, 16], "texture": "#1"},
				"west": {"uv": [0, 0, 0.25, 16], "texture": "#1"},
				"up": {"uv": [0, 0, 0.5, 0.25], "texture": "#1"},
				"down": {"uv": [0, 0, 0.5, 0.25], "texture": "#1"}
			}
		},
		{
			"from": [11.75, 10.5, 1],
			"to": [12.25, 29, 1.5],
			"rotation": {"angle": 0, "axis": "x", "origin": [8.51838, 20.12114, 1.00754]},
			"faces": {
				"north": {"uv": [0, 0, 0.5, 16], "texture": "#1"},
				"east": {"uv": [0, 0, 0.5, 16], "texture": "#1"},
				"south": {"uv": [0, 0, 0.5, 16], "texture": "#1"},
				"west": {"uv": [0, 0, 0.5, 16], "texture": "#1"},
				"up": {"uv": [0, 0, 0.5, 0.5], "texture": "#1"},
				"down": {"uv": [0, 0, 0.5, 0.5], "texture": "#1"}
			}
		},
		{
			"from": [11.75, 7.5, 1.5],
			"to": [12.25, 29.75, 2.25],
			"rotation": {"angle": 0, "axis": "x", "origin": [8.51838, 20.12114, 1.00754]},
			"faces": {
				"north": {"uv": [0, 0, 0.5, 16], "texture": "#1"},
				"east": {"uv": [0, 0, 0.75, 16], "texture": "#1"},
				"south": {"uv": [0, 0, 0.5, 16], "texture": "#1"},
				"west": {"uv": [0, 0, 0.75, 16], "texture": "#1"},
				"up": {"uv": [0, 0, 0.5, 0.75], "texture": "#1"},
				"down": {"uv": [0, 0, 0.5, 0.75], "texture": "#1"}
			}
		},
		{
			"from": [11.75, 10.25, 2.25],
			"to": [12.25, 29, 3],
			"rotation": {"angle": 0, "axis": "x", "origin": [8.51838, 20.12114, 1.00754]},
			"faces": {
				"north": {"uv": [0, 0, 0.5, 16], "texture": "#1"},
				"east": {"uv": [0, 0, 0.75, 16], "texture": "#1"},
				"south": {"uv": [0, 0, 0.5, 16], "texture": "#1"},
				"west": {"uv": [0, 0, 0.75, 16], "texture": "#1"},
				"up": {"uv": [0, 0, 0.5, 0.75], "texture": "#1"},
				"down": {"uv": [0, 0, 0.5, 0.75], "texture": "#1"}
			}
		},
		{
			"from": [11.75, 7.5, 3],
			"to": [12.25, 29, 3.75],
			"rotation": {"angle": 0, "axis": "x", "origin": [8.51838, 20.12114, 1.00754]},
			"faces": {
				"north": {"uv": [0, 0, 0.5, 16], "texture": "#1"},
				"east": {"uv": [0, 0, 0.75, 16], "texture": "#1"},
				"south": {"uv": [0, 0, 0.5, 16], "texture": "#1"},
				"west": {"uv": [0, 0, 0.75, 16], "texture": "#1"},
				"up": {"uv": [0, 0, 0.5, 0.75], "texture": "#1"},
				"down": {"uv": [0, 0, 0.5, 0.75], "texture": "#1"}
			}
		},
		{
			"from": [11.75, 9, 3.75],
			"to": [12.25, 29.75, 4.25],
			"rotation": {"angle": 0, "axis": "x", "origin": [8.51838, 20.12114, 1.00754]},
			"faces": {
				"north": {"uv": [0, 0, 0.5, 16], "texture": "#1"},
				"east": {"uv": [0, 0, 0.5, 16], "texture": "#1"},
				"south": {"uv": [0, 0, 0.5, 16], "texture": "#1"},
				"west": {"uv": [0, 0, 0.5, 16], "texture": "#1"},
				"up": {"uv": [0, 0, 0.5, 0.5], "texture": "#1"},
				"down": {"uv": [0, 0, 0.5, 0.5], "texture": "#1"}
			}
		},
		{
			"from": [11.75, 10.75, 4.25],
			"to": [12.25, 29.75, 5],
			"rotation": {"angle": 0, "axis": "x", "origin": [8.51838, 20.12114, 1.00754]},
			"faces": {
				"north": {"uv": [0, 0, 0.5, 16], "texture": "#1"},
				"east": {"uv": [0, 0, 0.75, 16], "texture": "#1"},
				"south": {"uv": [0, 0, 0.5, 16], "texture": "#1"},
				"west": {"uv": [0, 0, 0.75, 16], "texture": "#1"},
				"up": {"uv": [0, 0, 0.5, 0.75], "texture": "#1"},
				"down": {"uv": [0, 0, 0.5, 0.75], "texture": "#1"}
			}
		},
		{
			"from": [11.75, 14.25, 5],
			"to": [12.25, 30.5, 5.25],
			"rotation": {"angle": 0, "axis": "x", "origin": [8.51838, 20.12114, 1.00754]},
			"faces": {
				"north": {"uv": [0, 0, 0.5, 16], "texture": "#1"},
				"east": {"uv": [0, 0, 0.25, 16], "texture": "#1"},
				"south": {"uv": [0, 0, 0.5, 16], "texture": "#1"},
				"west": {"uv": [0, 0, 0.25, 16], "texture": "#1"},
				"up": {"uv": [0, 0, 0.5, 0.25], "texture": "#1"},
				"down": {"uv": [0, 0, 0.5, 0.25], "texture": "#1"}
			}
		},
		{
			"from": [11, 10.5, -2.25],
			"to": [11.75, 28.75, -2],
			"rotation": {"angle": 0, "axis": "x", "origin": [8.51838, 20.12114, 1.00754]},
			"faces": {
				"north": {"uv": [0, 0, 0.75, 16], "texture": "#1"},
				"east": {"uv": [0, 0, 0.25, 16], "texture": "#1"},
				"south": {"uv": [0, 0, 0.75, 16], "texture": "#1"},
				"west": {"uv": [0, 0, 0.25, 16], "texture": "#1"},
				"up": {"uv": [0, 0, 0.75, 0.25], "texture": "#1"},
				"down": {"uv": [0, 0, 0.75, 0.25], "texture": "#1"}
			}
		},
		{
			"from": [8.5, 7.75, -2.5],
			"to": [9.75, 29.5, -1.5],
			"rotation": {"angle": 0, "axis": "x", "origin": [8.51838, 20.12114, 1.00754]},
			"faces": {
				"north": {"uv": [0, 0, 1.25, 16], "texture": "#1"},
				"east": {"uv": [0, 0, 1, 16], "texture": "#1"},
				"south": {"uv": [0, 0, 1.25, 16], "texture": "#1"},
				"west": {"uv": [0, 0, 1, 16], "texture": "#1"},
				"up": {"uv": [0, 0, 1.25, 1], "texture": "#1"},
				"down": {"uv": [0, 0, 1.25, 1], "texture": "#1"}
			}
		},
		{
			"from": [9.75, 11.25, -2.5],
			"to": [10.5, 29.5, -1.5],
			"rotation": {"angle": 0, "axis": "x", "origin": [8.51838, 20.12114, 1.00754]},
			"faces": {
				"north": {"uv": [0, 0, 0.75, 16], "texture": "#1"},
				"east": {"uv": [0, 0, 1, 16], "texture": "#1"},
				"south": {"uv": [0, 0, 0.75, 16], "texture": "#1"},
				"west": {"uv": [0, 0, 1, 16], "texture": "#1"},
				"up": {"uv": [0, 0, 0.75, 1], "texture": "#1"},
				"down": {"uv": [0, 0, 0.75, 1], "texture": "#1"}
			}
		},
		{
			"from": [4.5, 25.5, -1.75],
			"to": [11.75, 31, 6.25],
			"rotation": {"angle": 0, "axis": "x", "origin": [8.51838, 20.12114, 1.00754]},
			"faces": {
				"north": {"uv": [0, 0, 7.25, 5.5], "texture": "#1"},
				"east": {"uv": [0, 0, 8, 5.5], "texture": "#1"},
				"south": {"uv": [0, 0, 7.25, 5.5], "texture": "#1"},
				"west": {"uv": [0, 0, 8, 5.5], "texture": "#1"},
				"up": {"uv": [0, 0, 7.25, 8], "texture": "#1"},
				"down": {"uv": [0, 0, 7.25, 8], "texture": "#2"}
			}
		},
		{
			"from": [5, 31, -1.25],
			"to": [11.25, 32, 5.5],
			"rotation": {"angle": 0, "axis": "x", "origin": [8.51838, 20.12114, 1.00754]},
			"faces": {
				"north": {"uv": [0, 0, 6.25, 1], "texture": "#1"},
				"east": {"uv": [0, 0, 6.75, 1], "texture": "#1"},
				"south": {"uv": [0, 0, 6.25, 1], "texture": "#1"},
				"west": {"uv": [0, 0, 6.75, 1], "texture": "#1"},
				"up": {"uv": [0, 0, 6.25, 6.75], "texture": "#1"},
				"down": {"uv": [0, 0, 6.25, 6.75], "texture": "#1"}
			}
		},
		{
			"from": [13.75, 7.5, 6],
			"to": [16.75, 20.5, 9.75],
			"rotation": {"angle": 0, "axis": "y", "origin": [6.25, 9.25, 8]},
			"faces": {
				"north": {"uv": [10.75, 0, 13.75, 13], "texture": "#0"},
				"east": {"uv": [0, 0, 3.75, 13], "texture": "#0"},
				"south": {"uv": [5, 0.75, 8, 13.75], "texture": "#0"},
				"west": {"uv": [0, 0, 3.75, 13], "texture": "#0"},
				"up": {"uv": [0, 0, 3, 3.75], "texture": "#0"},
				"down": {"uv": [0, 0, 3, 3.75], "texture": "#0"}
			}
		},
		{
			"from": [13.75, 5.25, 9.75],
			"to": [17, 15.25, 10.75],
			"rotation": {"angle": 0, "axis": "y", "origin": [6.25, 9.25, 8]},
			"faces": {
				"north": {"uv": [0, 0, 3.25, 10], "texture": "#0"},
				"east": {"uv": [0, 0, 1, 10], "texture": "#0"},
				"south": {"uv": [5, 2.25, 8.25, 12.25], "texture": "#0"},
				"west": {"uv": [0, 0, 1, 10], "texture": "#0"},
				"up": {"uv": [0, 0, 3.25, 1], "texture": "#0"},
				"down": {"uv": [0, 0, 3.25, 1], "texture": "#0"}
			}
		},
		{
			"from": [13.75, 15.25, 9.75],
			"to": [16.25, 17.75, 10.25],
			"rotation": {"angle": 0, "axis": "y", "origin": [6.25, 9.25, 8]},
			"faces": {
				"north": {"uv": [0, 0, 2.5, 2.5], "texture": "#0"},
				"east": {"uv": [0, 0, 0.5, 2.5], "texture": "#0"},
				"south": {"uv": [0, 0, 2.5, 2.5], "texture": "#0"},
				"west": {"uv": [0, 0, 0.5, 2.5], "texture": "#0"},
				"up": {"uv": [0, 0, 2.5, 0.5], "texture": "#0"},
				"down": {"uv": [0, 0, 2.5, 0.5], "texture": "#0"}
			}
		},
		{
			"from": [13.25, 6.75, 4.75],
			"to": [14.5, 13.25, 6],
			"rotation": {"angle": 0, "axis": "y", "origin": [6.25, 9.25, 8]},
			"faces": {
				"north": {"uv": [0, 0, 1.25, 6.5], "texture": "#0"},
				"east": {"uv": [0, 0, 1.25, 6.5], "texture": "#0"},
				"south": {"uv": [0, 0, 1.25, 6.5], "texture": "#0"},
				"west": {"uv": [0, 0, 1.25, 6.5], "texture": "#0"},
				"up": {"uv": [0, 0, 1.25, 1.25], "texture": "#0"},
				"down": {"uv": [0, 0, 1.25, 1.25], "texture": "#0"}
			}
		},
		{
			"from": [13, 6.25, 6],
			"to": [13.75, 14, 8],
			"rotation": {"angle": 0, "axis": "y", "origin": [6.25, 9.25, 8]},
			"faces": {
				"north": {"uv": [0, 0, 0.75, 7.75], "texture": "#0"},
				"east": {"uv": [0, 0, 2, 7.75], "texture": "#0"},
				"south": {"uv": [0, 0, 0.75, 7.75], "texture": "#0"},
				"west": {"uv": [0, 0, 2, 7.75], "texture": "#0"},
				"up": {"uv": [0, 0, 0.75, 2], "texture": "#0"},
				"down": {"uv": [0, 0, 0.75, 2], "texture": "#0"}
			}
		},
		{
			"from": [13, 5.75, 8],
			"to": [13.75, 13, 10.75],
			"rotation": {"angle": 0, "axis": "y", "origin": [6.25, 9.25, 8]},
			"faces": {
				"north": {"uv": [0, 0, 0.75, 7.25], "texture": "#0"},
				"east": {"uv": [0, 0, 2.75, 7.25], "texture": "#0"},
				"south": {"uv": [0, 0, 0.75, 7.25], "texture": "#0"},
				"west": {"uv": [0, 0, 2.75, 7.25], "texture": "#0"},
				"up": {"uv": [0, 0, 0.75, 2.75], "texture": "#0"},
				"down": {"uv": [0, 0, 0.75, 2.75], "texture": "#0"}
			}
		},
		{
			"from": [14.5, 6.25, 4.75],
			"to": [16.75, 12.75, 6],
			"rotation": {"angle": 0, "axis": "y", "origin": [6.25, 9.25, 8]},
			"faces": {
				"north": {"uv": [0, 0, 2.25, 6.5], "texture": "#0"},
				"east": {"uv": [0, 0, 1.25, 6.5], "texture": "#0"},
				"south": {"uv": [0, 0, 2.25, 6.5], "texture": "#0"},
				"west": {"uv": [0, 0, 1.25, 6.5], "texture": "#0"},
				"up": {"uv": [0, 0, 2.25, 1.25], "texture": "#0"},
				"down": {"uv": [0, 0, 2.25, 1.25], "texture": "#0"}
			}
		},
		{
			"from": [14.5, 12.75, 5.25],
			"to": [16.25, 14.5, 6],
			"rotation": {"angle": 0, "axis": "y", "origin": [6.25, 9.25, 8]},
			"faces": {
				"north": {"uv": [0, 0, 1.75, 1.75], "texture": "#0"},
				"east": {"uv": [0, 0, 0.75, 1.75], "texture": "#0"},
				"south": {"uv": [0, 0, 1.75, 1.75], "texture": "#0"},
				"west": {"uv": [0, 0, 0.75, 1.75], "texture": "#0"},
				"up": {"uv": [0, 0, 1.75, 0.75], "texture": "#0"},
				"down": {"uv": [0, 0, 1.75, 0.75], "texture": "#0"}
			}
		},
		{
			"from": [16.75, 15, 7.25],
			"to": [17.25, 18.5, 9.25],
			"rotation": {"angle": 0, "axis": "y", "origin": [6.25, 9.25, 8]},
			"faces": {
				"north": {"uv": [0, 0, 0.5, 3.5], "texture": "#0"},
				"east": {"uv": [0, 0, 2, 3.5], "texture": "#0"},
				"south": {"uv": [0, 0, 0.5, 3.5], "texture": "#0"},
				"west": {"uv": [0, 0, 2, 3.5], "texture": "#0"},
				"up": {"uv": [0, 0, 0.5, 2], "texture": "#0"},
				"down": {"uv": [0, 0, 0.5, 2], "texture": "#0"}
			}
		},
		{
			"from": [16.75, 6.25, 6.75],
			"to": [17.75, 15, 9.75],
			"rotation": {"angle": 0, "axis": "y", "origin": [6.25, 9.25, 8]},
			"faces": {
				"north": {"uv": [0, 0, 1, 8.75], "texture": "#0"},
				"east": {"uv": [0, 0, 3, 8.75], "texture": "#0"},
				"south": {"uv": [0, 0, 1, 8.75], "texture": "#0"},
				"west": {"uv": [0, 0, 3, 8.75], "texture": "#0"},
				"up": {"uv": [0, 0, 1, 3], "texture": "#0"},
				"down": {"uv": [0, 0, 1, 3], "texture": "#0"}
			}
		},
		{
			"from": [16.75, 5.75, 9.5],
			"to": [17.75, 14, 10],
			"rotation": {"angle": 0, "axis": "y", "origin": [6.25, 9.25, 8]},
			"faces": {
				"north": {"uv": [0, 0, 1, 8.25], "texture": "#0"},
				"east": {"uv": [0, 0, 0.5, 8.25], "texture": "#0"},
				"south": {"uv": [0, 0, 1, 8.25], "texture": "#0"},
				"west": {"uv": [0, 0, 0.5, 8.25], "texture": "#0"},
				"up": {"uv": [0, 0, 1, 0.5], "texture": "#0"},
				"down": {"uv": [0, 0, 1, 0.5], "texture": "#0"}
			}
		},
		{
			"from": [16.75, 6.25, 5.5],
			"to": [17.75, 12, 6.75],
			"rotation": {"angle": 0, "axis": "y", "origin": [6.25, 9.25, 8]},
			"faces": {
				"north": {"uv": [0, 0, 1, 5.75], "texture": "#0"},
				"east": {"uv": [0, 0, 1.25, 5.75], "texture": "#0"},
				"south": {"uv": [0, 0, 1, 5.75], "texture": "#0"},
				"west": {"uv": [0, 0, 1.25, 5.75], "texture": "#0"},
				"up": {"uv": [0, 0, 1, 1.25], "texture": "#0"},
				"down": {"uv": [0, 0, 1, 1.25], "texture": "#0"}
			}
		},
		{
			"from": [12, 14.75, 6.25],
			"to": [15, 22.5, 9.25],
			"rotation": {"angle": 0, "axis": "y", "origin": [6.25, 9.25, 8]},
			"faces": {
				"north": {"uv": [0, 0, 3, 7.75], "texture": "#0"},
				"east": {"uv": [0, 0, 3, 7.75], "texture": "#0"},
				"south": {"uv": [0, 0, 3, 7.75], "texture": "#0"},
				"west": {"uv": [0, 0, 3, 7.75], "texture": "#0"},
				"up": {"uv": [0, 0, 3, 3], "texture": "#0"},
				"down": {"uv": [0, 0, 3, 3], "texture": "#0"}
			}
		},
		{
			"from": [-0.5, 7.5, 6],
			"to": [2.5, 20.5, 9.75],
			"rotation": {"angle": 0, "axis": "y", "origin": [10, 9.25, 8]},
			"faces": {
				"north": {"uv": [8.5, 0.75, 11.5, 13.75], "texture": "#0"},
				"east": {"uv": [3.75, 0, 7.5, 13], "texture": "#0"},
				"south": {"uv": [13, 3, 16, 16], "texture": "#0"},
				"west": {"uv": [3.75, 0, 7.5, 13], "texture": "#0"},
				"up": {"uv": [3, 0, 6, 3.75], "texture": "#0"},
				"down": {"uv": [3, 0, 6, 3.75], "texture": "#0"}
			}
		},
		{
			"from": [-0.75, 5.25, 9.75],
			"to": [2.5, 15.25, 10.75],
			"rotation": {"angle": 0, "axis": "y", "origin": [10, 9.25, 8]},
			"faces": {
				"north": {"uv": [3.25, 0, 6.5, 10], "texture": "#0"},
				"east": {"uv": [1, 0, 2, 10], "texture": "#0"},
				"south": {"uv": [11.5, 1.75, 14.75, 11.75], "texture": "#0"},
				"west": {"uv": [1, 0, 2, 10], "texture": "#0"},
				"up": {"uv": [3.25, 0, 6.5, 1], "texture": "#0"},
				"down": {"uv": [3.25, 0, 6.5, 1], "texture": "#0"}
			}
		},
		{
			"from": [0, 15.25, 9.75],
			"to": [2.5, 17.75, 10.25],
			"rotation": {"angle": 0, "axis": "y", "origin": [10, 9.25, 8]},
			"faces": {
				"north": {"uv": [2.5, 0, 5, 2.5], "texture": "#0"},
				"east": {"uv": [0.5, 0, 1, 2.5], "texture": "#0"},
				"south": {"uv": [2.5, 0, 5, 2.5], "texture": "#0"},
				"west": {"uv": [0.5, 0, 1, 2.5], "texture": "#0"},
				"up": {"uv": [2.5, 0, 5, 0.5], "texture": "#0"},
				"down": {"uv": [2.5, 0, 5, 0.5], "texture": "#0"}
			}
		},
		{
			"from": [1.75, 6.75, 4.75],
			"to": [3, 13.25, 6],
			"rotation": {"angle": 0, "axis": "y", "origin": [10, 9.25, 8]},
			"faces": {
				"north": {"uv": [9.25, 2.75, 10.5, 9.25], "texture": "#0"},
				"east": {"uv": [1.25, 0, 2.5, 6.5], "texture": "#0"},
				"south": {"uv": [1.25, 0, 2.5, 6.5], "texture": "#0"},
				"west": {"uv": [1.25, 0, 2.5, 6.5], "texture": "#0"},
				"up": {"uv": [1.25, 0, 2.5, 1.25], "texture": "#0"},
				"down": {"uv": [1.25, 0, 2.5, 1.25], "texture": "#0"}
			}
		},
		{
			"from": [2.5, 6.25, 6],
			"to": [3.25, 14, 8],
			"rotation": {"angle": 0, "axis": "y", "origin": [10, 9.25, 8]},
			"faces": {
				"north": {"uv": [0.75, 0, 1.5, 7.75], "texture": "#0"},
				"east": {"uv": [2, 0, 4, 7.75], "texture": "#0"},
				"south": {"uv": [0.75, 0, 1.5, 7.75], "texture": "#0"},
				"west": {"uv": [2, 0, 4, 7.75], "texture": "#0"},
				"up": {"uv": [0.75, 0, 1.5, 2], "texture": "#0"},
				"down": {"uv": [0.75, 0, 1.5, 2], "texture": "#0"}
			}
		},
		{
			"from": [2.5, 5.75, 8],
			"to": [3.25, 13, 10.75],
			"rotation": {"angle": 0, "axis": "y", "origin": [10, 9.25, 8]},
			"faces": {
				"north": {"uv": [0.75, 0, 1.5, 7.25], "texture": "#0"},
				"east": {"uv": [2.75, 0, 5.5, 7.25], "texture": "#0"},
				"south": {"uv": [0.75, 0, 1.5, 7.25], "texture": "#0"},
				"west": {"uv": [2.75, 0, 5.5, 7.25], "texture": "#0"},
				"up": {"uv": [0.75, 0, 1.5, 2.75], "texture": "#0"},
				"down": {"uv": [0.75, 0, 1.5, 2.75], "texture": "#0"}
			}
		},
		{
			"from": [-0.5, 6.25, 4.75],
			"to": [1.75, 12.75, 6],
			"rotation": {"angle": 0, "axis": "y", "origin": [10, 9.25, 8]},
			"faces": {
				"north": {"uv": [2.25, 0, 4.5, 6.5], "texture": "#0"},
				"east": {"uv": [1.25, 0, 2.5, 6.5], "texture": "#0"},
				"south": {"uv": [2.25, 0, 4.5, 6.5], "texture": "#0"},
				"west": {"uv": [1.25, 0, 2.5, 6.5], "texture": "#0"},
				"up": {"uv": [2.25, 0, 4.5, 1.25], "texture": "#0"},
				"down": {"uv": [2.25, 0, 4.5, 1.25], "texture": "#0"}
			}
		},
		{
			"from": [0, 12.75, 5.25],
			"to": [1.75, 14.5, 6],
			"rotation": {"angle": 0, "axis": "y", "origin": [10, 9.25, 8]},
			"faces": {
				"north": {"uv": [1.75, 0, 3.5, 1.75], "texture": "#0"},
				"east": {"uv": [0.75, 0, 1.5, 1.75], "texture": "#0"},
				"south": {"uv": [1.75, 0, 3.5, 1.75], "texture": "#0"},
				"west": {"uv": [0.75, 0, 1.5, 1.75], "texture": "#0"},
				"up": {"uv": [1.75, 0, 3.5, 0.75], "texture": "#0"},
				"down": {"uv": [1.75, 0, 3.5, 0.75], "texture": "#0"}
			}
		},
		{
			"from": [-1, 15, 7.25],
			"to": [-0.5, 18.5, 9.25],
			"rotation": {"angle": 0, "axis": "y", "origin": [10, 9.25, 8]},
			"faces": {
				"north": {"uv": [0.5, 0, 1, 3.5], "texture": "#0"},
				"east": {"uv": [2, 0, 4, 3.5], "texture": "#0"},
				"south": {"uv": [0.5, 0, 1, 3.5], "texture": "#0"},
				"west": {"uv": [2, 0, 4, 3.5], "texture": "#0"},
				"up": {"uv": [0.5, 0, 1, 2], "texture": "#0"},
				"down": {"uv": [0.5, 0, 1, 2], "texture": "#0"}
			}
		},
		{
			"from": [-1.5, 6.25, 6.75],
			"to": [-0.5, 15, 9.75],
			"rotation": {"angle": 0, "axis": "y", "origin": [10, 9.25, 8]},
			"faces": {
				"north": {"uv": [1, 0, 2, 8.75], "texture": "#0"},
				"east": {"uv": [3, 0, 6, 8.75], "texture": "#0"},
				"south": {"uv": [1, 0, 2, 8.75], "texture": "#0"},
				"west": {"uv": [3, 0, 6, 8.75], "texture": "#0"},
				"up": {"uv": [1, 0, 2, 3], "texture": "#0"},
				"down": {"uv": [1, 0, 2, 3], "texture": "#0"}
			}
		},
		{
			"from": [-1.5, 5.75, 9.5],
			"to": [-0.5, 14, 10],
			"rotation": {"angle": 0, "axis": "y", "origin": [10, 9.25, 8]},
			"faces": {
				"north": {"uv": [1, 0, 2, 8.25], "texture": "#0"},
				"east": {"uv": [0.5, 0, 1, 8.25], "texture": "#0"},
				"south": {"uv": [1, 0, 2, 8.25], "texture": "#0"},
				"west": {"uv": [0.5, 0, 1, 8.25], "texture": "#0"},
				"up": {"uv": [1, 0, 2, 0.5], "texture": "#0"},
				"down": {"uv": [1, 0, 2, 0.5], "texture": "#0"}
			}
		},
		{
			"from": [-1.5, 6.25, 5.5],
			"to": [-0.5, 12, 6.75],
			"rotation": {"angle": 0, "axis": "y", "origin": [10, 9.25, 8]},
			"faces": {
				"north": {"uv": [1, 0, 2, 5.75], "texture": "#0"},
				"east": {"uv": [1.25, 0, 2.5, 5.75], "texture": "#0"},
				"south": {"uv": [1, 0, 2, 5.75], "texture": "#0"},
				"west": {"uv": [1.25, 0, 2.5, 5.75], "texture": "#0"},
				"up": {"uv": [1, 0, 2, 1.25], "texture": "#0"},
				"down": {"uv": [1, 0, 2, 1.25], "texture": "#0"}
			}
		},
		{
			"from": [1.25, 14.75, 6.25],
			"to": [4.25, 22.5, 9.25],
			"rotation": {"angle": 0, "axis": "y", "origin": [10, 9.25, 8]},
			"faces": {
				"north": {"uv": [2.5, 0, 5.5, 7.75], "texture": "#0"},
				"east": {"uv": [3, 0, 6, 7.75], "texture": "#0"},
				"south": {"uv": [12.25, 5.75, 15.25, 13.5], "texture": "#0"},
				"west": {"uv": [3, 0, 6, 7.75], "texture": "#0"},
				"up": {"uv": [2.5, 0, 5.5, 3], "texture": "#0"},
				"down": {"uv": [2.5, 0, 5.5, 3], "texture": "#0"}
			}
		},
		{
			"from": [5.25, 8.75, 3.8],
			"to": [11, 11.5, 5.25],
			"faces": {
				"north": {"uv": [0, 0, 5.75, 2.75], "texture": "#0"},
				"east": {"uv": [0, 0, 1.45, 2.75], "texture": "#0"},
				"south": {"uv": [0, 0, 5.75, 2.75], "texture": "#0"},
				"west": {"uv": [0, 0, 1.45, 2.75], "texture": "#0"},
				"up": {"uv": [0, 0, 5.75, 1.45], "texture": "#0"},
				"down": {"uv": [0, 0, 5.75, 1.45], "texture": "#0"}
			}
		},
		{
			"from": [2.5, 9.25, 6.75],
			"to": [3.25, 12.75, 9.5],
			"rotation": {"angle": 0, "axis": "y", "origin": [8, 14.5, 8]},
			"faces": {
				"north": {"uv": [0, 0, 0.75, 3.5], "texture": "#0"},
				"east": {"uv": [0, 0, 2.75, 3.5], "texture": "#0"},
				"south": {"uv": [0, 0, 0.75, 3.5], "texture": "#0"},
				"west": {"uv": [0, 0, 2.75, 3.5], "texture": "#0"},
				"up": {"uv": [0, 0, 0.75, 2.75], "texture": "#0"},
				"down": {"uv": [0, 0, 0.75, 2.75], "texture": "#0"}
			}
		},
		{
			"from": [13.5, 0, 6.25],
			"to": [14.5, 9, 10],
			"rotation": {"angle": 0, "axis": "y", "origin": [11.25, 8, 8]},
			"faces": {
				"north": {"uv": [0, 0, 1, 9], "texture": "#0"},
				"east": {"uv": [0, 0, 3.75, 9], "texture": "#0"},
				"south": {"uv": [0, 0, 1, 9], "texture": "#0"},
				"west": {"uv": [0, 0, 3.75, 9], "texture": "#0"},
				"up": {"uv": [0, 0, 1, 3.75], "texture": "#0"},
				"down": {"uv": [0, 0, 1, 3.75], "texture": "#0"}
			}
		},
		{
			"from": [13.5, 9, 7],
			"to": [14.25, 12.75, 9.25],
			"rotation": {"angle": 0, "axis": "y", "origin": [11.25, 8, 8]},
			"faces": {
				"north": {"uv": [0, 0, 0.75, 3.75], "texture": "#0"},
				"east": {"uv": [0, 0, 2.25, 3.75], "texture": "#0"},
				"south": {"uv": [0, 0, 0.75, 3.75], "texture": "#0"},
				"west": {"uv": [0, 0, 2.25, 3.75], "texture": "#0"},
				"up": {"uv": [0, 0, 0.75, 2.25], "texture": "#0"},
				"down": {"uv": [0, 0, 0.75, 2.25], "texture": "#0"}
			}
		},
		{
			"from": [2, 0, 6.25],
			"to": [12, 9.25, 10],
			"faces": {
				"north": {"uv": [0, 0, 10, 9.25], "texture": "#0"},
				"east": {"uv": [0, 0, 3.75, 9.25], "texture": "#0"},
				"south": {"uv": [0, 0, 10, 9.25], "texture": "#0"},
				"west": {"uv": [7, 0.25, 10.75, 9.5], "texture": "#0"},
				"up": {"uv": [0, 0, 10, 3.75], "texture": "#0"},
				"down": {"uv": [0, 0, 10, 3.75], "texture": "#0"}
			}
		},
		{
			"from": [4.5, 0, 3.5],
			"to": [12, 8.5, 5.25],
			"faces": {
				"north": {"uv": [8.5, 2.5, 16, 11], "texture": "#0"},
				"east": {"uv": [0, 0, 1.75, 8.5], "texture": "#0"},
				"south": {"uv": [0, 0, 7.5, 8.5], "texture": "#0"},
				"west": {"uv": [0, 0, 1.75, 8.5], "texture": "#0"},
				"up": {"uv": [0, 0, 7.5, 1.75], "texture": "#0"},
				"down": {"uv": [0, 0, 7.5, 1.75], "texture": "#0"}
			}
		},
		{
			"from": [4.25, 13.75, 5],
			"to": [12, 24, 11.75],
			"faces": {
				"north": {"uv": [0, 0, 7.75, 10.25], "texture": "#0"},
				"east": {"uv": [0, 0, 6.75, 10.25], "texture": "#0"},
				"south": {"uv": [8.25, 5.75, 16, 16], "texture": "#0"},
				"west": {"uv": [0, 0, 6.75, 10.25], "texture": "#0"},
				"up": {"uv": [0, 0, 7.75, 6.75], "texture": "#0"},
				"down": {"uv": [0, 0, 7.75, 6.75], "texture": "#0"}
			}
		},
		{
			"from": [4.25, 24, 5],
			"to": [12, 24.75, 11],
			"faces": {
				"north": {"uv": [0, 0, 7.75, 0.75], "texture": "#0"},
				"east": {"uv": [0, 0, 6, 0.75], "texture": "#0"},
				"south": {"uv": [0, 0, 7.75, 0.75], "texture": "#0"},
				"west": {"uv": [0, 0, 6, 0.75], "texture": "#0"},
				"up": {"uv": [0, 0, 7.75, 6], "texture": "#0"},
				"down": {"uv": [0, 0, 7.75, 6], "texture": "#0"}
			}
		},
		{
			"from": [6.5, 8.25, 11.75],
			"to": [11.25, 12, 12.25],
			"faces": {
				"north": {"uv": [0, 0, 4.75, 3.75], "texture": "#0"},
				"east": {"uv": [0, 0, 0.5, 3.75], "texture": "#0"},
				"south": {"uv": [11.25, 9.25, 16, 13], "texture": "#0"},
				"west": {"uv": [0, 0, 0.5, 3.75], "texture": "#0"},
				"up": {"uv": [0, 0, 4.75, 0.5], "texture": "#0"},
				"down": {"uv": [0, 0, 4.75, 0.5], "texture": "#0"}
			}
		},
		{
			"from": [5.5, 0, 11.75],
			"to": [11.25, 8.25, 12.75],
			"faces": {
				"north": {"uv": [0, 0, 5.75, 8.25], "texture": "#0"},
				"east": {"uv": [0, 0, 1, 8.25], "texture": "#0"},
				"south": {"uv": [0, 0, 5.75, 8.25], "texture": "#0"},
				"west": {"uv": [0, 0, 1, 8.25], "texture": "#0"},
				"up": {"uv": [0, 0, 5.75, 1], "texture": "#0"},
				"down": {"uv": [0, 0, 5.75, 1], "texture": "#0"}
			}
		},
		{
			"from": [3.25, 0, 5],
			"to": [13.5, 13.75, 11.75],
			"faces": {
				"north": {"uv": [0, 0, 10.25, 13.75], "texture": "#0"},
				"east": {"uv": [0, 0, 6.75, 13.75], "texture": "#0"},
				"south": {"uv": [0, 0, 10.25, 13.75], "texture": "#0"},
				"west": {"uv": [0, 0, 6.75, 13.75], "texture": "#0"},
				"up": {"uv": [0, 0, 10.25, 6.75], "texture": "#0"},
				"down": {"uv": [0, 0, 10.25, 6.75], "texture": "#0"}
			}
		},
		{
			"from": [3.5, 13.75, 5.5],
			"to": [5, 19.75, 11],
			"rotation": {"angle": 0, "axis": "y", "origin": [-0.5, 8, 8]},
			"faces": {
				"north": {"uv": [0, 0, 1.5, 6], "texture": "#0"},
				"east": {"uv": [0, 0, 5.5, 6], "texture": "#0"},
				"south": {"uv": [0, 0, 1.5, 6], "texture": "#0"},
				"west": {"uv": [0, 0, 5.5, 6], "texture": "#0"},
				"up": {"uv": [0, 0, 1.5, 5.5], "texture": "#0"},
				"down": {"uv": [0, 0, 1.5, 5.5], "texture": "#0"}
			}
		},
		{
			"from": [5.75, 13.75, 4.5],
			"to": [10.75, 21.25, 5],
			"faces": {
				"north": {"uv": [0, 0, 5, 7.5], "texture": "#0"},
				"east": {"uv": [0, 0, 0.5, 7.5], "texture": "#0"},
				"south": {"uv": [0, 0, 5, 7.5], "texture": "#0"},
				"west": {"uv": [0, 0, 0.5, 7.5], "texture": "#0"},
				"up": {"uv": [0, 0, 5, 0.5], "texture": "#0"},
				"down": {"uv": [0, 0, 5, 0.5], "texture": "#0"}
			}
		},
		{
			"from": [12, 13.75, 5.5],
			"to": [13, 20.75, 11],
			"faces": {
				"north": {"uv": [0, 0, 1, 7], "texture": "#0"},
				"east": {"uv": [0, 0, 5.5, 7], "texture": "#0"},
				"south": {"uv": [0, 0, 1, 7], "texture": "#0"},
				"west": {"uv": [0, 0, 5.5, 7], "texture": "#0"},
				"up": {"uv": [0, 0, 1, 5.5], "texture": "#0"},
				"down": {"uv": [0, 0, 1, 5.5], "texture": "#0"}
			}
		}
	],
	"display": {
		"thirdperson_righthand": {
			"scale": [0, 0, 0]
		},
		"thirdperson_lefthand": {
			"scale": [0, 0, 0]
		},
		"firstperson_righthand": {
			"rotation": [0, -180, 0],
			"translation": [-8.25, -10.5, -7.5],
			"scale": [1.3, 1.4, 1]
		},
		"firstperson_lefthand": {
			"rotation": [0, -180, 0],
			"translation": [-8.25, -10.5, -7.5],
			"scale": [1.3, 1.4, 1]
		},
		"gui": {
			"rotation": [0, 120, 0],
			"scale": [0, 0, 0]
		},
		"head": {
			"translation": [0, -31.25, 0],
			"scale": [1.3, 1.7, 1.3]
		},
		"fixed": {
			"translation": [0, -0.75, 0],
			"scale": [1, 1.4, 1]
		}
	},
	"groups": [0,
		{
			"name": "group",
			"origin": [8, 24.375, 6.75],
			"children": [1, 2, 3, 4, 5, 6, 7, 8, 9, 10, 11, 12, 13, 14, 15, 16, 17, 18, 19, 20, 21, 22, 23, 24, 25, 26, 27, 28, 29, 30, 31, 32, 33]
		},
		{
			"name": "group",
			"origin": [8, 8, 8],
			"children": [34, 35, 36, 37, 38, 39, 40, 41, 42, 43, 44, 45, 46]
		},
		{
			"name": "group",
			"origin": [8, 8, 8],
			"children": [47, 48, 49, 50, 51, 52, 53, 54, 55, 56, 57, 58, 59]
		},
		{
			"name": "group",
			"origin": [8, 8, 8],
			"children": [60, 61, 62, 63, 64, 65, 66, 67, 68, 69, 70, 71, 72, 73]
		},
		{
			"name": "group",
			"origin": [8, 24.375, 6.75],
			"children": []
		}
	]
}