{
	"credit": "Made by MILENARY",
	"textures": {
		"0": "block/g_cloth_2",
		"1": "block/g_hair",
		"2": "block/g_skin",
		"3": "block/g_nail",
		"particle": "block/g_cloth_2"
	},
	"elements": [
		{
			"from": [6.25, 21.25, 4.75],
			"to": [9.75, 29.25, 8.75],
			"rotation": {"angle": -45, "axis": "x", "origin": [8, 24.375, 6.75]},
			"faces": {
				"north": {"uv": [0, 0, 3.5, 8], "texture": "#2"},
				"east": {"uv": [0, 0, 4, 8], "texture": "#2"},
				"south": {"uv": [0, 0, 3.5, 8], "texture": "#2"},
				"west": {"uv": [0, 0, 4, 8], "texture": "#2"},
				"up": {"uv": [0, 0, 3.5, 4], "texture": "#2"},
				"down": {"uv": [0, 0, 3.5, 4], "texture": "#2"}
			}
		},
		{
			"from": [5.25, 11, -3.5],
			"to": [6, 28, -2.5],
			"rotation": {"angle": 0, "axis": "x", "origin": [6.64583, 18.6875, -2.91667]},
			"faces": {
				"north": {"uv": [0, 0, 0.75, 16], "texture": "#1"},
				"east": {"uv": [0, 0, 1, 16], "texture": "#1"},
				"south": {"uv": [0, 0, 0.75, 16], "texture": "#1"},
				"west": {"uv": [0, 0, 1, 16], "texture": "#1"},
				"up": {"uv": [0, 0, 0.75, 1], "texture": "#1"},
				"down": {"uv": [0, 0, 0.75, 1], "texture": "#1"}
			}
		},
		{
			"from": [3.75, 7, -2.25],
			"to": [4.5, 28.5, -1.25],
			"rotation": {"angle": 0, "axis": "x", "origin": [4.75, 28.375, 7.75]},
			"faces": {
				"north": {"uv": [0, 0, 0.75, 16], "texture": "#1"},
				"east": {"uv": [0, 0, 1, 16], "texture": "#1"},
				"south": {"uv": [0, 0, 0.75, 16], "texture": "#1"},
				"west": {"uv": [0, 0, 1, 16], "texture": "#1"},
				"up": {"uv": [0, 0, 0.75, 1], "texture": "#1"},
				"down": {"uv": [0, 0, 0.75, 1], "texture": "#1"}
			}
		},
		{
			"from": [3.75, 11.75, -1.25],
			"to": [4.5, 27, -0.5],
			"rotation": {"angle": 0, "axis": "x", "origin": [4.75, 28.375, 7.75]},
			"faces": {
				"north": {"uv": [0, 0, 0.75, 15.25], "texture": "#1"},
				"east": {"uv": [0, 0, 0.75, 15.25], "texture": "#1"},
				"south": {"uv": [0, 0, 0.75, 15.25], "texture": "#1"},
				"west": {"uv": [0, 0, 0.75, 15.25], "texture": "#1"},
				"up": {"uv": [0, 0, 0.75, 0.75], "texture": "#1"},
				"down": {"uv": [0, 0, 0.75, 0.75], "texture": "#1"}
			}
		},
		{
			"from": [3.75, 9, -0.5],
			"to": [4.5, 27, 0],
			"rotation": {"angle": 0, "axis": "x", "origin": [4.75, 28.375, 8.25]},
			"faces": {
				"north": {"uv": [0, 0, 0.75, 16], "texture": "#1"},
				"east": {"uv": [0, 0, 0.5, 16], "texture": "#1"},
				"south": {"uv": [0, 0, 0.75, 16], "texture": "#1"},
				"west": {"uv": [0, 0, 0.5, 16], "texture": "#1"},
				"up": {"uv": [0, 0, 0.75, 0.5], "texture": "#1"},
				"down": {"uv": [0, 0, 0.75, 0.5], "texture": "#1"}
			}
		},
		{
			"from": [3.75, 5.5, 0],
			"to": [4.5, 28.5, 0.75],
			"rotation": {"angle": 0, "axis": "x", "origin": [4.75, 28.375, 7.75]},
			"faces": {
				"north": {"uv": [0, 0, 0.75, 16], "texture": "#1"},
				"east": {"uv": [0, 0, 0.75, 16], "texture": "#1"},
				"south": {"uv": [0, 0, 0.75, 16], "texture": "#1"},
				"west": {"uv": [0, 0, 0.75, 16], "texture": "#1"},
				"up": {"uv": [0, 0, 0.75, 0.75], "texture": "#1"},
				"down": {"uv": [0, 0, 0.75, 0.75], "texture": "#1"}
			}
		},
		{
			"from": [3.75, 7.25, 0.75],
			"to": [4.5, 29.5, 1.5],
			"rotation": {"angle": 0, "axis": "x", "origin": [4.75, 28.375, 7.75]},
			"faces": {
				"north": {"uv": [0, 0, 0.75, 16], "texture": "#1"},
				"east": {"uv": [0, 0, 0.75, 16], "texture": "#1"},
				"south": {"uv": [0, 0, 0.75, 16], "texture": "#1"},
				"west": {"uv": [0, 0, 0.75, 16], "texture": "#1"},
				"up": {"uv": [0, 0, 0.75, 0.75], "texture": "#1"},
				"down": {"uv": [0, 0, 0.75, 0.75], "texture": "#1"}
			}
		},
		{
			"from": [3.75, 4.5, 1.5],
			"to": [4.5, 28.5, 2.25],
			"rotation": {"angle": 0, "axis": "x", "origin": [4.75, 28.375, 8.5]},
			"faces": {
				"north": {"uv": [0, 0, 0.75, 16], "texture": "#1"},
				"east": {"uv": [0, 0, 0.75, 16], "texture": "#1"},
				"south": {"uv": [0, 0, 0.75, 16], "texture": "#1"},
				"west": {"uv": [0, 0, 0.75, 16], "texture": "#1"},
				"up": {"uv": [0, 0, 0.75, 0.75], "texture": "#1"},
				"down": {"uv": [0, 0, 0.75, 0.75], "texture": "#1"}
			}
		},
		{
			"from": [3.75, 10.25, 2.25],
			"to": [4.5, 29.25, 3],
			"rotation": {"angle": 0, "axis": "x", "origin": [4.75, 28.375, 8.5]},
			"faces": {
				"north": {"uv": [0, 0, 0.75, 16], "texture": "#1"},
				"east": {"uv": [0, 0, 0.75, 16], "texture": "#1"},
				"south": {"uv": [0, 0, 0.75, 16], "texture": "#1"},
				"west": {"uv": [0, 0, 0.75, 16], "texture": "#1"},
				"up": {"uv": [0, 0, 0.75, 0.75], "texture": "#1"},
				"down": {"uv": [0, 0, 0.75, 0.75], "texture": "#1"}
			}
		},
		{
			"from": [3.75, 6.25, 3],
			"to": [4.5, 29.25, 3.5],
			"rotation": {"angle": 0, "axis": "x", "origin": [4.75, 28.375, 8.5]},
			"faces": {
				"north": {"uv": [0, 0, 0.75, 16], "texture": "#1"},
				"east": {"uv": [0, 0, 0.5, 16], "texture": "#1"},
				"south": {"uv": [0, 0, 0.75, 16], "texture": "#1"},
				"west": {"uv": [0, 0, 0.5, 16], "texture": "#1"},
				"up": {"uv": [0, 0, 0.75, 0.5], "texture": "#1"},
				"down": {"uv": [0, 0, 0.75, 0.5], "texture": "#1"}
			}
		},
		{
			"from": [3.75, 8.75, 3.5],
			"to": [4.5, 29.25, 4],
			"rotation": {"angle": 0, "axis": "x", "origin": [4.75, 28.375, 9]},
			"faces": {
				"north": {"uv": [0, 0, 0.75, 16], "texture": "#1"},
				"east": {"uv": [0, 0, 0.5, 16], "texture": "#1"},
				"south": {"uv": [0, 0, 0.75, 16], "texture": "#1"},
				"west": {"uv": [0, 0, 0.5, 16], "texture": "#1"},
				"up": {"uv": [0, 0, 0.75, 0.5], "texture": "#1"},
				"down": {"uv": [0, 0, 0.75, 0.5], "texture": "#1"}
			}
		},
		{
			"from": [4.25, 11.25, -3.25],
			"to": [5, 26.75, -2.25],
			"rotation": {"angle": 0, "axis": "x", "origin": [6.39583, 17.4375, -3.16667]},
			"faces": {
				"north": {"uv": [0, 0, 0.75, 15.5], "texture": "#1"},
				"east": {"uv": [0, 0, 1, 15.5], "texture": "#1"},
				"south": {"uv": [0, 0, 0.75, 15.5], "texture": "#1"},
				"west": {"uv": [0, 0, 1, 15.5], "texture": "#1"},
				"up": {"uv": [0, 0, 0.75, 1], "texture": "#1"},
				"down": {"uv": [0, 0, 0.75, 1], "texture": "#1"}
			}
		},
		{
			"from": [6.25, 7.5, -3.75],
			"to": [7, 29.25, -2.75],
			"rotation": {"angle": 0, "axis": "x", "origin": [6.89583, 18.6875, -3.16667]},
			"faces": {
				"north": {"uv": [0, 0, 0.75, 16], "texture": "#1"},
				"east": {"uv": [0, 0, 1, 16], "texture": "#1"},
				"south": {"uv": [0, 0, 0.75, 16], "texture": "#1"},
				"west": {"uv": [0, 0, 1, 16], "texture": "#1"},
				"up": {"uv": [0, 0, 0.75, 1], "texture": "#1"},
				"down": {"uv": [0, 0, 0.75, 1], "texture": "#1"}
			}
		},
		{
			"from": [7, 5.75, -3.75],
			"to": [7.5, 29, -2.75],
			"rotation": {"angle": 0, "axis": "x", "origin": [6.89583, 18.6875, -3.16667]},
			"faces": {
				"north": {"uv": [0, 0, 0.5, 16], "texture": "#1"},
				"east": {"uv": [0, 0, 1, 16], "texture": "#1"},
				"south": {"uv": [0, 0, 0.5, 16], "texture": "#1"},
				"west": {"uv": [0, 0, 1, 16], "texture": "#1"},
				"up": {"uv": [0, 0, 0.5, 1], "texture": "#1"},
				"down": {"uv": [0, 0, 0.5, 1], "texture": "#1"}
			}
		},
		{
			"from": [7.5, 9.5, -3.75],
			"to": [8.25, 29, -2.75],
			"rotation": {"angle": 0, "axis": "x", "origin": [6.89583, 18.6875, -3.16667]},
			"faces": {
				"north": {"uv": [0, 0, 0.75, 16], "texture": "#1"},
				"east": {"uv": [0, 0, 1, 16], "texture": "#1"},
				"south": {"uv": [0, 0, 0.75, 16], "texture": "#1"},
				"west": {"uv": [0, 0, 1, 16], "texture": "#1"},
				"up": {"uv": [0, 0, 0.75, 1], "texture": "#1"},
				"down": {"uv": [0, 0, 0.75, 1], "texture": "#1"}
			}
		},
		{
			"from": [8.25, 7.25, -3.75],
			"to": [9, 27.5, -2.75],
			"rotation": {"angle": 0, "axis": "x", "origin": [6.89583, 18.6875, -3.16667]},
			"faces": {
				"north": {"uv": [0, 0, 0.75, 16], "texture": "#1"},
				"east": {"uv": [0, 0, 1, 16], "texture": "#1"},
				"south": {"uv": [0, 0, 0.75, 16], "texture": "#1"},
				"west": {"uv": [0, 0, 1, 16], "texture": "#1"},
				"up": {"uv": [0, 0, 0.75, 1], "texture": "#1"},
				"down": {"uv": [0, 0, 0.75, 1], "texture": "#1"}
			}
		},
		{
			"from": [11, 8.5, -3.5],
			"to": [11.5, 28, -3.25],
			"rotation": {"angle": 0, "axis": "x", "origin": [8.5, 27.125, 6.75]},
			"faces": {
				"north": {"uv": [0, 0, 0.5, 16], "texture": "#1"},
				"east": {"uv": [0, 0, 0.25, 16], "texture": "#1"},
				"south": {"uv": [0, 0, 0.5, 16], "texture": "#1"},
				"west": {"uv": [0, 0, 0.25, 16], "texture": "#1"},
				"up": {"uv": [0, 0, 0.5, 0.25], "texture": "#1"},
				"down": {"uv": [0, 0, 0.5, 0.25], "texture": "#1"}
			}
		},
		{
			"from": [12.25, 7.75, -3.25],
			"to": [12.75, 28.75, -2.75],
			"rotation": {"angle": 0, "axis": "x", "origin": [9.25, 24.875, 6.75]},
			"faces": {
				"north": {"uv": [0, 0, 0.5, 16], "texture": "#1"},
				"east": {"uv": [0, 0, 0.5, 16], "texture": "#1"},
				"south": {"uv": [0, 0, 0.5, 16], "texture": "#1"},
				"west": {"uv": [0, 0, 0.5, 16], "texture": "#1"},
				"up": {"uv": [0, 0, 0.5, 0.5], "texture": "#1"},
				"down": {"uv": [0, 0, 0.5, 0.5], "texture": "#1"}
			}
		},
		{
			"from": [12.25, 8, -2.75],
			"to": [12.75, 29.25, -2],
			"rotation": {"angle": 0, "axis": "x", "origin": [9.25, 24.875, 6.75]},
			"faces": {
				"north": {"uv": [0, 0, 0.5, 16], "texture": "#1"},
				"east": {"uv": [0, 0, 0.75, 16], "texture": "#1"},
				"south": {"uv": [0, 0, 0.5, 16], "texture": "#1"},
				"west": {"uv": [0, 0, 0.75, 16], "texture": "#1"},
				"up": {"uv": [0, 0, 0.5, 0.75], "texture": "#1"},
				"down": {"uv": [0, 0, 0.5, 0.75], "texture": "#1"}
			}
		},
		{
			"from": [12.25, 6.75, -2],
			"to": [12.75, 28.25, -1.25],
			"rotation": {"angle": 0, "axis": "x", "origin": [9.25, 24.875, 7.5]},
			"faces": {
				"north": {"uv": [0, 0, 0.5, 16], "texture": "#1"},
				"east": {"uv": [0, 0, 0.75, 16], "texture": "#1"},
				"south": {"uv": [0, 0, 0.5, 16], "texture": "#1"},
				"west": {"uv": [0, 0, 0.75, 16], "texture": "#1"},
				"up": {"uv": [0, 0, 0.5, 0.75], "texture": "#1"},
				"down": {"uv": [0, 0, 0.5, 0.75], "texture": "#1"}
			}
		},
		{
			"from": [12.25, 8.5, -1.25],
			"to": [12.75, 29.5, -0.5],
			"rotation": {"angle": 0, "axis": "x", "origin": [9.25, 24.875, 8.25]},
			"faces": {
				"north": {"uv": [0, 0, 0.5, 16], "texture": "#1"},
				"east": {"uv": [0, 0, 0.75, 16], "texture": "#1"},
				"south": {"uv": [0, 0, 0.5, 16], "texture": "#1"},
				"west": {"uv": [0, 0, 0.75, 16], "texture": "#1"},
				"up": {"uv": [0, 0, 0.5, 0.75], "texture": "#1"},
				"down": {"uv": [0, 0, 0.5, 0.75], "texture": "#1"}
			}
		},
		{
			"from": [12.25, 7.95, -0.5],
			"to": [12.75, 29.45, -0.25],
			"rotation": {"angle": 0, "axis": "x", "origin": [9.25, 24.825, 9]},
			"faces": {
				"north": {"uv": [0, 0, 0.5, 16], "texture": "#1"},
				"east": {"uv": [0, 0, 0.25, 16], "texture": "#1"},
				"south": {"uv": [0, 0, 0.5, 16], "texture": "#1"},
				"west": {"uv": [0, 0, 0.25, 16], "texture": "#1"},
				"up": {"uv": [0, 0, 0.5, 0.25], "texture": "#1"},
				"down": {"uv": [0, 0, 0.5, 0.25], "texture": "#1"}
			}
		},
		{
			"from": [12.25, 9.25, -0.25],
			"to": [12.75, 27.75, 0.25],
			"rotation": {"angle": 0, "axis": "x", "origin": [9.25, 24.875, 9.25]},
			"faces": {
				"north": {"uv": [0, 0, 0.5, 16], "texture": "#1"},
				"east": {"uv": [0, 0, 0.5, 16], "texture": "#1"},
				"south": {"uv": [0, 0, 0.5, 16], "texture": "#1"},
				"west": {"uv": [0, 0, 0.5, 16], "texture": "#1"},
				"up": {"uv": [0, 0, 0.5, 0.5], "texture": "#1"},
				"down": {"uv": [0, 0, 0.5, 0.5], "texture": "#1"}
			}
		},
		{
			"from": [12.25, 6.25, 0.25],
			"to": [12.75, 28.5, 1],
			"rotation": {"angle": 0, "axis": "x", "origin": [9.25, 24.875, 9.75]},
			"faces": {
				"north": {"uv": [0, 0, 0.5, 16], "texture": "#1"},
				"east": {"uv": [0, 0, 0.75, 16], "texture": "#1"},
				"south": {"uv": [0, 0, 0.5, 16], "texture": "#1"},
				"west": {"uv": [0, 0, 0.75, 16], "texture": "#1"},
				"up": {"uv": [0, 0, 0.5, 0.75], "texture": "#1"},
				"down": {"uv": [0, 0, 0.5, 0.75], "texture": "#1"}
			}
		},
		{
			"from": [12.25, 9, 1],
			"to": [12.75, 27.75, 1.75],
			"rotation": {"angle": 0, "axis": "x", "origin": [9.25, 24.875, 10.5]},
			"faces": {
				"north": {"uv": [0, 0, 0.5, 16], "texture": "#1"},
				"east": {"uv": [0, 0, 0.75, 16], "texture": "#1"},
				"south": {"uv": [0, 0, 0.5, 16], "texture": "#1"},
				"west": {"uv": [0, 0, 0.75, 16], "texture": "#1"},
				"up": {"uv": [0, 0, 0.5, 0.75], "texture": "#1"},
				"down": {"uv": [0, 0, 0.5, 0.75], "texture": "#1"}
			}
		},
		{
			"from": [12.25, 6.25, 1.75],
			"to": [12.75, 27.75, 2.5],
			"rotation": {"angle": 0, "axis": "x", "origin": [9.25, 24.875, 11.25]},
			"faces": {
				"north": {"uv": [0, 0, 0.5, 16], "texture": "#1"},
				"east": {"uv": [0, 0, 0.75, 16], "texture": "#1"},
				"south": {"uv": [0, 0, 0.5, 16], "texture": "#1"},
				"west": {"uv": [0, 0, 0.75, 16], "texture": "#1"},
				"up": {"uv": [0, 0, 0.5, 0.75], "texture": "#1"},
				"down": {"uv": [0, 0, 0.5, 0.75], "texture": "#1"}
			}
		},
		{
			"from": [12.25, 7.75, 2.5],
			"to": [12.75, 28.5, 3],
			"rotation": {"angle": 0, "axis": "x", "origin": [9.25, 24.875, 12]},
			"faces": {
				"north": {"uv": [0, 0, 0.5, 16], "texture": "#1"},
				"east": {"uv": [0, 0, 0.5, 16], "texture": "#1"},
				"south": {"uv": [0, 0, 0.5, 16], "texture": "#1"},
				"west": {"uv": [0, 0, 0.5, 16], "texture": "#1"},
				"up": {"uv": [0, 0, 0.5, 0.5], "texture": "#1"},
				"down": {"uv": [0, 0, 0.5, 0.5], "texture": "#1"}
			}
		},
		{
			"from": [12.25, 9.5, 3],
			"to": [12.75, 28.5, 3.75],
			"rotation": {"angle": 0, "axis": "x", "origin": [9.25, 24.875, 12]},
			"faces": {
				"north": {"uv": [0, 0, 0.5, 16], "texture": "#1"},
				"east": {"uv": [0, 0, 0.75, 16], "texture": "#1"},
				"south": {"uv": [0, 0, 0.5, 16], "texture": "#1"},
				"west": {"uv": [0, 0, 0.75, 16], "texture": "#1"},
				"up": {"uv": [0, 0, 0.5, 0.75], "texture": "#1"},
				"down": {"uv": [0, 0, 0.5, 0.75], "texture": "#1"}
			}
		},
		{
			"from": [12.25, 13, 3.75],
			"to": [12.75, 29.25, 4],
			"rotation": {"angle": 0, "axis": "x", "origin": [9.25, 24.875, 12]},
			"faces": {
				"north": {"uv": [0, 0, 0.5, 16], "texture": "#1"},
				"east": {"uv": [0, 0, 0.25, 16], "texture": "#1"},
				"south": {"uv": [0, 0, 0.5, 16], "texture": "#1"},
				"west": {"uv": [0, 0, 0.25, 16], "texture": "#1"},
				"up": {"uv": [0, 0, 0.5, 0.25], "texture": "#1"},
				"down": {"uv": [0, 0, 0.5, 0.25], "texture": "#1"}
			}
		},
		{
			"from": [11.5, 11.5, -3.5],
			"to": [12.25, 29.75, -3.25],
			"rotation": {"angle": 0, "axis": "x", "origin": [8.5, 27.125, 6.75]},
			"faces": {
				"north": {"uv": [0, 0, 0.75, 16], "texture": "#1"},
				"east": {"uv": [0, 0, 0.25, 16], "texture": "#1"},
				"south": {"uv": [0, 0, 0.75, 16], "texture": "#1"},
				"west": {"uv": [0, 0, 0.25, 16], "texture": "#1"},
				"up": {"uv": [0, 0, 0.75, 0.25], "texture": "#1"},
				"down": {"uv": [0, 0, 0.75, 0.25], "texture": "#1"}
			}
		},
		{
			"from": [9, 8.75, -3.75],
			"to": [10.25, 30.5, -2.75],
			"rotation": {"angle": 0, "axis": "x", "origin": [8.5, 27.125, 6.75]},
			"faces": {
				"north": {"uv": [0, 0, 1.25, 16], "texture": "#1"},
				"east": {"uv": [0, 0, 1, 16], "texture": "#1"},
				"south": {"uv": [0, 0, 1.25, 16], "texture": "#1"},
				"west": {"uv": [0, 0, 1, 16], "texture": "#1"},
				"up": {"uv": [0, 0, 1.25, 1], "texture": "#1"},
				"down": {"uv": [0, 0, 1.25, 1], "texture": "#1"}
			}
		},
		{
			"from": [10.25, 12.25, -3.75],
			"to": [11, 30.5, -2.75],
			"rotation": {"angle": 0, "axis": "x", "origin": [8.5, 27.125, 6.75]},
			"faces": {
				"north": {"uv": [0, 0, 0.75, 16], "texture": "#1"},
				"east": {"uv": [0, 0, 1, 16], "texture": "#1"},
				"south": {"uv": [0, 0, 0.75, 16], "texture": "#1"},
				"west": {"uv": [0, 0, 1, 16], "texture": "#1"},
				"up": {"uv": [0, 0, 0.75, 1], "texture": "#1"},
				"down": {"uv": [0, 0, 0.75, 1], "texture": "#1"}
			}
		},
		{
			"from": [5.5, 25.5, -3],
			"to": [12.75, 31, 5],
			"rotation": {"angle": 22.5, "axis": "z", "origin": [9, 26.125, 6.75]},
			"faces": {
				"north": {"uv": [0, 0, 7.25, 5.5], "texture": "#1"},
				"east": {"uv": [0, 0, 8, 5.5], "texture": "#1"},
				"south": {"uv": [0, 0, 7.25, 5.5], "texture": "#1"},
				"west": {"uv": [0, 0, 8, 5.5], "texture": "#1"},
				"up": {"uv": [0, 0, 7.25, 8], "texture": "#1"},
				"down": {"uv": [0, 0, 7.25, 8], "texture": "#2"}
			}
		},
		{
			"from": [6, 31, -2.5],
			"to": [12.25, 32, 4.25],
			"rotation": {"angle": 22.5, "axis": "z", "origin": [9, 26.125, 6.75]},
			"faces": {
				"north": {"uv": [0, 0, 6.25, 1], "texture": "#1"},
				"east": {"uv": [0, 0, 6.75, 1], "texture": "#1"},
				"south": {"uv": [0, 0, 6.25, 1], "texture": "#1"},
				"west": {"uv": [0, 0, 6.75, 1], "texture": "#1"},
				"up": {"uv": [0, 0, 6.25, 6.75], "texture": "#1"},
				"down": {"uv": [0, 0, 6.25, 6.75], "texture": "#1"}
			}
		},
		{
			"from": [13.75, 8.5, 9.75],
			"to": [16.75, 21.5, 13.5],
			"rotation": {"angle": -22.5, "axis": "x", "origin": [15.34615, 13.18269, 11.51923]},
			"faces": {
				"north": {"uv": [10.75, 0, 13.75, 13], "texture": "#0"},
				"east": {"uv": [0, 0, 3.75, 13], "texture": "#0"},
				"south": {"uv": [5, 0.75, 8, 13.75], "texture": "#0"},
				"west": {"uv": [0, 0, 3.75, 13], "texture": "#0"},
				"up": {"uv": [0, 0, 3, 3.75], "texture": "#0"},
				"down": {"uv": [0, 0, 3, 3.75], "texture": "#0"}
			}
		},
		{
			"from": [13.75, 6.25, 13.5],
			"to": [17, 16.25, 14.5],
			"rotation": {"angle": -22.5, "axis": "x", "origin": [15.34615, 13.18269, 11.51923]},
			"faces": {
				"north": {"uv": [0, 0, 3.25, 10], "texture": "#0"},
				"east": {"uv": [0, 0, 1, 10], "texture": "#0"},
				"south": {"uv": [5, 2.25, 8.25, 12.25], "texture": "#0"},
				"west": {"uv": [0, 0, 1, 10], "texture": "#0"},
				"up": {"uv": [0, 0, 3.25, 1], "texture": "#0"},
				"down": {"uv": [0, 0, 3.25, 1], "texture": "#0"}
			}
		},
		{
			"from": [13.75, 16.25, 13.5],
			"to": [16.25, 18.75, 14],
			"rotation": {"angle": -22.5, "axis": "x", "origin": [15.34615, 13.18269, 11.51923]},
			"faces": {
				"north": {"uv": [0, 0, 2.5, 2.5], "texture": "#0"},
				"east": {"uv": [0, 0, 0.5, 2.5], "texture": "#0"},
				"south": {"uv": [0, 0, 2.5, 2.5], "texture": "#0"},
				"west": {"uv": [0, 0, 0.5, 2.5], "texture": "#0"},
				"up": {"uv": [0, 0, 2.5, 0.5], "texture": "#0"},
				"down": {"uv": [0, 0, 2.5, 0.5], "texture": "#0"}
			}
		},
		{
			"from": [13.25, 7.75, 8.5],
			"to": [14.5, 14.25, 9.75],
			"rotation": {"angle": -22.5, "axis": "x", "origin": [15.34615, 13.18269, 11.51923]},
			"faces": {
				"north": {"uv": [0, 0, 1.25, 6.5], "texture": "#0"},
				"east": {"uv": [0, 0, 1.25, 6.5], "texture": "#0"},
				"south": {"uv": [0, 0, 1.25, 6.5], "texture": "#0"},
				"west": {"uv": [0, 0, 1.25, 6.5], "texture": "#0"},
				"up": {"uv": [0, 0, 1.25, 1.25], "texture": "#0"},
				"down": {"uv": [0, 0, 1.25, 1.25], "texture": "#0"}
			}
		},
		{
			"from": [13, 7.25, 9.75],
			"to": [13.75, 15, 11.75],
			"rotation": {"angle": -22.5, "axis": "x", "origin": [15.34615, 13.18269, 11.51923]},
			"faces": {
				"north": {"uv": [0, 0, 0.75, 7.75], "texture": "#0"},
				"east": {"uv": [0, 0, 2, 7.75], "texture": "#0"},
				"south": {"uv": [0, 0, 0.75, 7.75], "texture": "#0"},
				"west": {"uv": [0, 0, 2, 7.75], "texture": "#0"},
				"up": {"uv": [0, 0, 0.75, 2], "texture": "#0"},
				"down": {"uv": [0, 0, 0.75, 2], "texture": "#0"}
			}
		},
		{
			"from": [13, 6.75, 11.75],
			"to": [13.75, 14, 14.5],
			"rotation": {"angle": -22.5, "axis": "x", "origin": [15.34615, 13.18269, 11.51923]},
			"faces": {
				"north": {"uv": [0, 0, 0.75, 7.25], "texture": "#0"},
				"east": {"uv": [0, 0, 2.75, 7.25], "texture": "#0"},
				"south": {"uv": [0, 0, 0.75, 7.25], "texture": "#0"},
				"west": {"uv": [0, 0, 2.75, 7.25], "texture": "#0"},
				"up": {"uv": [0, 0, 0.75, 2.75], "texture": "#0"},
				"down": {"uv": [0, 0, 0.75, 2.75], "texture": "#0"}
			}
		},
		{
			"from": [14.5, 7.25, 8.5],
			"to": [16.75, 13.75, 9.75],
			"rotation": {"angle": -22.5, "axis": "x", "origin": [15.34615, 13.18269, 11.51923]},
			"faces": {
				"north": {"uv": [0, 0, 2.25, 6.5], "texture": "#0"},
				"east": {"uv": [0, 0, 1.25, 6.5], "texture": "#0"},
				"south": {"uv": [0, 0, 2.25, 6.5], "texture": "#0"},
				"west": {"uv": [0, 0, 1.25, 6.5], "texture": "#0"},
				"up": {"uv": [0, 0, 2.25, 1.25], "texture": "#0"},
				"down": {"uv": [0, 0, 2.25, 1.25], "texture": "#0"}
			}
		},
		{
			"from": [14.5, 13.75, 9],
			"to": [16.25, 15.5, 9.75],
			"rotation": {"angle": -22.5, "axis": "x", "origin": [15.34615, 13.18269, 11.51923]},
			"faces": {
				"north": {"uv": [0, 0, 1.75, 1.75], "texture": "#0"},
				"east": {"uv": [0, 0, 0.75, 1.75], "texture": "#0"},
				"south": {"uv": [0, 0, 1.75, 1.75], "texture": "#0"},
				"west": {"uv": [0, 0, 0.75, 1.75], "texture": "#0"},
				"up": {"uv": [0, 0, 1.75, 0.75], "texture": "#0"},
				"down": {"uv": [0, 0, 1.75, 0.75], "texture": "#0"}
			}
		},
		{
			"from": [16.75, 16, 11],
			"to": [17.25, 19.5, 13],
			"rotation": {"angle": -22.5, "axis": "x", "origin": [15.34615, 13.18269, 11.51923]},
			"faces": {
				"north": {"uv": [0, 0, 0.5, 3.5], "texture": "#0"},
				"east": {"uv": [0, 0, 2, 3.5], "texture": "#0"},
				"south": {"uv": [0, 0, 0.5, 3.5], "texture": "#0"},
				"west": {"uv": [0, 0, 2, 3.5], "texture": "#0"},
				"up": {"uv": [0, 0, 0.5, 2], "texture": "#0"},
				"down": {"uv": [0, 0, 0.5, 2], "texture": "#0"}
			}
		},
		{
			"from": [16.75, 7.25, 10.5],
			"to": [17.75, 16, 13.5],
			"rotation": {"angle": -22.5, "axis": "x", "origin": [15.34615, 13.18269, 11.51923]},
			"faces": {
				"north": {"uv": [0, 0, 1, 8.75], "texture": "#0"},
				"east": {"uv": [0, 0, 3, 8.75], "texture": "#0"},
				"south": {"uv": [0, 0, 1, 8.75], "texture": "#0"},
				"west": {"uv": [0, 0, 3, 8.75], "texture": "#0"},
				"up": {"uv": [0, 0, 1, 3], "texture": "#0"},
				"down": {"uv": [0, 0, 1, 3], "texture": "#0"}
			}
		},
		{
			"from": [16.75, 6.75, 13.25],
			"to": [17.75, 15, 13.75],
			"rotation": {"angle": -22.5, "axis": "x", "origin": [15.34615, 13.18269, 11.51923]},
			"faces": {
				"north": {"uv": [0, 0, 1, 8.25], "texture": "#0"},
				"east": {"uv": [0, 0, 0.5, 8.25], "texture": "#0"},
				"south": {"uv": [0, 0, 1, 8.25], "texture": "#0"},
				"west": {"uv": [0, 0, 0.5, 8.25], "texture": "#0"},
				"up": {"uv": [0, 0, 1, 0.5], "texture": "#0"},
				"down": {"uv": [0, 0, 1, 0.5], "texture": "#0"}
			}
		},
		{
			"from": [16.75, 7.25, 9.25],
			"to": [17.75, 13, 10.5],
			"rotation": {"angle": -22.5, "axis": "x", "origin": [15.34615, 13.18269, 11.51923]},
			"faces": {
				"north": {"uv": [0, 0, 1, 5.75], "texture": "#0"},
				"east": {"uv": [0, 0, 1.25, 5.75], "texture": "#0"},
				"south": {"uv": [0, 0, 1, 5.75], "texture": "#0"},
				"west": {"uv": [0, 0, 1.25, 5.75], "texture": "#0"},
				"up": {"uv": [0, 0, 1, 1.25], "texture": "#0"},
				"down": {"uv": [0, 0, 1, 1.25], "texture": "#0"}
			}
		},
		{
			"from": [12, 15.75, 10],
			"to": [15, 23.5, 13],
			"rotation": {"angle": -22.5, "axis": "x", "origin": [15.34615, 13.18269, 11.51923]},
			"faces": {
				"north": {"uv": [0, 0, 3, 7.75], "texture": "#0"},
				"east": {"uv": [0, 0, 3, 7.75], "texture": "#0"},
				"south": {"uv": [0, 0, 3, 7.75], "texture": "#0"},
				"west": {"uv": [0, 0, 3, 7.75], "texture": "#0"},
				"up": {"uv": [0, 0, 3, 3], "texture": "#0"},
				"down": {"uv": [0, 0, 3, 3], "texture": "#0"}
			}
		},
		{
			"from": [0.42308, 14.41979, -3.72936],
			"to": [4.17308, 17.41979, 9.27064],
			"rotation": {"angle": -22.5, "axis": "x", "origin": [2.27975, 17.95031, -5.19876]},
			"faces": {
				"north": {"uv": [3, 0, 6, 3.75], "rotation": 90, "texture": "#2"},
				"east": {"uv": [8.5, 0.75, 11.5, 13.75], "rotation": 270, "texture": "#0"},
				"south": {"uv": [3, 0, 6, 3.75], "rotation": 90, "texture": "#0"},
				"west": {"uv": [13, 3, 16, 16], "rotation": 90, "texture": "#0"},
				"up": {"uv": [3.75, 0, 7.5, 13], "rotation": 180, "texture": "#0"},
				"down": {"uv": [3.75, 0, 7.5, 13], "texture": "#0"}
			}
		},
		{
			"from": [2.67308, 16.26969, -9.032],
			"to": [3.32308, 16.86969, -7.532],
			"rotation": {"angle": 22.5, "axis": "x", "origin": [2.27975, 17.95031, -5.19876]},
			"faces": {
				"north": {"uv": [3, 0, 6, 3.75], "rotation": 90, "texture": "#2"},
				"east": {"uv": [8.5, 0.75, 11.5, 13.75], "rotation": 270, "texture": "#2"},
				"south": {"uv": [3, 0, 6, 3.75], "rotation": 90, "texture": "#2"},
				"west": {"uv": [13, 3, 16, 16], "rotation": 90, "texture": "#2"},
				"up": {"uv": [3.75, 0, 7.5, 13], "rotation": 180, "texture": "#2"},
				"down": {"uv": [3.75, 0, 7.5, 13], "texture": "#2"}
			}
		},
		{
			"from": [2.72308, 19.45424, -9.60519],
			"to": [3.37308, 20.05424, -8.35519],
			"rotation": {"angle": -22.5, "axis": "x", "origin": [2.27975, 17.95031, -5.19876]},
			"faces": {
				"north": {"uv": [3, 0, 6, 3.75], "rotation": 90, "texture": "#2"},
				"east": {"uv": [8.5, 0.75, 11.5, 13.75], "rotation": 270, "texture": "#2"},
				"south": {"uv": [3, 0, 6, 3.75], "rotation": 90, "texture": "#2"},
				"west": {"uv": [13, 3, 16, 16], "rotation": 90, "texture": "#2"},
				"up": {"uv": [3.75, 0, 7.5, 13], "rotation": 180, "texture": "#2"},
				"down": {"uv": [3.75, 0, 7.5, 13], "texture": "#2"}
			}
		},
		{
			"from": [2.77308, 14.15291, -8.84393],
			"to": [3.22308, 14.80291, -8.59393],
			"rotation": {"angle": 45, "axis": "x", "origin": [2.27975, 17.95031, -5.19876]},
			"faces": {
				"north": {"uv": [11.75, 3.75, 12, 4.6], "texture": "#3"},
				"east": {"uv": [8.5, 0.75, 11.5, 13.75], "texture": "#3"},
				"south": {"uv": [3.75, 0, 7.5, 13], "texture": "#3"},
				"west": {"uv": [13, 3, 16, 16], "texture": "#3"},
				"up": {"uv": [3, 0, 6, 3.75], "rotation": 90, "texture": "#3"},
				"down": {"uv": [3, 0, 6, 3.75], "rotation": 270, "texture": "#3"}
			}
		},
		{
			"from": [2.87308, 13.30291, -8.84393],
			"to": [3.12308, 14.15291, -8.64393],
			"rotation": {"angle": 45, "axis": "x", "origin": [2.27975, 17.95031, -5.19876]},
			"faces": {
				"north": {"uv": [11.75, 3.75, 12, 4.6], "texture": "#3"},
				"east": {"uv": [8.5, 0.75, 11.5, 13.75], "texture": "#3"},
				"south": {"uv": [3.75, 0, 7.5, 13], "texture": "#3"},
				"west": {"uv": [13, 3, 16, 16], "texture": "#3"},
				"up": {"uv": [3, 0, 6, 3.75], "rotation": 90, "texture": "#3"},
				"down": {"uv": [3, 0, 6, 3.75], "rotation": 270, "texture": "#3"}
			}
		},
		{
			"from": [1.82308, 18.27621, -8.60216],
			"to": [2.47308, 19.92621, -8.00216],
			"rotation": {"angle": -22.5, "axis": "x", "origin": [2.27975, 17.95031, -5.19876]},
			"faces": {
				"north": {"uv": [3.75, 0, 7.5, 13], "rotation": 180, "texture": "#2"},
				"east": {"uv": [8.5, 0.75, 11.5, 13.75], "rotation": 180, "texture": "#2"},
				"south": {"uv": [3.75, 0, 7.5, 13], "rotation": 180, "texture": "#2"},
				"west": {"uv": [13, 3, 16, 16], "rotation": 180, "texture": "#2"},
				"up": {"uv": [3, 0, 6, 3.75], "rotation": 270, "texture": "#2"},
				"down": {"uv": [3, 0, 6, 3.75], "rotation": 90, "texture": "#2"}
			}
		},
		{
			"from": [1.87308, 15.59233, -9.30952],
			"to": [2.52308, 16.19233, -8.00952],
			"rotation": {"angle": 45, "axis": "x", "origin": [2.27975, 17.95031, -5.19876]},
			"faces": {
				"north": {"uv": [3, 0, 6, 3.75], "rotation": 90, "texture": "#2"},
				"east": {"uv": [8.5, 0.75, 11.5, 13.75], "rotation": 270, "texture": "#2"},
				"south": {"uv": [3, 0, 6, 3.75], "rotation": 90, "texture": "#2"},
				"west": {"uv": [13, 3, 16, 16], "rotation": 90, "texture": "#2"},
				"up": {"uv": [3.75, 0, 7.5, 13], "rotation": 180, "texture": "#2"},
				"down": {"uv": [3.75, 0, 7.5, 13], "texture": "#2"}
			}
		},
		{
			"from": [1.92308, 21.01082, -9.0257],
			"to": [2.37308, 21.26082, -8.3757],
			"rotation": {"angle": -22.5, "axis": "x", "origin": [2.27975, 17.95031, -5.19876]},
			"faces": {
				"north": {"uv": [3, 0, 6, 3.75], "rotation": 90, "texture": "#3"},
				"east": {"uv": [8.5, 0.75, 11.5, 13.75], "rotation": 270, "texture": "#3"},
				"south": {"uv": [3, 0, 6, 3.75], "rotation": 90, "texture": "#3"},
				"west": {"uv": [13, 3, 16, 16], "rotation": 90, "texture": "#3"},
				"up": {"uv": [11.75, 3.75, 12, 4.6], "rotation": 180, "texture": "#3"},
				"down": {"uv": [3.75, 0, 7.5, 13], "texture": "#3"}
			}
		},
		{
			"from": [2.02308, 21.06082, -9.8757],
			"to": [2.27308, 21.26082, -9.0257],
			"rotation": {"angle": -22.5, "axis": "x", "origin": [2.27975, 17.95031, -5.19876]},
			"faces": {
				"north": {"uv": [3, 0, 6, 3.75], "rotation": 90, "texture": "#3"},
				"east": {"uv": [8.5, 0.75, 11.5, 13.75], "rotation": 270, "texture": "#3"},
				"south": {"uv": [3, 0, 6, 3.75], "rotation": 90, "texture": "#3"},
				"west": {"uv": [13, 3, 16, 16], "rotation": 90, "texture": "#3"},
				"up": {"uv": [11.75, 3.75, 12, 4.6], "rotation": 180, "texture": "#3"},
				"down": {"uv": [3.75, 0, 7.5, 13], "texture": "#3"}
			}
		},
		{
			"from": [1.07308, 17.52319, -9.03733],
			"to": [1.72308, 18.47319, -8.43733],
			"rotation": {"angle": 0, "axis": "x", "origin": [2.27975, 17.95031, -5.19876]},
			"faces": {
				"north": {"uv": [3.75, 0, 7.5, 13], "rotation": 180, "texture": "#2"},
				"east": {"uv": [8.5, 0.75, 11.5, 13.75], "rotation": 180, "texture": "#2"},
				"south": {"uv": [3.75, 0, 7.5, 13], "rotation": 180, "texture": "#2"},
				"west": {"uv": [13, 3, 16, 16], "rotation": 180, "texture": "#2"},
				"up": {"uv": [3, 0, 6, 3.75], "rotation": 270, "texture": "#2"},
				"down": {"uv": [3, 0, 6, 3.75], "rotation": 90, "texture": "#2"}
			}
		},
		{
			"from": [1.12308, 18.06608, -9.8028],
			"to": [1.77308, 18.66608, -8.7528],
			"rotation": {"angle": 0, "axis": "x", "origin": [2.27975, 17.95031, -5.19876]},
			"faces": {
				"north": {"uv": [3, 0, 6, 3.75], "rotation": 90, "texture": "#2"},
				"east": {"uv": [8.5, 0.75, 11.5, 13.75], "rotation": 270, "texture": "#2"},
				"south": {"uv": [3, 0, 6, 3.75], "rotation": 90, "texture": "#2"},
				"west": {"uv": [13, 3, 16, 16], "rotation": 90, "texture": "#2"},
				"up": {"uv": [3.75, 0, 7.5, 13], "rotation": 180, "texture": "#2"},
				"down": {"uv": [3.75, 0, 7.5, 13], "texture": "#2"}
			}
		},
		{
			"from": [1.17308, 17.98927, -10.05177],
			"to": [1.62308, 18.63927, -9.80177],
			"rotation": {"angle": 0, "axis": "x", "origin": [2.27975, 17.95031, -5.19876]},
			"faces": {
				"north": {"uv": [11.75, 3.75, 12, 4.6], "texture": "#3"},
				"east": {"uv": [8.5, 0.75, 11.5, 13.75], "texture": "#3"},
				"south": {"uv": [3.75, 0, 7.5, 13], "texture": "#3"},
				"west": {"uv": [13, 3, 16, 16], "texture": "#3"},
				"up": {"uv": [3, 0, 6, 3.75], "rotation": 90, "texture": "#3"},
				"down": {"uv": [3, 0, 6, 3.75], "rotation": 270, "texture": "#3"}
			}
		},
		{
			"from": [1.27308, 17.13927, -10.05177],
			"to": [1.52308, 17.98927, -9.85177],
			"rotation": {"angle": 0, "axis": "x", "origin": [2.27975, 17.95031, -5.19876]},
			"faces": {
				"north": {"uv": [11.75, 3.75, 12, 4.6], "texture": "#3"},
				"east": {"uv": [8.5, 0.75, 11.5, 13.75], "texture": "#3"},
				"south": {"uv": [3.75, 0, 7.5, 13], "texture": "#3"},
				"west": {"uv": [13, 3, 16, 16], "texture": "#3"},
				"up": {"uv": [3, 0, 6, 3.75], "rotation": 90, "texture": "#3"},
				"down": {"uv": [3, 0, 6, 3.75], "rotation": 270, "texture": "#3"}
			}
		},
		{
			"from": [3.59987, 17.11147, -7.61742],
			"to": [3.94987, 17.66147, -6.61742],
			"rotation": {"angle": -22.5, "axis": "x", "origin": [2.27975, 17.95031, -5.19876]},
			"faces": {
				"north": {"uv": [3, 0, 6, 3.75], "rotation": 90, "texture": "#2"},
				"east": {"uv": [8.5, 0.75, 11.5, 13.75], "rotation": 270, "texture": "#2"},
				"south": {"uv": [3, 0, 6, 3.75], "rotation": 90, "texture": "#2"},
				"west": {"uv": [13, 3, 16, 16], "rotation": 90, "texture": "#2"},
				"up": {"uv": [3.75, 0, 7.5, 13], "rotation": 180, "texture": "#2"},
				"down": {"uv": [3.75, 0, 7.5, 13], "texture": "#2"}
			}
		},
		{
			"from": [3.87308, 16.53515, -7.90828],
			"to": [4.37308, 17.03515, -7.00828],
			"rotation": {"angle": 0, "axis": "x", "origin": [2.27975, 17.95031, -5.19876]},
			"faces": {
				"north": {"uv": [3.75, 0, 7.5, 13], "texture": "#2"},
				"east": {"uv": [8.5, 0.75, 11.5, 13.75], "texture": "#2"},
				"south": {"uv": [3.75, 0, 7.5, 13], "texture": "#2"},
				"west": {"uv": [13, 3, 16, 16], "texture": "#2"},
				"up": {"uv": [3, 0, 6, 3.75], "rotation": 90, "texture": "#2"},
				"down": {"uv": [3, 0, 6, 3.75], "rotation": 270, "texture": "#2"}
			}
		},
		{
			"from": [3.94564, 18.05682, -8.57205],
			"to": [4.24564, 18.25682, -7.82205],
			"rotation": {"angle": -22.5, "axis": "x", "origin": [2.27975, 17.95031, -5.19876]},
			"faces": {
				"north": {"uv": [3.75, 0, 7.5, 13], "texture": "#3"},
				"east": {"uv": [8.5, 0.75, 11.5, 13.75], "texture": "#3"},
				"south": {"uv": [3.75, 0, 7.5, 13], "texture": "#3"},
				"west": {"uv": [13, 3, 16, 16], "texture": "#3"},
				"up": {"uv": [11.75, 3.75, 12, 4.6], "rotation": 90, "texture": "#3"},
				"down": {"uv": [3, 0, 6, 3.75], "rotation": 270, "texture": "#3"}
			}
		},
		{
			"from": [4.04564, 18.05682, -9.47205],
			"to": [4.19564, 18.25682, -8.57205],
			"rotation": {"angle": -22.5, "axis": "x", "origin": [2.27975, 17.95031, -5.19876]},
			"faces": {
				"north": {"uv": [3.75, 0, 7.5, 13], "texture": "#3"},
				"east": {"uv": [8.5, 0.75, 11.5, 13.75], "texture": "#3"},
				"south": {"uv": [3.75, 0, 7.5, 13], "texture": "#3"},
				"west": {"uv": [13, 3, 16, 16], "texture": "#3"},
				"up": {"uv": [11.75, 3.75, 12, 4.6], "rotation": 90, "texture": "#3"},
				"down": {"uv": [3, 0, 6, 3.75], "rotation": 270, "texture": "#3"}
			}
		},
		{
			"from": [0.32308, 15.25032, -7.59021],
			"to": [0.87308, 15.65032, -7.19021],
			"rotation": {"angle": 45, "axis": "x", "origin": [2.27975, 17.95031, -5.19876]},
			"faces": {
				"north": {"uv": [3, 0, 6, 3.75], "rotation": 90, "texture": "#2"},
				"east": {"uv": [8.5, 0.75, 11.5, 13.75], "rotation": 270, "texture": "#2"},
				"south": {"uv": [3, 0, 6, 3.75], "rotation": 90, "texture": "#2"},
				"west": {"uv": [13, 3, 16, 16], "rotation": 90, "texture": "#2"},
				"up": {"uv": [3.75, 0, 7.5, 13], "rotation": 180, "texture": "#2"},
				"down": {"uv": [3.75, 0, 7.5, 13], "texture": "#2"}
			}
		},
		{
			"from": [0.47308, 14.57099, -7.79618],
			"to": [0.87308, 15.42099, -7.39618],
			"rotation": {"angle": 45, "axis": "x", "origin": [2.27975, 17.95031, -5.19876]},
			"faces": {
				"north": {"uv": [3.75, 0, 7.5, 13], "texture": "#2"},
				"east": {"uv": [8.5, 0.75, 11.5, 13.75], "texture": "#2"},
				"south": {"uv": [3.75, 0, 7.5, 13], "texture": "#2"},
				"west": {"uv": [13, 3, 16, 16], "texture": "#2"},
				"up": {"uv": [3, 0, 6, 3.75], "rotation": 90, "texture": "#2"},
				"down": {"uv": [3, 0, 6, 3.75], "rotation": 270, "texture": "#2"}
			}
		},
		{
			"from": [0.52308, 15.46288, -8.6752],
			"to": [0.82308, 15.81288, -8.5252],
			"rotation": {"angle": 22.5, "axis": "x", "origin": [2.27975, 17.95031, -5.19876]},
			"faces": {
				"north": {"uv": [11.75, 3.75, 12, 4.6], "texture": "#3"},
				"east": {"uv": [8.5, 0.75, 11.5, 13.75], "texture": "#3"},
				"south": {"uv": [3.75, 0, 7.5, 13], "texture": "#3"},
				"west": {"uv": [13, 3, 16, 16], "texture": "#3"},
				"up": {"uv": [3, 0, 6, 3.75], "rotation": 90, "texture": "#3"},
				"down": {"uv": [3, 0, 6, 3.75], "rotation": 270, "texture": "#3"}
			}
		},
		{
			"from": [0.57308, 14.81288, -8.6752],
			"to": [0.77308, 15.46288, -8.5252],
			"rotation": {"angle": 22.5, "axis": "x", "origin": [2.27975, 17.95031, -5.19876]},
			"faces": {
				"north": {"uv": [11.75, 3.75, 12, 4.6], "texture": "#3"},
				"east": {"uv": [8.5, 0.75, 11.5, 13.75], "texture": "#3"},
				"south": {"uv": [3.75, 0, 7.5, 13], "texture": "#3"},
				"west": {"uv": [13, 3, 16, 16], "texture": "#3"},
				"up": {"uv": [3, 0, 6, 3.75], "rotation": 90, "texture": "#3"},
				"down": {"uv": [3, 0, 6, 3.75], "rotation": 270, "texture": "#3"}
			}
		},
		{
			"from": [0.17308, 16.26969, -8.032],
			"to": [0.92308, 16.66969, -5.632],
			"rotation": {"angle": 22.5, "axis": "x", "origin": [2.27975, 17.95031, -5.19876]},
			"faces": {
				"north": {"uv": [3, 0, 6, 3.75], "rotation": 90, "texture": "#2"},
				"east": {"uv": [8.5, 0.75, 11.5, 13.75], "rotation": 270, "texture": "#2"},
				"south": {"uv": [3, 0, 6, 3.75], "rotation": 90, "texture": "#2"},
				"west": {"uv": [13, 3, 16, 16], "rotation": 90, "texture": "#2"},
				"up": {"uv": [3.75, 0, 7.5, 13], "rotation": 180, "texture": "#2"},
				"down": {"uv": [3.75, 0, 7.5, 13], "texture": "#2"}
			}
		},
		{
			"from": [0.92308, 15.96969, -8.532],
			"to": [2.92308, 16.81969, -5.282],
			"rotation": {"angle": 22.5, "axis": "x", "origin": [2.27975, 17.95031, -5.19876]},
			"faces": {
				"north": {"uv": [3, 0, 6, 3.75], "rotation": 90, "texture": "#2"},
				"east": {"uv": [8.5, 0.75, 11.5, 13.75], "rotation": 270, "texture": "#2"},
				"south": {"uv": [3, 0, 6, 3.75], "rotation": 90, "texture": "#2"},
				"west": {"uv": [13, 3, 16, 16], "rotation": 90, "texture": "#2"},
				"up": {"uv": [3.75, 0, 7.5, 13], "rotation": 180, "texture": "#2"},
				"down": {"uv": [3.75, 0, 7.5, 13], "texture": "#2"}
			}
		},
		{
			"from": [1.42308, 15.91979, -6.72936],
			"to": [2.92308, 17.41979, -4.72936],
			"rotation": {"angle": -22.5, "axis": "x", "origin": [2.27975, 17.95031, -5.19876]},
			"faces": {
				"north": {"uv": [3, 0, 6, 3.75], "rotation": 90, "texture": "#2"},
				"east": {"uv": [8.5, 0.75, 11.5, 13.75], "rotation": 270, "texture": "#2"},
				"south": {"uv": [3, 0, 6, 3.75], "rotation": 90, "texture": "#2"},
				"west": {"uv": [13, 3, 16, 16], "rotation": 90, "texture": "#2"},
				"up": {"uv": [3.75, 0, 7.5, 13], "rotation": 180, "texture": "#2"},
				"down": {"uv": [3.75, 0, 7.5, 13], "texture": "#2"}
			}
		},
		{
			"from": [2.92308, 15.96969, -7.532],
			"to": [3.62308, 16.76969, -5.282],
			"rotation": {"angle": 22.5, "axis": "x", "origin": [2.27975, 17.95031, -5.19876]},
			"faces": {
				"north": {"uv": [3, 0, 6, 3.75], "rotation": 90, "texture": "#2"},
				"east": {"uv": [8.5, 0.75, 11.5, 13.75], "rotation": 270, "texture": "#2"},
				"south": {"uv": [3, 0, 6, 3.75], "rotation": 90, "texture": "#2"},
				"west": {"uv": [13, 3, 16, 16], "rotation": 90, "texture": "#2"},
				"up": {"uv": [3.75, 0, 7.5, 13], "rotation": 180, "texture": "#2"},
				"down": {"uv": [3.75, 0, 7.5, 13], "texture": "#2"}
			}
		},
		{
			"from": [-0.57692, 14.41979, -5.97936],
			"to": [0.42308, 17.66979, 4.02064],
			"rotation": {"angle": -22.5, "axis": "x", "origin": [2.27975, 17.95031, -5.19876]},
			"faces": {
				"north": {"uv": [3.25, 0, 6.5, 1], "rotation": 90, "texture": "#0"},
				"east": {"uv": [3.25, 0, 6.5, 10], "rotation": 270, "texture": "#0"},
				"south": {"uv": [3.25, 0, 6.5, 1], "rotation": 90, "texture": "#0"},
				"west": {"uv": [11.5, 1.75, 14.75, 11.75], "rotation": 90, "texture": "#0"},
				"up": {"uv": [1, 0, 2, 10], "rotation": 180, "texture": "#0"},
				"down": {"uv": [1, 0, 2, 10], "texture": "#0"}
			}
		},
		{
			"from": [-0.07692, 14.41979, 4.02064],
			"to": [0.42308, 16.91979, 6.52064],
			"rotation": {"angle": -22.5, "axis": "x", "origin": [2.27975, 17.95031, -5.19876]},
			"faces": {
				"north": {"uv": [2.5, 0, 5, 0.5], "rotation": 90, "texture": "#0"},
				"east": {"uv": [2.5, 0, 5, 2.5], "rotation": 270, "texture": "#0"},
				"south": {"uv": [2.5, 0, 5, 0.5], "rotation": 90, "texture": "#0"},
				"west": {"uv": [2.5, 0, 5, 2.5], "rotation": 90, "texture": "#0"},
				"up": {"uv": [0.5, 0, 1, 2.5], "rotation": 180, "texture": "#0"},
				"down": {"uv": [0.5, 0, 1, 2.5], "texture": "#0"}
			}
		},
		{
			"from": [4.17308, 13.91979, -4.47936],
			"to": [5.42308, 15.16979, 2.02064],
			"rotation": {"angle": -22.5, "axis": "x", "origin": [2.27975, 17.95031, -5.19876]},
			"faces": {
				"north": {"uv": [1.25, 0, 2.5, 1.25], "rotation": 90, "texture": "#0"},
				"east": {"uv": [9.25, 2.75, 10.5, 9.25], "rotation": 270, "texture": "#0"},
				"south": {"uv": [1.25, 0, 2.5, 1.25], "rotation": 90, "texture": "#0"},
				"west": {"uv": [1.25, 0, 2.5, 6.5], "rotation": 90, "texture": "#0"},
				"up": {"uv": [1.25, 0, 2.5, 6.5], "rotation": 180, "texture": "#0"},
				"down": {"uv": [1.25, 0, 2.5, 6.5], "texture": "#0"}
			}
		},
		{
			"from": [2.17308, 13.66979, -4.97936],
			"to": [4.17308, 14.41979, 2.77064],
			"rotation": {"angle": -22.5, "axis": "x", "origin": [2.27975, 17.95031, -5.19876]},
			"faces": {
				"north": {"uv": [0.75, 0, 1.5, 2], "rotation": 90, "texture": "#0"},
				"east": {"uv": [0.75, 0, 1.5, 7.75], "rotation": 270, "texture": "#0"},
				"south": {"uv": [0.75, 0, 1.5, 2], "rotation": 90, "texture": "#0"},
				"west": {"uv": [0.75, 0, 1.5, 7.75], "rotation": 90, "texture": "#0"},
				"up": {"uv": [2, 0, 4, 7.75], "rotation": 180, "texture": "#0"},
				"down": {"uv": [2, 0, 4, 7.75], "texture": "#0"}
			}
		},
		{
			"from": [-0.57692, 13.66979, -5.47936],
			"to": [2.17308, 14.41979, 1.77064],
			"rotation": {"angle": -22.5, "axis": "x", "origin": [2.27975, 17.95031, -5.19876]},
			"faces": {
				"north": {"uv": [0.75, 0, 1.5, 2.75], "rotation": 90, "texture": "#0"},
				"east": {"uv": [0.75, 0, 1.5, 7.25], "rotation": 270, "texture": "#0"},
				"south": {"uv": [0.75, 0, 1.5, 2.75], "rotation": 90, "texture": "#0"},
				"west": {"uv": [0.75, 0, 1.5, 7.25], "rotation": 90, "texture": "#0"},
				"up": {"uv": [2.75, 0, 5.5, 7.25], "rotation": 180, "texture": "#0"},
				"down": {"uv": [2.75, 0, 5.5, 7.25], "texture": "#0"}
			}
		},
		{
			"from": [4.17308, 15.16979, -4.97936],
			"to": [5.42308, 17.41979, 1.52064],
			"rotation": {"angle": -22.5, "axis": "x", "origin": [2.27975, 17.95031, -5.19876]},
			"faces": {
				"north": {"uv": [2.25, 0, 4.5, 1.25], "rotation": 90, "texture": "#0"},
				"east": {"uv": [2.25, 0, 4.5, 6.5], "rotation": 270, "texture": "#0"},
				"south": {"uv": [2.25, 0, 4.5, 1.25], "rotation": 90, "texture": "#0"},
				"west": {"uv": [2.25, 0, 4.5, 6.5], "rotation": 90, "texture": "#0"},
				"up": {"uv": [1.25, 0, 2.5, 6.5], "rotation": 180, "texture": "#0"},
				"down": {"uv": [1.25, 0, 2.5, 6.5], "texture": "#0"}
			}
		},
		{
			"from": [4.17308, 15.16979, 1.52064],
			"to": [4.92308, 16.91979, 3.27064],
			"rotation": {"angle": -22.5, "axis": "x", "origin": [2.27975, 17.95031, -5.19876]},
			"faces": {
				"north": {"uv": [1.75, 0, 3.5, 0.75], "rotation": 90, "texture": "#0"},
				"east": {"uv": [1.75, 0, 3.5, 1.75], "rotation": 270, "texture": "#0"},
				"south": {"uv": [1.75, 0, 3.5, 0.75], "rotation": 90, "texture": "#0"},
				"west": {"uv": [1.75, 0, 3.5, 1.75], "rotation": 90, "texture": "#0"},
				"up": {"uv": [0.75, 0, 1.5, 1.75], "rotation": 180, "texture": "#0"},
				"down": {"uv": [0.75, 0, 1.5, 1.75], "texture": "#0"}
			}
		},
		{
			"from": [0.92308, 17.41979, 3.77064],
			"to": [2.92308, 17.91979, 7.27064],
			"rotation": {"angle": -22.5, "axis": "x", "origin": [2.27975, 17.95031, -5.19876]},
			"faces": {
				"north": {"uv": [0.5, 0, 1, 2], "rotation": 90, "texture": "#0"},
				"east": {"uv": [0.5, 0, 1, 3.5], "rotation": 270, "texture": "#0"},
				"south": {"uv": [0.5, 0, 1, 2], "rotation": 90, "texture": "#0"},
				"west": {"uv": [0.5, 0, 1, 3.5], "rotation": 90, "texture": "#0"},
				"up": {"uv": [2, 0, 4, 3.5], "rotation": 180, "texture": "#0"},
				"down": {"uv": [2, 0, 4, 3.5], "texture": "#0"}
			}
		},
		{
			"from": [0.67308, 17.41979, -4.97936],
			"to": [3.42308, 18.41979, 3.77064],
			"rotation": {"angle": -22.5, "axis": "x", "origin": [2.27975, 17.95031, -5.19876]},
			"faces": {
				"north": {"uv": [1, 0, 2, 2.75], "rotation": 90, "texture": "#0"},
				"east": {"uv": [1, 0, 2, 8.75], "rotation": 270, "texture": "#0"},
				"south": {"uv": [1, 0, 2, 2.75], "rotation": 90, "texture": "#0"},
				"west": {"uv": [1, 0, 2, 8.75], "rotation": 90, "texture": "#0"},
				"up": {"uv": [3, 0, 5.75, 8.75], "rotation": 180, "texture": "#0"},
				"down": {"uv": [3, 0, 5.75, 8.75], "texture": "#0"}
			}
		},
		{
			"from": [0.17308, 17.41979, -5.47936],
			"to": [0.67308, 18.41979, 2.77064],
			"rotation": {"angle": -22.5, "axis": "x", "origin": [2.27975, 17.95031, -5.19876]},
			"faces": {
				"north": {"uv": [1, 0, 2, 0.5], "rotation": 90, "texture": "#0"},
				"east": {"uv": [1, 0, 2, 8.25], "rotation": 270, "texture": "#0"},
				"south": {"uv": [1, 0, 2, 0.5], "rotation": 90, "texture": "#0"},
				"west": {"uv": [1, 0, 2, 8.25], "rotation": 90, "texture": "#0"},
				"up": {"uv": [0.5, 0, 1, 8.25], "rotation": 180, "texture": "#0"},
				"down": {"uv": [0.5, 0, 1, 8.25], "texture": "#0"}
			}
		},
		{
			"from": [3.42308, 17.41979, -4.97936],
			"to": [4.67308, 18.41979, 0.77064],
			"rotation": {"angle": -22.5, "axis": "x", "origin": [2.27975, 17.95031, -5.19876]},
			"faces": {
				"north": {"uv": [1, 0, 2, 1.25], "rotation": 90, "texture": "#0"},
				"east": {"uv": [1, 0, 2, 5.75], "rotation": 270, "texture": "#0"},
				"south": {"uv": [1, 0, 2, 1.25], "rotation": 90, "texture": "#0"},
				"west": {"uv": [1, 0, 2, 5.75], "rotation": 90, "texture": "#0"},
				"up": {"uv": [1.25, 0, 2.5, 5.75], "rotation": 180, "texture": "#0"},
				"down": {"uv": [1.25, 0, 2.5, 5.75], "texture": "#0"}
			}
		},
		{
			"from": [0.92308, 12.66979, 3.52064],
			"to": [3.92308, 15.66979, 11.27064],
			"rotation": {"angle": -22.5, "axis": "x", "origin": [2.27975, 17.95031, -5.19876]},
			"faces": {
				"north": {"uv": [2.5, 0, 5.5, 3], "rotation": 90, "texture": "#0"},
				"east": {"uv": [2.5, 0, 5.5, 7.75], "rotation": 270, "texture": "#0"},
				"south": {"uv": [2.5, 0, 5.5, 3], "rotation": 90, "texture": "#0"},
				"west": {"uv": [12.25, 5.75, 15.25, 13.5], "rotation": 90, "texture": "#0"},
				"up": {"uv": [3, 0, 6, 7.75], "rotation": 180, "texture": "#0"},
				"down": {"uv": [3, 0, 6, 7.75], "texture": "#0"}
			}
		},
		{
			"from": [5.25, 8.75, 3.8],
			"to": [11, 11.5, 5.25],
			"faces": {
				"north": {"uv": [0, 0, 5.75, 2.75], "texture": "#0"},
				"east": {"uv": [0, 0, 1.45, 2.75], "texture": "#0"},
				"south": {"uv": [0, 0, 5.75, 2.75], "texture": "#0"},
				"west": {"uv": [0, 0, 1.45, 2.75], "texture": "#0"},
				"up": {"uv": [0, 0, 5.75, 1.45], "texture": "#0"},
				"down": {"uv": [0, 0, 5.75, 1.45], "texture": "#0"}
			}
		},
		{
			"from": [2.5, 9.25, 6.75],
			"to": [3.25, 12.75, 9.5],
			"rotation": {"angle": 0, "axis": "y", "origin": [8, 14.5, 8]},
			"faces": {
				"north": {"uv": [0, 0, 0.75, 3.5], "texture": "#0"},
				"east": {"uv": [0, 0, 2.75, 3.5], "texture": "#0"},
				"south": {"uv": [0, 0, 0.75, 3.5], "texture": "#0"},
				"west": {"uv": [0, 0, 2.75, 3.5], "texture": "#0"},
				"up": {"uv": [0, 0, 0.75, 2.75], "texture": "#0"},
				"down": {"uv": [0, 0, 0.75, 2.75], "texture": "#0"}
			}
		},
		{
			"from": [13.5, 0, 6.25],
			"to": [14.5, 9, 10],
			"rotation": {"angle": 0, "axis": "y", "origin": [11.25, 8, 8]},
			"faces": {
				"north": {"uv": [0, 0, 1, 9], "texture": "#0"},
				"east": {"uv": [0, 0, 3.75, 9], "texture": "#0"},
				"south": {"uv": [0, 0, 1, 9], "texture": "#0"},
				"west": {"uv": [0, 0, 3.75, 9], "texture": "#0"},
				"up": {"uv": [0, 0, 1, 3.75], "texture": "#0"},
				"down": {"uv": [0, 0, 1, 3.75], "texture": "#0"}
			}
		},
		{
			"from": [13.5, 9, 7],
			"to": [14.25, 12.75, 9.25],
			"rotation": {"angle": 0, "axis": "y", "origin": [11.25, 8, 8]},
			"faces": {
				"north": {"uv": [0, 0, 0.75, 3.75], "texture": "#0"},
				"east": {"uv": [0, 0, 2.25, 3.75], "texture": "#0"},
				"south": {"uv": [0, 0, 0.75, 3.75], "texture": "#0"},
				"west": {"uv": [0, 0, 2.25, 3.75], "texture": "#0"},
				"up": {"uv": [0, 0, 0.75, 2.25], "texture": "#0"},
				"down": {"uv": [0, 0, 0.75, 2.25], "texture": "#0"}
			}
		},
		{
			"from": [2, 0, 6.25],
			"to": [12, 9.25, 10],
			"faces": {
				"north": {"uv": [0, 0, 10, 9.25], "texture": "#0"},
				"east": {"uv": [0, 0, 3.75, 9.25], "texture": "#0"},
				"south": {"uv": [0, 0, 10, 9.25], "texture": "#0"},
				"west": {"uv": [7, 0.25, 10.75, 9.5], "texture": "#0"},
				"up": {"uv": [0, 0, 10, 3.75], "texture": "#0"},
				"down": {"uv": [0, 0, 10, 3.75], "texture": "#0"}
			}
		},
		{
			"from": [4.5, 0, 3.5],
			"to": [12, 8.5, 5.25],
			"faces": {
				"north": {"uv": [8.5, 2.5, 16, 11], "texture": "#0"},
				"east": {"uv": [0, 0, 1.75, 8.5], "texture": "#0"},
				"south": {"uv": [0, 0, 7.5, 8.5], "texture": "#0"},
				"west": {"uv": [0, 0, 1.75, 8.5], "texture": "#0"},
				"up": {"uv": [0, 0, 7.5, 1.75], "texture": "#0"},
				"down": {"uv": [0, 0, 7.5, 1.75], "texture": "#0"}
			}
		},
		{
			"from": [4.25, 13.75, 5],
			"to": [12, 24, 11.75],
			"faces": {
				"north": {"uv": [0, 0, 7.75, 10.25], "texture": "#0"},
				"east": {"uv": [0, 0, 6.75, 10.25], "texture": "#0"},
				"south": {"uv": [8.25, 5.75, 16, 16], "texture": "#0"},
				"west": {"uv": [0, 0, 6.75, 10.25], "texture": "#0"},
				"up": {"uv": [0, 0, 7.75, 6.75], "texture": "#0"},
				"down": {"uv": [0, 0, 7.75, 6.75], "texture": "#0"}
			}
		},
		{
			"from": [4.25, 24, 5],
			"to": [12, 24.75, 11],
			"faces": {
				"north": {"uv": [0, 0, 7.75, 0.75], "texture": "#0"},
				"east": {"uv": [0, 0, 6, 0.75], "texture": "#0"},
				"south": {"uv": [0, 0, 7.75, 0.75], "texture": "#0"},
				"west": {"uv": [0, 0, 6, 0.75], "texture": "#0"},
				"up": {"uv": [0, 0, 7.75, 6], "texture": "#0"},
				"down": {"uv": [0, 0, 7.75, 6], "texture": "#0"}
			}
		},
		{
			"from": [6.5, 8.25, 11.75],
			"to": [11.25, 12, 12.25],
			"faces": {
				"north": {"uv": [0, 0, 4.75, 3.75], "texture": "#0"},
				"east": {"uv": [0, 0, 0.5, 3.75], "texture": "#0"},
				"south": {"uv": [11.25, 9.25, 16, 13], "texture": "#0"},
				"west": {"uv": [0, 0, 0.5, 3.75], "texture": "#0"},
				"up": {"uv": [0, 0, 4.75, 0.5], "texture": "#0"},
				"down": {"uv": [0, 0, 4.75, 0.5], "texture": "#0"}
			}
		},
		{
			"from": [5.5, 0, 11.75],
			"to": [11.25, 8.25, 12.75],
			"faces": {
				"north": {"uv": [0, 0, 5.75, 8.25], "texture": "#0"},
				"east": {"uv": [0, 0, 1, 8.25], "texture": "#0"},
				"south": {"uv": [0, 0, 5.75, 8.25], "texture": "#0"},
				"west": {"uv": [0, 0, 1, 8.25], "texture": "#0"},
				"up": {"uv": [0, 0, 5.75, 1], "texture": "#0"},
				"down": {"uv": [0, 0, 5.75, 1], "texture": "#0"}
			}
		},
		{
			"from": [3.25, 0, 5],
			"to": [13.5, 13.75, 11.75],
			"faces": {
				"north": {"uv": [0, 0, 10.25, 13.75], "texture": "#0"},
				"east": {"uv": [0, 0, 6.75, 13.75], "texture": "#0"},
				"south": {"uv": [0, 0, 10.25, 13.75], "texture": "#0"},
				"west": {"uv": [0, 0, 6.75, 13.75], "texture": "#0"},
				"up": {"uv": [0, 0, 10.25, 6.75], "texture": "#0"},
				"down": {"uv": [0, 0, 10.25, 6.75], "texture": "#0"}
			}
		},
		{
			"from": [3.5, 13.75, 5.5],
			"to": [5, 19.75, 11],
			"rotation": {"angle": 0, "axis": "y", "origin": [-0.5, 8, 8]},
			"faces": {
				"north": {"uv": [0, 0, 1.5, 6], "texture": "#0"},
				"east": {"uv": [0, 0, 5.5, 6], "texture": "#0"},
				"south": {"uv": [0, 0, 1.5, 6], "texture": "#0"},
				"west": {"uv": [0, 0, 5.5, 6], "texture": "#0"},
				"up": {"uv": [0, 0, 1.5, 5.5], "texture": "#0"},
				"down": {"uv": [0, 0, 1.5, 5.5], "texture": "#0"}
			}
		},
		{
			"from": [5.75, 13.75, 4.5],
			"to": [10.75, 21.25, 5],
			"faces": {
				"north": {"uv": [0, 0, 5, 7.5], "texture": "#0"},
				"east": {"uv": [0, 0, 0.5, 7.5], "texture": "#0"},
				"south": {"uv": [0, 0, 5, 7.5], "texture": "#0"},
				"west": {"uv": [0, 0, 0.5, 7.5], "texture": "#0"},
				"up": {"uv": [0, 0, 5, 0.5], "texture": "#0"},
				"down": {"uv": [0, 0, 5, 0.5], "texture": "#0"}
			}
		},
		{
			"from": [12, 13.75, 5.5],
			"to": [13, 20.75, 11],
			"faces": {
				"north": {"uv": [0, 0, 1, 7], "texture": "#0"},
				"east": {"uv": [0, 0, 5.5, 7], "texture": "#0"},
				"south": {"uv": [0, 0, 1, 7], "texture": "#0"},
				"west": {"uv": [0, 0, 5.5, 7], "texture": "#0"},
				"up": {"uv": [0, 0, 1, 5.5], "texture": "#0"},
				"down": {"uv": [0, 0, 1, 5.5], "texture": "#0"}
			}
		}
	],
	"display": {
		"thirdperson_righthand": {
			"scale": [0, 0, 0]
		},
		"thirdperson_lefthand": {
			"scale": [0, 0, 0]
		},
		"firstperson_righthand": {
			"rotation": [0, -180, 0],
			"translation": [-12, 9.25, -9.75]
		},
		"firstperson_lefthand": {
			"rotation": [0, -180, 0],
			"translation": [-12, 9.25, -9.75]
		},
		"gui": {
			"rotation": [0, 120, 0],
			"scale": [0, 0, 0]
		},
		"head": {
			"translation": [0, -31.25, 0],
			"scale": [1.3, 1.7, 1.3]
		},
		"fixed": {
			"translation": [0, -0.75, 0],
			"scale": [1, 1.4, 1]
		}
	},
	"groups": [0,
		{
			"name": "group",
			"origin": [8, 24.375, 6.75],
			"children": [1, 2, 3, 4, 5, 6, 7, 8, 9, 10, 11, 12, 13, 14, 15, 16, 17, 18, 19, 20, 21, 22, 23, 24, 25, 26, 27, 28, 29, 30, 31, 32, 33]
		},
		{
			"name": "group",
			"origin": [8, 8, 8],
			"children": [34, 35, 36, 37, 38, 39, 40, 41, 42, 43, 44, 45, 46]
		},
		{
			"name": "group",
			"origin": [8, 8, 8],
			"children": [47,
				{
					"name": "group",
					"origin": [0.90385, 15.93269, 0.76923],
					"children": []
				},
				{
					"name": "group",
					"origin": [0.90385, 15.93269, 0.76923],
					"children": [
						{
							"name": "group",
							"origin": [1.49808, 8.62156, -8.52724],
							"children": [48, 49, 50, 51,
								{
									"name": "group",
									"origin": [1.49808, 7.37156, -8.36474],
									"children": [52, 53, 54, 55,
										{
											"name": "group",
											"origin": [-0.08526, 8.42989, -8.66891],
											"children": [56, 57, 58, 59]
										}
									]
								}
							]
						},
						{
							"name": "group",
							"origin": [2.17308, 9.81757, -6.57161],
							"children": [60, 61, 62, 63]
						}, 64, 65, 66, 67, 68, 69, 70, 71]
				},
				{
					"name": "group",
					"origin": [2.17308, 10.46757, -6.22161],
					"children": []
				}, 72, 73, 74, 75, 76, 77, 78, 79, 80, 81, 82, 83]
		},
		{
			"name": "group",
			"origin": [8, 8, 8],
			"children": [84, 85, 86, 87, 88, 89, 90, 91, 92, 93, 94, 95, 96, 97]
		},
		{
			"name": "group",
			"origin": [8, 24.375, 6.75],
			"children": []
		}
	]
}