{
	"credit": "Made by MILENARY",
	"textures": {
		"0": "block/g_cloth_2",
		"1": "block/g_hair",
		"2": "block/g_skin",
		"3": "block/g_nail",
		"4": "block/g_eyes_1",
		"particle": "block/g_cloth_2"
	},
	"elements": [
		{
			"from": [6.25, 21.25, 4.75],
			"to": [9.75, 28.95, 8.75],
			"rotation": {"angle": -45, "axis": "x", "origin": [8, 24.375, 6.75]},
			"faces": {
				"north": {"uv": [0, 0, 3.5, 7.7], "texture": "#2"},
				"east": {"uv": [0, 0, 4, 7.7], "texture": "#2"},
				"south": {"uv": [0, 0, 3.5, 7.7], "texture": "#2"},
				"west": {"uv": [0, 0, 4, 7.7], "texture": "#2"},
				"up": {"uv": [0, 0, 3.5, 4], "texture": "#2"},
				"down": {"uv": [0, 0, 3.5, 4], "texture": "#2"}
			}
		},
		{
			"from": [5.8, 12.35, -2.35],
			"to": [6.55, 29.35, -1.35],
			"rotation": {"angle": 0, "axis": "x", "origin": [9.43947, 21.58322, 0.77171]},
			"faces": {
				"north": {"uv": [0, 0, 0.75, 16], "texture": "#1"},
				"east": {"uv": [0, 0, 1, 16], "texture": "#1"},
				"south": {"uv": [0, 0, 0.75, 16], "texture": "#1"},
				"west": {"uv": [0, 0, 1, 16], "texture": "#1"},
				"up": {"uv": [0, 0, 0.75, 1], "texture": "#1"},
				"down": {"uv": [0, 0, 0.75, 1], "texture": "#1"}
			}
		},
		{
			"from": [4.75, 8.35, -1.1],
			"to": [5.5, 29.85, -0.1],
			"rotation": {"angle": 0, "axis": "x", "origin": [9.43947, 21.58322, 0.77171]},
			"faces": {
				"north": {"uv": [0, 0, 0.75, 16], "texture": "#1"},
				"east": {"uv": [0, 0, 1, 16], "texture": "#1"},
				"south": {"uv": [0, 0, 0.75, 16], "texture": "#1"},
				"west": {"uv": [0, 0, 1, 16], "texture": "#1"},
				"up": {"uv": [0, 0, 0.75, 1], "texture": "#1"},
				"down": {"uv": [0, 0, 0.75, 1], "texture": "#1"}
			}
		},
		{
			"from": [4.75, 13.1, -0.1],
			"to": [5.5, 28.35, 0.65],
			"rotation": {"angle": 0, "axis": "x", "origin": [9.43947, 21.58322, 0.77171]},
			"faces": {
				"north": {"uv": [0, 0, 0.75, 15.25], "texture": "#1"},
				"east": {"uv": [0, 0, 0.75, 15.25], "texture": "#1"},
				"south": {"uv": [0, 0, 0.75, 15.25], "texture": "#1"},
				"west": {"uv": [0, 0, 0.75, 15.25], "texture": "#1"},
				"up": {"uv": [0, 0, 0.75, 0.75], "texture": "#1"},
				"down": {"uv": [0, 0, 0.75, 0.75], "texture": "#1"}
			}
		},
		{
			"from": [4.75, 10.35, 0.65],
			"to": [5.5, 28.35, 1.15],
			"rotation": {"angle": 0, "axis": "x", "origin": [9.43947, 21.58322, 0.77171]},
			"faces": {
				"north": {"uv": [0, 0, 0.75, 16], "texture": "#1"},
				"east": {"uv": [0, 0, 0.5, 16], "texture": "#1"},
				"south": {"uv": [0, 0, 0.75, 16], "texture": "#1"},
				"west": {"uv": [0, 0, 0.5, 16], "texture": "#1"},
				"up": {"uv": [0, 0, 0.75, 0.5], "texture": "#1"},
				"down": {"uv": [0, 0, 0.75, 0.5], "texture": "#1"}
			}
		},
		{
			"from": [4.75, 6.85, 1.15],
			"to": [5.5, 29.85, 1.9],
			"rotation": {"angle": 0, "axis": "x", "origin": [9.43947, 21.58322, 0.77171]},
			"faces": {
				"north": {"uv": [0, 0, 0.75, 16], "texture": "#1"},
				"east": {"uv": [0, 0, 0.75, 16], "texture": "#1"},
				"south": {"uv": [0, 0, 0.75, 16], "texture": "#1"},
				"west": {"uv": [0, 0, 0.75, 16], "texture": "#1"},
				"up": {"uv": [0, 0, 0.75, 0.75], "texture": "#1"},
				"down": {"uv": [0, 0, 0.75, 0.75], "texture": "#1"}
			}
		},
		{
			"from": [4.75, 8.6, 1.9],
			"to": [5.5, 30.85, 2.65],
			"rotation": {"angle": 0, "axis": "x", "origin": [9.43947, 21.58322, 0.77171]},
			"faces": {
				"north": {"uv": [0, 0, 0.75, 16], "texture": "#1"},
				"east": {"uv": [0, 0, 0.75, 16], "texture": "#1"},
				"south": {"uv": [0, 0, 0.75, 16], "texture": "#1"},
				"west": {"uv": [0, 0, 0.75, 16], "texture": "#1"},
				"up": {"uv": [0, 0, 0.75, 0.75], "texture": "#1"},
				"down": {"uv": [0, 0, 0.75, 0.75], "texture": "#1"}
			}
		},
		{
			"from": [4.75, 5.85, 2.65],
			"to": [5.5, 29.85, 3.4],
			"rotation": {"angle": 0, "axis": "x", "origin": [9.43947, 21.58322, 0.77171]},
			"faces": {
				"north": {"uv": [0, 0, 0.75, 16], "texture": "#1"},
				"east": {"uv": [0, 0, 0.75, 16], "texture": "#1"},
				"south": {"uv": [0, 0, 0.75, 16], "texture": "#1"},
				"west": {"uv": [0, 0, 0.75, 16], "texture": "#1"},
				"up": {"uv": [0, 0, 0.75, 0.75], "texture": "#1"},
				"down": {"uv": [0, 0, 0.75, 0.75], "texture": "#1"}
			}
		},
		{
			"from": [4.75, 11.6, 3.4],
			"to": [5.5, 30.6, 4.15],
			"rotation": {"angle": 0, "axis": "x", "origin": [9.43947, 21.58322, 0.77171]},
			"faces": {
				"north": {"uv": [0, 0, 0.75, 16], "texture": "#1"},
				"east": {"uv": [0, 0, 0.75, 16], "texture": "#1"},
				"south": {"uv": [0, 0, 0.75, 16], "texture": "#1"},
				"west": {"uv": [0, 0, 0.75, 16], "texture": "#1"},
				"up": {"uv": [0, 0, 0.75, 0.75], "texture": "#1"},
				"down": {"uv": [0, 0, 0.75, 0.75], "texture": "#1"}
			}
		},
		{
			"from": [4.75, 7.6, 4.15],
			"to": [5.5, 30.6, 4.65],
			"rotation": {"angle": 0, "axis": "x", "origin": [9.43947, 21.58322, 0.77171]},
			"faces": {
				"north": {"uv": [0, 0, 0.75, 16], "texture": "#1"},
				"east": {"uv": [0, 0, 0.5, 16], "texture": "#1"},
				"south": {"uv": [0, 0, 0.75, 16], "texture": "#1"},
				"west": {"uv": [0, 0, 0.5, 16], "texture": "#1"},
				"up": {"uv": [0, 0, 0.75, 0.5], "texture": "#1"},
				"down": {"uv": [0, 0, 0.75, 0.5], "texture": "#1"}
			}
		},
		{
			"from": [4.75, 10.1, 4.65],
			"to": [5.5, 30.6, 5.15],
			"rotation": {"angle": 0, "axis": "x", "origin": [9.43947, 21.58322, 0.77171]},
			"faces": {
				"north": {"uv": [0, 0, 0.75, 16], "texture": "#1"},
				"east": {"uv": [0, 0, 0.5, 16], "texture": "#1"},
				"south": {"uv": [0, 0, 0.75, 16], "texture": "#1"},
				"west": {"uv": [0, 0, 0.5, 16], "texture": "#1"},
				"up": {"uv": [0, 0, 0.75, 0.5], "texture": "#1"},
				"down": {"uv": [0, 0, 0.75, 0.5], "texture": "#1"}
			}
		},
		{
			"from": [5.25, 10.1, 5.15],
			"to": [6, 30.6, 5.65],
			"rotation": {"angle": 0, "axis": "x", "origin": [9.43947, 21.58322, 0.77171]},
			"faces": {
				"north": {"uv": [0, 0, 0.75, 16], "texture": "#1"},
				"east": {"uv": [0, 0, 0.5, 16], "texture": "#1"},
				"south": {"uv": [0, 0, 0.75, 16], "texture": "#1"},
				"west": {"uv": [0, 0, 0.5, 16], "texture": "#1"},
				"up": {"uv": [0, 0, 0.75, 0.5], "texture": "#1"},
				"down": {"uv": [0, 0, 0.75, 0.5], "texture": "#1"}
			}
		},
		{
			"from": [5.25, 12.6, -2.1],
			"to": [6, 28.1, -1.1],
			"rotation": {"angle": 0, "axis": "x", "origin": [9.43947, 21.58322, 0.77171]},
			"faces": {
				"north": {"uv": [0, 0, 0.75, 15.5], "texture": "#1"},
				"east": {"uv": [0, 0, 1, 15.5], "texture": "#1"},
				"south": {"uv": [0, 0, 0.75, 15.5], "texture": "#1"},
				"west": {"uv": [0, 0, 1, 15.5], "texture": "#1"},
				"up": {"uv": [0, 0, 0.75, 1], "texture": "#1"},
				"down": {"uv": [0, 0, 0.75, 1], "texture": "#1"}
			}
		},
		{
			"from": [8.25, 8.6, -3.35],
			"to": [9, 28.85, -2.35],
			"rotation": {"angle": 0, "axis": "x", "origin": [9.43947, 21.58322, 0.77171]},
			"faces": {
				"north": {"uv": [0, 0, 0.75, 16], "texture": "#1"},
				"east": {"uv": [0, 0, 1, 16], "texture": "#1"},
				"south": {"uv": [0, 0, 0.75, 16], "texture": "#1"},
				"west": {"uv": [0, 0, 1, 16], "texture": "#1"},
				"up": {"uv": [0, 0, 0.75, 1], "texture": "#1"},
				"down": {"uv": [0, 0, 0.75, 1], "texture": "#1"}
			}
		},
		{
			"from": [6.5, 26.9, -3.35],
			"to": [7.1, 30.1, -2.35],
			"rotation": {"angle": 0, "axis": "x", "origin": [9.43947, 21.58322, 0.77171]},
			"faces": {
				"north": {"uv": [0, 0, 0.6, 3.2], "texture": "#1"},
				"east": {"uv": [0, 0, 1, 3.2], "texture": "#1"},
				"south": {"uv": [0, 0, 0.6, 3.2], "texture": "#1"},
				"west": {"uv": [0, 0, 1, 3.2], "texture": "#1"},
				"up": {"uv": [0, 0, 0.6, 1], "texture": "#1"},
				"down": {"uv": [0, 0, 0.6, 1], "texture": "#1"}
			}
		},
		{
			"from": [7.5, 28.1, -3.35],
			"to": [8.25, 30.1, -2.35],
			"rotation": {"angle": 0, "axis": "x", "origin": [9.43947, 21.58322, 0.77171]},
			"faces": {
				"north": {"uv": [0, 0, 0.75, 2], "texture": "#1"},
				"east": {"uv": [0, 0, 1, 2], "texture": "#1"},
				"south": {"uv": [0, 0, 0.75, 2], "texture": "#1"},
				"west": {"uv": [0, 0, 1, 2], "texture": "#1"},
				"up": {"uv": [0, 0, 0.75, 1], "texture": "#1"},
				"down": {"uv": [0, 0, 0.75, 1], "texture": "#1"}
			}
		},
		{
			"from": [11, 9.85, -3.1],
			"to": [11.5, 29.35, -2.85],
			"rotation": {"angle": 0, "axis": "x", "origin": [9.43947, 21.58322, 0.77171]},
			"faces": {
				"north": {"uv": [0, 0, 0.5, 16], "texture": "#1"},
				"east": {"uv": [0, 0, 0.25, 16], "texture": "#1"},
				"south": {"uv": [0, 0, 0.5, 16], "texture": "#1"},
				"west": {"uv": [0, 0, 0.25, 16], "texture": "#1"},
				"up": {"uv": [0, 0, 0.5, 0.25], "texture": "#1"},
				"down": {"uv": [0, 0, 0.5, 0.25], "texture": "#1"}
			}
		},
		{
			"from": [12.95, 9.1, -2.1],
			"to": [13.45, 30.1, -1.6],
			"rotation": {"angle": 0, "axis": "x", "origin": [9.43947, 21.58322, 0.77171]},
			"faces": {
				"north": {"uv": [0, 0, 0.5, 16], "texture": "#1"},
				"east": {"uv": [0, 0, 0.5, 16], "texture": "#1"},
				"south": {"uv": [0, 0, 0.5, 16], "texture": "#1"},
				"west": {"uv": [0, 0, 0.5, 16], "texture": "#1"},
				"up": {"uv": [0, 0, 0.5, 0.5], "texture": "#1"},
				"down": {"uv": [0, 0, 0.5, 0.5], "texture": "#1"}
			}
		},
		{
			"from": [12.95, 9.35, -1.6],
			"to": [13.45, 30.6, -0.85],
			"rotation": {"angle": 0, "axis": "x", "origin": [9.43947, 21.58322, 0.77171]},
			"faces": {
				"north": {"uv": [0, 0, 0.5, 16], "texture": "#1"},
				"east": {"uv": [0, 0, 0.75, 16], "texture": "#1"},
				"south": {"uv": [0, 0, 0.5, 16], "texture": "#1"},
				"west": {"uv": [0, 0, 0.75, 16], "texture": "#1"},
				"up": {"uv": [0, 0, 0.5, 0.75], "texture": "#1"},
				"down": {"uv": [0, 0, 0.5, 0.75], "texture": "#1"}
			}
		},
		{
			"from": [12.95, 8.1, -0.85],
			"to": [13.45, 29.6, -0.1],
			"rotation": {"angle": 0, "axis": "x", "origin": [9.43947, 21.58322, 0.77171]},
			"faces": {
				"north": {"uv": [0, 0, 0.5, 16], "texture": "#1"},
				"east": {"uv": [0, 0, 0.75, 16], "texture": "#1"},
				"south": {"uv": [0, 0, 0.5, 16], "texture": "#1"},
				"west": {"uv": [0, 0, 0.75, 16], "texture": "#1"},
				"up": {"uv": [0, 0, 0.5, 0.75], "texture": "#1"},
				"down": {"uv": [0, 0, 0.5, 0.75], "texture": "#1"}
			}
		},
		{
			"from": [12.95, 9.85, -0.1],
			"to": [13.45, 30.85, 0.65],
			"rotation": {"angle": 0, "axis": "x", "origin": [9.43947, 21.58322, 0.77171]},
			"faces": {
				"north": {"uv": [0, 0, 0.5, 16], "texture": "#1"},
				"east": {"uv": [0, 0, 0.75, 16], "texture": "#1"},
				"south": {"uv": [0, 0, 0.5, 16], "texture": "#1"},
				"west": {"uv": [0, 0, 0.75, 16], "texture": "#1"},
				"up": {"uv": [0, 0, 0.5, 0.75], "texture": "#1"},
				"down": {"uv": [0, 0, 0.5, 0.75], "texture": "#1"}
			}
		},
		{
			"from": [12.95, 9.3, 0.65],
			"to": [13.45, 30.8, 0.9],
			"rotation": {"angle": 0, "axis": "x", "origin": [9.43947, 21.58322, 0.77171]},
			"faces": {
				"north": {"uv": [0, 0, 0.5, 16], "texture": "#1"},
				"east": {"uv": [0, 0, 0.25, 16], "texture": "#1"},
				"south": {"uv": [0, 0, 0.5, 16], "texture": "#1"},
				"west": {"uv": [0, 0, 0.25, 16], "texture": "#1"},
				"up": {"uv": [0, 0, 0.5, 0.25], "texture": "#1"},
				"down": {"uv": [0, 0, 0.5, 0.25], "texture": "#1"}
			}
		},
		{
			"from": [12.95, 10.6, 0.9],
			"to": [13.45, 29.1, 1.4],
			"rotation": {"angle": 0, "axis": "x", "origin": [9.43947, 21.58322, 0.77171]},
			"faces": {
				"north": {"uv": [0, 0, 0.5, 16], "texture": "#1"},
				"east": {"uv": [0, 0, 0.5, 16], "texture": "#1"},
				"south": {"uv": [0, 0, 0.5, 16], "texture": "#1"},
				"west": {"uv": [0, 0, 0.5, 16], "texture": "#1"},
				"up": {"uv": [0, 0, 0.5, 0.5], "texture": "#1"},
				"down": {"uv": [0, 0, 0.5, 0.5], "texture": "#1"}
			}
		},
		{
			"from": [12.95, 7.6, 1.4],
			"to": [13.45, 29.85, 2.15],
			"rotation": {"angle": 0, "axis": "x", "origin": [9.43947, 21.58322, 0.77171]},
			"faces": {
				"north": {"uv": [0, 0, 0.5, 16], "texture": "#1"},
				"east": {"uv": [0, 0, 0.75, 16], "texture": "#1"},
				"south": {"uv": [0, 0, 0.5, 16], "texture": "#1"},
				"west": {"uv": [0, 0, 0.75, 16], "texture": "#1"},
				"up": {"uv": [0, 0, 0.5, 0.75], "texture": "#1"},
				"down": {"uv": [0, 0, 0.5, 0.75], "texture": "#1"}
			}
		},
		{
			"from": [12.95, 10.35, 2.15],
			"to": [13.45, 29.1, 2.9],
			"rotation": {"angle": 0, "axis": "x", "origin": [9.43947, 21.58322, 0.77171]},
			"faces": {
				"north": {"uv": [0, 0, 0.5, 16], "texture": "#1"},
				"east": {"uv": [0, 0, 0.75, 16], "texture": "#1"},
				"south": {"uv": [0, 0, 0.5, 16], "texture": "#1"},
				"west": {"uv": [0, 0, 0.75, 16], "texture": "#1"},
				"up": {"uv": [0, 0, 0.5, 0.75], "texture": "#1"},
				"down": {"uv": [0, 0, 0.5, 0.75], "texture": "#1"}
			}
		},
		{
			"from": [12.95, 7.6, 2.9],
			"to": [13.45, 29.1, 3.65],
			"rotation": {"angle": 0, "axis": "x", "origin": [9.43947, 21.58322, 0.77171]},
			"faces": {
				"north": {"uv": [0, 0, 0.5, 16], "texture": "#1"},
				"east": {"uv": [0, 0, 0.75, 16], "texture": "#1"},
				"south": {"uv": [0, 0, 0.5, 16], "texture": "#1"},
				"west": {"uv": [0, 0, 0.75, 16], "texture": "#1"},
				"up": {"uv": [0, 0, 0.5, 0.75], "texture": "#1"},
				"down": {"uv": [0, 0, 0.5, 0.75], "texture": "#1"}
			}
		},
		{
			"from": [12.95, 9.1, 3.65],
			"to": [13.45, 29.85, 4.15],
			"rotation": {"angle": 0, "axis": "x", "origin": [9.43947, 21.58322, 0.77171]},
			"faces": {
				"north": {"uv": [0, 0, 0.5, 16], "texture": "#1"},
				"east": {"uv": [0, 0, 0.5, 16], "texture": "#1"},
				"south": {"uv": [0, 0, 0.5, 16], "texture": "#1"},
				"west": {"uv": [0, 0, 0.5, 16], "texture": "#1"},
				"up": {"uv": [0, 0, 0.5, 0.5], "texture": "#1"},
				"down": {"uv": [0, 0, 0.5, 0.5], "texture": "#1"}
			}
		},
		{
			"from": [12.95, 10.85, 4.15],
			"to": [13.45, 29.85, 4.9],
			"rotation": {"angle": 0, "axis": "x", "origin": [9.43947, 21.58322, 0.77171]},
			"faces": {
				"north": {"uv": [0, 0, 0.5, 16], "texture": "#1"},
				"east": {"uv": [0, 0, 0.75, 16], "texture": "#1"},
				"south": {"uv": [0, 0, 0.5, 16], "texture": "#1"},
				"west": {"uv": [0, 0, 0.75, 16], "texture": "#1"},
				"up": {"uv": [0, 0, 0.5, 0.75], "texture": "#1"},
				"down": {"uv": [0, 0, 0.5, 0.75], "texture": "#1"}
			}
		},
		{
			"from": [12.95, 14.35, 4.9],
			"to": [13.45, 30.6, 5.15],
			"rotation": {"angle": 0, "axis": "x", "origin": [9.43947, 21.58322, 0.77171]},
			"faces": {
				"north": {"uv": [0, 0, 0.5, 16], "texture": "#1"},
				"east": {"uv": [0, 0, 0.25, 16], "texture": "#1"},
				"south": {"uv": [0, 0, 0.5, 16], "texture": "#1"},
				"west": {"uv": [0, 0, 0.25, 16], "texture": "#1"},
				"up": {"uv": [0, 0, 0.5, 0.25], "texture": "#1"},
				"down": {"uv": [0, 0, 0.5, 0.25], "texture": "#1"}
			}
		},
		{
			"from": [12.95, 15.35, 5.2],
			"to": [13.45, 30.6, 5.8],
			"rotation": {"angle": 0, "axis": "x", "origin": [9.43947, 21.58322, 0.77171]},
			"faces": {
				"north": {"uv": [0, 0, 0.5, 15.25], "texture": "#1"},
				"east": {"uv": [0, 0, 0.6, 15.25], "texture": "#1"},
				"south": {"uv": [0, 0, 0.5, 15.25], "texture": "#1"},
				"west": {"uv": [0, 0, 0.6, 15.25], "texture": "#1"},
				"up": {"uv": [0, 0, 0.5, 0.6], "texture": "#1"},
				"down": {"uv": [0, 0, 0.5, 0.6], "texture": "#1"}
			}
		},
		{
			"from": [11.5, 12.85, -3.1],
			"to": [12.25, 31.1, -2.85],
			"rotation": {"angle": 0, "axis": "x", "origin": [9.43947, 21.58322, 0.77171]},
			"faces": {
				"north": {"uv": [0, 0, 0.75, 16], "texture": "#1"},
				"east": {"uv": [0, 0, 0.25, 16], "texture": "#1"},
				"south": {"uv": [0, 0, 0.75, 16], "texture": "#1"},
				"west": {"uv": [0, 0, 0.25, 16], "texture": "#1"},
				"up": {"uv": [0, 0, 0.75, 0.25], "texture": "#1"},
				"down": {"uv": [0, 0, 0.75, 0.25], "texture": "#1"}
			}
		},
		{
			"from": [12.25, 12.85, -2.8],
			"to": [13, 31.1, -2.15],
			"rotation": {"angle": 0, "axis": "x", "origin": [9.43947, 21.58322, 0.77171]},
			"faces": {
				"north": {"uv": [0, 0, 0.75, 16], "texture": "#1"},
				"east": {"uv": [0, 0, 0.65, 16], "texture": "#1"},
				"south": {"uv": [0, 0, 0.75, 16], "texture": "#1"},
				"west": {"uv": [0, 0, 0.65, 16], "texture": "#1"},
				"up": {"uv": [0, 0, 0.75, 0.65], "texture": "#1"},
				"down": {"uv": [0, 0, 0.75, 0.65], "texture": "#1"}
			}
		},
		{
			"from": [9, 10.1, -3.35],
			"to": [10.25, 31.85, -2.35],
			"rotation": {"angle": 0, "axis": "x", "origin": [9.43947, 21.58322, 0.77171]},
			"faces": {
				"north": {"uv": [0, 0, 1.25, 16], "texture": "#1"},
				"east": {"uv": [0, 0, 1, 16], "texture": "#1"},
				"south": {"uv": [0, 0, 1.25, 16], "texture": "#1"},
				"west": {"uv": [0, 0, 1, 16], "texture": "#1"},
				"up": {"uv": [0, 0, 1.25, 1], "texture": "#1"},
				"down": {"uv": [0, 0, 1.25, 1], "texture": "#1"}
			}
		},
		{
			"from": [10.25, 13.6, -3.35],
			"to": [11, 31.85, -2.35],
			"rotation": {"angle": 0, "axis": "x", "origin": [9.43947, 21.58322, 0.77171]},
			"faces": {
				"north": {"uv": [0, 0, 0.75, 16], "texture": "#1"},
				"east": {"uv": [0, 0, 1, 16], "texture": "#1"},
				"south": {"uv": [0, 0, 0.75, 16], "texture": "#1"},
				"west": {"uv": [0, 0, 1, 16], "texture": "#1"},
				"up": {"uv": [0, 0, 0.75, 1], "texture": "#1"},
				"down": {"uv": [0, 0, 0.75, 1], "texture": "#1"}
			}
		},
		{
			"from": [5.25, 27.925, -1.925],
			"to": [13, 32, 5.025],
			"rotation": {"angle": 0, "axis": "x", "origin": [9.43947, 21.58322, 0.77171]},
			"faces": {
				"north": {"uv": [0, 0, 7.75, 4.075], "rotation": 180, "texture": "#1"},
				"east": {"uv": [0, 0, 4.075, 6.95], "rotation": 270, "texture": "#1"},
				"south": {"uv": [0, 0, 7.75, 4.075], "texture": "#1"},
				"west": {"uv": [0, 0, 4.075, 6.95], "rotation": 90, "texture": "#1"},
				"up": {"uv": [0, 0, 7.75, 6.95], "rotation": 180, "texture": "#1"},
				"down": {"uv": [0, 0, 7.75, 6.95], "texture": "#1"}
			}
		},
		{
			"from": [5.5, 22.675, -1.925],
			"to": [12.75, 27.95, 5.025],
			"rotation": {"angle": 0, "axis": "x", "origin": [9.43947, 21.58322, 0.77171]},
			"faces": {
				"north": {"uv": [0, 0, 7.25, 5.275], "rotation": 180, "texture": "#2"},
				"east": {"uv": [0, 0, 5.275, 6.95], "rotation": 270, "texture": "#2"},
				"south": {"uv": [0, 0, 7.25, 5.275], "texture": "#2"},
				"west": {"uv": [0, 0, 5.275, 6.95], "rotation": 90, "texture": "#2"},
				"up": {"uv": [0, 0, 7.25, 6.95], "rotation": 180, "texture": "#2"},
				"down": {"uv": [0, 0, 7.25, 6.95], "texture": "#2"}
			}
		},
		{
			"from": [6.15, 23.925, -1.975],
			"to": [8.9, 27.65, -1.975],
			"rotation": {"angle": 0, "axis": "x", "origin": [9.43947, 21.58322, 0.77171]},
			"faces": {
				"north": {"uv": [3.25, 1.5, 13.75, 16], "texture": "#4"},
				"east": {"uv": [0, 0, 16, 16], "rotation": 180, "texture": "#4"},
				"south": {"uv": [0, 0, 16, 16], "rotation": 180, "texture": "#4"},
				"west": {"uv": [0, 0, 16, 16], "rotation": 180, "texture": "#4"},
				"up": {"uv": [0, 0, 16, 16], "rotation": 180, "texture": "#4"},
				"down": {"uv": [0, 0, 16, 16], "rotation": 180, "texture": "#4"}
			}
		},
		{
			"from": [5.75, 28.175, -2.575],
			"to": [12.45, 31.65, -1.925],
			"rotation": {"angle": 0, "axis": "x", "origin": [9.43947, 21.58322, 0.77171]},
			"faces": {
				"north": {"uv": [0, 0, 6.7, 3.475], "rotation": 180, "texture": "#1"},
				"east": {"uv": [0, 0, 3.475, 0.65], "rotation": 270, "texture": "#1"},
				"south": {"uv": [0, 0, 6.7, 3.475], "texture": "#1"},
				"west": {"uv": [0, 0, 3.475, 0.65], "rotation": 90, "texture": "#1"},
				"up": {"uv": [0, 0, 6.7, 0.65], "rotation": 180, "texture": "#1"},
				"down": {"uv": [0, 0, 6.7, 0.65], "texture": "#1"}
			}
		},
		{
			"from": [6, 23.625, 5.025],
			"to": [12.75, 31.7, 6.025],
			"rotation": {"angle": 0, "axis": "x", "origin": [9.43947, 21.58322, 0.77171]},
			"faces": {
				"north": {"uv": [0, 0, 6.75, 8.075], "rotation": 180, "texture": "#1"},
				"east": {"uv": [0, 0, 8.075, 1], "rotation": 270, "texture": "#1"},
				"south": {"uv": [0, 0, 6.75, 8.075], "texture": "#1"},
				"west": {"uv": [0, 0, 8.075, 1], "rotation": 90, "texture": "#1"},
				"up": {"uv": [0, 0, 6.75, 1], "rotation": 180, "texture": "#1"},
				"down": {"uv": [0, 0, 6.75, 1], "texture": "#1"}
			}
		},
		{
			"from": [-0.75, 11.25, 11.5],
			"to": [2.25, 24.25, 15.25],
			"rotation": {"angle": -45, "axis": "x", "origin": [0.65385, 15.93269, 13.26923]},
			"faces": {
				"north": {"uv": [13.75, 0, 10.75, 13], "texture": "#0"},
				"east": {"uv": [3.75, 0, 0, 13], "texture": "#0"},
				"south": {"uv": [8, 0.75, 5, 13.75], "texture": "#0"},
				"west": {"uv": [3.75, 0, 0, 13], "texture": "#0"},
				"up": {"uv": [3, 0, 0, 3.75], "texture": "#0"},
				"down": {"uv": [3, 0, 0, 3.75], "texture": "#0"}
			}
		},
		{
			"from": [-1, 9, 15.25],
			"to": [2.25, 19, 16.25],
			"rotation": {"angle": -45, "axis": "x", "origin": [0.65385, 15.93269, 13.26923]},
			"faces": {
				"north": {"uv": [3.25, 0, 0, 10], "texture": "#0"},
				"east": {"uv": [1, 0, 0, 10], "texture": "#0"},
				"south": {"uv": [8.25, 2.25, 5, 12.25], "texture": "#0"},
				"west": {"uv": [1, 0, 0, 10], "texture": "#0"},
				"up": {"uv": [3.25, 0, 0, 1], "texture": "#0"},
				"down": {"uv": [3.25, 0, 0, 1], "texture": "#0"}
			}
		},
		{
			"from": [-0.25, 19, 15.25],
			"to": [2.25, 21.5, 15.75],
			"rotation": {"angle": -45, "axis": "x", "origin": [0.65385, 15.93269, 13.26923]},
			"faces": {
				"north": {"uv": [2.5, 0, 5, 2.5], "texture": "#0"},
				"east": {"uv": [0.5, 0, 1, 2.5], "texture": "#0"},
				"south": {"uv": [2.5, 0, 5, 2.5], "texture": "#0"},
				"west": {"uv": [0.5, 0, 1, 2.5], "texture": "#0"},
				"up": {"uv": [2.5, 0, 5, 0.5], "texture": "#0"},
				"down": {"uv": [2.5, 0, 5, 0.5], "texture": "#0"}
			}
		},
		{
			"from": [1.5, 10.5, 10.25],
			"to": [2.75, 17, 11.5],
			"rotation": {"angle": -45, "axis": "x", "origin": [0.65385, 15.93269, 13.26923]},
			"faces": {
				"north": {"uv": [1.25, 0, 2.5, 6.5], "texture": "#0"},
				"east": {"uv": [1.25, 0, 2.5, 6.5], "texture": "#0"},
				"south": {"uv": [1.25, 0, 2.5, 6.5], "texture": "#0"},
				"west": {"uv": [1.25, 0, 2.5, 6.5], "texture": "#0"},
				"up": {"uv": [1.25, 0, 2.5, 1.25], "texture": "#0"},
				"down": {"uv": [1.25, 0, 2.5, 1.25], "texture": "#0"}
			}
		},
		{
			"from": [2.25, 10, 11.5],
			"to": [3, 17.75, 13.5],
			"rotation": {"angle": -45, "axis": "x", "origin": [0.65385, 15.93269, 13.26923]},
			"faces": {
				"north": {"uv": [0.75, 0, 1.5, 7.75], "texture": "#0"},
				"east": {"uv": [2, 0, 4, 7.75], "texture": "#0"},
				"south": {"uv": [0.75, 0, 1.5, 7.75], "texture": "#0"},
				"west": {"uv": [2, 0, 4, 7.75], "texture": "#0"},
				"up": {"uv": [0.75, 0, 1.5, 2], "texture": "#0"},
				"down": {"uv": [0.75, 0, 1.5, 2], "texture": "#0"}
			}
		},
		{
			"from": [2.25, 9.5, 13.5],
			"to": [3, 16.75, 16.25],
			"rotation": {"angle": -45, "axis": "x", "origin": [0.65385, 15.93269, 13.26923]},
			"faces": {
				"north": {"uv": [0.75, 0, 1.5, 7.25], "texture": "#0"},
				"east": {"uv": [2.75, 0, 5.5, 7.25], "texture": "#0"},
				"south": {"uv": [0.75, 0, 1.5, 7.25], "texture": "#0"},
				"west": {"uv": [2.75, 0, 5.5, 7.25], "texture": "#0"},
				"up": {"uv": [0.75, 0, 1.5, 2.75], "texture": "#0"},
				"down": {"uv": [0.75, 0, 1.5, 2.75], "texture": "#0"}
			}
		},
		{
			"from": [-0.75, 10, 10.25],
			"to": [1.5, 16.5, 11.5],
			"rotation": {"angle": -45, "axis": "x", "origin": [0.65385, 15.93269, 13.26923]},
			"faces": {
				"north": {"uv": [2.25, 0, 4.5, 6.5], "texture": "#0"},
				"east": {"uv": [1.25, 0, 2.5, 6.5], "texture": "#0"},
				"south": {"uv": [2.25, 0, 4.5, 6.5], "texture": "#0"},
				"west": {"uv": [1.25, 0, 2.5, 6.5], "texture": "#0"},
				"up": {"uv": [2.25, 0, 4.5, 1.25], "texture": "#0"},
				"down": {"uv": [2.25, 0, 4.5, 1.25], "texture": "#0"}
			}
		},
		{
			"from": [-0.25, 16.5, 10.75],
			"to": [1.5, 18.25, 11.5],
			"rotation": {"angle": -45, "axis": "x", "origin": [0.65385, 15.93269, 13.26923]},
			"faces": {
				"north": {"uv": [1.75, 0, 3.5, 1.75], "texture": "#0"},
				"east": {"uv": [0.75, 0, 1.5, 1.75], "texture": "#0"},
				"south": {"uv": [1.75, 0, 3.5, 1.75], "texture": "#0"},
				"west": {"uv": [0.75, 0, 1.5, 1.75], "texture": "#0"},
				"up": {"uv": [1.75, 0, 3.5, 0.75], "texture": "#0"},
				"down": {"uv": [1.75, 0, 3.5, 0.75], "texture": "#0"}
			}
		},
		{
			"from": [-1.25, 18.75, 12.75],
			"to": [-0.75, 22.25, 14.75],
			"rotation": {"angle": -45, "axis": "x", "origin": [0.65385, 15.93269, 13.26923]},
			"faces": {
				"north": {"uv": [0.5, 0, 1, 3.5], "texture": "#0"},
				"east": {"uv": [2, 0, 4, 3.5], "texture": "#0"},
				"south": {"uv": [0.5, 0, 1, 3.5], "texture": "#0"},
				"west": {"uv": [2, 0, 4, 3.5], "texture": "#0"},
				"up": {"uv": [0.5, 0, 1, 2], "texture": "#0"},
				"down": {"uv": [0.5, 0, 1, 2], "texture": "#0"}
			}
		},
		{
			"from": [-1.75, 10, 12.25],
			"to": [-0.75, 18.75, 15.25],
			"rotation": {"angle": -45, "axis": "x", "origin": [0.65385, 15.93269, 13.26923]},
			"faces": {
				"north": {"uv": [1, 0, 2, 8.75], "texture": "#0"},
				"east": {"uv": [3, 0, 6, 8.75], "texture": "#0"},
				"south": {"uv": [1, 0, 2, 8.75], "texture": "#0"},
				"west": {"uv": [3, 0, 6, 8.75], "texture": "#0"},
				"up": {"uv": [1, 0, 2, 3], "texture": "#0"},
				"down": {"uv": [1, 0, 2, 3], "texture": "#0"}
			}
		},
		{
			"from": [-1.75, 9.5, 15],
			"to": [-0.75, 17.75, 15.5],
			"rotation": {"angle": -45, "axis": "x", "origin": [0.65385, 15.93269, 13.26923]},
			"faces": {
				"north": {"uv": [1, 0, 2, 8.25], "texture": "#0"},
				"east": {"uv": [0.5, 0, 1, 8.25], "texture": "#0"},
				"south": {"uv": [1, 0, 2, 8.25], "texture": "#0"},
				"west": {"uv": [0.5, 0, 1, 8.25], "texture": "#0"},
				"up": {"uv": [1, 0, 2, 0.5], "texture": "#0"},
				"down": {"uv": [1, 0, 2, 0.5], "texture": "#0"}
			}
		},
		{
			"from": [-1.75, 10, 11],
			"to": [-0.75, 15.75, 12.25],
			"rotation": {"angle": -45, "axis": "x", "origin": [0.65385, 15.93269, 13.26923]},
			"faces": {
				"north": {"uv": [1, 0, 2, 5.75], "texture": "#0"},
				"east": {"uv": [1.25, 0, 2.5, 5.75], "texture": "#0"},
				"south": {"uv": [1, 0, 2, 5.75], "texture": "#0"},
				"west": {"uv": [1.25, 0, 2.5, 5.75], "texture": "#0"},
				"up": {"uv": [1, 0, 2, 1.25], "texture": "#0"},
				"down": {"uv": [1, 0, 2, 1.25], "texture": "#0"}
			}
		},
		{
			"from": [1, 18.5, 11.75],
			"to": [4, 26.25, 14.75],
			"rotation": {"angle": -45, "axis": "x", "origin": [0.65385, 15.93269, 13.26923]},
			"faces": {
				"north": {"uv": [3, 0, 6, 7.75], "texture": "#0"},
				"east": {"uv": [3, 0, 6, 7.75], "texture": "#0"},
				"south": {"uv": [3, 0, 6, 7.75], "texture": "#0"},
				"west": {"uv": [3, 0, 6, 7.75], "texture": "#0"},
				"up": {"uv": [3, 0, 6, 3], "texture": "#0"},
				"down": {"uv": [3, 0, 6, 3], "texture": "#0"}
			}
		},
		{
			"from": [12.07692, 15.17001, -3.88978],
			"to": [15.82692, 18.17001, 9.11022],
			"rotation": {"angle": -22.5, "axis": "x", "origin": [13.97025, 17.94716, -5.59173]},
			"faces": {
				"north": {"uv": [3, 3.75, 6, 0], "rotation": 90, "texture": "#2"},
				"east": {"uv": [16, 3, 13, 16], "rotation": 270, "texture": "#0"},
				"south": {"uv": [3, 3.75, 6, 0], "rotation": 90, "texture": "#0"},
				"west": {"uv": [11.5, 0.75, 8.5, 13.75], "rotation": 90, "texture": "#0"},
				"up": {"uv": [7.5, 0, 3.75, 13], "rotation": 180, "texture": "#0"},
				"down": {"uv": [7.5, 0, 3.75, 13], "texture": "#0"}
			}
		},
		{
			"from": [12.92692, 18.50139, -9.53547],
			"to": [13.57692, 19.10139, -8.03547],
			"rotation": {"angle": -22.5, "axis": "x", "origin": [13.97025, 17.94716, -5.59173]},
			"faces": {
				"north": {"uv": [3, 3.75, 6, 0], "rotation": 90, "texture": "#2"},
				"east": {"uv": [16, 3, 13, 16], "rotation": 270, "texture": "#2"},
				"south": {"uv": [3, 3.75, 6, 0], "rotation": 90, "texture": "#2"},
				"west": {"uv": [11.5, 0.75, 8.5, 13.75], "rotation": 90, "texture": "#2"},
				"up": {"uv": [7.5, 0, 3.75, 13], "rotation": 180, "texture": "#2"},
				"down": {"uv": [7.5, 0, 3.75, 13], "texture": "#2"}
			}
		},
		{
			"from": [12.87692, 15.04288, -9.35408],
			"to": [13.52692, 16.29288, -8.75408],
			"rotation": {"angle": 22.5, "axis": "x", "origin": [13.97025, 17.94716, -5.59173]},
			"faces": {
				"north": {"uv": [7.5, 0, 3.75, 13], "texture": "#2"},
				"east": {"uv": [16, 3, 13, 16], "texture": "#2"},
				"south": {"uv": [7.5, 0, 3.75, 13], "texture": "#2"},
				"west": {"uv": [11.5, 0.75, 8.5, 13.75], "texture": "#2"},
				"up": {"uv": [3, 3.75, 6, 0], "rotation": 90, "texture": "#2"},
				"down": {"uv": [3, 3.75, 6, 0], "rotation": 270, "texture": "#2"}
			}
		},
		{
			"from": [13.02692, 16.17221, -10.19424],
			"to": [13.47692, 16.82221, -9.94424],
			"rotation": {"angle": 0, "axis": "x", "origin": [13.97025, 17.94716, -5.59173]},
			"faces": {
				"north": {"uv": [12, 3.75, 11.75, 4.6], "texture": "#3"},
				"east": {"uv": [16, 3, 13, 16], "texture": "#3"},
				"south": {"uv": [7.5, 0, 3.75, 13], "texture": "#3"},
				"west": {"uv": [11.5, 0.75, 8.5, 13.75], "texture": "#3"},
				"up": {"uv": [3, 3.75, 6, 0], "rotation": 90, "texture": "#3"},
				"down": {"uv": [3, 3.75, 6, 0], "rotation": 270, "texture": "#3"}
			}
		},
		{
			"from": [13.12692, 15.32221, -10.19424],
			"to": [13.37692, 16.17221, -9.99424],
			"rotation": {"angle": 0, "axis": "x", "origin": [13.97025, 17.94716, -5.59173]},
			"faces": {
				"north": {"uv": [12, 3.75, 11.75, 4.6], "texture": "#3"},
				"east": {"uv": [16, 3, 13, 16], "texture": "#3"},
				"south": {"uv": [7.5, 0, 3.75, 13], "texture": "#3"},
				"west": {"uv": [11.5, 0.75, 8.5, 13.75], "texture": "#3"},
				"up": {"uv": [3, 3.75, 6, 0], "rotation": 90, "texture": "#3"},
				"down": {"uv": [3, 3.75, 6, 0], "rotation": 270, "texture": "#3"}
			}
		},
		{
			"from": [13.77692, 17.43323, -10.03637],
			"to": [14.42692, 18.03323, -8.38637],
			"rotation": {"angle": 0, "axis": "x", "origin": [13.97025, 17.94716, -5.59173]},
			"faces": {
				"north": {"uv": [3, 3.75, 6, 0], "rotation": 90, "texture": "#2"},
				"east": {"uv": [13, 16, 16, 3], "rotation": 90, "texture": "#2"},
				"south": {"uv": [3, 3.75, 6, 0], "rotation": 90, "texture": "#2"},
				"west": {"uv": [8.5, 13.75, 11.5, 0.75], "rotation": 270, "texture": "#2"},
				"up": {"uv": [7.5, 0, 3.75, 13], "rotation": 180, "texture": "#2"},
				"down": {"uv": [7.5, 0, 3.75, 13], "texture": "#2"}
			}
		},
		{
			"from": [13.72692, 19.20344, -10.87756],
			"to": [14.37692, 19.80344, -9.57756],
			"rotation": {"angle": -22.5, "axis": "x", "origin": [13.97025, 17.94716, -5.59173]},
			"faces": {
				"north": {"uv": [3, 3.75, 6, 0], "rotation": 90, "texture": "#2"},
				"east": {"uv": [16, 3, 13, 16], "rotation": 270, "texture": "#2"},
				"south": {"uv": [3, 3.75, 6, 0], "rotation": 90, "texture": "#2"},
				"west": {"uv": [11.5, 0.75, 8.5, 13.75], "rotation": 90, "texture": "#2"},
				"up": {"uv": [7.5, 0, 3.75, 13], "rotation": 180, "texture": "#2"},
				"down": {"uv": [7.5, 0, 3.75, 13], "texture": "#2"}
			}
		},
		{
			"from": [13.87692, 17.00968, -11.37098],
			"to": [14.32692, 17.65968, -11.12098],
			"rotation": {"angle": 0, "axis": "x", "origin": [13.97025, 17.94716, -5.59173]},
			"faces": {
				"north": {"uv": [12, 3.75, 11.75, 4.6], "texture": "#3"},
				"east": {"uv": [16, 3, 13, 16], "texture": "#3"},
				"south": {"uv": [7.5, 0, 3.75, 13], "texture": "#3"},
				"west": {"uv": [11.5, 0.75, 8.5, 13.75], "texture": "#3"},
				"up": {"uv": [3, 3.75, 6, 0], "rotation": 90, "texture": "#3"},
				"down": {"uv": [3, 3.75, 6, 0], "rotation": 270, "texture": "#3"}
			}
		},
		{
			"from": [13.97692, 16.15968, -11.37098],
			"to": [14.22692, 17.00968, -11.17098],
			"rotation": {"angle": 0, "axis": "x", "origin": [13.97025, 17.94716, -5.59173]},
			"faces": {
				"north": {"uv": [12, 3.75, 11.75, 4.6], "texture": "#3"},
				"east": {"uv": [16, 3, 13, 16], "texture": "#3"},
				"south": {"uv": [7.5, 0, 3.75, 13], "texture": "#3"},
				"west": {"uv": [11.5, 0.75, 8.5, 13.75], "texture": "#3"},
				"up": {"uv": [3, 3.75, 6, 0], "rotation": 90, "texture": "#3"},
				"down": {"uv": [3, 3.75, 6, 0], "rotation": 270, "texture": "#3"}
			}
		},
		{
			"from": [14.52692, 15.11175, -8.47164],
			"to": [15.17692, 15.71175, -7.52164],
			"rotation": {"angle": 45, "axis": "x", "origin": [13.97025, 17.94716, -5.59173]},
			"faces": {
				"north": {"uv": [3, 3.75, 6, 0], "rotation": 90, "texture": "#2"},
				"east": {"uv": [13, 16, 16, 3], "rotation": 90, "texture": "#2"},
				"south": {"uv": [3, 3.75, 6, 0], "rotation": 90, "texture": "#2"},
				"west": {"uv": [8.5, 13.75, 11.5, 0.75], "rotation": 270, "texture": "#2"},
				"up": {"uv": [7.5, 0, 3.75, 13], "rotation": 180, "texture": "#2"},
				"down": {"uv": [7.5, 0, 3.75, 13], "texture": "#2"}
			}
		},
		{
			"from": [14.47692, 14.34627, -8.66453],
			"to": [15.12692, 15.39627, -8.06453],
			"rotation": {"angle": 45, "axis": "x", "origin": [13.97025, 17.94716, -5.59173]},
			"faces": {
				"north": {"uv": [7.5, 0, 3.75, 13], "texture": "#2"},
				"east": {"uv": [16, 3, 13, 16], "texture": "#2"},
				"south": {"uv": [7.5, 0, 3.75, 13], "texture": "#2"},
				"west": {"uv": [11.5, 0.75, 8.5, 13.75], "texture": "#2"},
				"up": {"uv": [3, 3.75, 6, 0], "rotation": 90, "texture": "#2"},
				"down": {"uv": [3, 3.75, 6, 0], "rotation": 270, "texture": "#2"}
			}
		},
		{
			"from": [14.62692, 14.0973, -8.63772],
			"to": [15.07692, 14.3473, -7.98772],
			"rotation": {"angle": 45, "axis": "x", "origin": [13.97025, 17.94716, -5.59173]},
			"faces": {
				"north": {"uv": [3, 3.75, 6, 0], "rotation": 270, "texture": "#3"},
				"east": {"uv": [13, 16, 16, 3], "rotation": 270, "texture": "#3"},
				"south": {"uv": [3, 3.75, 6, 0], "rotation": 270, "texture": "#3"},
				"west": {"uv": [8.5, 13.75, 11.5, 0.75], "rotation": 90, "texture": "#3"},
				"up": {"uv": [7.5, 0, 3.75, 13], "texture": "#3"},
				"down": {"uv": [12, 3.75, 11.75, 4.6], "rotation": 180, "texture": "#3"}
			}
		},
		{
			"from": [14.72692, 14.0973, -7.98772],
			"to": [14.97692, 14.2973, -7.13772],
			"rotation": {"angle": 45, "axis": "x", "origin": [13.97025, 17.94716, -5.59173]},
			"faces": {
				"north": {"uv": [3, 3.75, 6, 0], "rotation": 270, "texture": "#3"},
				"east": {"uv": [13, 16, 16, 3], "rotation": 270, "texture": "#3"},
				"south": {"uv": [3, 3.75, 6, 0], "rotation": 270, "texture": "#3"},
				"west": {"uv": [8.5, 13.75, 11.5, 0.75], "rotation": 90, "texture": "#3"},
				"up": {"uv": [7.5, 0, 3.75, 13], "texture": "#3"},
				"down": {"uv": [12, 3.75, 11.75, 4.6], "rotation": 180, "texture": "#3"}
			}
		},
		{
			"from": [12.30013, 16.03166, -6.40992],
			"to": [12.65013, 17.03166, -5.85992],
			"rotation": {"angle": 45, "axis": "x", "origin": [13.97025, 17.94716, -5.59173]},
			"faces": {
				"north": {"uv": [7.5, 0, 3.75, 13], "texture": "#2"},
				"east": {"uv": [16, 3, 13, 16], "texture": "#2"},
				"south": {"uv": [7.5, 0, 3.75, 13], "texture": "#2"},
				"west": {"uv": [11.5, 0.75, 8.5, 13.75], "texture": "#2"},
				"up": {"uv": [3, 3.75, 6, 0], "rotation": 90, "texture": "#2"},
				"down": {"uv": [3, 3.75, 6, 0], "rotation": 270, "texture": "#2"}
			}
		},
		{
			"from": [11.87692, 17.7473, -8.26004],
			"to": [12.37692, 18.2473, -7.36004],
			"rotation": {"angle": -22.5, "axis": "x", "origin": [13.97025, 17.94716, -5.59173]},
			"faces": {
				"north": {"uv": [7.5, 0, 3.75, 13], "texture": "#2"},
				"east": {"uv": [13, 16, 16, 3], "rotation": 180, "texture": "#2"},
				"south": {"uv": [7.5, 0, 3.75, 13], "texture": "#2"},
				"west": {"uv": [8.5, 13.75, 11.5, 0.75], "rotation": 180, "texture": "#2"},
				"up": {"uv": [3, 3.75, 6, 0], "rotation": 90, "texture": "#2"},
				"down": {"uv": [3, 3.75, 6, 0], "rotation": 270, "texture": "#2"}
			}
		},
		{
			"from": [12.00436, 15.07703, -7.00527],
			"to": [12.30436, 15.82703, -6.80527],
			"rotation": {"angle": 45, "axis": "x", "origin": [13.97025, 17.94716, -5.59173]},
			"faces": {
				"north": {"uv": [11.75, 4.6, 12, 3.75], "rotation": 270, "texture": "#3"},
				"east": {"uv": [13, 16, 16, 3], "rotation": 270, "texture": "#3"},
				"south": {"uv": [3, 3.75, 6, 0], "rotation": 270, "texture": "#3"},
				"west": {"uv": [8.5, 13.75, 11.5, 0.75], "rotation": 90, "texture": "#3"},
				"up": {"uv": [7.5, 0, 3.75, 13], "texture": "#3"},
				"down": {"uv": [7.5, 0, 3.75, 13], "rotation": 180, "texture": "#3"}
			}
		},
		{
			"from": [12.05436, 14.17703, -7.00527],
			"to": [12.20436, 15.07703, -6.80527],
			"rotation": {"angle": 45, "axis": "x", "origin": [13.97025, 17.94716, -5.59173]},
			"faces": {
				"north": {"uv": [11.75, 4.6, 12, 3.75], "rotation": 270, "texture": "#3"},
				"east": {"uv": [13, 16, 16, 3], "rotation": 270, "texture": "#3"},
				"south": {"uv": [3, 3.75, 6, 0], "rotation": 270, "texture": "#3"},
				"west": {"uv": [8.5, 13.75, 11.5, 0.75], "rotation": 90, "texture": "#3"},
				"up": {"uv": [7.5, 0, 3.75, 13], "texture": "#3"},
				"down": {"uv": [7.5, 0, 3.75, 13], "rotation": 180, "texture": "#3"}
			}
		},
		{
			"from": [15.37692, 15.39108, -7.94674],
			"to": [15.92692, 15.79108, -7.54674],
			"rotation": {"angle": 45, "axis": "x", "origin": [13.97025, 17.94716, -5.59173]},
			"faces": {
				"north": {"uv": [3, 3.75, 6, 0], "rotation": 90, "texture": "#2"},
				"east": {"uv": [13, 16, 16, 3], "rotation": 90, "texture": "#2"},
				"south": {"uv": [3, 3.75, 6, 0], "rotation": 90, "texture": "#2"},
				"west": {"uv": [8.5, 13.75, 11.5, 0.75], "rotation": 270, "texture": "#2"},
				"up": {"uv": [7.5, 0, 3.75, 13], "rotation": 180, "texture": "#2"},
				"down": {"uv": [7.5, 0, 3.75, 13], "texture": "#2"}
			}
		},
		{
			"from": [15.37692, 14.71175, -8.1527],
			"to": [15.77692, 15.56175, -7.7527],
			"rotation": {"angle": 45, "axis": "x", "origin": [13.97025, 17.94716, -5.59173]},
			"faces": {
				"north": {"uv": [7.5, 0, 3.75, 13], "texture": "#2"},
				"east": {"uv": [16, 3, 13, 16], "texture": "#2"},
				"south": {"uv": [7.5, 0, 3.75, 13], "texture": "#2"},
				"west": {"uv": [11.5, 0.75, 8.5, 13.75], "texture": "#2"},
				"up": {"uv": [3, 3.75, 6, 0], "rotation": 90, "texture": "#2"},
				"down": {"uv": [3, 3.75, 6, 0], "rotation": 270, "texture": "#2"}
			}
		},
		{
			"from": [15.42692, 15.57874, -8.97943],
			"to": [15.72692, 15.92874, -8.82943],
			"rotation": {"angle": 22.5, "axis": "x", "origin": [13.97025, 17.94716, -5.59173]},
			"faces": {
				"north": {"uv": [12, 3.75, 11.75, 4.6], "texture": "#3"},
				"east": {"uv": [16, 3, 13, 16], "texture": "#3"},
				"south": {"uv": [7.5, 0, 3.75, 13], "texture": "#3"},
				"west": {"uv": [11.5, 0.75, 8.5, 13.75], "texture": "#3"},
				"up": {"uv": [3, 3.75, 6, 0], "rotation": 90, "texture": "#3"},
				"down": {"uv": [3, 3.75, 6, 0], "rotation": 270, "texture": "#3"}
			}
		},
		{
			"from": [15.47692, 14.92874, -8.97943],
			"to": [15.67692, 15.57874, -8.82943],
			"rotation": {"angle": 22.5, "axis": "x", "origin": [13.97025, 17.94716, -5.59173]},
			"faces": {
				"north": {"uv": [12, 3.75, 11.75, 4.6], "texture": "#3"},
				"east": {"uv": [16, 3, 13, 16], "texture": "#3"},
				"south": {"uv": [7.5, 0, 3.75, 13], "texture": "#3"},
				"west": {"uv": [11.5, 0.75, 8.5, 13.75], "texture": "#3"},
				"up": {"uv": [3, 3.75, 6, 0], "rotation": 90, "texture": "#3"},
				"down": {"uv": [3, 3.75, 6, 0], "rotation": 270, "texture": "#3"}
			}
		},
		{
			"from": [15.32692, 17.4051, -8.85198],
			"to": [16.07692, 17.8051, -6.45198],
			"rotation": {"angle": 0, "axis": "x", "origin": [13.97025, 17.94716, -5.59173]},
			"faces": {
				"north": {"uv": [3, 3.75, 6, 0], "rotation": 90, "texture": "#2"},
				"east": {"uv": [13, 16, 16, 3], "rotation": 90, "texture": "#2"},
				"south": {"uv": [3, 3.75, 6, 0], "rotation": 90, "texture": "#2"},
				"west": {"uv": [8.5, 13.75, 11.5, 0.75], "rotation": 270, "texture": "#2"},
				"up": {"uv": [7.5, 0, 3.75, 13], "rotation": 180, "texture": "#2"},
				"down": {"uv": [7.5, 0, 3.75, 13], "texture": "#2"}
			}
		},
		{
			"from": [13.32692, 17.1051, -9.35198],
			"to": [15.32692, 17.9551, -6.10198],
			"rotation": {"angle": 0, "axis": "x", "origin": [13.97025, 17.94716, -5.59173]},
			"faces": {
				"north": {"uv": [3, 3.75, 6, 0], "rotation": 90, "texture": "#2"},
				"east": {"uv": [13, 16, 16, 3], "rotation": 90, "texture": "#2"},
				"south": {"uv": [3, 3.75, 6, 0], "rotation": 90, "texture": "#2"},
				"west": {"uv": [8.5, 13.75, 11.5, 0.75], "rotation": 270, "texture": "#2"},
				"up": {"uv": [7.5, 0, 3.75, 13], "rotation": 180, "texture": "#2"},
				"down": {"uv": [7.5, 0, 3.75, 13], "texture": "#2"}
			}
		},
		{
			"from": [13.32692, 16.67001, -6.88978],
			"to": [14.82692, 18.17001, -4.88978],
			"rotation": {"angle": -22.5, "axis": "x", "origin": [13.97025, 17.94716, -5.59173]},
			"faces": {
				"north": {"uv": [3, 3.75, 6, 0], "rotation": 90, "texture": "#2"},
				"east": {"uv": [16, 3, 13, 16], "rotation": 270, "texture": "#2"},
				"south": {"uv": [3, 3.75, 6, 0], "rotation": 90, "texture": "#2"},
				"west": {"uv": [11.5, 0.75, 8.5, 13.75], "rotation": 90, "texture": "#2"},
				"up": {"uv": [7.5, 0, 3.75, 13], "rotation": 180, "texture": "#2"},
				"down": {"uv": [7.5, 0, 3.75, 13], "texture": "#2"}
			}
		},
		{
			"from": [12.62692, 17.1051, -8.35198],
			"to": [13.32692, 17.9051, -6.10198],
			"rotation": {"angle": 0, "axis": "x", "origin": [13.97025, 17.94716, -5.59173]},
			"faces": {
				"north": {"uv": [3, 3.75, 6, 0], "rotation": 90, "texture": "#2"},
				"east": {"uv": [13, 16, 16, 3], "rotation": 90, "texture": "#2"},
				"south": {"uv": [3, 3.75, 6, 0], "rotation": 90, "texture": "#2"},
				"west": {"uv": [8.5, 13.75, 11.5, 0.75], "rotation": 270, "texture": "#2"},
				"up": {"uv": [7.5, 0, 3.75, 13], "rotation": 180, "texture": "#2"},
				"down": {"uv": [7.5, 0, 3.75, 13], "texture": "#2"}
			}
		},
		{
			"from": [15.82692, 15.17001, -6.13978],
			"to": [16.82692, 18.42001, 3.86022],
			"rotation": {"angle": -22.5, "axis": "x", "origin": [13.97025, 17.94716, -5.59173]},
			"faces": {
				"north": {"uv": [3.25, 1, 6.5, 0], "rotation": 90, "texture": "#0"},
				"east": {"uv": [14.75, 1.75, 11.5, 11.75], "rotation": 270, "texture": "#0"},
				"south": {"uv": [3.25, 1, 6.5, 0], "rotation": 90, "texture": "#0"},
				"west": {"uv": [6.5, 0, 3.25, 10], "rotation": 90, "texture": "#0"},
				"up": {"uv": [2, 0, 1, 10], "rotation": 180, "texture": "#0"},
				"down": {"uv": [2, 0, 1, 10], "texture": "#0"}
			}
		},
		{
			"from": [15.82692, 15.17001, 3.86022],
			"to": [16.32692, 17.67001, 6.36022],
			"rotation": {"angle": -22.5, "axis": "x", "origin": [13.97025, 17.94716, -5.59173]},
			"faces": {
				"north": {"uv": [2.5, 0.5, 5, 1], "rotation": 90, "texture": "#0"},
				"east": {"uv": [5, 0, 7.5, 2.5], "rotation": 270, "texture": "#0"},
				"south": {"uv": [2.5, 0.5, 5, 1], "rotation": 90, "texture": "#0"},
				"west": {"uv": [5, 0, 7.5, 2.5], "rotation": 90, "texture": "#0"},
				"up": {"uv": [1, 0, 1.5, 2.5], "rotation": 180, "texture": "#0"},
				"down": {"uv": [1, 0, 1.5, 2.5], "texture": "#0"}
			}
		},
		{
			"from": [10.82692, 14.67001, -4.63978],
			"to": [12.07692, 15.92001, 1.86022],
			"rotation": {"angle": -22.5, "axis": "x", "origin": [13.97025, 17.94716, -5.59173]},
			"faces": {
				"north": {"uv": [1.25, 1.25, 2.5, 0], "rotation": 90, "texture": "#0"},
				"east": {"uv": [2.5, 0, 1.25, 6.5], "rotation": 270, "texture": "#0"},
				"south": {"uv": [1.25, 1.25, 2.5, 0], "rotation": 90, "texture": "#0"},
				"west": {"uv": [10.5, 2.75, 9.25, 9.25], "rotation": 90, "texture": "#0"},
				"up": {"uv": [2.5, 0, 1.25, 6.5], "rotation": 180, "texture": "#0"},
				"down": {"uv": [2.5, 0, 1.25, 6.5], "texture": "#0"}
			}
		},
		{
			"from": [12.07692, 14.42001, -5.13978],
			"to": [14.07692, 15.17001, 2.61022],
			"rotation": {"angle": -22.5, "axis": "x", "origin": [13.97025, 17.94716, -5.59173]},
			"faces": {
				"north": {"uv": [0.75, 2, 1.5, 4], "rotation": 90, "texture": "#0"},
				"east": {"uv": [1.5, 0, 2.25, 7.75], "rotation": 270, "texture": "#0"},
				"south": {"uv": [0.75, 2, 1.5, 4], "rotation": 90, "texture": "#0"},
				"west": {"uv": [1.5, 0, 2.25, 7.75], "rotation": 90, "texture": "#0"},
				"up": {"uv": [4, 0, 6, 7.75], "rotation": 180, "texture": "#0"},
				"down": {"uv": [4, 0, 6, 7.75], "texture": "#0"}
			}
		},
		{
			"from": [14.07692, 14.42001, -5.63978],
			"to": [16.82692, 15.17001, 1.61022],
			"rotation": {"angle": -22.5, "axis": "x", "origin": [13.97025, 17.94716, -5.59173]},
			"faces": {
				"north": {"uv": [0.75, 2.75, 1.5, 5.5], "rotation": 90, "texture": "#0"},
				"east": {"uv": [1.5, 0, 2.25, 7.25], "rotation": 270, "texture": "#0"},
				"south": {"uv": [0.75, 2.75, 1.5, 5.5], "rotation": 90, "texture": "#0"},
				"west": {"uv": [1.5, 0, 2.25, 7.25], "rotation": 90, "texture": "#0"},
				"up": {"uv": [5.5, 0, 8.25, 7.25], "rotation": 180, "texture": "#0"},
				"down": {"uv": [5.5, 0, 8.25, 7.25], "texture": "#0"}
			}
		},
		{
			"from": [10.82692, 15.92001, -5.13978],
			"to": [12.07692, 18.17001, 1.36022],
			"rotation": {"angle": -22.5, "axis": "x", "origin": [13.97025, 17.94716, -5.59173]},
			"faces": {
				"north": {"uv": [2.25, 1.25, 4.5, 2.5], "rotation": 90, "texture": "#0"},
				"east": {"uv": [4.5, 0, 6.75, 6.5], "rotation": 270, "texture": "#0"},
				"south": {"uv": [2.25, 1.25, 4.5, 2.5], "rotation": 90, "texture": "#0"},
				"west": {"uv": [4.5, 0, 6.75, 6.5], "rotation": 90, "texture": "#0"},
				"up": {"uv": [2.5, 0, 3.75, 6.5], "rotation": 180, "texture": "#0"},
				"down": {"uv": [2.5, 0, 3.75, 6.5], "texture": "#0"}
			}
		},
		{
			"from": [11.32692, 15.92001, 1.36022],
			"to": [12.07692, 17.67001, 3.11022],
			"rotation": {"angle": -22.5, "axis": "x", "origin": [13.97025, 17.94716, -5.59173]},
			"faces": {
				"north": {"uv": [1.75, 0.75, 3.5, 1.5], "rotation": 90, "texture": "#0"},
				"east": {"uv": [3.5, 0, 5.25, 1.75], "rotation": 270, "texture": "#0"},
				"south": {"uv": [1.75, 0.75, 3.5, 1.5], "rotation": 90, "texture": "#0"},
				"west": {"uv": [3.5, 0, 5.25, 1.75], "rotation": 90, "texture": "#0"},
				"up": {"uv": [1.5, 0, 2.25, 1.75], "rotation": 180, "texture": "#0"},
				"down": {"uv": [1.5, 0, 2.25, 1.75], "texture": "#0"}
			}
		},
		{
			"from": [13.32692, 18.17001, 3.61022],
			"to": [15.32692, 18.67001, 7.11022],
			"rotation": {"angle": -22.5, "axis": "x", "origin": [13.97025, 17.94716, -5.59173]},
			"faces": {
				"north": {"uv": [0.5, 2, 1, 4], "rotation": 90, "texture": "#0"},
				"east": {"uv": [1, 0, 1.5, 3.5], "rotation": 270, "texture": "#0"},
				"south": {"uv": [0.5, 2, 1, 4], "rotation": 90, "texture": "#0"},
				"west": {"uv": [1, 0, 1.5, 3.5], "rotation": 90, "texture": "#0"},
				"up": {"uv": [4, 0, 6, 3.5], "rotation": 180, "texture": "#0"},
				"down": {"uv": [4, 0, 6, 3.5], "texture": "#0"}
			}
		},
		{
			"from": [12.82692, 18.17001, -5.13978],
			"to": [15.57692, 19.17001, 3.61022],
			"rotation": {"angle": -22.5, "axis": "x", "origin": [13.97025, 17.94716, -5.59173]},
			"faces": {
				"north": {"uv": [1, 2.75, 2, 5.5], "rotation": 90, "texture": "#0"},
				"east": {"uv": [2, 0, 3, 8.75], "rotation": 270, "texture": "#0"},
				"south": {"uv": [1, 2.75, 2, 5.5], "rotation": 90, "texture": "#0"},
				"west": {"uv": [2, 0, 3, 8.75], "rotation": 90, "texture": "#0"},
				"up": {"uv": [5.75, 0, 8.5, 8.75], "rotation": 180, "texture": "#0"},
				"down": {"uv": [5.75, 0, 8.5, 8.75], "texture": "#0"}
			}
		},
		{
			"from": [15.57692, 18.17001, -5.63978],
			"to": [16.07692, 19.17001, 2.61022],
			"rotation": {"angle": -22.5, "axis": "x", "origin": [13.97025, 17.94716, -5.59173]},
			"faces": {
				"north": {"uv": [1, 0.5, 2, 1], "rotation": 90, "texture": "#0"},
				"east": {"uv": [2, 0, 3, 8.25], "rotation": 270, "texture": "#0"},
				"south": {"uv": [1, 0.5, 2, 1], "rotation": 90, "texture": "#0"},
				"west": {"uv": [2, 0, 3, 8.25], "rotation": 90, "texture": "#0"},
				"up": {"uv": [1, 0, 1.5, 8.25], "rotation": 180, "texture": "#0"},
				"down": {"uv": [1, 0, 1.5, 8.25], "texture": "#0"}
			}
		},
		{
			"from": [11.57692, 18.17001, -5.13978],
			"to": [12.82692, 19.17001, 0.61022],
			"rotation": {"angle": -22.5, "axis": "x", "origin": [13.97025, 17.94716, -5.59173]},
			"faces": {
				"north": {"uv": [1, 1.25, 2, 2.5], "rotation": 90, "texture": "#0"},
				"east": {"uv": [2, 0, 3, 5.75], "rotation": 270, "texture": "#0"},
				"south": {"uv": [1, 1.25, 2, 2.5], "rotation": 90, "texture": "#0"},
				"west": {"uv": [2, 0, 3, 5.75], "rotation": 90, "texture": "#0"},
				"up": {"uv": [2.5, 0, 3.75, 5.75], "rotation": 180, "texture": "#0"},
				"down": {"uv": [2.5, 0, 3.75, 5.75], "texture": "#0"}
			}
		},
		{
			"from": [12.32692, 13.42001, 3.36022],
			"to": [15.32692, 16.42001, 11.11022],
			"rotation": {"angle": -22.5, "axis": "x", "origin": [13.97025, 17.94716, -5.59173]},
			"faces": {
				"north": {"uv": [2.5, 3, 5.5, 0], "rotation": 90, "texture": "#0"},
				"east": {"uv": [15.25, 5.75, 12.25, 13.5], "rotation": 270, "texture": "#0"},
				"south": {"uv": [2.5, 3, 5.5, 0], "rotation": 90, "texture": "#0"},
				"west": {"uv": [5.5, 0, 2.5, 7.75], "rotation": 90, "texture": "#0"},
				"up": {"uv": [6, 0, 3, 7.75], "rotation": 180, "texture": "#0"},
				"down": {"uv": [6, 0, 3, 7.75], "texture": "#0"}
			}
		},
		{
			"from": [5.25, 8.75, 3.8],
			"to": [11, 11.5, 5.25],
			"faces": {
				"north": {"uv": [0, 0, 5.75, 2.75], "texture": "#0"},
				"east": {"uv": [0, 0, 1.45, 2.75], "texture": "#0"},
				"south": {"uv": [0, 0, 5.75, 2.75], "texture": "#0"},
				"west": {"uv": [0, 0, 1.45, 2.75], "texture": "#0"},
				"up": {"uv": [0, 0, 5.75, 1.45], "texture": "#0"},
				"down": {"uv": [0, 0, 5.75, 1.45], "texture": "#0"}
			}
		},
		{
			"from": [2.5, 9.25, 6.75],
			"to": [3.25, 12.75, 9.5],
			"rotation": {"angle": 0, "axis": "y", "origin": [8, 14.5, 8]},
			"faces": {
				"north": {"uv": [0, 0, 0.75, 3.5], "texture": "#0"},
				"east": {"uv": [0, 0, 2.75, 3.5], "texture": "#0"},
				"south": {"uv": [0, 0, 0.75, 3.5], "texture": "#0"},
				"west": {"uv": [0, 0, 2.75, 3.5], "texture": "#0"},
				"up": {"uv": [0, 0, 0.75, 2.75], "texture": "#0"},
				"down": {"uv": [0, 0, 0.75, 2.75], "texture": "#0"}
			}
		},
		{
			"from": [13.5, 0, 6.25],
			"to": [14.5, 9, 10],
			"rotation": {"angle": 0, "axis": "y", "origin": [11.25, 8, 8]},
			"faces": {
				"north": {"uv": [0, 0, 1, 9], "texture": "#0"},
				"east": {"uv": [0, 0, 3.75, 9], "texture": "#0"},
				"south": {"uv": [0, 0, 1, 9], "texture": "#0"},
				"west": {"uv": [0, 0, 3.75, 9], "texture": "#0"},
				"up": {"uv": [0, 0, 1, 3.75], "texture": "#0"},
				"down": {"uv": [0, 0, 1, 3.75], "texture": "#0"}
			}
		},
		{
			"from": [13.5, 9, 7],
			"to": [14.25, 12.75, 9.25],
			"rotation": {"angle": 0, "axis": "y", "origin": [11.25, 8, 8]},
			"faces": {
				"north": {"uv": [0, 0, 0.75, 3.75], "texture": "#0"},
				"east": {"uv": [0, 0, 2.25, 3.75], "texture": "#0"},
				"south": {"uv": [0, 0, 0.75, 3.75], "texture": "#0"},
				"west": {"uv": [0, 0, 2.25, 3.75], "texture": "#0"},
				"up": {"uv": [0, 0, 0.75, 2.25], "texture": "#0"},
				"down": {"uv": [0, 0, 0.75, 2.25], "texture": "#0"}
			}
		},
		{
			"from": [2, 0, 6.25],
			"to": [12, 9.25, 10],
			"faces": {
				"north": {"uv": [0, 0, 10, 9.25], "texture": "#0"},
				"east": {"uv": [0, 0, 3.75, 9.25], "texture": "#0"},
				"south": {"uv": [0, 0, 10, 9.25], "texture": "#0"},
				"west": {"uv": [7, 0.25, 10.75, 9.5], "texture": "#0"},
				"up": {"uv": [0, 0, 10, 3.75], "texture": "#0"},
				"down": {"uv": [0, 0, 10, 3.75], "texture": "#0"}
			}
		},
		{
			"from": [4.5, 0, 3.5],
			"to": [12, 8.5, 5.25],
			"faces": {
				"north": {"uv": [8.5, 2.5, 16, 11], "texture": "#0"},
				"east": {"uv": [0, 0, 1.75, 8.5], "texture": "#0"},
				"south": {"uv": [0, 0, 7.5, 8.5], "texture": "#0"},
				"west": {"uv": [0, 0, 1.75, 8.5], "texture": "#0"},
				"up": {"uv": [0, 0, 7.5, 1.75], "texture": "#0"},
				"down": {"uv": [0, 0, 7.5, 1.75], "texture": "#0"}
			}
		},
		{
			"from": [4.25, 13.75, 5],
			"to": [12, 24, 11.75],
			"faces": {
				"north": {"uv": [0, 0, 7.75, 10.25], "texture": "#0"},
				"east": {"uv": [0, 0, 6.75, 10.25], "texture": "#0"},
				"south": {"uv": [8.25, 5.75, 16, 16], "texture": "#0"},
				"west": {"uv": [0, 0, 6.75, 10.25], "texture": "#0"},
				"up": {"uv": [0, 0, 7.75, 6.75], "texture": "#0"},
				"down": {"uv": [0, 0, 7.75, 6.75], "texture": "#0"}
			}
		},
		{
			"from": [4.25, 24, 5],
			"to": [12, 24.75, 11],
			"faces": {
				"north": {"uv": [0, 0, 7.75, 0.75], "texture": "#0"},
				"east": {"uv": [0, 0, 6, 0.75], "texture": "#0"},
				"south": {"uv": [0, 0, 7.75, 0.75], "texture": "#0"},
				"west": {"uv": [0, 0, 6, 0.75], "texture": "#0"},
				"up": {"uv": [0, 0, 7.75, 6], "texture": "#0"},
				"down": {"uv": [0, 0, 7.75, 6], "texture": "#0"}
			}
		},
		{
			"from": [6.5, 8.25, 11.75],
			"to": [11.25, 12, 12.25],
			"faces": {
				"north": {"uv": [0, 0, 4.75, 3.75], "texture": "#0"},
				"east": {"uv": [0, 0, 0.5, 3.75], "texture": "#0"},
				"south": {"uv": [11.25, 9.25, 16, 13], "texture": "#0"},
				"west": {"uv": [0, 0, 0.5, 3.75], "texture": "#0"},
				"up": {"uv": [0, 0, 4.75, 0.5], "texture": "#0"},
				"down": {"uv": [0, 0, 4.75, 0.5], "texture": "#0"}
			}
		},
		{
			"from": [5.5, 0, 11.75],
			"to": [11.25, 8.25, 12.75],
			"faces": {
				"north": {"uv": [0, 0, 5.75, 8.25], "texture": "#0"},
				"east": {"uv": [0, 0, 1, 8.25], "texture": "#0"},
				"south": {"uv": [0, 0, 5.75, 8.25], "texture": "#0"},
				"west": {"uv": [0, 0, 1, 8.25], "texture": "#0"},
				"up": {"uv": [0, 0, 5.75, 1], "texture": "#0"},
				"down": {"uv": [0, 0, 5.75, 1], "texture": "#0"}
			}
		},
		{
			"from": [3.25, 0, 5],
			"to": [13.5, 13.75, 11.75],
			"faces": {
				"north": {"uv": [0, 0, 10.25, 13.75], "texture": "#0"},
				"east": {"uv": [0, 0, 6.75, 13.75], "texture": "#0"},
				"south": {"uv": [0, 0, 10.25, 13.75], "texture": "#0"},
				"west": {"uv": [0, 0, 6.75, 13.75], "texture": "#0"},
				"up": {"uv": [0, 0, 10.25, 6.75], "texture": "#0"},
				"down": {"uv": [0, 0, 10.25, 6.75], "texture": "#0"}
			}
		},
		{
			"from": [3.5, 13.75, 5.5],
			"to": [5, 19.75, 11],
			"rotation": {"angle": 0, "axis": "y", "origin": [-0.5, 8, 8]},
			"faces": {
				"north": {"uv": [0, 0, 1.5, 6], "texture": "#0"},
				"east": {"uv": [0, 0, 5.5, 6], "texture": "#0"},
				"south": {"uv": [0, 0, 1.5, 6], "texture": "#0"},
				"west": {"uv": [0, 0, 5.5, 6], "texture": "#0"},
				"up": {"uv": [0, 0, 1.5, 5.5], "texture": "#0"},
				"down": {"uv": [0, 0, 1.5, 5.5], "texture": "#0"}
			}
		},
		{
			"from": [5.75, 13.75, 4.5],
			"to": [10.75, 21.25, 5],
			"faces": {
				"north": {"uv": [0, 0, 5, 7.5], "texture": "#0"},
				"east": {"uv": [0, 0, 0.5, 7.5], "texture": "#0"},
				"south": {"uv": [0, 0, 5, 7.5], "texture": "#0"},
				"west": {"uv": [0, 0, 0.5, 7.5], "texture": "#0"},
				"up": {"uv": [0, 0, 5, 0.5], "texture": "#0"},
				"down": {"uv": [0, 0, 5, 0.5], "texture": "#0"}
			}
		},
		{
			"from": [12, 13.75, 5.5],
			"to": [13, 20.75, 11],
			"faces": {
				"north": {"uv": [0, 0, 1, 7], "texture": "#0"},
				"east": {"uv": [0, 0, 5.5, 7], "texture": "#0"},
				"south": {"uv": [0, 0, 1, 7], "texture": "#0"},
				"west": {"uv": [0, 0, 5.5, 7], "texture": "#0"},
				"up": {"uv": [0, 0, 1, 5.5], "texture": "#0"},
				"down": {"uv": [0, 0, 1, 5.5], "texture": "#0"}
			}
		}
	],
	"display": {
		"thirdperson_righthand": {
			"scale": [0, 0, 0]
		},
		"thirdperson_lefthand": {
			"rotation": [67, -180, -6],
			"translation": [0, 12.75, -11.25],
			"scale": [0, 0, 0]
		},
		"firstperson_righthand": {
			"rotation": [13, -180, -18],
			"translation": [-0.75, -0.75, -11.5],
			"scale": [1, 1.4, 1]
		},
		"firstperson_lefthand": {
			"rotation": [13, -180, -18],
			"translation": [-0.75, -0.75, -11.5],
			"scale": [1, 1.4, 1]
		},
		"gui": {
			"rotation": [0, 120, 0],
			"scale": [0, 0, 0]
		},
		"head": {
			"translation": [0, -31.25, 0],
			"scale": [1.3, 1.7, 1.3]
		},
		"fixed": {
			"translation": [0, -0.75, 0],
			"scale": [1, 1.4, 1]
		}
	},
	"groups": [0,
		{
			"name": "group",
			"origin": [8, 24.375, 6.75],
			"children": [1, 2, 3, 4, 5, 6, 7, 8, 9, 10, 11, 12, 13, 14, 15, 16, 17, 18, 19, 20, 21, 22, 23, 24, 25, 26, 27, 28, 29, 30, 31, 32, 33, 34, 35, 36, 37, 38]
		},
		{
			"name": "group",
			"origin": [8, 8, 8],
			"children": [39, 40, 41, 42, 43, 44, 45, 46, 47, 48, 49, 50, 51]
		},
		{
			"name": "group",
			"origin": [8, 8, 8],
			"children": [52,
				{
					"name": "group",
					"origin": [0.90385, 15.93269, 0.76923],
					"children": []
				},
				{
					"name": "group",
					"origin": [0.90385, 15.93269, 0.76923],
					"children": [
						{
							"name": "group",
							"origin": [1.49808, 8.62156, -8.52724],
							"children": [53, 54, 55, 56,
								{
									"name": "group",
									"origin": [1.49808, 7.37156, -8.36474],
									"children": [57, 58, 59, 60,
										{
											"name": "group",
											"origin": [-0.08526, 8.42989, -8.66891],
											"children": [61, 62, 63, 64]
										}
									]
								}
							]
						},
						{
							"name": "group",
							"origin": [2.17308, 9.81757, -6.57161],
							"children": [65, 66, 67, 68]
						}, 69, 70, 71, 72, 73, 74, 75, 76]
				},
				{
					"name": "group",
					"origin": [2.17308, 10.46757, -6.22161],
					"children": []
				}, 77, 78, 79, 80, 81, 82, 83, 84, 85, 86, 87, 88]
		},
		{
			"name": "group",
			"origin": [8, 8, 8],
			"children": [89, 90, 91, 92, 93, 94, 95, 96, 97, 98, 99, 100, 101, 102]
		},
		{
			"name": "group",
			"origin": [8, 24.375, 6.75],
			"children": []
		}
	]
}