{
	"credit": "Made by MILENARY",
	"textures": {
		"1": "block/g_cloth_2",
		"4": "block/culpture_in",
		"particle": "block/culpture_in"
	},
	"elements": [
		{
			"from": [6.82692, 8.20898, 2.62761],
			"to": [8.32692, 9.70898, 8.87761],
			"rotation": {"angle": -22.5, "axis": "x", "origin": [7.58588, 9.2759, 3.53717]},
			"faces": {
				"north": {"uv": [3, 1.5, 4.5, 0], "rotation": 90, "texture": "#1"},
				"east": {"uv": [13.25, 0, 11.75, 6.25], "rotation": 270, "texture": "#1"},
				"south": {"uv": [3, 1.5, 4.5, 0], "rotation": 90, "texture": "#1"},
				"west": {"uv": [11.5, 0, 10, 6.25], "rotation": 90, "texture": "#1"},
				"up": {"uv": [6.75, 4.25, 5.25, 10.5], "rotation": 180, "texture": "#1"},
				"down": {"uv": [7.25, 2.25, 5.75, 8.5], "texture": "#1"}
			}
		},
		{
			"from": [6.82692, 7.27673, 1.55538],
			"to": [8.82692, 8.12673, 4.55538],
			"rotation": {"angle": -45, "axis": "x", "origin": [7.54118, 7.39068, 1.48064]},
			"faces": {
				"north": {"uv": [3, 3.75, 6, 0], "rotation": 90, "texture": "#4"},
				"east": {"uv": [13, 6, 13.85, 3], "rotation": 90, "texture": "#4"},
				"south": {"uv": [3, 2, 3.85, 0], "rotation": 90, "texture": "#4"},
				"west": {"uv": [5.25, 6.25, 6, 3.25], "rotation": 270, "texture": "#4"},
				"up": {"uv": [5.75, 0, 3.75, 3], "rotation": 180, "texture": "#4"},
				"down": {"uv": [10.75, 0, 8.75, 3], "texture": "#4"}
			}
		},
		{
			"from": [8.82692, 7.57673, 1.80538],
			"to": [9.32692, 7.97673, 3.95538],
			"rotation": {"angle": -45, "axis": "x", "origin": [7.54118, 7.39068, 1.48064]},
			"faces": {
				"north": {"uv": [3, 0.5, 3.4, 0], "rotation": 90, "texture": "#4"},
				"east": {"uv": [13, 5.15, 13.4, 3], "rotation": 90, "texture": "#4"},
				"south": {"uv": [3, 0.5, 3.4, 0], "rotation": 90, "texture": "#4"},
				"west": {"uv": [8.5, 13.75, 11.5, 0.75], "rotation": 270, "texture": "#4"},
				"up": {"uv": [4.25, 0, 3.75, 2.15], "rotation": 180, "texture": "#4"},
				"down": {"uv": [4.25, 0, 3.75, 2.15], "texture": "#4"}
			}
		},
		{
			"from": [8.02692, 7.60509, 0.62086],
			"to": [8.67692, 8.20509, 1.57086],
			"rotation": {"angle": 0, "axis": "x", "origin": [7.54118, 7.39068, 1.48064]},
			"faces": {
				"north": {"uv": [3.75, 3.5, 4.25, 2.75], "rotation": 90, "texture": "#4"},
				"east": {"uv": [4.5, 3, 5, 2], "rotation": 90, "texture": "#4"},
				"south": {"uv": [3, 3.75, 6, 0], "rotation": 90, "texture": "#4"},
				"west": {"uv": [8.5, 13.75, 11.5, 0.75], "rotation": 270, "texture": "#4"},
				"up": {"uv": [4.5, 3, 3.75, 4], "rotation": 180, "texture": "#4"},
				"down": {"uv": [4.4, 0, 3.75, 0.95], "texture": "#4"}
			}
		},
		{
			"from": [8.87692, 7.20509, 0.9398],
			"to": [9.27692, 8.05509, 1.3398],
			"rotation": {"angle": 0, "axis": "x", "origin": [7.54118, 7.39068, 1.48064]},
			"faces": {
				"north": {"uv": [4.5, 2, 4, 2.75], "texture": "#4"},
				"east": {"uv": [13.4, 3, 13, 3.85], "texture": "#4"},
				"south": {"uv": [4.15, 0, 3.75, 0.85], "texture": "#4"},
				"west": {"uv": [11.5, 0.75, 8.5, 13.75], "texture": "#4"},
				"up": {"uv": [3, 3, 3.5, 2.5], "rotation": 90, "texture": "#4"},
				"down": {"uv": [3.75, 3, 4.25, 2.5], "rotation": 270, "texture": "#4"}
			}
		},
		{
			"from": [8.87692, 7.88442, 1.14576],
			"to": [9.42692, 8.28442, 1.54576],
			"rotation": {"angle": 0, "axis": "x", "origin": [7.54118, 7.39068, 1.48064]},
			"faces": {
				"north": {"uv": [3.5, 3, 4, 2.5], "rotation": 90, "texture": "#4"},
				"east": {"uv": [13, 3.4, 13.4, 3], "rotation": 90, "texture": "#4"},
				"south": {"uv": [3, 3.75, 6, 0], "rotation": 90, "texture": "#4"},
				"west": {"uv": [8.5, 13.75, 11.5, 0.75], "rotation": 270, "texture": "#4"},
				"up": {"uv": [4.75, 2.75, 4.25, 3.25], "rotation": 180, "texture": "#4"},
				"down": {"uv": [4.3, 0, 3.75, 0.4], "texture": "#4"}
			}
		},
		{
			"from": [8.97692, 6.41687, 1.12641],
			"to": [9.17692, 7.06687, 1.27641],
			"rotation": {"angle": -22.5, "axis": "x", "origin": [7.54118, 7.39068, 1.48064]},
			"faces": {
				"north": {"uv": [12, 3.75, 11.75, 4.6], "texture": "#4"},
				"east": {"uv": [16, 3, 13, 16], "texture": "#4"},
				"south": {"uv": [7.5, 0, 3.75, 13], "texture": "#4"},
				"west": {"uv": [11.5, 0.75, 8.5, 13.75], "texture": "#4"},
				"up": {"uv": [3, 3.75, 6, 0], "rotation": 90, "texture": "#4"},
				"down": {"uv": [3, 3.75, 6, 0], "rotation": 270, "texture": "#4"}
			}
		},
		{
			"from": [8.92692, 7.06687, 1.12641],
			"to": [9.22692, 7.41687, 1.27641],
			"rotation": {"angle": -22.5, "axis": "x", "origin": [7.54118, 7.39068, 1.48064]},
			"faces": {
				"north": {"uv": [12, 3.75, 11.75, 4.6], "texture": "#4"},
				"east": {"uv": [16, 3, 13, 16], "texture": "#4"},
				"south": {"uv": [7.5, 0, 3.75, 13], "texture": "#4"},
				"west": {"uv": [11.5, 0.75, 8.5, 13.75], "texture": "#4"},
				"up": {"uv": [3, 3.75, 6, 0], "rotation": 90, "texture": "#4"},
				"down": {"uv": [3, 3.75, 6, 0], "rotation": 270, "texture": "#4"}
			}
		},
		{
			"from": [8.22692, 5.73176, 0.40934],
			"to": [8.47692, 6.58176, 0.60934],
			"rotation": {"angle": -22.5, "axis": "x", "origin": [8.33525, 6.82363, 0.61251]},
			"faces": {
				"north": {"uv": [12, 3.75, 11.75, 4.6], "texture": "#4"},
				"east": {"uv": [13, 16, 16, 3], "rotation": 180, "texture": "#4"},
				"south": {"uv": [7.5, 0, 3.75, 13], "texture": "#4"},
				"west": {"uv": [8.5, 13.75, 11.5, 0.75], "rotation": 180, "texture": "#4"},
				"up": {"uv": [3, 3.75, 6, 0], "rotation": 90, "texture": "#4"},
				"down": {"uv": [3, 3.75, 6, 0], "rotation": 270, "texture": "#4"}
			}
		},
		{
			"from": [8.12692, 6.58176, 0.40934],
			"to": [8.57692, 7.23176, 0.65934],
			"rotation": {"angle": -22.5, "axis": "x", "origin": [8.33525, 6.82363, 0.61251]},
			"faces": {
				"north": {"uv": [12, 3.75, 11.75, 4.6], "texture": "#4"},
				"east": {"uv": [13, 16, 16, 3], "rotation": 180, "texture": "#4"},
				"south": {"uv": [7.5, 0, 3.75, 13], "texture": "#4"},
				"west": {"uv": [8.5, 13.75, 11.5, 0.75], "rotation": 180, "texture": "#4"},
				"up": {"uv": [3, 3.75, 6, 0], "rotation": 90, "texture": "#4"},
				"down": {"uv": [3, 3.75, 6, 0], "rotation": 270, "texture": "#4"}
			}
		},
		{
			"from": [7.97692, 6.83961, 0.02797],
			"to": [8.62692, 7.88961, 0.62797],
			"rotation": {"angle": 22.5, "axis": "x", "origin": [8.33525, 6.82363, 0.61251]},
			"faces": {
				"north": {"uv": [3.25, 2.5, 2.5, 3.5], "texture": "#4"},
				"east": {"uv": [6.25, 2.75, 5.75, 3.75], "texture": "#4"},
				"south": {"uv": [4.4, 0, 3.75, 1.05], "texture": "#4"},
				"west": {"uv": [11.5, 0.75, 8.5, 13.75], "texture": "#4"},
				"up": {"uv": [3, 3.75, 6, 0], "rotation": 90, "texture": "#4"},
				"down": {"uv": [4.25, 3, 4.75, 2.25], "rotation": 270, "texture": "#4"}
			}
		},
		{
			"from": [7.27692, 7.30284, 0.82515],
			"to": [7.92692, 7.90284, 2.47515],
			"rotation": {"angle": -22.5, "axis": "x", "origin": [7.58942, 7.01226, 0.38363]},
			"faces": {
				"north": {"uv": [2.5, 2.75, 3, 2], "rotation": 90, "texture": "#4"},
				"east": {"uv": [13, 16, 16, 3], "rotation": 90, "texture": "#4"},
				"south": {"uv": [3, 3.75, 6, 0], "rotation": 90, "texture": "#4"},
				"west": {"uv": [4, 3.5, 4.5, 1.75], "rotation": 270, "texture": "#4"},
				"up": {"uv": [4, 2, 3.25, 3.75], "rotation": 180, "texture": "#4"},
				"down": {"uv": [4.4, 0, 3.75, 1.65], "texture": "#4"}
			}
		},
		{
			"from": [7.22692, 6.67047, -0.43109],
			"to": [7.87692, 7.97047, 0.16891],
			"rotation": {"angle": 22.5, "axis": "x", "origin": [7.58525, 6.66883, 0.06893]},
			"faces": {
				"north": {"uv": [4, 2, 3.25, 3.25], "texture": "#4"},
				"east": {"uv": [13, 4.75, 13.5, 3.5], "rotation": 180, "texture": "#4"},
				"south": {"uv": [4.4, 0, 3.75, 1.3], "texture": "#4"},
				"west": {"uv": [3.25, 3.25, 3.75, 2], "rotation": 180, "texture": "#4"},
				"up": {"uv": [2.75, 3, 3.25, 2.25], "rotation": 90, "texture": "#4"},
				"down": {"uv": [3.25, 4, 3.75, 3.25], "rotation": 270, "texture": "#4"}
			}
		},
		{
			"from": [6.37692, 6.44503, 0.16059],
			"to": [7.02692, 7.69503, 0.76059],
			"rotation": {"angle": 22.5, "axis": "x", "origin": [6.73525, 6.32001, 0.46892]},
			"faces": {
				"north": {"uv": [4.25, 1.5, 3.5, 2.75], "texture": "#4"},
				"east": {"uv": [13.6, 3, 13, 4.25], "texture": "#4"},
				"south": {"uv": [4.4, 0, 3.75, 1.25], "texture": "#4"},
				"west": {"uv": [6.6, 1.75, 6, 3], "texture": "#4"},
				"up": {"uv": [4, 1.75, 4.5, 1], "rotation": 90, "texture": "#4"},
				"down": {"uv": [3, 0.65, 3.6, 0], "rotation": 270, "texture": "#4"}
			}
		},
		{
			"from": [7.47692, 5.65175, -0.30632],
			"to": [7.72692, 6.50175, -0.10632],
			"rotation": {"angle": -45, "axis": "x", "origin": [7.58525, 6.66883, 0.06893]},
			"faces": {
				"north": {"uv": [12, 3.75, 11.75, 4.6], "texture": "#4"},
				"east": {"uv": [16, 3, 13, 16], "texture": "#4"},
				"south": {"uv": [7.5, 0, 3.75, 13], "texture": "#4"},
				"west": {"uv": [11.5, 0.75, 8.5, 13.75], "texture": "#4"},
				"up": {"uv": [3, 3.75, 6, 0], "rotation": 90, "texture": "#4"},
				"down": {"uv": [3, 3.75, 6, 0], "rotation": 270, "texture": "#4"}
			}
		},
		{
			"from": [7.37692, 6.50175, -0.30632],
			"to": [7.82692, 7.15175, -0.05632],
			"rotation": {"angle": -45, "axis": "x", "origin": [7.58525, 6.66883, 0.06893]},
			"faces": {
				"north": {"uv": [12, 3.75, 11.75, 4.6], "texture": "#4"},
				"east": {"uv": [16, 3, 13, 16], "texture": "#4"},
				"south": {"uv": [7.5, 0, 3.75, 13], "texture": "#4"},
				"west": {"uv": [11.5, 0.75, 8.5, 13.75], "texture": "#4"},
				"up": {"uv": [3, 3.75, 6, 0], "rotation": 90, "texture": "#4"},
				"down": {"uv": [3, 3.75, 6, 0], "rotation": 270, "texture": "#4"}
			}
		},
		{
			"from": [6.52692, 6.02196, 0.21676],
			"to": [6.97692, 6.67196, 0.46676],
			"rotation": {"angle": 0, "axis": "x", "origin": [6.73525, 6.32001, 0.46892]},
			"faces": {
				"north": {"uv": [12, 3.75, 11.75, 4.6], "texture": "#4"},
				"east": {"uv": [16, 3, 13, 16], "texture": "#4"},
				"south": {"uv": [7.5, 0, 3.75, 13], "texture": "#4"},
				"west": {"uv": [11.5, 0.75, 8.5, 13.75], "texture": "#4"},
				"up": {"uv": [3, 3.75, 6, 0], "rotation": 90, "texture": "#4"},
				"down": {"uv": [3, 3.75, 6, 0], "rotation": 270, "texture": "#4"}
			}
		},
		{
			"from": [6.62692, 5.17196, 0.21676],
			"to": [6.87692, 6.02196, 0.41676],
			"rotation": {"angle": 0, "axis": "x", "origin": [6.73525, 6.32001, 0.46892]},
			"faces": {
				"north": {"uv": [12, 3.75, 11.75, 4.6], "texture": "#4"},
				"east": {"uv": [16, 3, 13, 16], "texture": "#4"},
				"south": {"uv": [7.5, 0, 3.75, 13], "texture": "#4"},
				"west": {"uv": [11.5, 0.75, 8.5, 13.75], "texture": "#4"},
				"up": {"uv": [3, 3.75, 6, 0], "rotation": 90, "texture": "#4"},
				"down": {"uv": [3, 3.75, 6, 0], "rotation": 270, "texture": "#4"}
			}
		},
		{
			"from": [6.42692, 7.03768, 0.77564],
			"to": [7.07692, 8.53768, 1.37564],
			"rotation": {"angle": 22.5, "axis": "x", "origin": [7.54118, 7.39068, 1.23064]},
			"faces": {
				"north": {"uv": [4.5, 1.75, 3.75, 3.25], "texture": "#4"},
				"east": {"uv": [11.75, 4.75, 12.25, 3.25], "rotation": 180, "texture": "#4"},
				"south": {"uv": [4.4, 0, 3.75, 1.5], "texture": "#4"},
				"west": {"uv": [3, 3.25, 3.5, 1.75], "rotation": 180, "texture": "#4"},
				"up": {"uv": [3.75, 3.75, 4.25, 3], "rotation": 90, "texture": "#4"},
				"down": {"uv": [3, 0.65, 3.6, 0], "rotation": 270, "texture": "#4"}
			}
		},
		{
			"from": [6.12692, 7.27673, 2.30538],
			"to": [6.82692, 8.07673, 4.55538],
			"rotation": {"angle": -45, "axis": "x", "origin": [7.54118, 7.39068, 1.48064]},
			"faces": {
				"north": {"uv": [3, 3.75, 6, 0], "rotation": 90, "texture": "#4"},
				"east": {"uv": [13, 16, 16, 3], "rotation": 90, "texture": "#4"},
				"south": {"uv": [3, 0.7, 3.8, 0], "rotation": 90, "texture": "#4"},
				"west": {"uv": [5.5, 3.25, 6.25, 1], "rotation": 270, "texture": "#4"},
				"up": {"uv": [4.45, 0, 3.75, 2.25], "rotation": 180, "texture": "#4"},
				"down": {"uv": [4.45, 0, 3.75, 2.25], "texture": "#4"}
			}
		},
		{
			"from": [5.37692, 8.31311, 1.87973],
			"to": [5.87692, 9.21311, 2.37973],
			"rotation": {"angle": 22.5, "axis": "x", "origin": [7.54118, 7.39068, 1.48064]},
			"faces": {
				"north": {"uv": [3, 0.5, 3.9, 0], "rotation": 270, "texture": "#4"},
				"east": {"uv": [16, 3, 13, 16], "rotation": 90, "texture": "#4"},
				"south": {"uv": [3, 0.5, 3.9, 0], "rotation": 270, "texture": "#4"},
				"west": {"uv": [9.4, 0.75, 8.5, 1.25], "rotation": 270, "texture": "#4"},
				"up": {"uv": [4.25, 0, 3.75, 0.5], "texture": "#4"},
				"down": {"uv": [4.25, 0, 3.75, 0.5], "rotation": 180, "texture": "#4"}
			}
		},
		{
			"from": [5.50436, 7.57037, 2.08723],
			"to": [5.80436, 8.32037, 2.28723],
			"rotation": {"angle": 0, "axis": "x", "origin": [7.54118, 7.39068, 1.48064]},
			"faces": {
				"north": {"uv": [11.75, 4.6, 12, 3.75], "rotation": 270, "texture": "#4"},
				"east": {"uv": [13, 16, 16, 3], "rotation": 270, "texture": "#4"},
				"south": {"uv": [3, 3.75, 6, 0], "rotation": 270, "texture": "#4"},
				"west": {"uv": [8.5, 13.75, 11.5, 0.75], "rotation": 90, "texture": "#4"},
				"up": {"uv": [7.5, 0, 3.75, 13], "texture": "#4"},
				"down": {"uv": [7.5, 0, 3.75, 13], "rotation": 180, "texture": "#4"}
			}
		},
		{
			"from": [5.55436, 6.67037, 2.08723],
			"to": [5.70436, 7.57037, 2.28723],
			"rotation": {"angle": 0, "axis": "x", "origin": [7.54118, 7.39068, 1.48064]},
			"faces": {
				"north": {"uv": [11.75, 4.6, 12, 3.75], "rotation": 270, "texture": "#4"},
				"east": {"uv": [13, 16, 16, 3], "rotation": 270, "texture": "#4"},
				"south": {"uv": [3, 3.75, 6, 0], "rotation": 270, "texture": "#4"},
				"west": {"uv": [8.5, 13.75, 11.5, 0.75], "rotation": 90, "texture": "#4"},
				"up": {"uv": [7.5, 0, 3.75, 13], "texture": "#4"},
				"down": {"uv": [7.5, 0, 3.75, 13], "rotation": 180, "texture": "#4"}
			}
		},
		{
			"from": [5.80013, 8.525, 2.68258],
			"to": [6.15013, 9.525, 3.23258],
			"rotation": {"angle": 0, "axis": "x", "origin": [7.54118, 7.39068, 1.48064]},
			"faces": {
				"north": {"uv": [4.1, 0, 3.75, 1], "texture": "#4"},
				"east": {"uv": [16, 3, 13, 16], "texture": "#4"},
				"south": {"uv": [4.1, 0, 3.75, 1], "texture": "#4"},
				"west": {"uv": [9.05, 0.75, 8.5, 1.75], "texture": "#4"},
				"up": {"uv": [3, 0.35, 3.55, 0], "rotation": 90, "texture": "#4"},
				"down": {"uv": [3, 3.75, 6, 0], "rotation": 270, "texture": "#4"}
			}
		}
	],
	"display": {
		"thirdperson_righthand": {
			"scale": [0, 0, 0]
		},
		"thirdperson_lefthand": {
			"scale": [0, 0, 0]
		},
		"firstperson_righthand": {
			"rotation": [68, -21, 24],
			"translation": [-21.75, -4.25, 0],
			"scale": [2, 2, 2]
		},
		"firstperson_lefthand": {
			"rotation": [62, -20, 14],
			"translation": [-21.75, -5.75, 0],
			"scale": [2, 2, 2]
		},
		"gui": {
			"rotation": [0, 120, 0],
			"scale": [0, 0, 0]
		},
		"head": {
			"translation": [0, -31.25, 0],
			"scale": [1.3, 1.7, 1.3]
		},
		"fixed": {
			"translation": [0, -0.75, 0],
			"scale": [1, 1.4, 1]
		}
	},
	"groups": [
		{
			"name": "group",
			"origin": [8, 8, 8],
			"children": [
				{
					"name": "group",
					"origin": [0.90385, 15.93269, 0.76923],
					"children": [
						{
							"name": "group",
							"origin": [1.49808, 8.62156, -8.52724],
							"children": [
								{
									"name": "group",
									"origin": [1.49808, 7.37156, -8.36474],
									"children": [
										{
											"name": "group",
											"origin": [-0.08526, 8.42989, -8.66891],
											"children": []
										}
									]
								}
							]
						},
						{
							"name": "group",
							"origin": [2.17308, 9.81757, -6.57161],
							"children": [
								{
									"name": "group",
									"origin": [13.97025, 6.19716, -5.59173],
									"children": [0, 1, 2, 3, 4, 5, 6, 7, 8, 9, 10, 11, 12, 13, 14, 15, 16, 17, 18, 19, 20, 21,
										{
											"name": "group",
											"origin": [14.08588, 13.10567, -6.26516],
											"children": []
										}, 22, 23]
								},
								{
									"name": "group",
									"origin": [8, -3.75, 8],
									"children": []
								},
								{
									"name": "group",
									"origin": [8.25, 18.17584, 2.10323],
									"children": []
								},
								{
									"name": "group",
									"origin": [8.25, 18.17584, 2.10323],
									"children": []
								}
							]
						}
					]
				}
			]
		}
	]
}