{
	"credit": "Made by MILENARY",
	"textures": {
		"2": "block/g_cloth_2",
		"3": "block/g_nail"
	},
	"elements": [
		{
			"from": [7.67308, 8.20898, 2.62761],
			"to": [9.17308, 9.70898, 8.87761],
			"rotation": {"angle": -22.5, "axis": "x", "origin": [8.41412, 9.2759, 3.53717]},
			"faces": {
				"north": {"uv": [6, 0, 7.5, 1.5], "rotation": 90, "texture": "#2"},
				"east": {"uv": [9, 6.75, 7.5, 0.5], "rotation": 90, "texture": "#2"},
				"south": {"uv": [3, 0, 6, 3.75], "rotation": 90, "texture": "#2"},
				"west": {"uv": [10, 8, 8.5, 1.75], "rotation": 270, "texture": "#2"},
				"up": {"uv": [3.75, 0, 5.25, 6.25], "rotation": 180, "texture": "#2"},
				"down": {"uv": [4.5, 1.5, 6, 7.75], "texture": "#2"}
			}
		},
		{
			"from": [7.17308, 7.27673, 1.55538],
			"to": [9.17308, 8.12673, 4.55538],
			"rotation": {"angle": -45, "axis": "x", "origin": [8.45882, 7.39068, 1.48064]},
			"faces": {
				"north": {"uv": [2.75, 1.75, 3.5, 3.75], "rotation": 90, "texture": "#2"},
				"east": {"uv": [8.5, 0.75, 9.35, 3.75], "rotation": 270, "texture": "#2"},
				"south": {"uv": [3.5, 1.25, 4.35, 3.25], "rotation": 90, "texture": "#2"},
				"west": {"uv": [6, 0.5, 6.75, 3.5], "rotation": 90, "texture": "#2"},
				"up": {"uv": [4.75, 0.75, 6.75, 3.75], "rotation": 180, "texture": "#2"},
				"down": {"uv": [2.75, 0, 4.75, 3], "texture": "#2"}
			}
		},
		{
			"from": [6.67308, 7.57673, 1.80538],
			"to": [7.17308, 7.97673, 3.95538],
			"rotation": {"angle": -45, "axis": "x", "origin": [8.45882, 7.39068, 1.48064]},
			"faces": {
				"north": {"uv": [3, 1.25, 3.5, 1.75], "rotation": 90, "texture": "#2"},
				"east": {"uv": [8.5, 0.75, 11.5, 13.75], "rotation": 270, "texture": "#2"},
				"south": {"uv": [2.25, 1.5, 2.75, 2], "rotation": 90, "texture": "#2"},
				"west": {"uv": [12.75, 2.75, 13.25, 5], "rotation": 90, "texture": "#2"},
				"up": {"uv": [3.75, 0, 4.25, 2.15], "rotation": 180, "texture": "#2"},
				"down": {"uv": [3.75, 0, 4.25, 2.15], "texture": "#2"}
			}
		},
		{
			"from": [7.32308, 7.60509, 0.62086],
			"to": [7.97308, 8.20509, 1.57086],
			"rotation": {"angle": 0, "axis": "x", "origin": [8.45882, 7.39068, 1.48064]},
			"faces": {
				"north": {"uv": [3.75, 1, 4.25, 1.75], "rotation": 90, "texture": "#2"},
				"east": {"uv": [8.5, 0.75, 11.5, 13.75], "rotation": 270, "texture": "#2"},
				"south": {"uv": [3, 0, 6, 3.75], "rotation": 90, "texture": "#2"},
				"west": {"uv": [13, 3, 13.6, 3.95], "rotation": 90, "texture": "#2"},
				"up": {"uv": [4, 1.25, 4.75, 2.25], "rotation": 180, "texture": "#2"},
				"down": {"uv": [3.75, 1, 4.5, 2], "texture": "#2"}
			}
		},
		{
			"from": [6.72308, 7.20509, 0.9398],
			"to": [7.12308, 8.05509, 1.3398],
			"rotation": {"angle": 0, "axis": "x", "origin": [8.45882, 7.39068, 1.48064]},
			"faces": {
				"north": {"uv": [4.5, 0.75, 4.9, 1.6], "texture": "#2"},
				"east": {"uv": [8.5, 0.75, 8.9, 1.6], "texture": "#2"},
				"south": {"uv": [3, 1.25, 3.5, 2], "texture": "#2"},
				"west": {"uv": [13, 3, 13.4, 3.85], "texture": "#2"},
				"up": {"uv": [3, 0, 3.4, 0.4], "rotation": 90, "texture": "#2"},
				"down": {"uv": [2.75, 2.75, 3.25, 3.25], "rotation": 270, "texture": "#2"}
			}
		},
		{
			"from": [6.57308, 7.88442, 1.14576],
			"to": [7.12308, 8.28442, 1.54576],
			"rotation": {"angle": 0, "axis": "x", "origin": [8.45882, 7.39068, 1.48064]},
			"faces": {
				"north": {"uv": [5.5, 0.75, 6, 1.25], "rotation": 90, "texture": "#2"},
				"east": {"uv": [8.5, 0.75, 11.5, 13.75], "rotation": 270, "texture": "#2"},
				"south": {"uv": [3, 0, 6, 3.75], "rotation": 90, "texture": "#2"},
				"west": {"uv": [13, 3, 13.4, 3.4], "rotation": 90, "texture": "#2"},
				"up": {"uv": [4.25, 1.25, 4.75, 1.75], "rotation": 180, "texture": "#2"},
				"down": {"uv": [3.75, 0, 4.3, 0.4], "texture": "#2"}
			}
		},
		{
			"from": [6.82308, 6.41687, 1.12641],
			"to": [7.02308, 7.06687, 1.27641],
			"rotation": {"angle": -22.5, "axis": "x", "origin": [8.45882, 7.39068, 1.48064]},
			"faces": {
				"north": {"uv": [11.75, 3.75, 12, 4.6], "texture": "#3"},
				"east": {"uv": [8.5, 0.75, 11.5, 13.75], "texture": "#3"},
				"south": {"uv": [3.75, 0, 7.5, 13], "texture": "#3"},
				"west": {"uv": [13, 3, 16, 16], "texture": "#3"},
				"up": {"uv": [3, 0, 6, 3.75], "rotation": 90, "texture": "#3"},
				"down": {"uv": [3, 0, 6, 3.75], "rotation": 270, "texture": "#3"}
			}
		},
		{
			"from": [6.77308, 7.06687, 1.12641],
			"to": [7.07308, 7.41687, 1.27641],
			"rotation": {"angle": -22.5, "axis": "x", "origin": [8.45882, 7.39068, 1.48064]},
			"faces": {
				"north": {"uv": [11.75, 3.75, 12, 4.6], "texture": "#3"},
				"east": {"uv": [8.5, 0.75, 11.5, 13.75], "texture": "#3"},
				"south": {"uv": [3.75, 0, 7.5, 13], "texture": "#3"},
				"west": {"uv": [13, 3, 16, 16], "texture": "#3"},
				"up": {"uv": [3, 0, 6, 3.75], "rotation": 90, "texture": "#3"},
				"down": {"uv": [3, 0, 6, 3.75], "rotation": 270, "texture": "#3"}
			}
		},
		{
			"from": [7.52308, 6.59064, 1.10478],
			"to": [7.77308, 6.79064, 1.95478],
			"rotation": {"angle": 0, "axis": "x", "origin": [8.45882, 7.39068, 1.48064]},
			"faces": {
				"north": {"uv": [3, 0, 6, 3.75], "rotation": 270, "texture": "#3"},
				"east": {"uv": [8.5, 0.75, 11.5, 13.75], "rotation": 90, "texture": "#3"},
				"south": {"uv": [3, 0, 6, 3.75], "rotation": 270, "texture": "#3"},
				"west": {"uv": [13, 3, 16, 16], "rotation": 270, "texture": "#3"},
				"up": {"uv": [3.75, 0, 7.5, 13], "texture": "#3"},
				"down": {"uv": [11.75, 3.75, 12, 4.6], "rotation": 180, "texture": "#3"}
			}
		},
		{
			"from": [7.42308, 6.59064, 0.45478],
			"to": [7.87308, 6.84064, 1.10478],
			"rotation": {"angle": 0, "axis": "x", "origin": [8.45882, 7.39068, 1.48064]},
			"faces": {
				"north": {"uv": [3, 0, 6, 3.75], "rotation": 270, "texture": "#3"},
				"east": {"uv": [8.5, 0.75, 11.5, 13.75], "rotation": 90, "texture": "#3"},
				"south": {"uv": [3, 0, 6, 3.75], "rotation": 270, "texture": "#3"},
				"west": {"uv": [13, 3, 16, 16], "rotation": 270, "texture": "#3"},
				"up": {"uv": [3.75, 0, 7.5, 13], "texture": "#3"},
				"down": {"uv": [11.75, 3.75, 12, 4.6], "rotation": 180, "texture": "#3"}
			}
		},
		{
			"from": [7.37308, 6.83961, 0.42797],
			"to": [8.02308, 7.88961, 1.02797],
			"rotation": {"angle": 0, "axis": "x", "origin": [8.45882, 7.39068, 1.48064]},
			"faces": {
				"north": {"uv": [3.75, 1.5, 4.5, 2.5], "texture": "#2"},
				"east": {"uv": [6.75, 1, 7.25, 2], "texture": "#2"},
				"south": {"uv": [3.75, 1.75, 4.5, 2.75], "texture": "#2"},
				"west": {"uv": [13, 3, 13.6, 4.05], "texture": "#2"},
				"up": {"uv": [3, 0, 3.6, 0.65], "rotation": 90, "texture": "#2"},
				"down": {"uv": [15.5, 6, 16, 6.75], "rotation": 270, "texture": "#2"}
			}
		},
		{
			"from": [8.07308, 7.83583, 0.52532],
			"to": [8.72308, 8.43583, 2.17532],
			"rotation": {"angle": -45, "axis": "x", "origin": [8.45882, 7.39068, 1.48064]},
			"faces": {
				"north": {"uv": [2.5, 2.25, 3, 3], "rotation": 90, "texture": "#2"},
				"east": {"uv": [6.25, 0.75, 6.75, 2.5], "rotation": 270, "texture": "#2"},
				"south": {"uv": [2.5, 1, 3, 1.75], "rotation": 90, "texture": "#2"},
				"west": {"uv": [11.75, 1.25, 12.25, 3], "rotation": 90, "texture": "#2"},
				"up": {"uv": [3.75, 0, 4.4, 1.65], "rotation": 180, "texture": "#2"},
				"down": {"uv": [3.25, 1.75, 4, 3.5], "texture": "#2"}
			}
		},
		{
			"from": [8.12308, 5.69559, 0.32359],
			"to": [8.77308, 6.99559, 0.92359],
			"rotation": {"angle": 22.5, "axis": "x", "origin": [8.45882, 7.39068, 1.48064]},
			"faces": {
				"north": {"uv": [3.75, 1.75, 4.5, 3], "texture": "#2"},
				"east": {"uv": [5.75, 2.5, 5.25, 1.25], "rotation": 180, "texture": "#2"},
				"south": {"uv": [3.75, 2.5, 4.5, 3.75], "texture": "#2"},
				"west": {"uv": [11.25, 4.25, 10.75, 3], "rotation": 180, "texture": "#2"},
				"up": {"uv": [3, 0, 6, 3.75], "rotation": 90, "texture": "#2"},
				"down": {"uv": [3.5, 1.25, 4, 2], "rotation": 270, "texture": "#2"}
			}
		},
		{
			"from": [8.97308, 6.53101, 0.50176],
			"to": [9.62308, 7.78101, 1.10176],
			"rotation": {"angle": -22.5, "axis": "x", "origin": [8.45882, 7.39068, 1.23064]},
			"faces": {
				"north": {"uv": [3.75, 0, 4.4, 1.25], "texture": "#2"},
				"east": {"uv": [9.5, 2.75, 10, 4], "texture": "#2"},
				"south": {"uv": [4.25, 0.25, 5, 1.5], "texture": "#2"},
				"west": {"uv": [11.5, 2.25, 12, 3.5], "texture": "#2"},
				"up": {"uv": [4, 1, 4.5, 1.75], "rotation": 90, "texture": "#2"},
				"down": {"uv": [4.75, 1.25, 5.25, 2], "rotation": 270, "texture": "#2"}
			}
		},
		{
			"from": [8.27308, 6.33131, -0.71362],
			"to": [8.52308, 7.18131, -0.51362],
			"rotation": {"angle": -45, "axis": "x", "origin": [8.45882, 7.39068, 1.48064]},
			"faces": {
				"north": {"uv": [11.75, 3.75, 12, 4.6], "texture": "#3"},
				"east": {"uv": [8.5, 0.75, 11.5, 13.75], "texture": "#3"},
				"south": {"uv": [3.75, 0, 7.5, 13], "texture": "#3"},
				"west": {"uv": [13, 3, 16, 16], "texture": "#3"},
				"up": {"uv": [3, 0, 6, 3.75], "rotation": 90, "texture": "#3"},
				"down": {"uv": [3, 0, 6, 3.75], "rotation": 270, "texture": "#3"}
			}
		},
		{
			"from": [8.17308, 7.18131, -0.71362],
			"to": [8.62308, 7.83131, -0.46362],
			"rotation": {"angle": -45, "axis": "x", "origin": [8.45882, 7.39068, 1.48064]},
			"faces": {
				"north": {"uv": [11.75, 3.75, 12, 4.6], "texture": "#3"},
				"east": {"uv": [8.5, 0.75, 11.5, 13.75], "texture": "#3"},
				"south": {"uv": [3.75, 0, 7.5, 13], "texture": "#3"},
				"west": {"uv": [13, 3, 16, 16], "texture": "#3"},
				"up": {"uv": [3, 0, 6, 3.75], "rotation": 90, "texture": "#3"},
				"down": {"uv": [3, 0, 6, 3.75], "rotation": 270, "texture": "#3"}
			}
		},
		{
			"from": [9.02308, 6.34384, 0.21312],
			"to": [9.47308, 6.99384, 0.46312],
			"rotation": {"angle": -45, "axis": "x", "origin": [8.45882, 7.39068, 1.23064]},
			"faces": {
				"north": {"uv": [11.75, 3.75, 12, 4.6], "texture": "#3"},
				"east": {"uv": [8.5, 0.75, 11.5, 13.75], "texture": "#3"},
				"south": {"uv": [3.75, 0, 7.5, 13], "texture": "#3"},
				"west": {"uv": [13, 3, 16, 16], "texture": "#3"},
				"up": {"uv": [3, 0, 6, 3.75], "rotation": 90, "texture": "#3"},
				"down": {"uv": [3, 0, 6, 3.75], "rotation": 270, "texture": "#3"}
			}
		},
		{
			"from": [9.12308, 5.49384, 0.21312],
			"to": [9.37308, 6.34384, 0.41312],
			"rotation": {"angle": -45, "axis": "x", "origin": [8.45882, 7.39068, 1.23064]},
			"faces": {
				"north": {"uv": [11.75, 3.75, 12, 4.6], "texture": "#3"},
				"east": {"uv": [8.5, 0.75, 11.5, 13.75], "texture": "#3"},
				"south": {"uv": [3.75, 0, 7.5, 13], "texture": "#3"},
				"west": {"uv": [13, 3, 16, 16], "texture": "#3"},
				"up": {"uv": [3, 0, 6, 3.75], "rotation": 90, "texture": "#3"},
				"down": {"uv": [3, 0, 6, 3.75], "rotation": 270, "texture": "#3"}
			}
		},
		{
			"from": [8.92308, 7.03768, 0.77564],
			"to": [9.57308, 8.53768, 1.37564],
			"rotation": {"angle": 22.5, "axis": "x", "origin": [8.45882, 7.39068, 1.23064]},
			"faces": {
				"north": {"uv": [3.75, 0.75, 4.5, 2.25], "texture": "#2"},
				"east": {"uv": [10.5, 3.5, 10, 2], "rotation": 180, "texture": "#2"},
				"south": {"uv": [3.5, 1.5, 4.25, 3], "texture": "#2"},
				"west": {"uv": [11.75, 3.5, 11.25, 2], "rotation": 180, "texture": "#2"},
				"up": {"uv": [3, 1.5, 3.5, 2.25], "rotation": 90, "texture": "#2"},
				"down": {"uv": [3, 0, 6, 3.75], "rotation": 270, "texture": "#2"}
			}
		},
		{
			"from": [9.17308, 7.27673, 2.30538],
			"to": [9.87308, 8.07673, 4.55538],
			"rotation": {"angle": -45, "axis": "x", "origin": [8.45882, 7.39068, 1.48064]},
			"faces": {
				"north": {"uv": [5.5, 1.25, 6.25, 2], "rotation": 90, "texture": "#2"},
				"east": {"uv": [8.75, 2.25, 9.5, 4.5], "rotation": 270, "texture": "#2"},
				"south": {"uv": [4.25, 0.75, 5.05, 1.45], "rotation": 90, "texture": "#2"},
				"west": {"uv": [13, 3, 16, 16], "rotation": 90, "texture": "#2"},
				"up": {"uv": [3.75, 0, 4.45, 2.25], "rotation": 180, "texture": "#2"},
				"down": {"uv": [4, 0, 4.75, 2.25], "texture": "#2"}
			}
		},
		{
			"from": [10.12308, 8.31311, 1.87973],
			"to": [10.62308, 9.21311, 2.37973],
			"rotation": {"angle": 22.5, "axis": "x", "origin": [8.45882, 7.39068, 1.48064]},
			"faces": {
				"north": {"uv": [5.75, 1, 6.75, 1.5], "rotation": 270, "texture": "#2"},
				"east": {"uv": [7.75, 1.5, 6.75, 1], "rotation": 270, "texture": "#2"},
				"south": {"uv": [3.5, 1.5, 4.5, 2], "rotation": 270, "texture": "#2"},
				"west": {"uv": [12.5, 3.25, 11.5, 2.75], "rotation": 90, "texture": "#2"},
				"up": {"uv": [4.25, 2.75, 4.75, 3.25], "texture": "#2"},
				"down": {"uv": [4.5, 1, 5, 1.5], "rotation": 180, "texture": "#2"}
			}
		},
		{
			"from": [10.19564, 7.57037, 2.08723],
			"to": [10.49564, 8.32037, 2.28723],
			"rotation": {"angle": 0, "axis": "x", "origin": [8.45882, 7.39068, 1.48064]},
			"faces": {
				"north": {"uv": [11.75, 3.75, 12, 4.6], "rotation": 270, "texture": "#3"},
				"east": {"uv": [8.5, 0.75, 11.5, 13.75], "rotation": 90, "texture": "#3"},
				"south": {"uv": [3, 0, 6, 3.75], "rotation": 270, "texture": "#3"},
				"west": {"uv": [13, 3, 16, 16], "rotation": 270, "texture": "#3"},
				"up": {"uv": [3.75, 0, 7.5, 13], "texture": "#3"},
				"down": {"uv": [3.75, 0, 7.5, 13], "rotation": 180, "texture": "#3"}
			}
		},
		{
			"from": [10.29564, 6.67037, 2.08723],
			"to": [10.44564, 7.57037, 2.28723],
			"rotation": {"angle": 0, "axis": "x", "origin": [8.45882, 7.39068, 1.48064]},
			"faces": {
				"north": {"uv": [11.75, 3.75, 12, 4.6], "rotation": 270, "texture": "#3"},
				"east": {"uv": [8.5, 0.75, 11.5, 13.75], "rotation": 90, "texture": "#3"},
				"south": {"uv": [3, 0, 6, 3.75], "rotation": 270, "texture": "#3"},
				"west": {"uv": [13, 3, 16, 16], "rotation": 270, "texture": "#3"},
				"up": {"uv": [3.75, 0, 7.5, 13], "texture": "#3"},
				"down": {"uv": [3.75, 0, 7.5, 13], "rotation": 180, "texture": "#3"}
			}
		},
		{
			"from": [9.84987, 8.525, 2.68258],
			"to": [10.19987, 9.525, 3.23258],
			"rotation": {"angle": 0, "axis": "x", "origin": [8.45882, 7.39068, 1.48064]},
			"faces": {
				"north": {"uv": [2.75, 0, 3, 1], "texture": "#2"},
				"east": {"uv": [6.5, 0.75, 7, 1.75], "texture": "#2"},
				"south": {"uv": [4, 0.75, 4.25, 1.75], "texture": "#2"},
				"west": {"uv": [11.75, 2.25, 12.25, 3.25], "texture": "#2"},
				"up": {"uv": [4.5, 1.25, 5, 1.5], "rotation": 90, "texture": "#2"},
				"down": {"uv": [4.5, 1.75, 5.05, 2.1], "rotation": 270, "texture": "#2"}
			}
		}
	],
	"display": {
		"thirdperson_righthand": {
			"scale": [0, 0, 0]
		},
		"thirdperson_lefthand": {
			"scale": [0, 0, 0]
		},
		"firstperson_righthand": {
			"rotation": [68, -21, 24],
			"translation": [-21.75, -4.25, 0],
			"scale": [2, 2, 2]
		},
		"firstperson_lefthand": {
			"rotation": [68, -21, 24],
			"translation": [-21.75, -4.25, 0],
			"scale": [2, 2, 2]
		},
		"gui": {
			"rotation": [0, 120, 0],
			"scale": [0, 0, 0]
		},
		"head": {
			"translation": [0, -31.25, 0],
			"scale": [1.3, 1.7, 1.3]
		},
		"fixed": {
			"translation": [0, -0.75, 0],
			"scale": [1, 1.4, 1]
		}
	},
	"groups": [
		{
			"name": "group",
			"origin": [8, 8, 8],
			"children": [
				{
					"name": "group",
					"origin": [0.90385, 15.93269, 0.76923],
					"children": [
						{
							"name": "group",
							"origin": [1.49808, 8.62156, -8.52724],
							"children": [
								{
									"name": "group",
									"origin": [1.49808, 7.37156, -8.36474],
									"children": [
										{
											"name": "group",
											"origin": [-0.08526, 8.42989, -8.66891],
											"children": []
										}
									]
								}
							]
						},
						{
							"name": "group",
							"origin": [2.17308, 9.81757, -6.57161],
							"children": [
								{
									"name": "group",
									"origin": [13.97025, 6.19716, -5.59173],
									"children": [0, 1, 2, 3, 4, 5, 6, 7, 8, 9, 10, 11, 12, 13, 14, 15, 16, 17, 18, 19, 20, 21,
										{
											"name": "group",
											"origin": [14.08588, 13.10567, -6.26516],
											"children": []
										}, 22, 23]
								},
								{
									"name": "group",
									"origin": [8, -3.75, 8],
									"children": []
								},
								{
									"name": "group",
									"origin": [8.25, 18.17584, 2.10323],
									"children": []
								},
								{
									"name": "group",
									"origin": [8.25, 18.17584, 2.10323],
									"children": []
								}
							]
						}
					]
				}
			]
		}
	]
}