{
	"credit": "Made by MILENARY",
	"texture_size": [8, 8],
	"textures": {
		"0": "block/meat_2",
		"1": "block/meat_3",
		"particle": "block/meat_2"
	},
	"elements": [
		{
			"from": [0.75, 1.92678, 6.67678],
			"to": [4.75, 5.42678, 10.67678],
			"rotation": {"angle": 22.5, "axis": "x", "origin": [2.75, 3.67678, 8.67678]},
			"faces": {
				"north": {"uv": [3, 4, 13, 12], "texture": "#0"},
				"east": {"uv": [0, 7.5, 10, 15.5], "texture": "#0"},
				"south": {"uv": [1.75, 3.5, 9.75, 10.5], "texture": "#0"},
				"west": {"uv": [6, 0, 16, 8], "texture": "#0"},
				"up": {"uv": [2.75, 1.75, 10.75, 9.75], "texture": "#0"},
				"down": {"uv": [6, 0.75, 14, 8.75], "texture": "#0"}
			}
		},
		{
			"from": [1.25, 3.92678, 9.67678],
			"to": [5.25, 7.42678, 13.67678],
			"rotation": {"angle": 0, "axis": "x", "origin": [3.25, 5.67678, 11.67678]},
			"faces": {
				"north": {"uv": [3, 4, 11, 11], "texture": "#0"},
				"east": {"uv": [0, 7.5, 8, 14.5], "texture": "#0"},
				"south": {"uv": [1.75, 3.5, 9.75, 10.5], "texture": "#0"},
				"west": {"uv": [6, 0, 14, 7], "texture": "#0"},
				"up": {"uv": [2.75, 1.75, 10.75, 9.75], "texture": "#0"},
				"down": {"uv": [6, 0.75, 14, 8.75], "texture": "#0"}
			}
		},
		{
			"from": [-3.75, 8.92678, 9.67678],
			"to": [3.25, 13.42678, 13.67678],
			"rotation": {"angle": -22.5, "axis": "x", "origin": [1.25, 11.67678, 11.67678]},
			"faces": {
				"north": {"uv": [0, 3, 14, 12], "texture": "#0"},
				"east": {"uv": [4, 2, 12, 11], "texture": "#0"},
				"south": {"uv": [0, 1, 14, 10], "texture": "#0"},
				"west": {"uv": [3, 1, 11, 10], "texture": "#0"},
				"up": {"uv": [0, 3, 14, 11], "texture": "#0"},
				"down": {"uv": [0, 3, 14, 11], "texture": "#0"}
			}
		},
		{
			"from": [-7.5, 11.42678, 11.42678],
			"to": [-4, 15.17678, 16.42678],
			"rotation": {"angle": -45, "axis": "y", "origin": [-2.75, 12.17678, 15.42678]},
			"faces": {
				"north": {"uv": [4, 2, 11.5, 9], "rotation": 90, "texture": "#0"},
				"east": {"uv": [0, 3, 10, 10.5], "texture": "#0"},
				"south": {"uv": [3, 1, 10.5, 8], "rotation": 270, "texture": "#0"},
				"west": {"uv": [0, 3, 10, 10.5], "rotation": 180, "texture": "#0"},
				"up": {"uv": [0, 1, 10, 8], "rotation": 270, "texture": "#0"},
				"down": {"uv": [0, 3, 10, 10], "rotation": 270, "texture": "#0"}
			}
		},
		{
			"from": [8.25, 0.67678, 7.92678],
			"to": [12.25, 4.67678, 11.92678],
			"rotation": {"angle": -22.5, "axis": "x", "origin": [10.25, 2.67678, 9.92678]},
			"faces": {
				"north": {"uv": [3, 4, 13, 12], "texture": "#0"},
				"east": {"uv": [0, 7.5, 10, 15.5], "texture": "#0"},
				"south": {"uv": [1.75, 3.5, 11.75, 11.5], "texture": "#0"},
				"west": {"uv": [6, 0, 16, 8], "texture": "#0"},
				"up": {"uv": [2.75, 1.75, 10.75, 9.75], "texture": "#0"},
				"down": {"uv": [6, 0.75, 14, 8.75], "texture": "#0"}
			}
		},
		{
			"from": [6.5, 2.67678, 9.17678],
			"to": [10.5, 6.67678, 13.17678],
			"rotation": {"angle": 22.5, "axis": "x", "origin": [8.5, 4.67678, 11.17678]},
			"faces": {
				"north": {"uv": [3, 4, 11, 12], "texture": "#0"},
				"east": {"uv": [0, 7.5, 10, 15.5], "texture": "#0"},
				"south": {"uv": [1.75, 3.5, 11.75, 11.5], "texture": "#0"},
				"west": {"uv": [6, 0, 16, 8], "texture": "#0"},
				"up": {"uv": [2.75, 1.75, 10.75, 9.75], "texture": "#0"},
				"down": {"uv": [6, 0.75, 14, 8.75], "texture": "#0"}
			}
		},
		{
			"from": [3.75, 3.67678, 6.92678],
			"to": [7.75, 7.67678, 10.92678],
			"rotation": {"angle": -22.5, "axis": "y", "origin": [5.75, 5.67678, 8.92678]},
			"faces": {
				"north": {"uv": [0, 3, 8, 11], "texture": "#0"},
				"east": {"uv": [2, 4, 10, 12], "texture": "#0"},
				"south": {"uv": [2, 1, 10, 9], "texture": "#0"},
				"west": {"uv": [6, 4, 14, 12], "texture": "#0"},
				"up": {"uv": [3, 4, 11, 12], "texture": "#0"},
				"down": {"uv": [7, 8, 15, 16], "texture": "#0"}
			}
		},
		{
			"from": [4, 6.17678, 11.67678],
			"to": [7.25, 9.42678, 14.92678],
			"rotation": {"angle": 22.5, "axis": "x", "origin": [5.25, 8.17678, 12.92678]},
			"faces": {
				"north": {"uv": [3, 4, 13, 12], "texture": "#0"},
				"east": {"uv": [0, 7.5, 10, 15.5], "texture": "#0"},
				"south": {"uv": [1.75, 3.5, 11.75, 11.5], "texture": "#0"},
				"west": {"uv": [6, 0, 16, 8], "texture": "#0"},
				"up": {"uv": [2.75, 1.75, 9.25, 8.25], "texture": "#0"},
				"down": {"uv": [6, 0.75, 12.5, 7.25], "texture": "#0"}
			}
		},
		{
			"from": [9.75, 5.67678, 9.42678],
			"to": [13, 8.92678, 12.67678],
			"rotation": {"angle": -22.5, "axis": "x", "origin": [11, 7.67678, 11.42678]},
			"faces": {
				"north": {"uv": [3, 4, 13, 12], "rotation": 180, "texture": "#0"},
				"east": {"uv": [0, 7.5, 10, 15.5], "rotation": 180, "texture": "#0"},
				"south": {"uv": [1.75, 3.5, 11.75, 11.5], "rotation": 180, "texture": "#0"},
				"west": {"uv": [6, 0, 16, 8], "rotation": 180, "texture": "#0"},
				"up": {"uv": [2.75, 1.75, 9.25, 8.25], "rotation": 180, "texture": "#0"},
				"down": {"uv": [6, 0.75, 12.5, 7.25], "rotation": 180, "texture": "#0"}
			}
		},
		{
			"from": [7.25, 6.92678, 10.17678],
			"to": [10.5, 10.17678, 13.42678],
			"rotation": {"angle": -45, "axis": "y", "origin": [8.5, 8.92678, 11.42678]},
			"faces": {
				"north": {"uv": [3, 4, 13, 12], "texture": "#0"},
				"east": {"uv": [0, 7.5, 10, 15.5], "texture": "#0"},
				"south": {"uv": [1.75, 3.5, 11.75, 11.5], "texture": "#0"},
				"west": {"uv": [6, 0, 16, 8], "texture": "#0"},
				"up": {"uv": [2.75, 1.75, 9.25, 8.25], "texture": "#0"},
				"down": {"uv": [6, 0.75, 12.5, 7.25], "texture": "#0"}
			}
		},
		{
			"from": [10, 7.67678, 9.17678],
			"to": [14.25, 11.92678, 13.42678],
			"rotation": {"angle": 45, "axis": "x", "origin": [13, 9.67678, 11.42678]},
			"faces": {
				"north": {"uv": [0, 3, 8.5, 11.5], "rotation": 90, "texture": "#0"},
				"east": {"uv": [2, 4, 10, 12], "rotation": 90, "texture": "#0"},
				"south": {"uv": [2, 1, 10, 9], "rotation": 90, "texture": "#0"},
				"west": {"uv": [6, 4, 14, 12], "rotation": 90, "texture": "#0"},
				"up": {"uv": [3, 4, 11, 12], "rotation": 90, "texture": "#0"},
				"down": {"uv": [7, 8, 15, 16], "rotation": 90, "texture": "#0"}
			}
		},
		{
			"from": [6.25, 9.42678, 7.17678],
			"to": [10, 13.17678, 10.92678],
			"rotation": {"angle": -22.5, "axis": "x", "origin": [8.75, 11.42678, 9.42678]},
			"faces": {
				"north": {"uv": [3, 4, 13, 12], "rotation": 90, "texture": "#0"},
				"east": {"uv": [0, 7.5, 10, 15.5], "rotation": 90, "texture": "#0"},
				"south": {"uv": [1.75, 3.5, 11.75, 11.5], "rotation": 90, "texture": "#0"},
				"west": {"uv": [6, 0, 16, 8], "rotation": 90, "texture": "#0"},
				"up": {"uv": [2.75, 1.75, 10.25, 9.25], "rotation": 90, "texture": "#0"},
				"down": {"uv": [6, 0.75, 13.5, 8.25], "rotation": 90, "texture": "#0"}
			}
		},
		{
			"from": [5, 10.92678, 10.42678],
			"to": [11.75, 18.42678, 14.17678],
			"rotation": {"angle": -45, "axis": "x", "origin": [8.625, 13.05178, 12.67678]},
			"faces": {
				"north": {"uv": [0, 1, 15, 15], "rotation": 90, "texture": "#0"},
				"east": {"uv": [0, 3, 15, 11], "rotation": 90, "texture": "#0"},
				"south": {"uv": [0, 1, 15, 15], "rotation": 90, "texture": "#0"},
				"west": {"uv": [0, 3, 15, 11], "rotation": 90, "texture": "#0"},
				"up": {"uv": [2, 1, 9.5, 14.5], "rotation": 90, "texture": "#0"},
				"down": {"uv": [0, 0, 8, 14], "rotation": 90, "texture": "#0"}
			}
		},
		{
			"from": [1.5, 14.10355, 10.42678],
			"to": [7.25, 23.85355, 14.92678],
			"rotation": {"angle": 0, "axis": "x", "origin": [4.875, 16.47855, 12.67678]},
			"faces": {
				"north": {"uv": [3, 0, 15, 16], "texture": "#1"},
				"east": {"uv": [3, 0, 12, 16], "texture": "#1"},
				"south": {"uv": [0, 0, 12, 16], "texture": "#1"},
				"west": {"uv": [5, 0, 14, 16], "texture": "#1"},
				"up": {"uv": [2, 0, 14, 9], "texture": "#1"},
				"down": {"uv": [0, 5, 12, 14], "texture": "#1"}
			}
		},
		{
			"from": [2.25, 6.67678, 10.92678],
			"to": [7, 13.42678, 15.67678],
			"rotation": {"angle": 22.5, "axis": "x", "origin": [5.75, 8.67678, 13.17678]},
			"faces": {
				"north": {"uv": [0, 2, 13.5, 11.5], "rotation": 90, "texture": "#1"},
				"east": {"uv": [0, 2, 14, 12], "rotation": 90, "texture": "#1"},
				"south": {"uv": [0, 2, 14, 12], "rotation": 90, "texture": "#1"},
				"west": {"uv": [2, 2, 16, 12], "rotation": 90, "texture": "#1"},
				"up": {"uv": [2, 2, 12, 12], "rotation": 90, "texture": "#1"},
				"down": {"uv": [0, 2, 10, 12], "rotation": 90, "texture": "#1"}
			}
		},
		{
			"from": [10.25, 0.67678, 4.92678],
			"to": [14.25, 4.67678, 8.92678],
			"rotation": {"angle": 22.5, "axis": "x", "origin": [12.25, 2.67678, 6.92678]},
			"faces": {
				"north": {"uv": [3, 4, 13, 12], "texture": "#1"},
				"east": {"uv": [0, 7.5, 8, 15.5], "texture": "#1"},
				"south": {"uv": [1.75, 3.5, 11.75, 11.5], "texture": "#1"},
				"west": {"uv": [6, 0, 16, 8], "texture": "#1"},
				"up": {"uv": [2.75, 1.75, 10.75, 9.75], "texture": "#1"},
				"down": {"uv": [6, 0.75, 14, 8.75], "texture": "#1"}
			}
		},
		{
			"from": [13, -0.07322, 1.92678],
			"to": [17, 2.22678, 5.92678],
			"rotation": {"angle": -22.5, "axis": "y", "origin": [16, 2.67678, 3.92678]},
			"faces": {
				"north": {"uv": [0, 3, 8, 7.6], "rotation": 180, "texture": "#1"},
				"east": {"uv": [2, 4, 10, 8.6], "rotation": 180, "texture": "#1"},
				"south": {"uv": [2, 1, 10, 9], "rotation": 180, "texture": "#1"},
				"west": {"uv": [6, 4, 14, 12], "rotation": 180, "texture": "#1"},
				"up": {"uv": [3, 4, 11, 12], "rotation": 180, "texture": "#1"},
				"down": {"uv": [7, 8, 15, 16], "rotation": 180, "texture": "#1"}
			}
		},
		{
			"from": [12, -0.07322, -6.07322],
			"to": [16, 4.22678, 0.92678],
			"rotation": {"angle": 0, "axis": "y", "origin": [16, 2.67678, 3.92678]},
			"faces": {
				"north": {"uv": [1, 3, 9, 11.6], "rotation": 180, "texture": "#1"},
				"east": {"uv": [2, 4, 16, 12.6], "rotation": 180, "texture": "#1"},
				"south": {"uv": [2, 1, 10, 9.6], "rotation": 180, "texture": "#1"},
				"west": {"uv": [1, 4, 15, 12.6], "rotation": 180, "texture": "#1"},
				"up": {"uv": [4, 1, 12, 15], "rotation": 180, "texture": "#1"},
				"down": {"uv": [3, 2, 11, 16], "rotation": 180, "texture": "#1"}
			}
		},
		{
			"from": [14, -0.07322, -7.82322],
			"to": [18, 2.97678, -2.07322],
			"rotation": {"angle": -22.5, "axis": "x", "origin": [16, 1.32678, -4.57322]},
			"faces": {
				"north": {"uv": [0, 3, 8, 9.1], "rotation": 180, "texture": "#1"},
				"east": {"uv": [2, 4, 13.5, 10.1], "rotation": 180, "texture": "#1"},
				"south": {"uv": [2, 1, 10, 9.6], "rotation": 180, "texture": "#1"},
				"west": {"uv": [6, 4, 20, 12.6], "rotation": 180, "texture": "#1"},
				"up": {"uv": [3, 1, 11, 12.5], "rotation": 180, "texture": "#1"},
				"down": {"uv": [3, 0, 11, 12], "rotation": 180, "texture": "#1"}
			}
		},
		{
			"from": [13.25, -1.92322, -12.22322],
			"to": [17, 2.82678, -5.17322],
			"rotation": {"angle": 0, "axis": "x", "origin": [16, 1.32678, -4.57322]},
			"faces": {
				"north": {"uv": [3, 4, 10.5, 13.5], "texture": "#1"},
				"east": {"uv": [1, 0, 10.5, 14.1], "rotation": 270, "texture": "#1"},
				"south": {"uv": [5, 4, 12.5, 13.5], "rotation": 180, "texture": "#1"},
				"west": {"uv": [2, 0, 11.5, 14.1], "rotation": 90, "texture": "#1"},
				"up": {"uv": [2, 1, 9.5, 15.1], "rotation": 180, "texture": "#1"},
				"down": {"uv": [4, 0, 11.5, 14.1], "texture": "#1"}
			}
		},
		{
			"from": [-3.25, -0.57322, 4.42678],
			"to": [4.25, 2.67678, 8.17678],
			"rotation": {"angle": 0, "axis": "y", "origin": [3.25, 1.42678, -1.57322]},
			"faces": {
				"north": {"uv": [0, 2, 15, 8.5], "texture": "#0"},
				"east": {"uv": [4, 1, 11.5, 7.5], "texture": "#0"},
				"south": {"uv": [0, 5, 15, 11.5], "texture": "#0"},
				"west": {"uv": [3, 2, 10.5, 8.5], "texture": "#0"},
				"up": {"uv": [0, 3, 15, 10.5], "texture": "#0"},
				"down": {"uv": [0, 2, 15, 9.5], "texture": "#0"}
			}
		},
		{
			"from": [0.25, -0.57322, -0.57322],
			"to": [4.75, 4.67678, 4.17678],
			"rotation": {"angle": 0, "axis": "y", "origin": [3.75, 1.42678, -1.57322]},
			"faces": {
				"north": {"uv": [0, 2, 9, 12.5], "texture": "#0"},
				"east": {"uv": [4, 1, 13.5, 11.5], "texture": "#0"},
				"south": {"uv": [0, 5, 9, 15.5], "texture": "#0"},
				"west": {"uv": [3, 2, 12.5, 12.5], "texture": "#0"},
				"up": {"uv": [0, 3, 9, 12.5], "texture": "#0"},
				"down": {"uv": [0, 2, 9, 11.5], "texture": "#0"}
			}
		},
		{
			"from": [-1.75, -1.57322, -4.57322],
			"to": [3.75, 3.67678, 0.17678],
			"rotation": {"angle": 22.5, "axis": "x", "origin": [3.75, 0.42678, -0.57322]},
			"faces": {
				"north": {"uv": [1, 2, 12, 12.5], "texture": "#0"},
				"east": {"uv": [4, 1, 13.5, 11.5], "texture": "#0"},
				"south": {"uv": [0, 5, 11, 15.5], "texture": "#0"},
				"west": {"uv": [3, 2, 12.5, 12.5], "texture": "#0"},
				"up": {"uv": [0, 3, 11, 12.5], "texture": "#0"},
				"down": {"uv": [0, 2, 11, 11.5], "texture": "#0"}
			}
		},
		{
			"from": [-6.75, -1.57322, -4.57322],
			"to": [0.75, 2.67678, 0.17678],
			"rotation": {"angle": -45, "axis": "y", "origin": [3.75, 0.42678, -0.57322]},
			"faces": {
				"north": {"uv": [0, 2, 15, 10.5], "texture": "#0"},
				"east": {"uv": [3, 1, 13, 10], "texture": "#0"},
				"south": {"uv": [0, 2, 15, 11], "texture": "#0"},
				"west": {"uv": [3, 1, 13, 10], "texture": "#0"},
				"up": {"uv": [0, 1, 15, 10.5], "texture": "#0"},
				"down": {"uv": [1, 2, 16, 12], "texture": "#0"}
			}
		},
		{
			"from": [-8.5, -1.57322, -8.57322],
			"to": [-4, 0.67678, 0.17678],
			"rotation": {"angle": -45, "axis": "y", "origin": [2, 0.42678, -0.57322]},
			"faces": {
				"north": {"uv": [2, 2, 11, 7], "texture": "#0"},
				"east": {"uv": [0, 2, 16, 7], "texture": "#0"},
				"south": {"uv": [0, 2, 9, 7], "texture": "#0"},
				"west": {"uv": [0, 4, 16, 9], "texture": "#0"},
				"up": {"uv": [4, 0, 13, 16], "texture": "#0"},
				"down": {"uv": [5, 0, 14, 16], "texture": "#0"}
			}
		},
		{
			"from": [12.75, 4.17678, 7.92678],
			"to": [16.75, 8.17678, 11.92678],
			"rotation": {"angle": -22.5, "axis": "x", "origin": [14.75, 6.17678, 9.92678]},
			"faces": {
				"north": {"uv": [3, 4, 11, 12], "rotation": 180, "texture": "#0"},
				"east": {"uv": [0, 7.5, 8, 15.5], "rotation": 180, "texture": "#0"},
				"south": {"uv": [1.75, 3.5, 11.75, 11.5], "rotation": 180, "texture": "#0"},
				"west": {"uv": [6, 0, 16, 8], "rotation": 180, "texture": "#0"},
				"up": {"uv": [2.75, 1.75, 10.75, 9.75], "rotation": 180, "texture": "#0"},
				"down": {"uv": [6, 0.75, 14, 8.75], "rotation": 180, "texture": "#0"}
			}
		},
		{
			"from": [12.75, 8.17678, 5.92678],
			"to": [23.75, 12.17678, 11.92678],
			"rotation": {"angle": 45, "axis": "x", "origin": [14.75, 10.17678, 9.92678]},
			"faces": {
				"north": {"uv": [0, 4, 16, 12], "rotation": 180, "texture": "#0"},
				"east": {"uv": [3, 3, 15, 11], "rotation": 180, "texture": "#0"},
				"south": {"uv": [0, 4, 16, 12], "rotation": 180, "texture": "#0"},
				"west": {"uv": [1, 2, 13, 10], "rotation": 180, "texture": "#0"},
				"up": {"uv": [0, 2, 16, 14], "rotation": 180, "texture": "#0"},
				"down": {"uv": [0, 0, 16, 12], "rotation": 180, "texture": "#0"}
			}
		},
		{
			"from": [9.75, -0.07322, 0.92678],
			"to": [13.75, 5.22678, 5.42678],
			"rotation": {"angle": 45, "axis": "x", "origin": [11.75, 2.92678, 3.42678]},
			"faces": {
				"north": {"uv": [3, 4, 11, 14.6], "texture": "#1"},
				"east": {"uv": [0, 3, 9, 14], "texture": "#1"},
				"south": {"uv": [1.75, 3.5, 11.75, 11.5], "texture": "#1"},
				"west": {"uv": [6, 0, 15, 10.6], "texture": "#1"},
				"up": {"uv": [2.75, 1.75, 10.75, 10.75], "texture": "#1"},
				"down": {"uv": [6, 0.75, 14, 9.75], "texture": "#1"}
			}
		},
		{
			"from": [4.75, -0.07322, 2.42678],
			"to": [9.75, 4.42678, 7.72678],
			"rotation": {"angle": -22.5, "axis": "x", "origin": [7.75, 2.92678, 3.42678]},
			"faces": {
				"north": {"uv": [6, 0.75, 16, 9.75], "rotation": 180, "texture": "#1"},
				"east": {"uv": [0, 4, 9, 14.6], "rotation": 270, "texture": "#1"},
				"south": {"uv": [2.75, 1.75, 12.75, 10.75], "texture": "#1"},
				"west": {"uv": [6, 0, 15, 10.6], "rotation": 90, "texture": "#1"},
				"up": {"uv": [3, 4, 13, 14.6], "rotation": 180, "texture": "#1"},
				"down": {"uv": [1.75, 3.5, 11.75, 14.1], "texture": "#1"}
			}
		},
		{
			"from": [4.25, 0.92678, 7.67678],
			"to": [8.25, 4.42678, 11.67678],
			"rotation": {"angle": 45, "axis": "x", "origin": [6.25, 2.67678, 9.67678]},
			"faces": {
				"north": {"uv": [3, 4, 13, 12], "texture": "#0"},
				"east": {"uv": [0, 7.5, 10, 15.5], "texture": "#0"},
				"south": {"uv": [1.75, 3.5, 9.75, 10.5], "texture": "#0"},
				"west": {"uv": [6, 0, 16, 8], "texture": "#0"},
				"up": {"uv": [2.75, 1.75, 10.75, 9.75], "texture": "#0"},
				"down": {"uv": [6, 0.75, 14, 8.75], "texture": "#0"}
			}
		}
	],
	"display": {
		"head": {
			"rotation": [-180, -180, -180],
			"translation": [0, -24.5, -8.5],
			"scale": [4, 2.7, 2.5]
		}
	}
}