{
	"credit": "Made by MILENARY",
	"texture_size": [8, 8],
	"textures": {
		"0": "block/meat_2",
		"1": "block/meat_3",
		"particle": "block/meat_2"
	},
	"elements": [
		{
			"from": [2.75, -0.25, -0.5],
			"to": [7.75, 3, 4.5],
			"rotation": {"angle": 22.5, "axis": "x", "origin": [5.25, 3, 2]},
			"faces": {
				"north": {"uv": [0, 3, 10, 9.5], "texture": "#1"},
				"east": {"uv": [2, 4, 10, 12], "texture": "#1"},
				"south": {"uv": [2, 1, 10, 9], "texture": "#1"},
				"west": {"uv": [6, 4, 16, 10.5], "texture": "#1"},
				"up": {"uv": [3, 4, 11, 12], "texture": "#1"},
				"down": {"uv": [7, 8, 15, 16], "texture": "#1"}
			}
		},
		{
			"from": [5.5, 1, 1.75],
			"to": [9.5, 5, 4.75],
			"rotation": {"angle": 0, "axis": "x", "origin": [8, 3, 3.25]},
			"faces": {
				"north": {"uv": [3, 4, 13, 12], "texture": "#1"},
				"east": {"uv": [0, 7.5, 10, 15.5], "texture": "#1"},
				"south": {"uv": [1.75, 3.5, 11.75, 11.5], "texture": "#1"},
				"west": {"uv": [6, 0, 16, 8], "texture": "#1"},
				"up": {"uv": [2.75, 1.75, 10.75, 7.75], "texture": "#1"},
				"down": {"uv": [6, 0.75, 14, 6.75], "texture": "#1"}
			}
		},
		{
			"from": [3.5, 0.5, 4.5],
			"to": [7.5, 4.5, 7.5],
			"rotation": {"angle": -45, "axis": "x", "origin": [6, 2.5, 6]},
			"faces": {
				"north": {"uv": [3, 4, 13, 12], "texture": "#1"},
				"east": {"uv": [0, 7.5, 10, 15.5], "texture": "#1"},
				"south": {"uv": [1.75, 3.5, 11.75, 11.5], "texture": "#1"},
				"west": {"uv": [6, 0, 16, 8], "texture": "#1"},
				"up": {"uv": [2.75, 1.75, 10.75, 7.75], "texture": "#1"},
				"down": {"uv": [6, 0.75, 14, 6.75], "texture": "#1"}
			}
		},
		{
			"from": [1.25, 1.92678, 6.67678],
			"to": [5.25, 5.42678, 10.67678],
			"rotation": {"angle": 22.5, "axis": "x", "origin": [3.25, 3.67678, 8.67678]},
			"faces": {
				"north": {"uv": [3, 4, 13, 12], "texture": "#0"},
				"east": {"uv": [0, 7.5, 10, 15.5], "texture": "#0"},
				"south": {"uv": [1.75, 3.5, 11.75, 11.5], "texture": "#0"},
				"west": {"uv": [6, 0, 16, 8], "texture": "#0"},
				"up": {"uv": [2.75, 1.75, 10.75, 9.75], "texture": "#0"},
				"down": {"uv": [6, 0.75, 14, 8.75], "texture": "#0"}
			}
		},
		{
			"from": [-2, 3.92678, 7.67678],
			"to": [3, 8.42678, 12.67678],
			"rotation": {"angle": -45, "axis": "y", "origin": [1, 5.67678, 9.67678]},
			"faces": {
				"north": {"uv": [3, 1, 13, 10], "texture": "#0"},
				"east": {"uv": [6, 1, 16, 10], "texture": "#0"},
				"south": {"uv": [4, 7, 14, 16], "texture": "#0"},
				"west": {"uv": [0, 3, 10, 11], "texture": "#0"},
				"up": {"uv": [6, 3, 16, 13], "texture": "#0"},
				"down": {"uv": [1, 0, 11, 10], "texture": "#0"}
			}
		},
		{
			"from": [6.25, 1.67678, 4.67678],
			"to": [10.25, 5.67678, 8.92678],
			"rotation": {"angle": 0, "axis": "x", "origin": [8.25, 3.67678, 6.67678]},
			"faces": {
				"north": {"uv": [3, 1, 13, 10], "texture": "#1"},
				"east": {"uv": [6, 1, 16, 10], "texture": "#1"},
				"south": {"uv": [4, 7, 14, 16], "texture": "#1"},
				"west": {"uv": [0, 3, 10, 11], "texture": "#1"},
				"up": {"uv": [6, 3, 16, 13], "texture": "#1"},
				"down": {"uv": [1, 0, 11, 10], "texture": "#1"}
			}
		},
		{
			"from": [8.25, 0.67678, 7.92678],
			"to": [12.25, 4.67678, 11.92678],
			"rotation": {"angle": -22.5, "axis": "x", "origin": [10.25, 2.67678, 9.92678]},
			"faces": {
				"north": {"uv": [3, 4, 13, 12], "texture": "#0"},
				"east": {"uv": [0, 7.5, 10, 15.5], "texture": "#0"},
				"south": {"uv": [1.75, 3.5, 11.75, 11.5], "texture": "#0"},
				"west": {"uv": [6, 0, 16, 8], "texture": "#0"},
				"up": {"uv": [2.75, 1.75, 10.75, 9.75], "texture": "#0"},
				"down": {"uv": [6, 0.75, 14, 8.75], "texture": "#0"}
			}
		},
		{
			"from": [6.5, 2.67678, 9.17678],
			"to": [10.5, 6.67678, 13.17678],
			"rotation": {"angle": 22.5, "axis": "x", "origin": [8.5, 4.67678, 11.17678]},
			"faces": {
				"north": {"uv": [3, 4, 13, 12], "texture": "#0"},
				"east": {"uv": [0, 7.5, 10, 15.5], "texture": "#0"},
				"south": {"uv": [1.75, 3.5, 11.75, 11.5], "texture": "#0"},
				"west": {"uv": [6, 0, 16, 8], "texture": "#0"},
				"up": {"uv": [2.75, 1.75, 10.75, 9.75], "texture": "#0"},
				"down": {"uv": [6, 0.75, 14, 8.75], "texture": "#0"}
			}
		},
		{
			"from": [3.25, 3.67678, 8.17678],
			"to": [7.25, 7.67678, 12.17678],
			"rotation": {"angle": -22.5, "axis": "y", "origin": [5.25, 5.67678, 10.17678]},
			"faces": {
				"north": {"uv": [0, 3, 8, 11], "texture": "#0"},
				"east": {"uv": [2, 4, 10, 12], "texture": "#0"},
				"south": {"uv": [2, 1, 10, 9], "texture": "#0"},
				"west": {"uv": [6, 4, 14, 12], "texture": "#0"},
				"up": {"uv": [3, 4, 11, 12], "texture": "#0"},
				"down": {"uv": [7, 8, 15, 16], "texture": "#0"}
			}
		},
		{
			"from": [4, 6.17678, 11.67678],
			"to": [7.25, 9.42678, 14.92678],
			"rotation": {"angle": 22.5, "axis": "x", "origin": [5.25, 8.17678, 12.92678]},
			"faces": {
				"north": {"uv": [3, 4, 13, 12], "texture": "#0"},
				"east": {"uv": [0, 7.5, 10, 15.5], "texture": "#0"},
				"south": {"uv": [1.75, 3.5, 11.75, 11.5], "texture": "#0"},
				"west": {"uv": [6, 0, 16, 8], "texture": "#0"},
				"up": {"uv": [2.75, 1.75, 9.25, 8.25], "texture": "#0"},
				"down": {"uv": [6, 0.75, 12.5, 7.25], "texture": "#0"}
			}
		},
		{
			"from": [9.75, 5.67678, 9.42678],
			"to": [13, 8.92678, 12.67678],
			"rotation": {"angle": -22.5, "axis": "x", "origin": [11, 7.67678, 11.42678]},
			"faces": {
				"north": {"uv": [3, 4, 13, 12], "rotation": 180, "texture": "#0"},
				"east": {"uv": [0, 7.5, 10, 15.5], "rotation": 180, "texture": "#0"},
				"south": {"uv": [1.75, 3.5, 11.75, 11.5], "rotation": 180, "texture": "#0"},
				"west": {"uv": [6, 0, 16, 8], "rotation": 180, "texture": "#0"},
				"up": {"uv": [2.75, 1.75, 9.25, 8.25], "rotation": 180, "texture": "#0"},
				"down": {"uv": [6, 0.75, 12.5, 7.25], "rotation": 180, "texture": "#0"}
			}
		},
		{
			"from": [7.25, 6.92678, 10.17678],
			"to": [10.5, 10.17678, 13.42678],
			"rotation": {"angle": -45, "axis": "y", "origin": [8.5, 8.92678, 11.42678]},
			"faces": {
				"north": {"uv": [3, 4, 13, 12], "texture": "#0"},
				"east": {"uv": [0, 7.5, 10, 15.5], "texture": "#0"},
				"south": {"uv": [1.75, 3.5, 11.75, 11.5], "texture": "#0"},
				"west": {"uv": [6, 0, 16, 8], "texture": "#0"},
				"up": {"uv": [2.75, 1.75, 9.25, 8.25], "texture": "#0"},
				"down": {"uv": [6, 0.75, 12.5, 7.25], "texture": "#0"}
			}
		},
		{
			"from": [10, 7.67678, 9.17678],
			"to": [14.25, 11.92678, 13.42678],
			"rotation": {"angle": 45, "axis": "x", "origin": [13, 9.67678, 11.42678]},
			"faces": {
				"north": {"uv": [0, 3, 8, 11], "rotation": 90, "texture": "#1"},
				"east": {"uv": [2, 4, 10, 12], "rotation": 90, "texture": "#1"},
				"south": {"uv": [2, 1, 10, 9], "rotation": 90, "texture": "#1"},
				"west": {"uv": [6, 4, 14, 12], "rotation": 90, "texture": "#1"},
				"up": {"uv": [3, 4, 11, 12], "rotation": 90, "texture": "#1"},
				"down": {"uv": [7, 8, 15, 16], "rotation": 90, "texture": "#1"}
			}
		},
		{
			"from": [6.25, 9.42678, 7.17678],
			"to": [10, 13.17678, 10.92678],
			"rotation": {"angle": -22.5, "axis": "x", "origin": [8.75, 11.42678, 9.42678]},
			"faces": {
				"north": {"uv": [3, 4, 13, 12], "rotation": 90, "texture": "#1"},
				"east": {"uv": [0, 7.5, 10, 15.5], "rotation": 90, "texture": "#1"},
				"south": {"uv": [1.75, 3.5, 11.75, 11.5], "rotation": 90, "texture": "#1"},
				"west": {"uv": [6, 0, 16, 8], "rotation": 90, "texture": "#1"},
				"up": {"uv": [2.75, 1.75, 10.25, 9.25], "rotation": 90, "texture": "#1"},
				"down": {"uv": [6, 0.75, 13.5, 8.25], "rotation": 90, "texture": "#1"}
			}
		},
		{
			"from": [11.5, 11.67678, 8.42678],
			"to": [16.25, 16.42678, 13.42678],
			"rotation": {"angle": -45, "axis": "x", "origin": [13.875, 14.05178, 10.67678]},
			"faces": {
				"north": {"uv": [3, 1, 13, 10], "rotation": 90, "texture": "#1"},
				"east": {"uv": [6, 1, 16, 10], "rotation": 90, "texture": "#1"},
				"south": {"uv": [4, 7, 14, 16], "rotation": 90, "texture": "#1"},
				"west": {"uv": [0, 3, 10, 11], "rotation": 90, "texture": "#1"},
				"up": {"uv": [6, 3, 16, 13], "rotation": 90, "texture": "#1"},
				"down": {"uv": [1, 0, 11, 10], "rotation": 90, "texture": "#1"}
			}
		},
		{
			"from": [5, 10.92678, 10.42678],
			"to": [9.75, 15.42678, 14.17678],
			"rotation": {"angle": -45, "axis": "x", "origin": [8.625, 13.05178, 12.67678]},
			"faces": {
				"north": {"uv": [3, 4, 13, 12], "rotation": 90, "texture": "#0"},
				"east": {"uv": [0, 7.5, 10, 15.5], "rotation": 90, "texture": "#0"},
				"south": {"uv": [1.75, 3.5, 11.75, 11.5], "rotation": 90, "texture": "#0"},
				"west": {"uv": [6, 0, 16, 8], "rotation": 90, "texture": "#0"},
				"up": {"uv": [2.75, 1.75, 10.25, 11.25], "rotation": 90, "texture": "#0"},
				"down": {"uv": [6, 0.75, 13.5, 10.25], "rotation": 90, "texture": "#0"}
			}
		},
		{
			"from": [2.5, 14.10355, 10.42678],
			"to": [7.25, 18.85355, 14.92678],
			"rotation": {"angle": 0, "axis": "x", "origin": [4.875, 16.47855, 12.67678]},
			"faces": {
				"north": {"uv": [0, 3, 8, 11], "texture": "#0"},
				"east": {"uv": [2, 4, 10, 12], "texture": "#0"},
				"south": {"uv": [2, 1, 10, 9], "texture": "#0"},
				"west": {"uv": [6, 4, 14, 12], "texture": "#0"},
				"up": {"uv": [3, 4, 11, 12], "texture": "#0"},
				"down": {"uv": [7, 8, 15, 16], "texture": "#0"}
			}
		},
		{
			"from": [2.25, 6.67678, 10.92678],
			"to": [7, 11.42678, 15.67678],
			"rotation": {"angle": 22.5, "axis": "x", "origin": [5.75, 8.67678, 13.17678]},
			"faces": {
				"north": {"uv": [3, 1, 13, 10], "rotation": 90, "texture": "#0"},
				"east": {"uv": [6, 1, 16, 10], "rotation": 90, "texture": "#0"},
				"south": {"uv": [4, 7, 14, 16], "rotation": 90, "texture": "#0"},
				"west": {"uv": [0, 3, 10, 11], "rotation": 90, "texture": "#0"},
				"up": {"uv": [6, 3, 16, 13], "rotation": 90, "texture": "#0"},
				"down": {"uv": [1, 0, 11, 10], "rotation": 90, "texture": "#0"}
			}
		},
		{
			"from": [10.25, 0.67678, 4.92678],
			"to": [14.25, 4.67678, 8.92678],
			"rotation": {"angle": 22.5, "axis": "x", "origin": [12.25, 2.67678, 6.92678]},
			"faces": {
				"north": {"uv": [3, 4, 13, 12], "texture": "#0"},
				"east": {"uv": [0, 7.5, 8, 15.5], "texture": "#0"},
				"south": {"uv": [1.75, 3.5, 11.75, 11.5], "texture": "#0"},
				"west": {"uv": [6, 0, 16, 8], "texture": "#0"},
				"up": {"uv": [2.75, 1.75, 10.75, 9.75], "texture": "#0"},
				"down": {"uv": [6, 0.75, 14, 8.75], "texture": "#0"}
			}
		},
		{
			"from": [13, -0.07322, 1.92678],
			"to": [17, 2.22678, 5.92678],
			"rotation": {"angle": -22.5, "axis": "y", "origin": [16, 2.67678, 3.92678]},
			"faces": {
				"north": {"uv": [0, 3, 8, 7.6], "rotation": 180, "texture": "#0"},
				"east": {"uv": [2, 4, 10, 8.6], "rotation": 180, "texture": "#0"},
				"south": {"uv": [2, 1, 10, 9], "rotation": 180, "texture": "#0"},
				"west": {"uv": [6, 4, 14, 12], "rotation": 180, "texture": "#0"},
				"up": {"uv": [3, 4, 11, 12], "rotation": 180, "texture": "#0"},
				"down": {"uv": [7, 8, 15, 16], "rotation": 180, "texture": "#0"}
			}
		},
		{
			"from": [9.5, 0.67678, -3.57322],
			"to": [13.5, 3.22678, 1.17678],
			"rotation": {"angle": -22.5, "axis": "x", "origin": [12.5, 2.67678, -1.57322]},
			"faces": {
				"north": {"uv": [3, 1, 13, 10], "texture": "#0"},
				"east": {"uv": [6, 1, 15.5, 6.1], "texture": "#0"},
				"south": {"uv": [4, 7, 14, 16], "texture": "#0"},
				"west": {"uv": [0, 3, 10, 11], "texture": "#0"},
				"up": {"uv": [6, 3, 16, 13], "texture": "#0"},
				"down": {"uv": [1, 0, 11, 10], "texture": "#0"}
			}
		},
		{
			"from": [0.75, -0.57322, -3.57322],
			"to": [5.25, 1.67678, 1.17678],
			"rotation": {"angle": -45, "axis": "y", "origin": [3.25, 1.42678, -1.57322]},
			"faces": {
				"north": {"uv": [3, 1, 13, 10], "texture": "#1"},
				"east": {"uv": [6, 1, 16, 10], "texture": "#1"},
				"south": {"uv": [4, 7, 14, 16], "texture": "#1"},
				"west": {"uv": [0, 3, 9.5, 7.5], "texture": "#1"},
				"up": {"uv": [6, 3, 16, 13], "texture": "#1"},
				"down": {"uv": [1, 0, 11, 10], "texture": "#1"}
			}
		},
		{
			"from": [8.25, -0.57322, -6.32322],
			"to": [12, 1.67678, -2.57322],
			"rotation": {"angle": -22.5, "axis": "y", "origin": [11, 1.42678, -3.82322]},
			"faces": {
				"north": {"uv": [0, 3, 8, 11], "rotation": 90, "texture": "#0"},
				"east": {"uv": [2, 4, 10, 12], "rotation": 90, "texture": "#0"},
				"south": {"uv": [2, 1, 10, 9], "rotation": 90, "texture": "#0"},
				"west": {"uv": [6, 4, 14, 12], "rotation": 90, "texture": "#0"},
				"up": {"uv": [3, 4, 11, 12], "rotation": 90, "texture": "#0"},
				"down": {"uv": [7, 8, 15, 16], "rotation": 90, "texture": "#0"}
			}
		},
		{
			"from": [12.75, 4.17678, 7.92678],
			"to": [16.75, 8.17678, 11.92678],
			"rotation": {"angle": -22.5, "axis": "x", "origin": [14.75, 6.17678, 9.92678]},
			"faces": {
				"north": {"uv": [3, 4, 13, 12], "rotation": 180, "texture": "#1"},
				"east": {"uv": [0, 7.5, 10, 15.5], "rotation": 180, "texture": "#1"},
				"south": {"uv": [1.75, 3.5, 11.75, 11.5], "rotation": 180, "texture": "#1"},
				"west": {"uv": [6, 0, 16, 8], "rotation": 180, "texture": "#1"},
				"up": {"uv": [2.75, 1.75, 10.75, 9.75], "rotation": 180, "texture": "#1"},
				"down": {"uv": [6, 0.75, 14, 8.75], "rotation": 180, "texture": "#1"}
			}
		},
		{
			"from": [9.25, 0.67678, 0.92678],
			"to": [13.25, 5.97678, 5.42678],
			"rotation": {"angle": 45, "axis": "x", "origin": [11.25, 3.67678, 3.42678]},
			"faces": {
				"north": {"uv": [3, 4, 13, 12], "texture": "#0"},
				"east": {"uv": [0, 7.5, 9, 18.1], "texture": "#0"},
				"south": {"uv": [1.75, 3.5, 11.75, 11.5], "texture": "#0"},
				"west": {"uv": [6, 0, 16, 8], "texture": "#0"},
				"up": {"uv": [2.75, 1.75, 10.75, 10.75], "texture": "#0"},
				"down": {"uv": [6, 0.75, 14, 9.75], "texture": "#0"}
			}
		},
		{
			"from": [4.25, 0.92678, 7.67678],
			"to": [8.25, 4.42678, 11.67678],
			"rotation": {"angle": 45, "axis": "x", "origin": [6.25, 2.67678, 9.67678]},
			"faces": {
				"north": {"uv": [3, 4, 13, 12], "texture": "#0"},
				"east": {"uv": [0, 7.5, 10, 15.5], "texture": "#0"},
				"south": {"uv": [1.75, 3.5, 11.75, 11.5], "texture": "#0"},
				"west": {"uv": [6, 0, 16, 8], "texture": "#0"},
				"up": {"uv": [2.75, 1.75, 10.75, 9.75], "texture": "#0"},
				"down": {"uv": [6, 0.75, 14, 8.75], "texture": "#0"}
			}
		}
	],
	"display": {
		"head": {
			"translation": [0, -24.5, -8],
			"scale": [3.4, 2.5, 3.2]
		}
	}
}