{
	"credit": "Made by MILENARY",
	"texture_size": [8, 8],
	"textures": {
		"0": "block/meat_2",
		"1": "block/meat_3",
		"particle": "block/meat_2"
	},
	"elements": [
		{
			"from": [0.75, 1.92678, 6.67678],
			"to": [4.75, 5.42678, 10.67678],
			"rotation": {"angle": 22.5, "axis": "x", "origin": [2.75, 3.67678, 8.67678]},
			"faces": {
				"north": {"uv": [3, 4, 13, 12], "texture": "#0"},
				"east": {"uv": [0, 7.5, 10, 15.5], "texture": "#0"},
				"south": {"uv": [1.75, 3.5, 11.75, 11.5], "texture": "#0"},
				"west": {"uv": [6, 0, 16, 8], "texture": "#0"},
				"up": {"uv": [2.75, 1.75, 10.75, 9.75], "texture": "#0"},
				"down": {"uv": [6, 0.75, 14, 8.75], "texture": "#0"}
			}
		},
		{
			"from": [4.5, 5.92678, 6.92678],
			"to": [8.5, 9.42678, 10.92678],
			"rotation": {"angle": 0, "axis": "x", "origin": [6.5, 7.67678, 8.92678]},
			"faces": {
				"north": {"uv": [3, 4, 11, 11], "texture": "#1"},
				"east": {"uv": [0, 7.5, 8, 14.5], "texture": "#1"},
				"south": {"uv": [1.75, 3.5, 9.75, 10.5], "texture": "#1"},
				"west": {"uv": [6, 0, 14, 7], "texture": "#1"},
				"up": {"uv": [2.75, 1.75, 10.75, 9.75], "texture": "#1"},
				"down": {"uv": [6, 0.75, 14, 8.75], "texture": "#1"}
			}
		},
		{
			"from": [-5.5, 3.61634, 3.48314],
			"to": [1.5, 8.11634, 7.48314],
			"rotation": {"angle": -22.5, "axis": "y", "origin": [-3.78033, 6.75831, 6.05646]},
			"faces": {
				"north": {"uv": [0, 3, 14, 12], "texture": "#0"},
				"east": {"uv": [4, 2, 12, 11], "texture": "#0"},
				"south": {"uv": [0, 1, 14, 10], "texture": "#0"},
				"west": {"uv": [3, 1, 11, 10], "texture": "#0"},
				"up": {"uv": [0, 3, 14, 11], "texture": "#0"},
				"down": {"uv": [0, 3, 14, 11], "texture": "#0"}
			}
		},
		{
			"from": [-7.67239, 5.92678, 3.18075],
			"to": [-2.67239, 9.67678, 6.68075],
			"rotation": {"angle": 22.5, "axis": "y", "origin": [-3.78033, 6.75831, 6.05646]},
			"faces": {
				"north": {"uv": [0, 3, 10, 10.5], "rotation": 180, "texture": "#1"},
				"east": {"uv": [4, 2, 11.5, 9], "rotation": 90, "texture": "#1"},
				"south": {"uv": [0, 3, 10, 10.5], "texture": "#1"},
				"west": {"uv": [3, 1, 10.5, 8], "rotation": 270, "texture": "#1"},
				"up": {"uv": [0, 1, 10, 8], "texture": "#1"},
				"down": {"uv": [0, 3, 10, 10], "rotation": 180, "texture": "#1"}
			}
		},
		{
			"from": [12.25, -0.32322, 2.92678],
			"to": [17.25, 3.67678, 6.92678],
			"rotation": {"angle": -22.5, "axis": "x", "origin": [15.25, 1.67678, 4.92678]},
			"faces": {
				"north": {"uv": [3, 4, 13, 12], "texture": "#0"},
				"east": {"uv": [0, 7.5, 8, 15.5], "texture": "#0"},
				"south": {"uv": [1.75, 3.5, 11.75, 11.5], "texture": "#0"},
				"west": {"uv": [6, 0, 14, 8], "texture": "#0"},
				"up": {"uv": [2.75, 1.75, 12.75, 9.75], "texture": "#0"},
				"down": {"uv": [4, 0, 14, 8], "texture": "#0"}
			}
		},
		{
			"from": [7.75, 2.67678, 5.17678],
			"to": [11.75, 6.67678, 9.17678],
			"rotation": {"angle": 22.5, "axis": "x", "origin": [9.75, 4.67678, 7.17678]},
			"faces": {
				"north": {"uv": [3, 4, 13, 12], "texture": "#0"},
				"east": {"uv": [0, 7.5, 10, 15.5], "texture": "#0"},
				"south": {"uv": [1.75, 3.5, 11.75, 11.5], "texture": "#0"},
				"west": {"uv": [6, 0, 16, 8], "texture": "#0"},
				"up": {"uv": [2.75, 1.75, 10.75, 9.75], "texture": "#0"},
				"down": {"uv": [6, 0.75, 14, 8.75], "texture": "#0"}
			}
		},
		{
			"from": [5, 3.67678, 2.92678],
			"to": [9, 7.67678, 6.92678],
			"rotation": {"angle": -22.5, "axis": "y", "origin": [7, 5.67678, 4.92678]},
			"faces": {
				"north": {"uv": [0, 3, 8, 11], "texture": "#0"},
				"east": {"uv": [2, 4, 10, 12], "texture": "#0"},
				"south": {"uv": [2, 1, 10, 9], "texture": "#0"},
				"west": {"uv": [6, 4, 14, 12], "texture": "#0"},
				"up": {"uv": [3, 4, 11, 12], "texture": "#0"},
				"down": {"uv": [7, 8, 15, 16], "texture": "#0"}
			}
		},
		{
			"from": [11, 5.67678, 2.42678],
			"to": [15, 9.92678, 8.67678],
			"rotation": {"angle": -22.5, "axis": "x", "origin": [12.25, 7.67678, 7.42678]},
			"faces": {
				"north": {"uv": [3, 4, 11, 12.5], "rotation": 180, "texture": "#1"},
				"east": {"uv": [0, 2, 12.5, 10.5], "rotation": 180, "texture": "#1"},
				"south": {"uv": [1.75, 3.5, 9.75, 12], "rotation": 180, "texture": "#1"},
				"west": {"uv": [2, 1, 14.5, 9.5], "rotation": 180, "texture": "#1"},
				"up": {"uv": [4, 1, 12, 13.5], "rotation": 180, "texture": "#1"},
				"down": {"uv": [6, 0.75, 14, 13.25], "rotation": 180, "texture": "#1"}
			}
		},
		{
			"from": [14, 3.67678, 5.67678],
			"to": [18.25, 7.92678, 9.92678],
			"rotation": {"angle": 45, "axis": "x", "origin": [17, 5.67678, 7.92678]},
			"faces": {
				"north": {"uv": [0, 3, 8, 11], "rotation": 90, "texture": "#0"},
				"east": {"uv": [2, 4, 10, 12], "rotation": 90, "texture": "#0"},
				"south": {"uv": [2, 1, 10, 9], "rotation": 90, "texture": "#0"},
				"west": {"uv": [6, 4, 14, 12], "rotation": 90, "texture": "#0"},
				"up": {"uv": [3, 4, 11, 12], "rotation": 90, "texture": "#0"},
				"down": {"uv": [7, 8, 15, 16], "rotation": 90, "texture": "#0"}
			}
		},
		{
			"from": [0.5, 2.42678, 4.92678],
			"to": [5.25, 9.17678, 9.67678],
			"rotation": {"angle": 22.5, "axis": "x", "origin": [4, 4.42678, 7.17678]},
			"faces": {
				"north": {"uv": [0, 2, 14, 12], "rotation": 90, "texture": "#1"},
				"east": {"uv": [0, 2, 14, 12], "rotation": 90, "texture": "#1"},
				"south": {"uv": [0, 2, 14, 12], "rotation": 90, "texture": "#1"},
				"west": {"uv": [2, 2, 16, 12], "rotation": 90, "texture": "#1"},
				"up": {"uv": [2, 2, 12, 12], "rotation": 90, "texture": "#1"},
				"down": {"uv": [0, 2, 10, 12], "rotation": 90, "texture": "#1"}
			}
		},
		{
			"from": [13, -0.07322, 1.92678],
			"to": [17, 2.22678, 5.92678],
			"rotation": {"angle": -22.5, "axis": "y", "origin": [16, 2.67678, 3.92678]},
			"faces": {
				"north": {"uv": [0, 3, 8, 7.6], "rotation": 180, "texture": "#0"},
				"east": {"uv": [2, 4, 10, 8.6], "rotation": 180, "texture": "#0"},
				"south": {"uv": [2, 1, 10, 9], "rotation": 180, "texture": "#0"},
				"west": {"uv": [6, 4, 14, 12], "rotation": 180, "texture": "#0"},
				"up": {"uv": [3, 4, 11, 12], "rotation": 180, "texture": "#0"},
				"down": {"uv": [7, 8, 15, 16], "rotation": 180, "texture": "#0"}
			}
		},
		{
			"from": [14, -0.32322, -3.07322],
			"to": [18, 4.22678, 3.92678],
			"rotation": {"angle": 22.5, "axis": "y", "origin": [17, 1.68777, -0.77037]},
			"faces": {
				"north": {"uv": [1, 3, 9, 12], "rotation": 180, "texture": "#1"},
				"east": {"uv": [2, 4, 16, 12.6], "rotation": 180, "texture": "#1"},
				"south": {"uv": [2, 1, 10, 9.6], "rotation": 180, "texture": "#1"},
				"west": {"uv": [1, 4, 15, 12.6], "rotation": 180, "texture": "#1"},
				"up": {"uv": [3, 0, 11, 14], "rotation": 180, "texture": "#1"},
				"down": {"uv": [4, 0, 12, 14], "rotation": 180, "texture": "#1"}
			}
		},
		{
			"from": [16, 0.26149, -4.90025],
			"to": [20, 3.31149, 0.84975],
			"rotation": {"angle": 22.5, "axis": "y", "origin": [17, 1.68777, -0.77037]},
			"faces": {
				"north": {"uv": [0, 3, 8, 9.1], "rotation": 180, "texture": "#0"},
				"east": {"uv": [2, 4, 13.5, 10.1], "rotation": 180, "texture": "#0"},
				"south": {"uv": [2, 1, 10, 9.6], "rotation": 180, "texture": "#0"},
				"west": {"uv": [0, 4, 12, 10], "rotation": 180, "texture": "#0"},
				"up": {"uv": [4, 0, 12, 12], "rotation": 180, "texture": "#0"},
				"down": {"uv": [4, 0, 12, 12], "rotation": 180, "texture": "#0"}
			}
		},
		{
			"from": [14.25, -1.92322, -11.22322],
			"to": [18, 2.82678, -4.17322],
			"rotation": {"angle": 22.5, "axis": "y", "origin": [17, 1.32678, -3.57322]},
			"faces": {
				"north": {"uv": [3, 4, 10.5, 13.5], "texture": "#0"},
				"east": {"uv": [1, 0, 11, 14], "rotation": 270, "texture": "#0"},
				"south": {"uv": [5, 4, 12.5, 13.5], "rotation": 180, "texture": "#0"},
				"west": {"uv": [2, 0, 12, 14], "rotation": 90, "texture": "#0"},
				"up": {"uv": [2, 1, 10, 15], "rotation": 180, "texture": "#0"},
				"down": {"uv": [4, 0, 12, 14], "texture": "#0"}
			}
		},
		{
			"from": [-3.25, -0.57322, 4.17678],
			"to": [5.25, 2.67678, 7.92678],
			"rotation": {"angle": 0, "axis": "y", "origin": [3.25, 1.42678, -1.82322]},
			"faces": {
				"north": {"uv": [0, 2, 16, 8.5], "texture": "#1"},
				"east": {"uv": [4, 1, 11.5, 7.5], "texture": "#1"},
				"south": {"uv": [0, 5, 16, 11.5], "texture": "#1"},
				"west": {"uv": [3, 2, 10.5, 8.5], "texture": "#1"},
				"up": {"uv": [0, 3, 16, 10.5], "texture": "#1"},
				"down": {"uv": [0, 2, 16, 9.5], "texture": "#1"}
			}
		},
		{
			"from": [-2.75, -0.57322, -0.57322],
			"to": [1.75, 4.67678, 4.17678],
			"rotation": {"angle": 0, "axis": "y", "origin": [0.75, 1.42678, -1.57322]},
			"faces": {
				"north": {"uv": [0, 2, 9, 12.5], "texture": "#0"},
				"east": {"uv": [4, 1, 13.5, 11.5], "texture": "#0"},
				"south": {"uv": [0, 5, 9, 15.5], "texture": "#0"},
				"west": {"uv": [3, 2, 12.5, 12.5], "texture": "#0"},
				"up": {"uv": [0, 3, 9, 12.5], "texture": "#0"},
				"down": {"uv": [0, 2, 9, 11.5], "texture": "#0"}
			}
		},
		{
			"from": [-4.75, -1.57322, -4.57322],
			"to": [0.75, 3.67678, 0.17678],
			"rotation": {"angle": 22.5, "axis": "x", "origin": [0.75, 0.42678, -0.57322]},
			"faces": {
				"north": {"uv": [1, 2, 12, 13], "texture": "#0"},
				"east": {"uv": [4, 1, 13.5, 11.5], "texture": "#0"},
				"south": {"uv": [0, 5, 11, 15.5], "texture": "#0"},
				"west": {"uv": [3, 2, 12.5, 12.5], "texture": "#0"},
				"up": {"uv": [0, 3, 11, 12.5], "texture": "#0"},
				"down": {"uv": [0, 2, 11, 11.5], "texture": "#0"}
			}
		},
		{
			"from": [-8.07843, -1.57322, -10.11396],
			"to": [-3.32843, 2.67678, -2.61396],
			"rotation": {"angle": 22.5, "axis": "y", "origin": [-5.32215, 0.05178, -7.73268]},
			"faces": {
				"north": {"uv": [3, 1, 13, 10], "texture": "#1"},
				"east": {"uv": [0, 2, 15, 11], "texture": "#1"},
				"south": {"uv": [3, 1, 13, 10], "texture": "#1"},
				"west": {"uv": [0, 2, 15, 11], "texture": "#1"},
				"up": {"uv": [1, 1, 16, 11], "rotation": 90, "texture": "#1"},
				"down": {"uv": [1, 2, 16, 12], "rotation": 270, "texture": "#1"}
			}
		},
		{
			"from": [-4.81586, -1.57322, -13.3514],
			"to": [3.93414, 0.67678, -8.8514],
			"rotation": {"angle": 22.5, "axis": "y", "origin": [-0.82215, 0.05178, -9.73268]},
			"faces": {
				"north": {"uv": [0, 4, 16, 9], "texture": "#1"},
				"east": {"uv": [2, 2, 11, 7], "texture": "#1"},
				"south": {"uv": [0, 2, 16, 7], "texture": "#1"},
				"west": {"uv": [0, 2, 9, 7], "texture": "#1"},
				"up": {"uv": [2, 0, 11, 16], "rotation": 90, "texture": "#1"},
				"down": {"uv": [5, 0, 14, 16], "rotation": 270, "texture": "#1"}
			}
		},
		{
			"from": [16.75, 0.17678, 4.42678],
			"to": [20.75, 4.17678, 8.42678],
			"rotation": {"angle": -22.5, "axis": "x", "origin": [18.75, 2.17678, 6.42678]},
			"faces": {
				"north": {"uv": [3, 4, 13, 12], "rotation": 180, "texture": "#0"},
				"east": {"uv": [0, 7.5, 10, 15.5], "rotation": 180, "texture": "#0"},
				"south": {"uv": [1.75, 3.5, 11.75, 11.5], "rotation": 180, "texture": "#0"},
				"west": {"uv": [6, 0, 16, 8], "rotation": 180, "texture": "#0"},
				"up": {"uv": [2.75, 1.75, 10.75, 9.75], "rotation": 180, "texture": "#0"},
				"down": {"uv": [6, 0.75, 14, 8.75], "rotation": 180, "texture": "#0"}
			}
		},
		{
			"from": [16.75, 4.17678, 4.42678],
			"to": [27.75, 10.17678, 8.42678],
			"rotation": {"angle": 45, "axis": "y", "origin": [18.75, 6.17678, 6.42678]},
			"faces": {
				"north": {"uv": [0, 0, 16, 12], "texture": "#0"},
				"east": {"uv": [3, 3, 15, 11], "rotation": 90, "texture": "#0"},
				"south": {"uv": [0, 4, 16, 16], "rotation": 180, "texture": "#0"},
				"west": {"uv": [1, 2, 13, 10], "rotation": 270, "texture": "#0"},
				"up": {"uv": [0, 4, 16, 12], "texture": "#0"},
				"down": {"uv": [0, 4, 16, 12], "rotation": 180, "texture": "#0"}
			}
		},
		{
			"from": [9.75, -0.07322, 0.92678],
			"to": [13.75, 5.22678, 5.42678],
			"rotation": {"angle": 45, "axis": "x", "origin": [11.75, 2.92678, 3.42678]},
			"faces": {
				"north": {"uv": [3, 4, 13, 12], "texture": "#1"},
				"east": {"uv": [2, 1, 11, 12], "texture": "#1"},
				"south": {"uv": [1.75, 3.5, 11.75, 11.5], "texture": "#1"},
				"west": {"uv": [6, 0, 16, 8], "texture": "#1"},
				"up": {"uv": [2.75, 1.75, 10.75, 10.75], "texture": "#1"},
				"down": {"uv": [6, 0.75, 14, 9.75], "texture": "#1"}
			}
		},
		{
			"from": [4.75, -0.07322, 2.42678],
			"to": [9.75, 4.42678, 7.72678],
			"rotation": {"angle": -22.5, "axis": "x", "origin": [7.75, 2.92678, 3.42678]},
			"faces": {
				"north": {"uv": [6, 0.75, 16, 9.75], "rotation": 180, "texture": "#1"},
				"east": {"uv": [0, 4, 9, 14.6], "rotation": 270, "texture": "#1"},
				"south": {"uv": [2.75, 1.75, 12.75, 10.75], "texture": "#1"},
				"west": {"uv": [6, 0, 15, 10.6], "rotation": 90, "texture": "#1"},
				"up": {"uv": [3, 4, 13, 14.6], "rotation": 180, "texture": "#1"},
				"down": {"uv": [1.75, 3.5, 11.75, 14.1], "texture": "#1"}
			}
		},
		{
			"from": [8.25, 5.92678, 6.67678],
			"to": [14.25, 12.42678, 11.67678],
			"rotation": {"angle": 45, "axis": "x", "origin": [10.25, 8.67678, 9.67678]},
			"faces": {
				"north": {"uv": [1, 1, 13, 14], "texture": "#0"},
				"east": {"uv": [2, 3, 12, 16], "texture": "#0"},
				"south": {"uv": [0, 0, 12, 13], "texture": "#0"},
				"west": {"uv": [4, 0, 14, 13], "texture": "#0"},
				"up": {"uv": [2, 0, 14, 10], "texture": "#0"},
				"down": {"uv": [0, 3, 12, 13], "texture": "#0"}
			}
		}
	],
	"display": {
		"head": {
			"rotation": [90, -180, -180],
			"translation": [0, -25.75, -21.25],
			"scale": [3, 4, 3]
		}
	}
}