{
    "parent": "item/handheld_rod",
    "textures": {
        "layer0": "item/carrot_on_a_stick"
    },
	"overrides": [
		{"predicate": {"custom_model_data": 1},"model": "item/ghost/g_left_hand"},
		{"predicate": {"custom_model_data": 2},"model": "item/ghost/g_right_hand"},
		{"predicate": {"custom_model_data": 3},"model": "item/ghost/g_left_hand_2"},
		{"predicate": {"custom_model_data": 4},"model": "item/ghost/g_right_hand_2"},
		{"predicate": {"custom_model_data": 5},"model": "item/ghost/g_left_hand_3"},
		{"predicate": {"custom_model_data": 6},"model": "item/ghost/g_right_hand_3"}

]
}
