{
  "parent": "minecraft:item/generated",
  "textures": {
    "layer0": "minecraft:item/slime_ball"
  },
	"overrides": [
		{"predicate": {"custom_model_data": 1},"model": "item/ghost/g_1_1"},
		{"predicate": {"custom_model_data": 2},"model": "item/ghost/g_2_1"},
		{"predicate": {"custom_model_data": 3},"model": "item/ghost/g_2_2"},
		{"predicate": {"custom_model_data": 4},"model": "item/ghost/g_3_1"},
		{"predicate": {"custom_model_data": 5},"model": "item/ghost/g_3_2"},
		{"predicate": {"custom_model_data": 6},"model": "item/ghost/g_3_3"},
		{"predicate": {"custom_model_data": 7},"model": "item/ghost/g_3_4"},
		{"predicate": {"custom_model_data": 8},"model": "item/item/item_1"},
		{"predicate": {"custom_model_data": 9},"model": "item/item/item_1_2"},
		{"predicate": {"custom_model_data": 10},"model": "item/item/item_2"},
		{"predicate": {"custom_model_data": 11},"model": "item/item/item_2_2"},
		{"predicate": {"custom_model_data": 12},"model": "item/item/culpture_1"},
		{"predicate": {"custom_model_data": 13},"model": "item/item/culpture_01"},
		{"predicate": {"custom_model_data": 14},"model": "item/item/culpture_01_2"},
		{"predicate": {"custom_model_data": 15},"model": "item/item/culpture_2"},
		{"predicate": {"custom_model_data": 16},"model": "item/item/culpture_02"},
		{"predicate": {"custom_model_data": 17},"model": "item/item/culpture_02_2"},
		{"predicate": {"custom_model_data": 18},"model": "item/item/culpture_3"},
		{"predicate": {"custom_model_data": 19},"model": "item/item/culpture_03"},
		{"predicate": {"custom_model_data": 20},"model": "item/item/culpture_03_2"},
		{"predicate": {"custom_model_data": 21},"model": "item/ghost/g_1_2"},
		{"predicate": {"custom_model_data": 22},"model": "item/ghost/g_1_3"},
		{"predicate": {"custom_model_data": 23},"model": "item/ghost/g_2_1_2"},
		{"predicate": {"custom_model_data": 24},"model": "item/ghost/g_2_2_2"},
		{"predicate": {"custom_model_data": 25},"model": "item/ghost/g_2_3_2"},
		{"predicate": {"custom_model_data": 26},"model": "item/ghost/g_3_5"},
		{"predicate": {"custom_model_data": 27},"model": "item/ghost/g_3_6"},
		{"predicate": {"custom_model_data": 28},"model": "item/ghost/g_3_7"},
		{"predicate": {"custom_model_data": 29},"model": "item/ghost/g_1_4"},
		{"predicate": {"custom_model_data": 30},"model": "item/ghost/g_2_4_2"},
		{"predicate": {"custom_model_data": 31},"model": "item/ghost/bd_right_foot"},
		{"predicate": {"custom_model_data": 32},"model": "item/ghost/bd_left_foot"},
		{"predicate": {"custom_model_data": 33},"model": "item/item/doll"},
		{"predicate": {"custom_model_data": 34},"model": "item/building/meat_1"},
		{"predicate": {"custom_model_data": 35},"model": "item/building/meat_2"},
		{"predicate": {"custom_model_data": 36},"model": "item/building/meat_3"},
		{"predicate": {"custom_model_data": 37},"model": "item/building/meat_4"},
		{"predicate": {"custom_model_data": 38},"model": "item/building/meat_5"},
		{"predicate": {"custom_model_data": 39},"model": "item/picture/milenary"},
		{"predicate": {"custom_model_data": 40},"model": "item/picture/axx"}

]
}
