{
	"__comment": "Designed by Tsunami67 with Cubik Studio - https://cubik.studio",
	"textures": {
		"particle": "blocks/e_particle",
		"texture": "tsunami67/oeil"
	},
	"elements": [ 	 
		{
			"__comment": "Box1",
			"from": [ 0, 0, 8 ],
			"to": [ 16, 16, 8.001 ],
			"faces": {
				"down": { "uv": [ 0, 15.999, 16, 16 ], "texture": "#texture" },
				"up": { "uv": [ 0, 15.999, 16, 16 ], "texture": "#texture" },
				"north": { "uv": [ 0, 0, 0.5, 16 ], "texture": "#texture" },
				"south": { "uv": [ 0, 0, 16, 16 ], "texture": "#texture" },
				"west": { "uv": [ 0, 0, 0.001000404, 16 ], "texture": "#texture" },
				"east": { "uv": [ 0, 0, 0.000999928, 16 ], "texture": "#texture" }
			}
		}
	],
	"display": {
		"thirdperson_righthand": {
			"rotation":  [ 90, 0, 0 ],
			"translation":  [ -5.565, -1.39, 12.521 ]
		},
		"firstperson_righthand": {
			"scale":  [ 0.0001, 0.0001, 0.0001 ]
		},
		"firstperson_lefthand": {
			"scale":  [ 0.0001, 0.0001, 0.0001 ]
		}
	}
}