{
	"__comment": "Designed by Tsunami67 with Cubik Studio - https://cubik.studio",
	"textures": {
		"particle": "blocks/e_particle",
		"texture": "tsunami67/bombonne"
	},
	"elements": [ 	 
		{
			"__comment": "Box1",
			"from": [ 4, 0, 3 ],
			"to": [ 12, 14, 4 ],
			"faces": {
				"down": { "uv": [ 4, 12, 12, 13 ], "texture": "#texture" },
				"up": { "uv": [ 4, 3, 12, 4 ], "texture": "#texture" },
				"north": { "uv": [ 4, 2, 12, 16 ], "texture": "#texture" },
				"south": { "uv": [ 4, 2, 12, 16 ], "texture": "#texture" },
				"west": { "uv": [ 3, 2, 4, 16 ], "texture": "#texture" },
				"east": { "uv": [ 12, 2, 13, 16 ], "texture": "#texture" }
			}
		},
		{
			"__comment": "Box1",
			"from": [ 4, 0, 12 ],
			"to": [ 12, 14, 13 ],
			"faces": {
				"down": { "uv": [ 4, 3, 12, 4 ], "texture": "#texture" },
				"up": { "uv": [ 4, 12, 12, 13 ], "texture": "#texture" },
				"north": { "uv": [ 4, 2, 12, 16 ], "texture": "#texture" },
				"south": { "uv": [ 4, 2, 12, 16 ], "texture": "#texture" },
				"west": { "uv": [ 12, 2, 13, 16 ], "texture": "#texture" },
				"east": { "uv": [ 3, 2, 4, 16 ], "texture": "#texture" }
			}
		},
		{
			"__comment": "Box1",
			"from": [ 3, 0, 4 ],
			"to": [ 4, 14, 12 ],
			"faces": {
				"down": { "uv": [ 3, 4, 4, 12 ], "texture": "#texture" },
				"up": { "uv": [ 3, 4, 4, 12 ], "texture": "#texture" },
				"north": { "uv": [ 12, 2, 13, 16 ], "texture": "#texture" },
				"south": { "uv": [ 3, 2, 4, 16 ], "texture": "#texture" },
				"west": { "uv": [ 4, 2, 12, 16 ], "texture": "#texture" },
				"east": { "uv": [ 4, 2, 12, 16 ], "texture": "#texture" }
			}
		},
		{
			"__comment": "Box1",
			"from": [ 12, 0, 4 ],
			"to": [ 13, 14, 12 ],
			"faces": {
				"down": { "uv": [ 12, 4, 13, 12 ], "texture": "#texture" },
				"up": { "uv": [ 12, 4, 13, 12 ], "texture": "#texture" },
				"north": { "uv": [ 3, 2, 4, 16 ], "texture": "#texture" },
				"south": { "uv": [ 12, 2, 13, 16 ], "texture": "#texture" },
				"west": { "uv": [ 4, 2, 12, 16 ], "texture": "#texture" },
				"east": { "uv": [ 4, 2, 12, 16 ], "texture": "#texture" }
			}
		},
		{
			"__comment": "Box5",
			"from": [ 4, 12, 4 ],
			"to": [ 12, 13, 12 ],
			"faces": {
				"down": { "uv": [ 4, 4, 12, 12 ], "texture": "#texture" },
				"up": { "uv": [ 4, 4, 12, 12 ], "texture": "#texture" },
				"north": { "uv": [ 4, 3, 12, 4 ], "texture": "#texture" },
				"south": { "uv": [ 4, 3, 12, 4 ], "texture": "#texture" },
				"west": { "uv": [ 4, 3, 12, 4 ], "texture": "#texture" },
				"east": { "uv": [ 4, 3, 12, 4 ], "texture": "#texture" }
			}
		},
		{
			"__comment": "Box6",
			"from": [ 6.5, 13, 6 ],
			"to": [ 9.5, 14, 9 ],
			"faces": {
				"down": { "uv": [ 6.5, 7, 9.5, 10 ], "texture": "#texture" },
				"up": { "uv": [ 6.5, 6, 9.5, 9 ], "texture": "#texture" },
				"north": { "uv": [ 6.5, 2, 9.5, 3 ], "texture": "#texture" },
				"south": { "uv": [ 6.5, 2, 9.5, 3 ], "texture": "#texture" },
				"west": { "uv": [ 6, 2, 9, 3 ], "texture": "#texture" },
				"east": { "uv": [ 7, 2, 10, 3 ], "texture": "#texture" }
			}
		}
	],
	"display": {
		"thirdperson_righthand": {
			"scale":  [ 1, 1.2, 1 ]
		},
		"gui": {
			"rotation":  [ 30, 225, 0 ],
			"scale":  [ 0.625, 0.625, 0.625 ]
		}
	}
}