{
	"__comment": "Designed by Tsunami67 with Cubik Studio - https://cubik.studio",
	"textures": {
		"particle": "blocks/e_particle",
		"texture": "blocks/planks_big_oak"
	},
	"elements": [ 	 
		{
			"__comment": "Box1",
			"from": [ 5.5, 0, 3 ],
			"to": [ 11.5, 14, 4 ],
			"faces": {
				"down": { "uv": [ 5.5, 12, 11.5, 13 ], "texture": "#texture" },
				"up": { "uv": [ 5.5, 3, 11.5, 4 ], "texture": "#texture" },
				"north": { "uv": [ 4.5, 2, 10.5, 16 ], "texture": "#texture" },
				"south": { "uv": [ 5.5, 2, 11.5, 16 ], "texture": "#texture" },
				"west": { "uv": [ 3, 2, 4, 16 ], "texture": "#texture" },
				"east": { "uv": [ 12, 2, 13, 16 ], "texture": "#texture" }
			}
		},
		{
			"__comment": "Box2",
			"from": [ 5.5, 0, 4 ],
			"to": [ 6.5, 14, 7 ],
			"faces": {
				"down": { "uv": [ 5.5, 9, 6.5, 12 ], "texture": "#texture" },
				"up": { "uv": [ 5.5, 4, 6.5, 7 ], "texture": "#texture" },
				"north": { "uv": [ 9.5, 2, 10.5, 16 ], "texture": "#texture" },
				"south": { "uv": [ 5.5, 2, 6.5, 16 ], "texture": "#texture" },
				"west": { "uv": [ 4, 2, 7, 16 ], "texture": "#texture" },
				"east": { "uv": [ 9, 2, 12, 16 ], "texture": "#texture" }
			}
		},
		{
			"__comment": "Box3",
			"from": [ 10.5, 0, 4 ],
			"to": [ 11.5, 14, 7 ],
			"faces": {
				"down": { "uv": [ 10.5, 9, 11.5, 12 ], "texture": "#texture" },
				"up": { "uv": [ 10.5, 4, 11.5, 7 ], "texture": "#texture" },
				"north": { "uv": [ 4.5, 2, 5.5, 16 ], "texture": "#texture" },
				"south": { "uv": [ 10.5, 2, 11.5, 16 ], "texture": "#texture" },
				"west": { "uv": [ 4, 2, 7, 16 ], "texture": "#texture" },
				"east": { "uv": [ 9, 2, 12, 16 ], "texture": "#texture" }
			}
		},
		{
			"__comment": "Box4",
			"from": [ 6.5, 0, 4 ],
			"to": [ 10.5, 1, 7 ],
			"faces": {
				"down": { "uv": [ 6.5, 9, 10.5, 12 ], "texture": "#texture" },
				"up": { "uv": [ 6.5, 4, 10.5, 7 ], "texture": "#texture" },
				"north": { "uv": [ 5.5, 15, 9.5, 16 ], "texture": "#texture" },
				"south": { "uv": [ 6.5, 15, 10.5, 16 ], "texture": "#texture" },
				"west": { "uv": [ 4, 15, 7, 16 ], "texture": "#texture" },
				"east": { "uv": [ 9, 15, 12, 16 ], "texture": "#texture" }
			}
		},
		{
			"__comment": "Box4",
			"from": [ 6.5, 8, 4 ],
			"to": [ 10.5, 9, 7 ],
			"faces": {
				"down": { "uv": [ 6.5, 9, 10.5, 12 ], "texture": "#texture" },
				"up": { "uv": [ 6.5, 4, 10.5, 7 ], "texture": "#texture" },
				"north": { "uv": [ 5.5, 7, 9.5, 8 ], "texture": "#texture" },
				"south": { "uv": [ 6.5, 7, 10.5, 8 ], "texture": "#texture" },
				"west": { "uv": [ 4, 7, 7, 8 ], "texture": "#texture" },
				"east": { "uv": [ 9, 7, 12, 8 ], "texture": "#texture" }
			}
		},
		{
			"__comment": "Box4",
			"from": [ 6.5, 12, 4 ],
			"to": [ 10.5, 13, 7 ],
			"faces": {
				"down": { "uv": [ 6.5, 9, 10.5, 12 ], "texture": "#texture" },
				"up": { "uv": [ 6.5, 4, 10.5, 7 ], "texture": "#texture" },
				"north": { "uv": [ 5.5, 3, 9.5, 4 ], "texture": "#texture" },
				"south": { "uv": [ 6.5, 3, 10.5, 4 ], "texture": "#texture" },
				"west": { "uv": [ 4, 3, 7, 4 ], "texture": "#texture" },
				"east": { "uv": [ 9, 3, 12, 4 ], "texture": "#texture" }
			}
		},
		{
			"__comment": "Box4",
			"from": [ 6.5, 4, 4 ],
			"to": [ 10.5, 5, 7 ],
			"faces": {
				"down": { "uv": [ 6.5, 9, 10.5, 12 ], "texture": "#texture" },
				"up": { "uv": [ 6.5, 4, 10.5, 7 ], "texture": "#texture" },
				"north": { "uv": [ 5.5, 11, 9.5, 12 ], "texture": "#texture" },
				"south": { "uv": [ 6.5, 11, 10.5, 12 ], "texture": "#texture" },
				"west": { "uv": [ 4, 11, 7, 12 ], "texture": "#texture" },
				"east": { "uv": [ 9, 11, 12, 12 ], "texture": "#texture" }
			}
		}
	],
	"display": {
		"thirdperson_righthand": {
			"scale":  [ 1.5, 2, 1.5 ]
		},
		"gui": {
			"rotation":  [ 30, -41, 0 ],
			"scale":  [ 0.625, 0.625, 0.625 ]
		}
	}
}