{
	"__comment": "Designed by Tsunami67 with Cubik Studio - https://cubik.studio",
	"textures": {
		"particle": "blocks/e_particle",
		"texture": "tsunami67/tonneau"
	},
	"elements": [ 	 
		{
			"__comment": "Box1",
			"from": [ 6, 0, 12 ],
			"to": [ 11, 16, 13 ],
			"faces": {
				"down": { "uv": [ 6, 3, 11, 4 ], "texture": "#texture" },
				"up": { "uv": [ 6, 9, 11, 10 ], "texture": "#texture" },
				"north": { "uv": [ 5, 0, 10, 16 ], "texture": "#texture" },
				"south": { "uv": [ 6, 0, 11, 16 ], "texture": "#texture" },
				"west": { "uv": [ 12, 0, 13, 16 ], "texture": "#texture" },
				"east": { "uv": [ 3, 0, 4, 16 ], "texture": "#texture" }
			}
		},
		{
			"__comment": "Box2",
			"from": [ 4, 0, 11 ],
			"to": [ 6, 16, 12 ],
			"faces": {
				"down": { "uv": [ 4, 4, 6, 5 ], "texture": "#texture" },
				"up": { "uv": [ 6.5, 9.5, 8.5, 10.5 ], "texture": "#texture" },
				"north": { "uv": [ 10, 0, 12, 16 ], "texture": "#texture" },
				"south": { "uv": [ 4, 0, 6, 16 ], "texture": "#texture" },
				"west": { "uv": [ 11, 0, 12, 16 ], "texture": "#texture" },
				"east": { "uv": [ 4, 0, 5, 16 ], "texture": "#texture" }
			}
		},
		{
			"__comment": "Box3",
			"from": [ 11, 0, 11 ],
			"to": [ 13, 16, 12 ],
			"faces": {
				"down": { "uv": [ 11, 4, 13, 5 ], "texture": "#texture" },
				"up": { "uv": [ 8, 8.5, 10, 9.5 ], "texture": "#texture" },
				"north": { "uv": [ 3, 0, 5, 16 ], "texture": "#texture" },
				"south": { "uv": [ 11, 0, 13, 16 ], "texture": "#texture" },
				"west": { "uv": [ 11, 0, 12, 16 ], "texture": "#texture" },
				"east": { "uv": [ 4, 0, 5, 16 ], "texture": "#texture" }
			}
		},
		{
			"__comment": "Box4",
			"from": [ 3, 0, 9 ],
			"to": [ 4, 16, 11 ],
			"faces": {
				"down": { "uv": [ 3, 5, 4, 7 ], "texture": "#texture" },
				"up": { "uv": [ 6.5, 9, 7.5, 11 ], "texture": "#texture" },
				"north": { "uv": [ 12, 0, 13, 16 ], "texture": "#texture" },
				"south": { "uv": [ 3, 0, 4, 16 ], "texture": "#texture" },
				"west": { "uv": [ 9, 0, 11, 16 ], "texture": "#texture" },
				"east": { "uv": [ 5, 0, 7, 16 ], "texture": "#texture" }
			}
		},
		{
			"__comment": "Box5",
			"from": [ 13, 0, 9 ],
			"to": [ 14, 16, 11 ],
			"faces": {
				"down": { "uv": [ 13, 5, 14, 7 ], "texture": "#texture" },
				"up": { "uv": [ 13, 9, 14, 11 ], "texture": "#texture" },
				"north": { "uv": [ 2, 0, 3, 16 ], "texture": "#texture" },
				"south": { "uv": [ 13, 0, 14, 16 ], "texture": "#texture" },
				"west": { "uv": [ 9, 0, 11, 16 ], "texture": "#texture" },
				"east": { "uv": [ 5, 0, 7, 16 ], "texture": "#texture" }
			}
		},
		{
			"__comment": "Box6",
			"from": [ 2, 0, 4 ],
			"to": [ 3, 16, 9 ],
			"faces": {
				"down": { "uv": [ 2, 7, 3, 12 ], "texture": "#texture" },
				"up": { "uv": [ 6.5, 8.5, 7.5, 10 ], "texture": "#texture" },
				"north": { "uv": [ 13, 0, 14, 16 ], "texture": "#texture" },
				"south": { "uv": [ 2, 0, 3, 16 ], "texture": "#texture" },
				"west": { "uv": [ 4, 0, 9, 16 ], "texture": "#texture" },
				"east": { "uv": [ 7, 0, 12, 16 ], "texture": "#texture" }
			}
		},
		{
			"__comment": "Box7",
			"from": [ 14, 0, 4 ],
			"to": [ 15, 16, 9 ],
			"faces": {
				"down": { "uv": [ 14, 7, 15, 12 ], "texture": "#texture" },
				"up": { "uv": [ 9.5, 9, 10.5, 11 ], "texture": "#texture" },
				"north": { "uv": [ 1, 0, 2, 16 ], "texture": "#texture" },
				"south": { "uv": [ 14, 0, 15, 16 ], "texture": "#texture" },
				"west": { "uv": [ 4, 0, 9, 16 ], "texture": "#texture" },
				"east": { "uv": [ 7, 0, 12, 16 ], "texture": "#texture" }
			}
		},
		{
			"__comment": "Box8",
			"from": [ 3, 0, 2 ],
			"to": [ 4, 16, 4 ],
			"faces": {
				"down": { "uv": [ 3, 12, 4, 14 ], "texture": "#texture" },
				"up": { "uv": [ 7, 8.5, 8, 10.5 ], "texture": "#texture" },
				"north": { "uv": [ 12, 0, 13, 16 ], "texture": "#texture" },
				"south": { "uv": [ 3, 0, 4, 16 ], "texture": "#texture" },
				"west": { "uv": [ 2, 0, 4, 16 ], "texture": "#texture" },
				"east": { "uv": [ 12, 0, 14, 16 ], "texture": "#texture" }
			}
		},
		{
			"__comment": "Box9",
			"from": [ 13, 0, 2 ],
			"to": [ 14, 16, 4 ],
			"faces": {
				"down": { "uv": [ 13, 12, 14, 14 ], "texture": "#texture" },
				"up": { "uv": [ 9.5, 8.5, 10.5, 10.5 ], "texture": "#texture" },
				"north": { "uv": [ 2, 0, 3, 16 ], "texture": "#texture" },
				"south": { "uv": [ 13, 0, 14, 16 ], "texture": "#texture" },
				"west": { "uv": [ 2, 0, 4, 16 ], "texture": "#texture" },
				"east": { "uv": [ 12, 0, 14, 16 ], "texture": "#texture" }
			}
		},
		{
			"__comment": "Box10",
			"from": [ 4, 0, 1 ],
			"to": [ 6, 16, 2 ],
			"faces": {
				"down": { "uv": [ 4, 14, 6, 15 ], "texture": "#texture" },
				"up": { "uv": [ 8, 8.5, 10, 9.5 ], "texture": "#texture" },
				"north": { "uv": [ 10, 0, 12, 16 ], "texture": "#texture" },
				"south": { "uv": [ 4, 0, 6, 16 ], "texture": "#texture" },
				"west": { "uv": [ 1, 0, 2, 16 ], "texture": "#texture" },
				"east": { "uv": [ 14, 0, 15, 16 ], "texture": "#texture" }
			}
		},
		{
			"__comment": "Box11",
			"from": [ 11, 0, 1 ],
			"to": [ 13, 16, 2 ],
			"faces": {
				"down": { "uv": [ 11, 14, 13, 15 ], "texture": "#texture" },
				"up": { "uv": [ 7, 9, 9, 10 ], "texture": "#texture" },
				"north": { "uv": [ 3, 0, 5, 16 ], "texture": "#texture" },
				"south": { "uv": [ 11, 0, 13, 16 ], "texture": "#texture" },
				"west": { "uv": [ 1, 0, 2, 16 ], "texture": "#texture" },
				"east": { "uv": [ 14, 0, 15, 16 ], "texture": "#texture" }
			}
		},
		{
			"__comment": "Box12",
			"from": [ 6, 0, 0 ],
			"to": [ 11, 16, 1 ],
			"faces": {
				"down": { "uv": [ 6, 15, 11, 16 ], "texture": "#texture" },
				"up": { "uv": [ 4.5, 9, 9.5, 10 ], "texture": "#texture" },
				"north": { "uv": [ 5, 0, 10, 16 ], "texture": "#texture" },
				"south": { "uv": [ 6, 0, 11, 16 ], "texture": "#texture" },
				"west": { "uv": [ 0, 0, 1, 16 ], "texture": "#texture" },
				"east": { "uv": [ 15, 0, 16, 16 ], "texture": "#texture" }
			}
		},
		{
			"__comment": "Box14",
			"from": [ 6, 14.5, 1 ],
			"to": [ 11, 15.5, 12 ],
			"faces": {
				"down": { "uv": [ 6, 4, 11, 15 ], "texture": "#texture" },
				"up": { "uv": [ 0, 7.5, 6, 12 ], "texture": "#texture" },
				"north": { "uv": [ 5, 6, 10, 7 ], "texture": "#texture" },
				"south": { "uv": [ 6, 6, 11, 7 ], "texture": "#texture" },
				"west": { "uv": [ 1, 6, 12, 7 ], "texture": "#texture" },
				"east": { "uv": [ 4, 6, 15, 7 ], "texture": "#texture" }
			}
		},
		{
			"__comment": "Box15",
			"from": [ 11, 14.5, 2 ],
			"to": [ 13, 15.5, 11 ],
			"faces": {
				"down": { "uv": [ 4, 5, 6, 14 ], "texture": "#texture" },
				"up": { "uv": [ 3.5, 8, 5.5, 11.5 ], "texture": "#texture" },
				"north": { "uv": [ 10, 6, 12, 7 ], "texture": "#texture" },
				"south": { "uv": [ 4, 6, 6, 7 ], "texture": "#texture" },
				"west": { "uv": [ 2, 6, 11, 7 ], "texture": "#texture" },
				"east": { "uv": [ 5, 6, 14, 7 ], "texture": "#texture" }
			}
		},
		{
			"__comment": "Box16",
			"from": [ 13, 14.5, 4 ],
			"to": [ 14, 15.5, 9 ],
			"faces": {
				"down": { "uv": [ 13, 7, 14, 12 ], "texture": "#texture" },
				"up": { "uv": [ 11.5, 8.5, 12.5, 11.5 ], "texture": "#texture" },
				"north": { "uv": [ 2, 6, 3, 7 ], "texture": "#texture" },
				"south": { "uv": [ 13, 6, 14, 7 ], "texture": "#texture" },
				"west": { "uv": [ 4, 6, 9, 7 ], "texture": "#texture" },
				"east": { "uv": [ 7, 6, 12, 7 ], "texture": "#texture" }
			}
		},
		{
			"__comment": "Box16",
			"from": [ 3, 14.5, 4 ],
			"to": [ 4, 15.5, 9 ],
			"faces": {
				"down": { "uv": [ 3, 7, 4, 12 ], "texture": "#texture" },
				"up": { "uv": [ 3, 8, 4, 11 ], "texture": "#texture" },
				"north": { "uv": [ 12, 6, 13, 7 ], "texture": "#texture" },
				"south": { "uv": [ 3, 6, 4, 7 ], "texture": "#texture" },
				"west": { "uv": [ 4, 6, 9, 7 ], "texture": "#texture" },
				"east": { "uv": [ 7, 6, 12, 7 ], "texture": "#texture" }
			}
		},
		{
			"__comment": "Box15",
			"from": [ 4, 14.5, 2 ],
			"to": [ 6, 15.5, 11 ],
			"faces": {
				"down": { "uv": [ 4, 5, 6, 14 ], "texture": "#texture" },
				"up": { "uv": [ 4, 8, 6, 12 ], "texture": "#texture" },
				"north": { "uv": [ 10, 6, 12, 7 ], "texture": "#texture" },
				"south": { "uv": [ 4, 6, 6, 7 ], "texture": "#texture" },
				"west": { "uv": [ 2, 6, 11, 7 ], "texture": "#texture" },
				"east": { "uv": [ 5, 6, 14, 7 ], "texture": "#texture" }
			}
		}
	],
	"display": {
		"thirdperson_righthand": {
			"scale":  [ 0.8, 1, 0.8 ]
		},
		"gui": {
			"rotation":  [ 30, 225, 0 ],
			"scale":  [ 0.625, 0.625, 0.625 ]
		}
	}
}