{
	"__comment": "Designed by Tsunami67 with Cubik Studio - https://cubik.studio",
	"textures": {
		"particle": "blocks/planks_acacia",
		"texture": "blocks/wool_colored_orange"
	},
	"elements": [ 	 
		{
			"__comment": "Box1",
			"from": [ 2, 0, 13 ],
			"to": [ 3, 4, 14 ],
			"faces": {
				"down": { "uv": [ 2, 2, 3, 3 ], "texture": "#particle" },
				"up": { "uv": [ 2, 13, 3, 14 ], "texture": "#particle" },
				"north": { "uv": [ 13, 12, 14, 16 ], "texture": "#particle" },
				"south": { "uv": [ 2, 12, 3, 16 ], "texture": "#particle" },
				"west": { "uv": [ 13, 12, 14, 16 ], "texture": "#particle" },
				"east": { "uv": [ 2, 12, 3, 16 ], "texture": "#particle" }
			}
		},
		{
			"__comment": "Box1",
			"from": [ 2, 0, 2 ],
			"to": [ 3, 4, 3 ],
			"faces": {
				"down": { "uv": [ 2, 13, 3, 14 ], "texture": "#particle" },
				"up": { "uv": [ 2, 2, 3, 3 ], "texture": "#particle" },
				"north": { "uv": [ 13, 12, 14, 16 ], "texture": "#particle" },
				"south": { "uv": [ 2, 12, 3, 16 ], "texture": "#particle" },
				"west": { "uv": [ 2, 12, 3, 16 ], "texture": "#particle" },
				"east": { "uv": [ 13, 12, 14, 16 ], "texture": "#particle" }
			}
		},
		{
			"__comment": "Box1",
			"from": [ 13, 0, 2 ],
			"to": [ 14, 4, 3 ],
			"faces": {
				"down": { "uv": [ 13, 13, 14, 14 ], "texture": "#particle" },
				"up": { "uv": [ 13, 2, 14, 3 ], "texture": "#particle" },
				"north": { "uv": [ 2, 12, 3, 16 ], "texture": "#particle" },
				"south": { "uv": [ 13, 12, 14, 16 ], "texture": "#particle" },
				"west": { "uv": [ 2, 12, 3, 16 ], "texture": "#particle" },
				"east": { "uv": [ 13, 12, 14, 16 ], "texture": "#particle" }
			}
		},
		{
			"__comment": "Box1",
			"from": [ 13, 0, 13 ],
			"to": [ 14, 4, 14 ],
			"faces": {
				"down": { "uv": [ 13, 2, 14, 3 ], "texture": "#particle" },
				"up": { "uv": [ 13, 13, 14, 14 ], "texture": "#particle" },
				"north": { "uv": [ 2, 12, 3, 16 ], "texture": "#particle" },
				"south": { "uv": [ 13, 12, 14, 16 ], "texture": "#particle" },
				"west": { "uv": [ 13, 12, 14, 16 ], "texture": "#particle" },
				"east": { "uv": [ 2, 12, 3, 16 ], "texture": "#particle" }
			}
		},
		{
			"__comment": "Box5",
			"from": [ 2, 4, 2 ],
			"to": [ 14, 6, 14 ],
			"faces": {
				"down": { "uv": [ 2, 2, 14, 14 ], "texture": "#texture" },
				"up": { "uv": [ 2, 2, 14, 14 ], "texture": "#texture" },
				"north": { "uv": [ 2, 10, 14, 12 ], "texture": "#texture" },
				"south": { "uv": [ 2, 10, 14, 12 ], "texture": "#texture" },
				"west": { "uv": [ 2, 10, 14, 12 ], "texture": "#texture" },
				"east": { "uv": [ 2, 10, 14, 12 ], "texture": "#texture" }
			}
		},
		{
			"__comment": "Box7",
			"from": [ 13, 6, 2 ],
			"to": [ 14, 8.5, 14 ],
			"faces": {
				"down": { "uv": [ 13, 2, 14, 14 ], "texture": "#texture" },
				"up": { "uv": [ 13, 2, 14, 14 ], "texture": "#texture" },
				"north": { "uv": [ 2, 7.5, 3, 10 ], "texture": "#texture" },
				"south": { "uv": [ 13, 7.5, 14, 10 ], "texture": "#texture" },
				"west": { "uv": [ 2, 7.5, 14, 10 ], "texture": "#texture" },
				"east": { "uv": [ 2, 7.5, 14, 10 ], "texture": "#texture" }
			}
		},
		{
			"__comment": "Box7",
			"from": [ 2, 6, 2 ],
			"to": [ 3, 8.5, 14 ],
			"faces": {
				"down": { "uv": [ 2, 2, 3, 14 ], "texture": "#texture" },
				"up": { "uv": [ 2, 2, 3, 14 ], "texture": "#texture" },
				"north": { "uv": [ 13, 7.5, 14, 10 ], "texture": "#texture" },
				"south": { "uv": [ 2, 7.5, 3, 10 ], "texture": "#texture" },
				"west": { "uv": [ 2, 7.5, 14, 10 ], "texture": "#texture" },
				"east": { "uv": [ 2, 7.5, 14, 10 ], "texture": "#texture" }
			}
		},
		{
			"__comment": "Box9",
			"from": [ 3, 6, 2 ],
			"to": [ 13, 20, 3 ],
			"faces": {
				"down": { "uv": [ 3, 13, 13, 14 ], "texture": "#texture" },
				"up": { "uv": [ 3, 2, 13, 3 ], "texture": "#texture" },
				"north": { "uv": [ 3, 0, 13, 10 ], "texture": "#texture" },
				"south": { "uv": [ 3, 0, 13, 10 ], "texture": "#texture" },
				"west": { "uv": [ 2, 0, 3, 10 ], "texture": "#texture" },
				"east": { "uv": [ 13, 0, 14, 10 ], "texture": "#texture" }
			}
		}
	],
	"display": {
		"thirdperson_righthand": {
			"scale":  [ 1.3, 1.8, 1.3 ]
		},
		"gui": {
			"rotation":  [ 30, -44, 0 ],
			"translation":  [ 0, -1.391, 0 ],
			"scale":  [ 0.625, 0.625, 0.625 ]
		}
	}
}