{
	"__comment": "Designed by Tsunami67 with Cubik Studio - https://cubik.studio",
	"textures": {
		"particle": "tsunami67/imprimante_noir",
		"texture": "tsunami67/sac_dargent"
	},
	"elements": [ 	 
		{
			"__comment": "Box1",
			"from": [ 4, 0, 4 ],
			"to": [ 12, 1, 12 ],
			"faces": {
				"down": { "uv": [ 4, 4, 12, 12 ], "texture": "#texture" },
				"up": { "uv": [ 4, 4, 12, 12 ], "texture": "#texture" },
				"north": { "uv": [ 4, 15, 12, 16 ], "texture": "#texture" },
				"south": { "uv": [ 4, 15, 12, 16 ], "texture": "#texture" },
				"west": { "uv": [ 4, 15, 12, 16 ], "texture": "#texture" },
				"east": { "uv": [ 4, 15, 12, 16 ], "texture": "#texture" }
			}
		},
		{
			"__comment": "Box2",
			"from": [ 4, 4, 3 ],
			"to": [ 12, 5, 4 ],
			"faces": {
				"down": { "uv": [ 4, 12, 12, 13 ], "texture": "#texture" },
				"up": { "uv": [ 4, 3, 12, 4 ], "texture": "#texture" },
				"north": { "uv": [ 4, 11, 12, 12 ], "texture": "#texture" },
				"south": { "uv": [ 4, 11, 12, 12 ], "texture": "#texture" },
				"west": { "uv": [ 3, 11, 4, 12 ], "texture": "#texture" },
				"east": { "uv": [ 12, 11, 13, 12 ], "texture": "#texture" }
			}
		},
		{
			"__comment": "Box3",
			"from": [ 4, 4, 12 ],
			"to": [ 12, 5, 13 ],
			"faces": {
				"down": { "uv": [ 4, 3, 12, 4 ], "texture": "#texture" },
				"up": { "uv": [ 4, 12, 12, 13 ], "texture": "#texture" },
				"north": { "uv": [ 4, 11, 12, 12 ], "texture": "#texture" },
				"south": { "uv": [ 4, 11, 12, 12 ], "texture": "#texture" },
				"west": { "uv": [ 12, 11, 13, 12 ], "texture": "#texture" },
				"east": { "uv": [ 3, 11, 4, 12 ], "texture": "#texture" }
			}
		},
		{
			"__comment": "Box4",
			"from": [ 12, 4, 4 ],
			"to": [ 13, 5, 12 ],
			"faces": {
				"down": { "uv": [ 12, 4, 13, 12 ], "texture": "#texture" },
				"up": { "uv": [ 12, 4, 13, 12 ], "texture": "#texture" },
				"north": { "uv": [ 3, 11, 4, 12 ], "texture": "#texture" },
				"south": { "uv": [ 12, 11, 13, 12 ], "texture": "#texture" },
				"west": { "uv": [ 4, 11, 12, 12 ], "texture": "#texture" },
				"east": { "uv": [ 4, 11, 12, 12 ], "texture": "#texture" }
			}
		},
		{
			"__comment": "Box5",
			"from": [ 3, 4, 4 ],
			"to": [ 4, 5, 12 ],
			"faces": {
				"down": { "uv": [ 3, 4, 4, 12 ], "texture": "#texture" },
				"up": { "uv": [ 3, 4, 4, 12 ], "texture": "#texture" },
				"north": { "uv": [ 12, 11, 13, 12 ], "texture": "#texture" },
				"south": { "uv": [ 3, 11, 4, 12 ], "texture": "#texture" },
				"west": { "uv": [ 4, 11, 12, 12 ], "texture": "#texture" },
				"east": { "uv": [ 4, 11, 12, 12 ], "texture": "#texture" }
			}
		},
		{
			"__comment": "Box18",
			"from": [ 3, 2, 3 ],
			"to": [ 13, 4, 13 ],
			"faces": {
				"down": { "uv": [ 3, 3, 13, 13 ], "texture": "#texture" },
				"up": { "uv": [ 3, 3, 13, 13 ], "texture": "#texture" },
				"north": { "uv": [ 3, 12, 13, 14 ], "texture": "#texture" },
				"south": { "uv": [ 3, 12, 13, 14 ], "texture": "#texture" },
				"west": { "uv": [ 3, 12, 13, 14 ], "texture": "#texture" },
				"east": { "uv": [ 3, 12, 13, 14 ], "texture": "#texture" }
			}
		},
		{
			"__comment": "Box19",
			"from": [ 4, 3, 2 ],
			"to": [ 12, 4, 3 ],
			"faces": {
				"down": { "uv": [ 4, 13, 12, 14 ], "texture": "#texture" },
				"up": { "uv": [ 4, 2, 12, 3 ], "texture": "#texture" },
				"north": { "uv": [ 4, 12, 12, 13 ], "texture": "#texture" },
				"south": { "uv": [ 4, 12, 12, 13 ], "texture": "#texture" },
				"west": { "uv": [ 2, 12, 3, 13 ], "texture": "#texture" },
				"east": { "uv": [ 13, 12, 14, 13 ], "texture": "#texture" }
			}
		},
		{
			"__comment": "Box20",
			"from": [ 2, 3, 4 ],
			"to": [ 3, 4, 12 ],
			"faces": {
				"down": { "uv": [ 2, 4, 3, 12 ], "texture": "#texture" },
				"up": { "uv": [ 2, 4, 3, 12 ], "texture": "#texture" },
				"north": { "uv": [ 13, 12, 14, 13 ], "texture": "#texture" },
				"south": { "uv": [ 2, 12, 3, 13 ], "texture": "#texture" },
				"west": { "uv": [ 4, 12, 12, 13 ], "texture": "#texture" },
				"east": { "uv": [ 4, 12, 12, 13 ], "texture": "#texture" }
			}
		},
		{
			"__comment": "Box21",
			"from": [ 13, 3, 4 ],
			"to": [ 14, 4, 12 ],
			"faces": {
				"down": { "uv": [ 13, 4, 14, 12 ], "texture": "#texture" },
				"up": { "uv": [ 13, 4, 14, 12 ], "texture": "#texture" },
				"north": { "uv": [ 2, 12, 3, 13 ], "texture": "#texture" },
				"south": { "uv": [ 13, 12, 14, 13 ], "texture": "#texture" },
				"west": { "uv": [ 4, 12, 12, 13 ], "texture": "#texture" },
				"east": { "uv": [ 4, 12, 12, 13 ], "texture": "#texture" }
			}
		},
		{
			"__comment": "Box22",
			"from": [ 4, 3, 13 ],
			"to": [ 12, 4, 14 ],
			"faces": {
				"down": { "uv": [ 4, 2, 12, 3 ], "texture": "#texture" },
				"up": { "uv": [ 4, 13, 12, 14 ], "texture": "#texture" },
				"north": { "uv": [ 4, 12, 12, 13 ], "texture": "#texture" },
				"south": { "uv": [ 4, 12, 12, 13 ], "texture": "#texture" },
				"west": { "uv": [ 13, 12, 14, 13 ], "texture": "#texture" },
				"east": { "uv": [ 2, 12, 3, 13 ], "texture": "#texture" }
			}
		},
		{
			"__comment": "Box22",
			"from": [ 5, 2, 13 ],
			"to": [ 11, 3, 14 ],
			"faces": {
				"down": { "uv": [ 5, 2, 11, 3 ], "texture": "#texture" },
				"up": { "uv": [ 5, 13, 11, 14 ], "texture": "#texture" },
				"north": { "uv": [ 5, 13, 11, 14 ], "texture": "#texture" },
				"south": { "uv": [ 5, 13, 11, 14 ], "texture": "#texture" },
				"west": { "uv": [ 13, 13, 14, 14 ], "texture": "#texture" },
				"east": { "uv": [ 2, 13, 3, 14 ], "texture": "#texture" }
			}
		},
		{
			"__comment": "Box21",
			"from": [ 13, 2, 5 ],
			"to": [ 14, 3, 11 ],
			"faces": {
				"down": { "uv": [ 13, 5, 14, 11 ], "texture": "#texture" },
				"up": { "uv": [ 13, 5, 14, 11 ], "texture": "#texture" },
				"north": { "uv": [ 2, 13, 3, 14 ], "texture": "#texture" },
				"south": { "uv": [ 13, 13, 14, 14 ], "texture": "#texture" },
				"west": { "uv": [ 5, 13, 11, 14 ], "texture": "#texture" },
				"east": { "uv": [ 5, 13, 11, 14 ], "texture": "#texture" }
			}
		},
		{
			"__comment": "Box20",
			"from": [ 2, 2, 5 ],
			"to": [ 3, 3, 11 ],
			"faces": {
				"down": { "uv": [ 2, 5, 3, 11 ], "texture": "#texture" },
				"up": { "uv": [ 2, 5, 3, 11 ], "texture": "#texture" },
				"north": { "uv": [ 13, 13, 14, 14 ], "texture": "#texture" },
				"south": { "uv": [ 2, 13, 3, 14 ], "texture": "#texture" },
				"west": { "uv": [ 5, 13, 11, 14 ], "texture": "#texture" },
				"east": { "uv": [ 5, 13, 11, 14 ], "texture": "#texture" }
			}
		},
		{
			"__comment": "Box19",
			"from": [ 5, 2, 2 ],
			"to": [ 11, 3, 3 ],
			"faces": {
				"down": { "uv": [ 5, 13, 11, 14 ], "texture": "#texture" },
				"up": { "uv": [ 5, 2, 11, 3 ], "texture": "#texture" },
				"north": { "uv": [ 5, 13, 11, 14 ], "texture": "#texture" },
				"south": { "uv": [ 5, 13, 11, 14 ], "texture": "#texture" },
				"west": { "uv": [ 2, 13, 3, 14 ], "texture": "#texture" },
				"east": { "uv": [ 13, 13, 14, 14 ], "texture": "#texture" }
			}
		},
		{
			"__comment": "Box22",
			"from": [ 5, 4, 13 ],
			"to": [ 11, 5, 14 ],
			"faces": {
				"down": { "uv": [ 5, 2, 11, 3 ], "texture": "#texture" },
				"up": { "uv": [ 5, 13, 11, 14 ], "texture": "#texture" },
				"north": { "uv": [ 5, 11, 11, 12 ], "texture": "#texture" },
				"south": { "uv": [ 5, 11, 11, 12 ], "texture": "#texture" },
				"west": { "uv": [ 13, 11, 14, 12 ], "texture": "#texture" },
				"east": { "uv": [ 2, 11, 3, 12 ], "texture": "#texture" }
			}
		},
		{
			"__comment": "Box21",
			"from": [ 13, 4, 5 ],
			"to": [ 14, 5, 11 ],
			"faces": {
				"down": { "uv": [ 13, 5, 14, 11 ], "texture": "#texture" },
				"up": { "uv": [ 13, 5, 14, 11 ], "texture": "#texture" },
				"north": { "uv": [ 2, 11, 3, 12 ], "texture": "#texture" },
				"south": { "uv": [ 13, 11, 14, 12 ], "texture": "#texture" },
				"west": { "uv": [ 5, 11, 11, 12 ], "texture": "#texture" },
				"east": { "uv": [ 5, 11, 11, 12 ], "texture": "#texture" }
			}
		},
		{
			"__comment": "Box20",
			"from": [ 2, 4, 5 ],
			"to": [ 3, 5, 11 ],
			"faces": {
				"down": { "uv": [ 2, 5, 3, 11 ], "texture": "#texture" },
				"up": { "uv": [ 2, 5, 3, 11 ], "texture": "#texture" },
				"north": { "uv": [ 13, 11, 14, 12 ], "texture": "#texture" },
				"south": { "uv": [ 2, 11, 3, 12 ], "texture": "#texture" },
				"west": { "uv": [ 5, 11, 11, 12 ], "texture": "#texture" },
				"east": { "uv": [ 5, 11, 11, 12 ], "texture": "#texture" }
			}
		},
		{
			"__comment": "Box19",
			"from": [ 5, 4, 2 ],
			"to": [ 11, 5, 3 ],
			"faces": {
				"down": { "uv": [ 5, 13, 11, 14 ], "texture": "#texture" },
				"up": { "uv": [ 5, 2, 11, 3 ], "texture": "#texture" },
				"north": { "uv": [ 5, 11, 11, 12 ], "texture": "#texture" },
				"south": { "uv": [ 5, 11, 11, 12 ], "texture": "#texture" },
				"west": { "uv": [ 2, 11, 3, 12 ], "texture": "#texture" },
				"east": { "uv": [ 13, 11, 14, 12 ], "texture": "#texture" }
			}
		},
		{
			"__comment": "Box2",
			"from": [ 4, 1, 3 ],
			"to": [ 12, 2, 4 ],
			"faces": {
				"down": { "uv": [ 4, 12, 12, 13 ], "texture": "#texture" },
				"up": { "uv": [ 4, 3, 12, 4 ], "texture": "#texture" },
				"north": { "uv": [ 4, 14, 12, 15 ], "texture": "#texture" },
				"south": { "uv": [ 4, 14, 12, 15 ], "texture": "#texture" },
				"west": { "uv": [ 3, 14, 4, 15 ], "texture": "#texture" },
				"east": { "uv": [ 12, 14, 13, 15 ], "texture": "#texture" }
			}
		},
		{
			"__comment": "Box3",
			"from": [ 4, 1, 12 ],
			"to": [ 12, 2, 13 ],
			"faces": {
				"down": { "uv": [ 4, 3, 12, 4 ], "texture": "#texture" },
				"up": { "uv": [ 4, 12, 12, 13 ], "texture": "#texture" },
				"north": { "uv": [ 4, 14, 12, 15 ], "texture": "#texture" },
				"south": { "uv": [ 4, 14, 12, 15 ], "texture": "#texture" },
				"west": { "uv": [ 12, 14, 13, 15 ], "texture": "#texture" },
				"east": { "uv": [ 3, 14, 4, 15 ], "texture": "#texture" }
			}
		},
		{
			"__comment": "Box4",
			"from": [ 12, 1, 4 ],
			"to": [ 13, 2, 12 ],
			"faces": {
				"down": { "uv": [ 12, 4, 13, 12 ], "texture": "#texture" },
				"up": { "uv": [ 12, 4, 13, 12 ], "texture": "#texture" },
				"north": { "uv": [ 3, 14, 4, 15 ], "texture": "#texture" },
				"south": { "uv": [ 12, 14, 13, 15 ], "texture": "#texture" },
				"west": { "uv": [ 4, 14, 12, 15 ], "texture": "#texture" },
				"east": { "uv": [ 4, 14, 12, 15 ], "texture": "#texture" }
			}
		},
		{
			"__comment": "Box5",
			"from": [ 3, 1, 4 ],
			"to": [ 4, 2, 12 ],
			"faces": {
				"down": { "uv": [ 3, 4, 4, 12 ], "texture": "#texture" },
				"up": { "uv": [ 3, 4, 4, 12 ], "texture": "#texture" },
				"north": { "uv": [ 12, 14, 13, 15 ], "texture": "#texture" },
				"south": { "uv": [ 3, 14, 4, 15 ], "texture": "#texture" },
				"west": { "uv": [ 4, 14, 12, 15 ], "texture": "#texture" },
				"east": { "uv": [ 4, 14, 12, 15 ], "texture": "#texture" }
			}
		},
		{
			"__comment": "Box35",
			"from": [ 4, 5, 4 ],
			"to": [ 12, 6, 12 ],
			"faces": {
				"down": { "uv": [ 4, 4, 12, 12 ], "texture": "#texture" },
				"up": { "uv": [ 4, 4, 12, 12 ], "texture": "#texture" },
				"north": { "uv": [ 4, 10, 12, 11 ], "texture": "#texture" },
				"south": { "uv": [ 4, 10, 12, 11 ], "texture": "#texture" },
				"west": { "uv": [ 4, 10, 12, 11 ], "texture": "#texture" },
				"east": { "uv": [ 4, 10, 12, 11 ], "texture": "#texture" }
			}
		},
		{
			"__comment": "Box36",
			"from": [ 5, 5, 3 ],
			"to": [ 11, 6, 4 ],
			"faces": {
				"down": { "uv": [ 5, 12, 11, 13 ], "texture": "#texture" },
				"up": { "uv": [ 5, 3, 11, 4 ], "texture": "#texture" },
				"north": { "uv": [ 5, 10, 11, 11 ], "texture": "#texture" },
				"south": { "uv": [ 5, 10, 11, 11 ], "texture": "#texture" },
				"west": { "uv": [ 3, 10, 4, 11 ], "texture": "#texture" },
				"east": { "uv": [ 12, 10, 13, 11 ], "texture": "#texture" }
			}
		},
		{
			"__comment": "Box37",
			"from": [ 3, 5, 5 ],
			"to": [ 4, 6, 11 ],
			"faces": {
				"down": { "uv": [ 3, 5, 4, 11 ], "texture": "#texture" },
				"up": { "uv": [ 3, 5, 4, 11 ], "texture": "#texture" },
				"north": { "uv": [ 12, 10, 13, 11 ], "texture": "#texture" },
				"south": { "uv": [ 3, 10, 4, 11 ], "texture": "#texture" },
				"west": { "uv": [ 5, 10, 11, 11 ], "texture": "#texture" },
				"east": { "uv": [ 5, 10, 11, 11 ], "texture": "#texture" }
			}
		},
		{
			"__comment": "Box38",
			"from": [ 5, 5, 12 ],
			"to": [ 11, 6, 13 ],
			"faces": {
				"down": { "uv": [ 5, 3, 11, 4 ], "texture": "#texture" },
				"up": { "uv": [ 5, 12, 11, 13 ], "texture": "#texture" },
				"north": { "uv": [ 5, 10, 11, 11 ], "texture": "#texture" },
				"south": { "uv": [ 5, 10, 11, 11 ], "texture": "#texture" },
				"west": { "uv": [ 12, 10, 13, 11 ], "texture": "#texture" },
				"east": { "uv": [ 3, 10, 4, 11 ], "texture": "#texture" }
			}
		},
		{
			"__comment": "Box39",
			"from": [ 12, 5, 5 ],
			"to": [ 13, 6, 11 ],
			"faces": {
				"down": { "uv": [ 12, 5, 13, 11 ], "texture": "#texture" },
				"up": { "uv": [ 12, 5, 13, 11 ], "texture": "#texture" },
				"north": { "uv": [ 3, 10, 4, 11 ], "texture": "#texture" },
				"south": { "uv": [ 12, 10, 13, 11 ], "texture": "#texture" },
				"west": { "uv": [ 5, 10, 11, 11 ], "texture": "#texture" },
				"east": { "uv": [ 5, 10, 11, 11 ], "texture": "#texture" }
			}
		},
		{
			"__comment": "Box40",
			"from": [ 7, 8, 7 ],
			"to": [ 9, 9, 9 ],
			"faces": {
				"down": { "uv": [ 7, 7, 9, 9 ], "texture": "#texture" },
				"up": { "uv": [ 7, 7, 9, 9 ], "texture": "#texture" },
				"north": { "uv": [ 7, 7, 9, 8 ], "texture": "#particle" },
				"south": { "uv": [ 7, 7, 9, 8 ], "texture": "#particle" },
				"west": { "uv": [ 7, 7, 9, 8 ], "texture": "#particle" },
				"east": { "uv": [ 7, 7, 9, 8 ], "texture": "#particle" }
			}
		},
		{
			"__comment": "Box41",
			"from": [ 4, 6, 6 ],
			"to": [ 5, 7, 10 ],
			"faces": {
				"down": { "uv": [ 4, 6, 5, 10 ], "texture": "#texture" },
				"up": { "uv": [ 4, 6, 5, 10 ], "texture": "#texture" },
				"north": { "uv": [ 11, 9, 12, 10 ], "texture": "#texture" },
				"south": { "uv": [ 4, 9, 5, 10 ], "texture": "#texture" },
				"west": { "uv": [ 6, 9, 10, 10 ], "texture": "#texture" },
				"east": { "uv": [ 6, 9, 10, 10 ], "texture": "#texture" }
			}
		},
		{
			"__comment": "Box41",
			"from": [ 6, 6, 4 ],
			"to": [ 10, 7, 5 ],
			"faces": {
				"down": { "uv": [ 6, 11, 10, 12 ], "texture": "#texture" },
				"up": { "uv": [ 6, 4, 10, 5 ], "texture": "#texture" },
				"north": { "uv": [ 6, 9, 10, 10 ], "texture": "#texture" },
				"south": { "uv": [ 6, 9, 10, 10 ], "texture": "#texture" },
				"west": { "uv": [ 4, 9, 5, 10 ], "texture": "#texture" },
				"east": { "uv": [ 11, 9, 12, 10 ], "texture": "#texture" }
			}
		},
		{
			"__comment": "Box41",
			"from": [ 5, 7, 7 ],
			"to": [ 6, 8, 9 ],
			"faces": {
				"down": { "uv": [ 5, 7, 6, 9 ], "texture": "#texture" },
				"up": { "uv": [ 5, 7, 6, 9 ], "texture": "#texture" },
				"north": { "uv": [ 10, 8, 11, 9 ], "texture": "#texture" },
				"south": { "uv": [ 5, 8, 6, 9 ], "texture": "#texture" },
				"west": { "uv": [ 7, 8, 9, 9 ], "texture": "#texture" },
				"east": { "uv": [ 7, 8, 9, 9 ], "texture": "#texture" }
			}
		},
		{
			"__comment": "Box41",
			"from": [ 11, 6, 6 ],
			"to": [ 12, 7, 10 ],
			"faces": {
				"down": { "uv": [ 11, 6, 12, 10 ], "texture": "#texture" },
				"up": { "uv": [ 11, 6, 12, 10 ], "texture": "#texture" },
				"north": { "uv": [ 4, 9, 5, 10 ], "texture": "#texture" },
				"south": { "uv": [ 11, 9, 12, 10 ], "texture": "#texture" },
				"west": { "uv": [ 6, 9, 10, 10 ], "texture": "#texture" },
				"east": { "uv": [ 6, 9, 10, 10 ], "texture": "#texture" }
			}
		},
		{
			"__comment": "Box40",
			"from": [ 5, 6, 5 ],
			"to": [ 11, 7, 11 ],
			"faces": {
				"down": { "uv": [ 5, 5, 11, 11 ], "texture": "#texture" },
				"up": { "uv": [ 5, 5, 11, 11 ], "texture": "#texture" },
				"north": { "uv": [ 5, 9, 11, 10 ], "texture": "#texture" },
				"south": { "uv": [ 5, 9, 11, 10 ], "texture": "#texture" },
				"west": { "uv": [ 5, 9, 11, 10 ], "texture": "#texture" },
				"east": { "uv": [ 5, 9, 11, 10 ], "texture": "#texture" }
			}
		},
		{
			"__comment": "Box41",
			"from": [ 6, 6, 11 ],
			"to": [ 10, 7, 12 ],
			"faces": {
				"down": { "uv": [ 6, 4, 10, 5 ], "texture": "#texture" },
				"up": { "uv": [ 6, 11, 10, 12 ], "texture": "#texture" },
				"north": { "uv": [ 6, 9, 10, 10 ], "texture": "#texture" },
				"south": { "uv": [ 6, 9, 10, 10 ], "texture": "#texture" },
				"west": { "uv": [ 11, 9, 12, 10 ], "texture": "#texture" },
				"east": { "uv": [ 4, 9, 5, 10 ], "texture": "#texture" }
			}
		},
		{
			"__comment": "Box41",
			"from": [ 7, 7, 10 ],
			"to": [ 9, 8, 11 ],
			"faces": {
				"down": { "uv": [ 7, 5, 9, 6 ], "texture": "#texture" },
				"up": { "uv": [ 7, 10, 9, 11 ], "texture": "#texture" },
				"north": { "uv": [ 7, 8, 9, 9 ], "texture": "#texture" },
				"south": { "uv": [ 7, 8, 9, 9 ], "texture": "#texture" },
				"west": { "uv": [ 10, 8, 11, 9 ], "texture": "#texture" },
				"east": { "uv": [ 5, 8, 6, 9 ], "texture": "#texture" }
			}
		},
		{
			"__comment": "Box41",
			"from": [ 7, 7, 5 ],
			"to": [ 9, 8, 6 ],
			"faces": {
				"down": { "uv": [ 7, 10, 9, 11 ], "texture": "#texture" },
				"up": { "uv": [ 7, 5, 9, 6 ], "texture": "#texture" },
				"north": { "uv": [ 7, 8, 9, 9 ], "texture": "#texture" },
				"south": { "uv": [ 7, 8, 9, 9 ], "texture": "#texture" },
				"west": { "uv": [ 5, 8, 6, 9 ], "texture": "#texture" },
				"east": { "uv": [ 10, 8, 11, 9 ], "texture": "#texture" }
			}
		},
		{
			"__comment": "Box41",
			"from": [ 10, 7, 7 ],
			"to": [ 11, 8, 9 ],
			"faces": {
				"down": { "uv": [ 10, 7, 11, 9 ], "texture": "#texture" },
				"up": { "uv": [ 10, 7, 11, 9 ], "texture": "#texture" },
				"north": { "uv": [ 5, 8, 6, 9 ], "texture": "#texture" },
				"south": { "uv": [ 10, 8, 11, 9 ], "texture": "#texture" },
				"west": { "uv": [ 7, 8, 9, 9 ], "texture": "#texture" },
				"east": { "uv": [ 7, 8, 9, 9 ], "texture": "#texture" }
			}
		},
		{
			"__comment": "Box40",
			"from": [ 6, 7, 6 ],
			"to": [ 10, 8, 10 ],
			"faces": {
				"down": { "uv": [ 6, 6, 10, 10 ], "texture": "#texture" },
				"up": { "uv": [ 6, 6, 10, 10 ], "texture": "#texture" },
				"north": { "uv": [ 6, 8, 10, 9 ], "texture": "#texture" },
				"south": { "uv": [ 6, 8, 10, 9 ], "texture": "#texture" },
				"west": { "uv": [ 6, 8, 10, 9 ], "texture": "#texture" },
				"east": { "uv": [ 6, 8, 10, 9 ], "texture": "#texture" }
			}
		},
		{
			"__comment": "Box51",
			"from": [ 6, 9, 7 ],
			"to": [ 7, 10, 9 ],
			"faces": {
				"down": { "uv": [ 6, 7, 7, 9 ], "texture": "#texture" },
				"up": { "uv": [ 6, 7, 7, 9 ], "texture": "#texture" },
				"north": { "uv": [ 9, 6, 10, 7 ], "texture": "#texture" },
				"south": { "uv": [ 6, 6, 7, 7 ], "texture": "#texture" },
				"west": { "uv": [ 7, 6, 9, 7 ], "texture": "#texture" },
				"east": { "uv": [ 7, 6, 9, 7 ], "texture": "#texture" }
			}
		},
		{
			"__comment": "Box52",
			"from": [ 7, 9, 6 ],
			"to": [ 9, 10, 7 ],
			"faces": {
				"down": { "uv": [ 7, 9, 9, 10 ], "texture": "#texture" },
				"up": { "uv": [ 7, 6, 9, 7 ], "texture": "#texture" },
				"north": { "uv": [ 7, 6, 9, 7 ], "texture": "#texture" },
				"south": { "uv": [ 7, 6, 9, 7 ], "texture": "#texture" },
				"west": { "uv": [ 6, 6, 7, 7 ], "texture": "#texture" },
				"east": { "uv": [ 9, 6, 10, 7 ], "texture": "#texture" }
			}
		},
		{
			"__comment": "Box53",
			"from": [ 9, 9, 7 ],
			"to": [ 10, 10, 9 ],
			"faces": {
				"down": { "uv": [ 9, 7, 10, 9 ], "texture": "#texture" },
				"up": { "uv": [ 9, 7, 10, 9 ], "texture": "#texture" },
				"north": { "uv": [ 6, 6, 7, 7 ], "texture": "#texture" },
				"south": { "uv": [ 9, 6, 10, 7 ], "texture": "#texture" },
				"west": { "uv": [ 7, 6, 9, 7 ], "texture": "#texture" },
				"east": { "uv": [ 7, 6, 9, 7 ], "texture": "#texture" }
			}
		},
		{
			"__comment": "Box54",
			"from": [ 7, 9, 9 ],
			"to": [ 9, 10, 10 ],
			"faces": {
				"down": { "uv": [ 7, 6, 9, 7 ], "texture": "#texture" },
				"up": { "uv": [ 7, 9, 9, 10 ], "texture": "#texture" },
				"north": { "uv": [ 7, 6, 9, 7 ], "texture": "#texture" },
				"south": { "uv": [ 7, 6, 9, 7 ], "texture": "#texture" },
				"west": { "uv": [ 9, 6, 10, 7 ], "texture": "#texture" },
				"east": { "uv": [ 6, 6, 7, 7 ], "texture": "#texture" }
			}
		},
		{
			"__comment": "Box55",
			"from": [ 6, 10, 6 ],
			"to": [ 7, 11, 7 ],
			"faces": {
				"down": { "uv": [ 6, 9, 7, 10 ], "texture": "#texture" },
				"up": { "uv": [ 6, 6, 7, 7 ], "texture": "#texture" },
				"north": { "uv": [ 9, 5, 10, 6 ], "texture": "#texture" },
				"south": { "uv": [ 6, 5, 7, 6 ], "texture": "#texture" },
				"west": { "uv": [ 6, 5, 7, 6 ], "texture": "#texture" },
				"east": { "uv": [ 9, 5, 10, 6 ], "texture": "#texture" }
			}
		},
		{
			"__comment": "Box56",
			"from": [ 9, 10, 6 ],
			"to": [ 10, 11, 7 ],
			"faces": {
				"down": { "uv": [ 9, 9, 10, 10 ], "texture": "#texture" },
				"up": { "uv": [ 9, 6, 10, 7 ], "texture": "#texture" },
				"north": { "uv": [ 6, 5, 7, 6 ], "texture": "#texture" },
				"south": { "uv": [ 9, 5, 10, 6 ], "texture": "#texture" },
				"west": { "uv": [ 6, 5, 7, 6 ], "texture": "#texture" },
				"east": { "uv": [ 9, 5, 10, 6 ], "texture": "#texture" }
			}
		},
		{
			"__comment": "Box57",
			"from": [ 6, 10, 9 ],
			"to": [ 7, 11, 10 ],
			"faces": {
				"down": { "uv": [ 6, 6, 7, 7 ], "texture": "#texture" },
				"up": { "uv": [ 6, 9, 7, 10 ], "texture": "#texture" },
				"north": { "uv": [ 9, 5, 10, 6 ], "texture": "#texture" },
				"south": { "uv": [ 6, 5, 7, 6 ], "texture": "#texture" },
				"west": { "uv": [ 9, 5, 10, 6 ], "texture": "#texture" },
				"east": { "uv": [ 6, 5, 7, 6 ], "texture": "#texture" }
			}
		},
		{
			"__comment": "Box58",
			"from": [ 9, 10, 9 ],
			"to": [ 10, 11, 10 ],
			"faces": {
				"down": { "uv": [ 9, 6, 10, 7 ], "texture": "#texture" },
				"up": { "uv": [ 9, 9, 10, 10 ], "texture": "#texture" },
				"north": { "uv": [ 6, 5, 7, 6 ], "texture": "#texture" },
				"south": { "uv": [ 9, 5, 10, 6 ], "texture": "#texture" },
				"west": { "uv": [ 9, 5, 10, 6 ], "texture": "#texture" },
				"east": { "uv": [ 6, 5, 7, 6 ], "texture": "#texture" }
			}
		},
		{
			"__comment": "Box59",
			"from": [ 10, 10, 7 ],
			"to": [ 11, 11, 9 ],
			"faces": {
				"down": { "uv": [ 10, 7, 11, 9 ], "texture": "#texture" },
				"up": { "uv": [ 10, 7, 11, 9 ], "texture": "#texture" },
				"north": { "uv": [ 5, 5, 6, 6 ], "texture": "#texture" },
				"south": { "uv": [ 10, 5, 11, 6 ], "texture": "#texture" },
				"west": { "uv": [ 7, 5, 9, 6 ], "texture": "#texture" },
				"east": { "uv": [ 7, 5, 9, 6 ], "texture": "#texture" }
			}
		},
		{
			"__comment": "Box60",
			"from": [ 5, 10, 7 ],
			"to": [ 6, 11, 9 ],
			"faces": {
				"down": { "uv": [ 5, 7, 6, 9 ], "texture": "#texture" },
				"up": { "uv": [ 5, 7, 6, 9 ], "texture": "#texture" },
				"north": { "uv": [ 10, 5, 11, 6 ], "texture": "#texture" },
				"south": { "uv": [ 5, 5, 6, 6 ], "texture": "#texture" },
				"west": { "uv": [ 7, 5, 9, 6 ], "texture": "#texture" },
				"east": { "uv": [ 7, 5, 9, 6 ], "texture": "#texture" }
			}
		},
		{
			"__comment": "Box61",
			"from": [ 7, 10, 5 ],
			"to": [ 9, 11, 6 ],
			"faces": {
				"down": { "uv": [ 7, 10, 9, 11 ], "texture": "#texture" },
				"up": { "uv": [ 7, 5, 9, 6 ], "texture": "#texture" },
				"north": { "uv": [ 7, 5, 9, 6 ], "texture": "#texture" },
				"south": { "uv": [ 7, 5, 9, 6 ], "texture": "#texture" },
				"west": { "uv": [ 5, 5, 6, 6 ], "texture": "#texture" },
				"east": { "uv": [ 10, 5, 11, 6 ], "texture": "#texture" }
			}
		},
		{
			"__comment": "Box62",
			"from": [ 7, 10, 9.5 ],
			"to": [ 9, 11, 10.5 ],
			"faces": {
				"down": { "uv": [ 7, 5.5, 9, 6.5 ], "texture": "#texture" },
				"up": { "uv": [ 7, 9.5, 9, 10.5 ], "texture": "#texture" },
				"north": { "uv": [ 7, 5, 9, 6 ], "texture": "#texture" },
				"south": { "uv": [ 7, 5, 9, 6 ], "texture": "#texture" },
				"west": { "uv": [ 9.5, 5, 10.5, 6 ], "texture": "#texture" },
				"east": { "uv": [ 5.5, 5, 6.5, 6 ], "texture": "#texture" }
			}
		}
	],
	"display": {
		"thirdperson_righthand": {
			"rotation":  [ 90, 0, 0 ],
			"translation":  [ -6.26, -1.391, 13.912 ],
			"scale":  [ 0.5, 0.5, 0.5 ]
		},
		"gui": {
			"rotation":  [ 30, 225, 0 ],
			"scale":  [ 0.625, 0.625, 0.625 ]
		}
	}
}