{
	"__comment": "Designed by Tsunami67 with Cubik Studio - https://cubik.studio",
	"textures": {
		"particle": "tsunami67/feuilles",
		"texture": "tsunami67/pot",
		"texture1": "blocks/planks_acacia",
		"texture2": "blocks/hardened_clay_stained_blue"
	},
	"elements": [ 	 
		{
			"__comment": "Box1",
			"from": [ 7, 0, 8 ],
			"to": [ 10.5, 3.5, 8.5 ],
			"faces": {
				"down": { "uv": [ 6, 6, 11, 6.5 ], "texture": "#texture" },
				"up": { "uv": [ 6, 9.5, 11, 10 ], "texture": "#texture" },
				"north": { "uv": [ 4.5, 7.5, 11, 13.5 ], "texture": "#texture" },
				"south": { "uv": [ 0, 0, 16, 16 ], "texture": "#texture" },
				"west": { "uv": [ 0, 0, 1, 16 ], "texture": "#texture" },
				"east": { "uv": [ 0, 0, 1, 16 ], "texture": "#texture" }
			}
		},
		{
			"__comment": "Box1",
			"from": [ 7, 0, 5 ],
			"to": [ 10.5, 3.5, 5.5 ],
			"faces": {
				"down": { "uv": [ 6, 10.5, 11, 11 ], "texture": "#texture" },
				"up": { "uv": [ 6, 5, 11, 5.5 ], "texture": "#texture" },
				"north": { "uv": [ 0, 0, 16, 16 ], "texture": "#texture" },
				"south": { "uv": [ 3, 4.5, 12.5, 14.5 ], "texture": "#texture" },
				"west": { "uv": [ 0, 0, 1, 16 ], "texture": "#texture" },
				"east": { "uv": [ 0, 0, 1, 16 ], "texture": "#texture" }
			}
		},
		{
			"__comment": "Box3",
			"from": [ 10, 0, 5.5 ],
			"to": [ 10.5, 3.5, 8 ],
			"faces": {
				"down": { "uv": [ 10.5, 6.5, 11, 10.5 ], "texture": "#texture" },
				"up": { "uv": [ 10.5, 5.5, 11, 9.5 ], "texture": "#texture" },
				"north": { "uv": [ 5, 12.5, 5.5, 16 ], "texture": "#texture" },
				"south": { "uv": [ 10.5, 12.5, 11, 16 ], "texture": "#texture" },
				"west": { "uv": [ 5.5, 12.5, 9.5, 16 ], "texture": "#texture" },
				"east": { "uv": [ 0, 0, 16, 16 ], "texture": "#texture" }
			}
		},
		{
			"__comment": "Box3",
			"from": [ 7, 0, 5.5 ],
			"to": [ 7.5, 3.5, 8 ],
			"faces": {
				"down": { "uv": [ 6, 6.5, 6.5, 10.5 ], "texture": "#texture" },
				"up": { "uv": [ 6, 5.5, 6.5, 9.5 ], "texture": "#texture" },
				"north": { "uv": [ 9.5, 12.5, 10, 16 ], "texture": "#texture" },
				"south": { "uv": [ 6, 12.5, 6.5, 16 ], "texture": "#texture" },
				"west": { "uv": [ 0, 0, 16, 16 ], "texture": "#texture" },
				"east": { "uv": [ 6.5, 12.5, 10.5, 16 ], "texture": "#texture" }
			}
		},
		{
			"__comment": "Box5",
			"from": [ 7.5, 1.5, 5.5 ],
			"to": [ 10, 2.5, 8 ],
			"faces": {
				"down": { "uv": [ 6.5, 6.5, 10.5, 10.5 ], "texture": "#texture2" },
				"up": { "uv": [ 0, 0, 16, 16 ], "texture": "#texture2" },
				"north": { "uv": [ 5.5, 13.5, 9.5, 14.5 ], "texture": "#texture2" },
				"south": { "uv": [ 6.5, 13.5, 10.5, 14.5 ], "texture": "#texture2" },
				"west": { "uv": [ 5.5, 13.5, 9.5, 14.5 ], "texture": "#texture2" },
				"east": { "uv": [ 6.5, 13.5, 10.5, 14.5 ], "texture": "#texture2" }
			}
		},
		{
			"__comment": "Box6",
			"from": [ 8.5, 2.5, 6.5 ],
			"to": [ 9, 10, 7 ],
			"faces": {
				"down": { "uv": [ 8.5, 8, 9, 8.5 ], "texture": "#texture1" },
				"up": { "uv": [ 8.5, 7.5, 9, 8 ], "texture": "#texture1" },
				"north": { "uv": [ 5, 0, 11, 16 ], "texture": "#texture1" },
				"south": { "uv": [ 5, 0, 11.5, 16 ], "texture": "#texture1" },
				"west": { "uv": [ 5, 0, 11, 16 ], "texture": "#texture1" },
				"east": { "uv": [ 5.5, 0, 11.5, 16 ], "texture": "#texture1" }
			}
		},
		{
			"__comment": "Box7",
			"from": [ 6.5, 8.5, 9 ],
			"to": [ 13, 15, 9.001 ],
			"rotation": { "origin": [ 6.5, 8.5, 9 ], "axis": "y", "angle": 45 },
			"faces": {
				"down": { "uv": [ 5.5, 8, 12, 8.5 ], "texture": "#particle" },
				"up": { "uv": [ 5.5, 7.5, 12, 8 ], "texture": "#particle" },
				"north": { "uv": [ 0, 0, 16, 16 ], "texture": "#particle" },
				"south": { "uv": [ 0, 0, 16, 16 ], "texture": "#particle" },
				"west": { "uv": [ 7.5, 0, 8, 6.5 ], "texture": "#particle" },
				"east": { "uv": [ 8, 0, 8.5, 6.5 ], "texture": "#particle" }
			}
		},
		{
			"__comment": "Box7",
			"from": [ 6.5, 8.5, 4.5 ],
			"to": [ 13, 15, 4.501 ],
			"rotation": { "origin": [ 6.5, 8.5, 4.5 ], "axis": "y", "angle": -45 },
			"faces": {
				"down": { "uv": [ 5.5, 8, 12, 8.5 ], "texture": "#particle" },
				"up": { "uv": [ 5.5, 7.5, 12, 8 ], "texture": "#particle" },
				"north": { "uv": [ 0, 0, 16, 16 ], "texture": "#particle" },
				"south": { "uv": [ 0, 0, 16, 16 ], "texture": "#particle" },
				"west": { "uv": [ 7.5, 0, 8, 6.5 ], "texture": "#particle" },
				"east": { "uv": [ 8, 0, 8.5, 6.5 ], "texture": "#particle" }
			}
		}
	],
	"display": {
		"thirdperson_righthand": {
			"scale":  [ 1.3, 1.6, 1.3 ]
		},
		"gui": {
			"rotation":  [ 30, 225, 0 ],
			"scale":  [ 0.625, 0.625, 0.625 ]
		}
	}
}