{
	"__comment": "Designed by Tsunami67 with Cubik Studio - https://cubik.studio",
	"textures": {
		"particle": "blocks/e_particle",
		"texture": "blocks/stone_diorite_smooth"
	},
	"elements": [ 	 
		{
			"__comment": "Box1",
			"from": [ 13, 0, 2 ],
			"to": [ 15, 2, 14 ],
			"faces": {
				"down": { "uv": [ 13, 2, 15, 14 ], "texture": "#texture" },
				"up": { "uv": [ 13, 2, 15, 14 ], "texture": "#texture" },
				"north": { "uv": [ 0, 0, 16, 16 ], "texture": "#texture" },
				"south": { "uv": [ 0, 0, 16, 16 ], "texture": "#texture" },
				"west": { "uv": [ 2, 14, 14, 16 ], "texture": "#texture" },
				"east": { "uv": [ 2, 14, 14, 16 ], "texture": "#texture" }
			}
		},
		{
			"__comment": "Box1",
			"from": [ 1, 0, 2 ],
			"to": [ 3, 2, 14 ],
			"faces": {
				"down": { "uv": [ 1, 2, 3, 14 ], "texture": "#texture" },
				"up": { "uv": [ 1, 2, 3, 14 ], "texture": "#texture" },
				"north": { "uv": [ 0, 0, 16, 16 ], "texture": "#texture" },
				"south": { "uv": [ 0, 0, 16, 16 ], "texture": "#texture" },
				"west": { "uv": [ 2, 14, 14, 16 ], "texture": "#texture" },
				"east": { "uv": [ 2, 14, 14, 16 ], "texture": "#texture" }
			}
		},
		{
			"__comment": "Box3",
			"from": [ 13.5, 2, 2 ],
			"to": [ 14.5, 14, 13.5 ],
			"faces": {
				"down": { "uv": [ 13.5, 2.5, 14.5, 14 ], "texture": "#texture" },
				"up": { "uv": [ 13.5, 2, 14.5, 13.5 ], "texture": "#texture" },
				"north": { "uv": [ 1.5, 2, 2.5, 14 ], "texture": "#texture" },
				"south": { "uv": [ 13.5, 2, 14.5, 14 ], "texture": "#texture" },
				"west": { "uv": [ 0, 0, 16, 16 ], "texture": "#texture" },
				"east": { "uv": [ 2.5, 2, 14, 14 ], "texture": "#texture" }
			}
		},
		{
			"__comment": "Box3",
			"from": [ 1.5, 2, 2 ],
			"to": [ 2.5, 14, 13.5 ],
			"faces": {
				"down": { "uv": [ 1.5, 2.5, 2.5, 14 ], "texture": "#texture" },
				"up": { "uv": [ 1.5, 2, 2.5, 13.5 ], "texture": "#texture" },
				"north": { "uv": [ 13.5, 2, 14.5, 14 ], "texture": "#texture" },
				"south": { "uv": [ 1.5, 2, 2.5, 14 ], "texture": "#texture" },
				"west": { "uv": [ 2, 2, 13.5, 14 ], "texture": "#texture" },
				"east": { "uv": [ 0, 0, 16, 16 ], "texture": "#texture" }
			}
		},
		{
			"__comment": "Box5",
			"from": [ 2.5, 13, 2 ],
			"to": [ 13.5, 15.5, 13.5 ],
			"faces": {
				"down": { "uv": [ 2.5, 2.5, 13.5, 14 ], "texture": "#texture" },
				"up": { "uv": [ 2.5, 2, 13.5, 13.5 ], "texture": "#texture" },
				"north": { "uv": [ 2.5, 0.5, 13.5, 3 ], "texture": "#texture" },
				"south": { "uv": [ 2.5, 0.5, 13.5, 3 ], "texture": "#texture" },
				"west": { "uv": [ 2, 0.5, 13.5, 3 ], "texture": "#texture" },
				"east": { "uv": [ 2.5, 0.5, 14, 3 ], "texture": "#texture" }
			}
		},
		{
			"__comment": "Box6",
			"from": [ 3, 0, 3 ],
			"to": [ 13, 1, 13.5 ],
			"faces": {
				"down": { "uv": [ 3, 2.5, 13, 13 ], "texture": "#texture" },
				"up": { "uv": [ 0, 0, 16, 16 ], "texture": "#texture" },
				"north": { "uv": [ 3, 15, 13, 16 ], "texture": "#texture" },
				"south": { "uv": [ 3, 15, 13, 16 ], "texture": "#texture" },
				"west": { "uv": [ 3, 15, 13.5, 16 ], "texture": "#texture" },
				"east": { "uv": [ 2.5, 15, 13, 16 ], "texture": "#texture" }
			}
		},
		{
			"__comment": "Box7",
			"from": [ 1.5, 0, 1 ],
			"to": [ 14.5, 14, 2 ],
			"faces": {
				"down": { "uv": [ 1.5, 14, 14.5, 15 ], "texture": "#texture" },
				"up": { "uv": [ 1.5, 1, 14.5, 2 ], "texture": "#texture" },
				"north": { "uv": [ 1.5, 2, 14.5, 16 ], "texture": "#texture" },
				"south": { "uv": [ 0, 0, 16, 16 ], "texture": "#texture" },
				"west": { "uv": [ 1, 2, 2, 16 ], "texture": "#texture" },
				"east": { "uv": [ 14, 2, 15, 16 ], "texture": "#texture" }
			}
		}
	],
	"display": {
		"thirdperson_righthand": {
			"scale":  [ 2, 2, 2 ]
		},
		"gui": {
			"rotation":  [ 30, -31, 0 ],
			"scale":  [ 0.625, 0.625, 0.625 ]
		}
	}
}