{
	"__comment": "Designed by Tsunami67 with Cubik Studio - https://cubik.studio",
	"textures": {
		"particle": "blocks/planks_acacia",
		"texture": "tableaux/1"
	},
	"elements": [ 	 
		{
			"__comment": "Box1",
			"from": [ 0, 0, 7 ],
			"to": [ 16, 16, 9.5 ],
			"faces": {
				"down": { "uv": [ 0, 6.5, 16, 9 ], "texture": "#particle" },
				"up": { "uv": [ 0, 7, 16, 9.5 ], "texture": "#particle" },
				"north": { "uv": [ 0, 0, 16, 16 ], "texture": "#particle" },
				"south": { "uv": [ 0, 0, 16, 16 ], "texture": "#texture" },
				"west": { "uv": [ 7, 0, 9.5, 16 ], "texture": "#particle" },
				"east": { "uv": [ 6.5, 0, 9, 16 ], "texture": "#particle" }
			}
		}
	],
	"display": {
		"thirdperson_righthand": {
			"scale":  [ 1.2, 1.2, 1.2 ]
		}
	}
}