{
	"__comment": "Designed by Tsunami67 with Cubik Studio - https://cubik.studio",
	"textures": {
		"particle": "blocks/planks_spruce",
		"texture": "tsunami67/cd",
		"texture1": "blocks/anvil_base"
	},
	"elements": [ 	 
		{
			"__comment": "Box1",
			"from": [ -3, 0, -3 ],
			"to": [ 26, 1, 19 ],
			"faces": {
				"down": { "uv": [ 0, 0, 16, 16 ], "texture": "#particle" },
				"up": { "uv": [ 0, 0, 16, 16 ], "texture": "#particle" },
				"north": { "uv": [ 0, 15, 16, 16 ], "texture": "#particle" },
				"south": { "uv": [ 0, 15, 16, 16 ], "texture": "#particle" },
				"west": { "uv": [ 0, 15, 16, 16 ], "texture": "#particle" },
				"east": { "uv": [ 0, 15, 16, 16 ], "texture": "#particle" }
			}
		},
		{
			"__comment": "Box2",
			"from": [ 5, 1, 0 ],
			"to": [ 11, 1.5, 15 ],
			"faces": {
				"down": { "uv": [ 5, 1, 11, 16 ], "texture": "#texture" },
				"up": { "uv": [ 5, 0, 11, 15 ], "texture": "#texture" },
				"north": { "uv": [ 5, 15.5, 11, 16 ], "texture": "#texture" },
				"south": { "uv": [ 5, 15.5, 11, 16 ], "texture": "#texture" },
				"west": { "uv": [ 4, 15.5, 13.5, 16 ], "texture": "#texture" },
				"east": { "uv": [ 3, 15.5, 12, 16 ], "texture": "#texture" }
			}
		},
		{
			"__comment": "Box3",
			"from": [ 3, 1, 1 ],
			"to": [ 5, 1.5, 14 ],
			"faces": {
				"down": { "uv": [ 3, 2, 5, 15 ], "texture": "#texture" },
				"up": { "uv": [ 3, 1, 5, 14 ], "texture": "#texture" },
				"north": { "uv": [ 12.5, 15.5, 14.5, 16 ], "texture": "#texture" },
				"south": { "uv": [ 3.5, 15.5, 5.5, 16 ], "texture": "#texture" },
				"west": { "uv": [ 3.5, 15.5, 12.5, 16 ], "texture": "#texture" },
				"east": { "uv": [ 5, 15.5, 13, 16 ], "texture": "#texture" }
			}
		},
		{
			"__comment": "Box4",
			"from": [ 11, 1, 1 ],
			"to": [ 13, 1.5, 14 ],
			"faces": {
				"down": { "uv": [ 11, 2, 13, 15 ], "texture": "#texture" },
				"up": { "uv": [ 11, 1, 13, 14 ], "texture": "#texture" },
				"north": { "uv": [ 1, 14, 3, 14.5 ], "texture": "#texture" },
				"south": { "uv": [ 12, 15.5, 14, 16 ], "texture": "#texture" },
				"west": { "uv": [ 6, 15.5, 11.5, 16 ], "texture": "#texture" },
				"east": { "uv": [ 4.5, 15.5, 12.5, 16 ], "texture": "#texture" }
			}
		},
		{
			"__comment": "Box5",
			"from": [ 1, 1, 3 ],
			"to": [ 2, 1.5, 11 ],
			"faces": {
				"down": { "uv": [ 1, 5, 2, 13 ], "texture": "#texture" },
				"up": { "uv": [ 1, 3, 2, 11 ], "texture": "#texture" },
				"north": { "uv": [ 15, 15, 16, 15.5 ], "texture": "#texture" },
				"south": { "uv": [ 1, 15.5, 2, 16 ], "texture": "#texture" },
				"west": { "uv": [ 4, 15.5, 12, 16 ], "texture": "#texture" },
				"east": { "uv": [ 5, 15.5, 13, 16 ], "texture": "#texture" }
			}
		},
		{
			"__comment": "Box6",
			"from": [ 14, 1, 3 ],
			"to": [ 15, 1.5, 11 ],
			"faces": {
				"down": { "uv": [ 14, 5, 15, 13 ], "texture": "#texture" },
				"up": { "uv": [ 14, 3, 15, 11 ], "texture": "#texture" },
				"north": { "uv": [ 1, 15, 2, 15.5 ], "texture": "#texture" },
				"south": { "uv": [ 14, 14.5, 15, 15 ], "texture": "#texture" },
				"west": { "uv": [ 5, 15.5, 13, 16 ], "texture": "#texture" },
				"east": { "uv": [ 4, 15.5, 12, 16 ], "texture": "#texture" }
			}
		},
		{
			"__comment": "Box7",
			"from": [ 2, 1, 2 ],
			"to": [ 3, 1.5, 13 ],
			"faces": {
				"down": { "uv": [ 2, 3, 3, 14 ], "texture": "#texture" },
				"up": { "uv": [ 2, 2, 3, 13 ], "texture": "#texture" },
				"north": { "uv": [ 13, 14.5, 14, 15 ], "texture": "#texture" },
				"south": { "uv": [ 2, 14.5, 3, 15 ], "texture": "#texture" },
				"west": { "uv": [ 2, 15.5, 13, 16 ], "texture": "#texture" },
				"east": { "uv": [ 4.5, 15.5, 12.5, 16 ], "texture": "#texture" }
			}
		},
		{
			"__comment": "Box8",
			"from": [ 13, 1, 2 ],
			"to": [ 14, 1.5, 13 ],
			"faces": {
				"down": { "uv": [ 13, 3, 14, 14 ], "texture": "#texture" },
				"up": { "uv": [ 13, 2, 14, 13 ], "texture": "#texture" },
				"north": { "uv": [ 2, 14.5, 3, 15 ], "texture": "#texture" },
				"south": { "uv": [ 13, 14.5, 14, 15 ], "texture": "#texture" },
				"west": { "uv": [ 2, 15.5, 13, 16 ], "texture": "#texture" },
				"east": { "uv": [ 3, 15.5, 14, 16 ], "texture": "#texture" }
			}
		},
		{
			"__comment": "Box9",
			"from": [ 0, 1, 5 ],
			"to": [ 1, 1.5, 11 ],
			"faces": {
				"down": { "uv": [ 0, 5, 1, 11 ], "texture": "#texture" },
				"up": { "uv": [ 0, 5, 1, 11 ], "texture": "#texture" },
				"north": { "uv": [ 15, 14.5, 16, 15 ], "texture": "#texture" },
				"south": { "uv": [ 0, 14.5, 1, 15 ], "texture": "#texture" },
				"west": { "uv": [ 5, 15.5, 11, 16 ], "texture": "#texture" },
				"east": { "uv": [ 5, 15.5, 11, 16 ], "texture": "#texture" }
			}
		},
		{
			"__comment": "Box10",
			"from": [ 15, 1, 5 ],
			"to": [ 16, 1.5, 11 ],
			"faces": {
				"down": { "uv": [ 15, 5, 16, 11 ], "texture": "#texture" },
				"up": { "uv": [ 15, 5, 16, 11 ], "texture": "#texture" },
				"north": { "uv": [ 0, 14.5, 1, 15 ], "texture": "#texture" },
				"south": { "uv": [ 15, 14.5, 16, 15 ], "texture": "#texture" },
				"west": { "uv": [ 5, 15.5, 11, 16 ], "texture": "#texture" },
				"east": { "uv": [ 5, 15.5, 11, 16 ], "texture": "#texture" }
			}
		},
		{
			"__comment": "Box11",
			"from": [ 1, 1, 11 ],
			"to": [ 2, 1.5, 13 ],
			"faces": {
				"down": { "uv": [ 1, 3, 2, 5 ], "texture": "#texture" },
				"up": { "uv": [ 1, 11, 2, 13 ], "texture": "#texture" },
				"north": { "uv": [ 14, 14.5, 15, 15 ], "texture": "#texture" },
				"south": { "uv": [ 1, 14.5, 2, 15 ], "texture": "#texture" },
				"west": { "uv": [ 13, 15, 15, 15.5 ], "texture": "#texture" },
				"east": { "uv": [ 2.5, 14.5, 4.5, 15 ], "texture": "#texture" }
			}
		},
		{
			"__comment": "Box12",
			"from": [ 2, 1, 13 ],
			"to": [ 3, 1.5, 14 ],
			"faces": {
				"down": { "uv": [ 2, 2, 3, 3 ], "texture": "#texture" },
				"up": { "uv": [ 2, 13, 3, 14 ], "texture": "#texture" },
				"north": { "uv": [ 13, 14.5, 14, 15 ], "texture": "#texture" },
				"south": { "uv": [ 2, 14.5, 3, 15 ], "texture": "#texture" },
				"west": { "uv": [ 13, 14.5, 14, 15 ], "texture": "#texture" },
				"east": { "uv": [ 2, 14.5, 3, 15 ], "texture": "#texture" }
			}
		},
		{
			"__comment": "Box13",
			"from": [ 3, 1, 14 ],
			"to": [ 5, 1.5, 15 ],
			"faces": {
				"down": { "uv": [ 3, 1, 5, 2 ], "texture": "#texture" },
				"up": { "uv": [ 3, 14, 5, 15 ], "texture": "#texture" },
				"north": { "uv": [ 12, 14.5, 14, 15 ], "texture": "#texture" },
				"south": { "uv": [ 2, 14.5, 4, 15 ], "texture": "#texture" },
				"west": { "uv": [ 14, 14.5, 15, 15 ], "texture": "#texture" },
				"east": { "uv": [ 1, 14.5, 2, 15 ], "texture": "#texture" }
			}
		},
		{
			"__comment": "Box14",
			"from": [ 5, 1, 15 ],
			"to": [ 11, 1.5, 16 ],
			"faces": {
				"down": { "uv": [ 5, 0, 11, 1 ], "texture": "#texture" },
				"up": { "uv": [ 5, 15, 11, 16 ], "texture": "#texture" },
				"north": { "uv": [ 5, 15.5, 11, 16 ], "texture": "#texture" },
				"south": { "uv": [ 5, 15.5, 11, 16 ], "texture": "#texture" },
				"west": { "uv": [ 15, 14.5, 16, 15 ], "texture": "#texture" },
				"east": { "uv": [ 0, 14.5, 1, 15 ], "texture": "#texture" }
			}
		},
		{
			"__comment": "Box15",
			"from": [ 11, 1, 14 ],
			"to": [ 13, 1.5, 15 ],
			"faces": {
				"down": { "uv": [ 11, 1, 13, 2 ], "texture": "#texture" },
				"up": { "uv": [ 11, 14, 13, 15 ], "texture": "#texture" },
				"north": { "uv": [ 2, 14.5, 4, 15 ], "texture": "#texture" },
				"south": { "uv": [ 12.5, 15, 14.5, 15.5 ], "texture": "#texture" },
				"west": { "uv": [ 14, 14.5, 15, 15 ], "texture": "#texture" },
				"east": { "uv": [ 1, 14.5, 2, 15 ], "texture": "#texture" }
			}
		},
		{
			"__comment": "Box16",
			"from": [ 13, 1, 13 ],
			"to": [ 14, 1.5, 14 ],
			"faces": {
				"down": { "uv": [ 13, 2, 14, 3 ], "texture": "#texture" },
				"up": { "uv": [ 13, 13, 14, 14 ], "texture": "#texture" },
				"north": { "uv": [ 2, 14.5, 3, 15 ], "texture": "#texture" },
				"south": { "uv": [ 13, 14.5, 14, 15 ], "texture": "#texture" },
				"west": { "uv": [ 13, 14.5, 14, 15 ], "texture": "#texture" },
				"east": { "uv": [ 2, 14.5, 3, 15 ], "texture": "#texture" }
			}
		},
		{
			"__comment": "Box17",
			"from": [ 14, 1, 11 ],
			"to": [ 15, 1.5, 13 ],
			"faces": {
				"down": { "uv": [ 14, 3, 15, 5 ], "texture": "#texture" },
				"up": { "uv": [ 14, 11, 15, 13 ], "texture": "#texture" },
				"north": { "uv": [ 1, 14.5, 2, 15 ], "texture": "#texture" },
				"south": { "uv": [ 14, 14.5, 15, 15 ], "texture": "#texture" },
				"west": { "uv": [ 13.5, 14, 15.5, 14.5 ], "texture": "#texture" },
				"east": { "uv": [ 1.5, 14.5, 3.5, 15 ], "texture": "#texture" }
			}
		},
		{
			"__comment": "Box18",
			"from": [ 21.5, 1, -2 ],
			"to": [ 22.5, 2, 17.5 ],
			"faces": {
				"down": { "uv": [ 0, 0, 16, 16 ], "texture": "#texture1" },
				"up": { "uv": [ 0, 0, 16, 16 ], "texture": "#texture1" },
				"north": { "uv": [ 0, 0, 16, 16 ], "texture": "#texture1" },
				"south": { "uv": [ 0, 0, 16, 16 ], "texture": "#texture1" },
				"west": { "uv": [ 0, 0, 16, 16 ], "texture": "#texture1" },
				"east": { "uv": [ 0, 0, 16, 16 ], "texture": "#texture1" }
			}
		}
	],
	"display": {
		"thirdperson_righthand": {
			"scale":  [ 0.5, 0.5, 0.5 ]
		},
		"gui": {
			"rotation":  [ 30, -20, 0 ],
			"scale":  [ 0.3, 0.3, 0.3 ]
		}
	}
}