{
	"__comment": "Designed by Tsunami67 with Cubik Studio - https://cubik.studio",
	"textures": {
		"particle": "tsunami67/source_electrique_tuyau",
		"texture": "tsunami67/source_electrique1",
		"texture1": "tsunami67/source_electrique2",
		"texture2": "tsunami67/source_electrique3"
	},
	"elements": [ 	 
		{
			"__comment": "Box1",
			"from": [ 9, 0, 4 ],
			"to": [ 19, 10, 9 ],
			"faces": {
				"down": { "uv": [ 0, 0, 16, 16 ], "texture": "#texture" },
				"up": { "uv": [ 0, 0, 16, 16 ], "texture": "#texture" },
				"north": { "uv": [ 0, 0, 16, 16 ], "texture": "#texture1" },
				"south": { "uv": [ 0, 0, 16, 16 ], "texture": "#texture" },
				"west": { "uv": [ 0, 0, 16, 16 ], "texture": "#texture" },
				"east": { "uv": [ 0, 0, 16, 16 ], "texture": "#texture" }
			}
		},
		{
			"__comment": "Box1",
			"from": [ -3, 0, 4 ],
			"to": [ 7, 10, 9 ],
			"faces": {
				"down": { "uv": [ 0, 0, 16, 16 ], "texture": "#texture" },
				"up": { "uv": [ 0, 0, 16, 16 ], "texture": "#texture" },
				"north": { "uv": [ 0, 0, 16, 16 ], "texture": "#texture2" },
				"south": { "uv": [ 0, 0, 16, 16 ], "texture": "#texture" },
				"west": { "uv": [ 0, 0, 16, 16 ], "texture": "#texture" },
				"east": { "uv": [ 0, 0, 16, 16 ], "texture": "#texture" }
			}
		},
		{
			"__comment": "Box4",
			"from": [ 21, 0, 7 ],
			"to": [ 22, 2, 8 ],
			"faces": {
				"down": { "uv": [ 5, 8, 6, 9 ], "texture": "#particle" },
				"up": { "uv": [ 5, 7, 6, 8 ], "texture": "#particle" },
				"north": { "uv": [ 10, 14, 11, 16 ], "texture": "#particle" },
				"south": { "uv": [ 5, 14, 6, 16 ], "texture": "#particle" },
				"west": { "uv": [ 7, 14, 8, 16 ], "texture": "#particle" },
				"east": { "uv": [ 8, 14, 9, 16 ], "texture": "#particle" }
			}
		},
		{
			"__comment": "Box4",
			"from": [ 7, 2, 7 ],
			"to": [ 9, 3, 8 ],
			"faces": {
				"down": { "uv": [ 7, 8, 9, 9 ], "texture": "#particle" },
				"up": { "uv": [ 7, 7, 9, 8 ], "texture": "#particle" },
				"north": { "uv": [ 7, 13, 9, 14 ], "texture": "#particle" },
				"south": { "uv": [ 7, 13, 9, 14 ], "texture": "#particle" },
				"west": { "uv": [ 7, 13, 8, 14 ], "texture": "#particle" },
				"east": { "uv": [ 8, 13, 9, 14 ], "texture": "#particle" }
			}
		},
		{
			"__comment": "Box4",
			"from": [ 7, 2, 5 ],
			"to": [ 9, 3, 6 ],
			"faces": {
				"down": { "uv": [ 7, 10, 9, 11 ], "texture": "#particle" },
				"up": { "uv": [ 7, 5, 9, 6 ], "texture": "#particle" },
				"north": { "uv": [ 7, 13, 9, 14 ], "texture": "#particle" },
				"south": { "uv": [ 7, 13, 9, 14 ], "texture": "#particle" },
				"west": { "uv": [ 5, 13, 6, 14 ], "texture": "#particle" },
				"east": { "uv": [ 10, 13, 11, 14 ], "texture": "#particle" }
			}
		},
		{
			"__comment": "Box4",
			"from": [ 21, 0, 5 ],
			"to": [ 22, 2, 6 ],
			"faces": {
				"down": { "uv": [ 10, 10, 11, 11 ], "texture": "#particle" },
				"up": { "uv": [ 10, 5, 11, 6 ], "texture": "#particle" },
				"north": { "uv": [ 5, 14, 6, 16 ], "texture": "#particle" },
				"south": { "uv": [ 10, 14, 11, 16 ], "texture": "#particle" },
				"west": { "uv": [ 5, 14, 6, 16 ], "texture": "#particle" },
				"east": { "uv": [ 10, 14, 11, 16 ], "texture": "#particle" }
			}
		},
		{
			"__comment": "Box4",
			"from": [ -6, 2, 5 ],
			"to": [ -3, 3, 6 ],
			"faces": {
				"down": { "uv": [ 10, 10, 13, 11 ], "texture": "#particle" },
				"up": { "uv": [ 10, 5, 13, 6 ], "texture": "#particle" },
				"north": { "uv": [ 3, 13, 6, 14 ], "texture": "#particle" },
				"south": { "uv": [ 10, 13, 13, 14 ], "texture": "#particle" },
				"west": { "uv": [ 5, 13, 6, 14 ], "texture": "#particle" },
				"east": { "uv": [ 10, 13, 11, 14 ], "texture": "#particle" }
			}
		},
		{
			"__comment": "Box4",
			"from": [ -6, 2, 7 ],
			"to": [ -3, 3, 8 ],
			"faces": {
				"down": { "uv": [ 10, 8, 13, 9 ], "texture": "#particle" },
				"up": { "uv": [ 10, 7, 13, 8 ], "texture": "#particle" },
				"north": { "uv": [ 3, 13, 6, 14 ], "texture": "#particle" },
				"south": { "uv": [ 10, 13, 13, 14 ], "texture": "#particle" },
				"west": { "uv": [ 7, 13, 8, 14 ], "texture": "#particle" },
				"east": { "uv": [ 8, 13, 9, 14 ], "texture": "#particle" }
			}
		},
		{
			"__comment": "Box4",
			"from": [ -6, 0, 7 ],
			"to": [ -5, 2, 8 ],
			"faces": {
				"down": { "uv": [ 10, 8, 11, 9 ], "texture": "#particle" },
				"up": { "uv": [ 10, 7, 11, 8 ], "texture": "#particle" },
				"north": { "uv": [ 5, 14, 6, 16 ], "texture": "#particle" },
				"south": { "uv": [ 10, 14, 11, 16 ], "texture": "#particle" },
				"west": { "uv": [ 7, 14, 8, 16 ], "texture": "#particle" },
				"east": { "uv": [ 8, 14, 9, 16 ], "texture": "#particle" }
			}
		},
		{
			"__comment": "Box4",
			"from": [ -6, 0, 5 ],
			"to": [ -5, 2, 6 ],
			"faces": {
				"down": { "uv": [ 10, 10, 11, 11 ], "texture": "#particle" },
				"up": { "uv": [ 10, 5, 11, 6 ], "texture": "#particle" },
				"north": { "uv": [ 5, 14, 6, 16 ], "texture": "#particle" },
				"south": { "uv": [ 10, 14, 11, 16 ], "texture": "#particle" },
				"west": { "uv": [ 5, 14, 6, 16 ], "texture": "#particle" },
				"east": { "uv": [ 10, 14, 11, 16 ], "texture": "#particle" }
			}
		},
		{
			"__comment": "Box4",
			"from": [ 19, 2, 7 ],
			"to": [ 22, 3, 8 ],
			"faces": {
				"down": { "uv": [ 3, 8, 6, 9 ], "texture": "#particle" },
				"up": { "uv": [ 3, 7, 6, 8 ], "texture": "#particle" },
				"north": { "uv": [ 10, 13, 13, 14 ], "texture": "#particle" },
				"south": { "uv": [ 3, 13, 6, 14 ], "texture": "#particle" },
				"west": { "uv": [ 7, 13, 8, 14 ], "texture": "#particle" },
				"east": { "uv": [ 8, 13, 9, 14 ], "texture": "#particle" }
			}
		},
		{
			"__comment": "Box4",
			"from": [ 19, 2, 5 ],
			"to": [ 22, 3, 6 ],
			"faces": {
				"down": { "uv": [ 3, 10, 6, 11 ], "texture": "#particle" },
				"up": { "uv": [ 3, 5, 6, 6 ], "texture": "#particle" },
				"north": { "uv": [ 10, 13, 13, 14 ], "texture": "#particle" },
				"south": { "uv": [ 3, 13, 6, 14 ], "texture": "#particle" },
				"west": { "uv": [ 5, 13, 6, 14 ], "texture": "#particle" },
				"east": { "uv": [ 10, 13, 11, 14 ], "texture": "#particle" }
			}
		}
	],
	"display": {
		"thirdperson_righthand": {
			"scale":  [ 4.5, 4.5, 4.5 ]
		},
		"gui": {
			"rotation":  [ 30, 225, 0 ],
			"scale":  [ 0.625, 0.625, 0.625 ]
		}
	}
}