{
	"__comment": "Designed by Tsunami67 with Cubik Studio - https://cubik.studio",
	"textures": {
		"particle": "blocks/e_particle",
		"texture": "tsunami67/etagere"
	},
	"elements": [ 	 
		{
			"__comment": "Box1",
			"from": [ 7, 0, 0.5 ],
			"to": [ 10, 1, 1.5 ],
			"faces": {
				"down": { "uv": [ 6, 13, 9, 14 ], "texture": "#texture" },
				"up": { "uv": [ 6, 2, 9, 3 ], "texture": "#texture" },
				"north": { "uv": [ 7, 15, 10, 16 ], "texture": "#texture" },
				"south": { "uv": [ 6, 15, 9, 16 ], "texture": "#texture" },
				"west": { "uv": [ 2, 15, 3, 16 ], "texture": "#texture" },
				"east": { "uv": [ 13, 15, 14, 16 ], "texture": "#texture" }
			}
		},
		{
			"__comment": "Box2",
			"from": [ 6, 0, 1.5 ],
			"to": [ 7, 1, 4.5 ],
			"faces": {
				"down": { "uv": [ 5, 10, 6, 13 ], "texture": "#texture" },
				"up": { "uv": [ 5, 3, 6, 6 ], "texture": "#texture" },
				"north": { "uv": [ 10, 15, 11, 16 ], "texture": "#texture" },
				"south": { "uv": [ 5, 15, 6, 16 ], "texture": "#texture" },
				"west": { "uv": [ 3, 15, 6, 16 ], "texture": "#texture" },
				"east": { "uv": [ 10, 15, 13, 16 ], "texture": "#texture" }
			}
		},
		{
			"__comment": "Box3",
			"from": [ 10, 0, 1.5 ],
			"to": [ 11, 1, 4.5 ],
			"faces": {
				"down": { "uv": [ 9, 10, 10, 13 ], "texture": "#texture" },
				"up": { "uv": [ 9, 3, 10, 6 ], "texture": "#texture" },
				"north": { "uv": [ 6, 15, 7, 16 ], "texture": "#texture" },
				"south": { "uv": [ 9, 15, 10, 16 ], "texture": "#texture" },
				"west": { "uv": [ 3, 15, 6, 16 ], "texture": "#texture" },
				"east": { "uv": [ 10, 15, 13, 16 ], "texture": "#texture" }
			}
		},
		{
			"__comment": "Box4",
			"from": [ 7, 0, 4.5 ],
			"to": [ 10, 1, 5.5 ],
			"faces": {
				"down": { "uv": [ 6, 9, 9, 10 ], "texture": "#texture" },
				"up": { "uv": [ 6, 6, 9, 7 ], "texture": "#texture" },
				"north": { "uv": [ 7, 15, 10, 16 ], "texture": "#texture" },
				"south": { "uv": [ 6, 15, 9, 16 ], "texture": "#texture" },
				"west": { "uv": [ 6, 15, 7, 16 ], "texture": "#texture" },
				"east": { "uv": [ 9, 15, 10, 16 ], "texture": "#texture" }
			}
		},
		{
			"__comment": "Box5",
			"from": [ 8, 0, 5.5 ],
			"to": [ 9, 1, 15.5 ],
			"faces": {
				"down": { "uv": [ 7, 0, 8, 8 ], "texture": "#texture" },
				"up": { "uv": [ 7, 8, 8, 16 ], "texture": "#texture" },
				"north": { "uv": [ 8, 15, 9, 16 ], "texture": "#texture" },
				"south": { "uv": [ 7, 15, 8, 16 ], "texture": "#texture" },
				"west": { "uv": [ 8, 15, 16, 16 ], "texture": "#texture" },
				"east": { "uv": [ 0, 15, 8, 16 ], "texture": "#texture" }
			}
		},
		{
			"__comment": "Box6",
			"from": [ 6, 0, 12.5 ],
			"to": [ 8, 1, 13.5 ],
			"faces": {
				"down": { "uv": [ 5, 0, 7, 1 ], "texture": "#texture" },
				"up": { "uv": [ 5, 15, 7, 16 ], "texture": "#texture" },
				"north": { "uv": [ 9, 15, 11, 16 ], "texture": "#texture" },
				"south": { "uv": [ 5, 15, 7, 16 ], "texture": "#texture" },
				"west": { "uv": [ 15, 15, 16, 16 ], "texture": "#texture" },
				"east": { "uv": [ 0, 15, 1, 16 ], "texture": "#texture" }
			}
		},
		{
			"__comment": "Box7",
			"from": [ 5, 0, 14.5 ],
			"to": [ 8, 1, 15.5 ],
			"faces": {
				"down": { "uv": [ 5, 0.5, 8, 1.5 ], "texture": "#texture" },
				"up": { "uv": [ 5, 14.5, 8, 15.5 ], "texture": "#texture" },
				"north": { "uv": [ 8, 15, 11, 16 ], "texture": "#texture" },
				"south": { "uv": [ 5, 15, 8, 16 ], "texture": "#texture" },
				"west": { "uv": [ 14.5, 15, 15.5, 16 ], "texture": "#texture" },
				"east": { "uv": [ 0.5, 15, 1.5, 16 ], "texture": "#texture" }
			}
		}
	],
	"display": {
		"thirdperson_righthand": {
			"rotation":  [ 90, 0, 0 ],
			"translation":  [ -5.565, 0, 18.782 ],
			"scale":  [ 0.5, 0.5, 0.5 ]
		},
		"firstperson_righthand": {
			"rotation":  [ 56, -135, -15 ],
			"translation":  [ 16.695, -1.39, -12.52 ],
			"scale":  [ 1.3, 1.3, 1.3 ]
		},
		"firstperson_lefthand": {
			"rotation":  [ 56, -135, -15 ],
			"translation":  [ 16.695, -1.39, -12.52 ],
			"scale":  [ 1.3, 1.3, 1.3 ]
		},
		"gui": {
			"rotation":  [ 91, -36, 25 ],
			"translation":  [ -2.086, 2.0869, 0.6956 ]
		}
	}
}