{
	"__comment": "Designed by Tsunami67 with Cubik Studio - https://cubik.studio",
	"textures": {
		"body_above": "tsuny/body_above",
		"body_behind": "tsuny/body_behind",
		"body_front": "tsuny/body_front",
		"body_left": "tsuny/body_left",
		"body_right": "tsuny/body_right",
		"body_under": "tsuny/body_under",
		"face_above": "tsuny/face_above",
		"face_behind": "tsuny/face_behind",
		"face_front": "tsuny/face_front",
		"face_left": "tsuny/face_left",
		"face_right": "tsuny/face_right",
		"face_under": "tsuny/face_under",
		"fourrure_beige": "tsuny/fourrure_beige",
		"fourrure_orange": "tsuny/fourrure_orange",
		"leftarm_front": "tsuny/leftarm_front",
		"leftarm_left": "tsuny/leftarm_left",
		"leg": "tsuny/leg_side",
		"leftarm_behind": "tsuny/leftarm_behind",
		"noir": "blocks/coal_block",
		"foulard": "tsuny/foulard",
		"tunique_texture": "tsuny/tunique_texture",
		"arc_en_ciel": "tsuny/arc_en_ciel",
		"armure_bois": "tsuny/armure_bois",
		"bottes": "tsuny/bottes"
	},
	"elements": [ 	 
		{
			"__comment": "Box1",
			"from": [ 0, 1, 4.5 ],
			"to": [ 4, 13, 8.5 ],
			"rotation": { "origin": [ 4, 1, 8.5 ], "axis": "x", "angle": -22.5 },
			"faces": {
				"down": { "uv": [ 5.5, 15, 10.5, 15.5 ], "texture": "#leftarm_behind", "rotation": 180 },
				"up": { "uv": [ 5, 5.5, 11, 12 ], "texture": "#leftarm_left", "rotation": 180 },
				"north": { "uv": [ 5, 0, 11, 16 ], "texture": "#leftarm_front" },
				"south": { "uv": [ 11, 0, 5, 16 ], "texture": "#leftarm_front" },
				"west": { "uv": [ 5, 0, 11, 16 ], "texture": "#leftarm_left" },
				"east": { "uv": [ 5, 0, 11, 16 ], "texture": "#leftarm_behind" }
			}
		},
		{
			"__comment": "Box3",
			"from": [ 4, 0, 0 ],
			"to": [ 12, 12, 4 ],
			"faces": {
				"down": { "uv": [ 2.5, 5, 13.5, 11 ], "texture": "#body_under" },
				"up": { "uv": [ 2.5, 5, 13.5, 11 ], "texture": "#body_above" },
				"north": { "uv": [ 2.5, 0, 13.5, 16 ], "texture": "#body_behind" },
				"south": { "uv": [ 2.5, 0, 13.5, 16 ], "texture": "#body_front" },
				"west": { "uv": [ 5, 0, 11, 16 ], "texture": "#body_right" },
				"east": { "uv": [ 5, 0, 11, 16 ], "texture": "#body_left" }
			}
		},
		{
			"__comment": "Box1",
			"from": [ 4, -11.5, -4.5 ],
			"to": [ 8, 0.5, -0.5 ],
			"rotation": { "origin": [ 8, -11.5, -0.5 ], "axis": "x", "angle": 22.5 },
			"faces": {
				"down": { "uv": [ 4.5, 15, 11.5, 16 ], "texture": "#leg", "rotation": 180 },
				"up": { "uv": [ 4.5, 0, 12, 1 ], "texture": "#leg", "rotation": 180 },
				"north": { "uv": [ 5, 0, 11, 16 ], "texture": "#leg" },
				"south": { "uv": [ 5, 0, 11, 16 ], "texture": "#leg" },
				"west": { "uv": [ 5, 0, 11, 16 ], "texture": "#leg" },
				"east": { "uv": [ 5, 0, 11, 16 ], "texture": "#leg" }
			}
		},
		{
			"__comment": "Box6",
			"from": [ 4, 12, -1.5 ],
			"to": [ 12, 20, 6.5 ],
			"faces": {
				"down": { "uv": [ 0, 0, 16, 16 ], "texture": "#face_under" },
				"up": { "uv": [ 0, 0, 16, 16 ], "texture": "#face_above" },
				"north": { "uv": [ 0, 0, 16, 16 ], "texture": "#face_behind" },
				"south": { "uv": [ 0, 0, 16, 16 ], "texture": "#face_front" },
				"west": { "uv": [ 0, 0, 16, 16 ], "texture": "#face_right" },
				"east": { "uv": [ 0, 0, 16, 16 ], "texture": "#face_left" }
			}
		},
		{
			"__comment": "Box1",
			"from": [ 12, 1, -4 ],
			"to": [ 16, 13, 0 ],
			"rotation": { "origin": [ 12, 1, -4 ], "axis": "x", "angle": 22.5 },
			"faces": {
				"down": { "uv": [ 5.5, 15, 10.5, 15.5 ], "texture": "#leftarm_behind" },
				"up": { "uv": [ 5, 5.5, 11, 12 ], "texture": "#leftarm_left" },
				"north": { "uv": [ 11, 0, 5, 16 ], "texture": "#leftarm_front" },
				"south": { "uv": [ 5, 0, 11, 16 ], "texture": "#leftarm_front" },
				"west": { "uv": [ 5, 0, 11, 16 ], "texture": "#leftarm_behind" },
				"east": { "uv": [ 5, 0, 11, 16 ], "texture": "#leftarm_left" }
			}
		},
		{
			"__comment": "Box1",
			"from": [ 8, -11.5, 4.5 ],
			"to": [ 12, 0.5, 8.5 ],
			"rotation": { "origin": [ 8, -11.5, 4.5 ], "axis": "x", "angle": -22.5 },
			"faces": {
				"down": { "uv": [ 4.5, 15, 11.5, 16 ], "texture": "#leg" },
				"up": { "uv": [ 4.5, 0, 12, 1 ], "texture": "#leg" },
				"north": { "uv": [ 5, 0, 11, 16 ], "texture": "#leg" },
				"south": { "uv": [ 5, 0, 11, 16 ], "texture": "#leg" },
				"west": { "uv": [ 5, 0, 11, 16 ], "texture": "#leg" },
				"east": { "uv": [ 5, 0, 11, 16 ], "texture": "#leg" }
			}
		},
		{
			"__comment": "Box8",
			"from": [ 11.5, 12, -4.4999 ],
			"to": [ 16.5, 13.5, 0.5001001 ],
			"rotation": { "origin": [ 12, 1, -4 ], "axis": "x", "angle": 22.5 },
			"faces": {
				"down": { "uv": [ 0, 0, 16, 16 ], "texture": "#armure_bois" },
				"up": { "uv": [ 0, 0, 16, 16 ], "texture": "#armure_bois" },
				"north": { "uv": [ 0, 0, 16, 16 ], "texture": "#armure_bois" },
				"south": { "uv": [ 0, 0, 16, 16 ], "texture": "#armure_bois" },
				"west": { "uv": [ 0, 0, 16, 16 ], "texture": "#armure_bois" },
				"east": { "uv": [ 0, 0, 16, 16 ], "texture": "#armure_bois" }
			}
		},
		{
			"__comment": "Box8",
			"from": [ 15, 4, -4.5 ],
			"to": [ 16.5, 9, 0.5 ],
			"rotation": { "origin": [ 12, 1, -4 ], "axis": "x", "angle": 22.5 },
			"faces": {
				"down": { "uv": [ 0, 0, 16, 16 ], "texture": "#armure_bois" },
				"up": { "uv": [ 0, 0, 16, 16 ], "texture": "#armure_bois" },
				"north": { "uv": [ 0, 0, 16, 16 ], "texture": "#armure_bois" },
				"south": { "uv": [ 0, 0, 16, 16 ], "texture": "#armure_bois" },
				"west": { "uv": [ 0, 0, 16, 16 ], "texture": "#armure_bois" },
				"east": { "uv": [ 0, 0, 16, 16 ], "texture": "#armure_bois" }
			}
		},
		{
			"__comment": "Box8",
			"from": [ -0.5, 12, 4 ],
			"to": [ 4.5, 13.5, 9 ],
			"rotation": { "origin": [ 4, 1, 8.5 ], "axis": "x", "angle": -22.5 },
			"faces": {
				"down": { "uv": [ 0, 0, 16, 16 ], "texture": "#armure_bois" },
				"up": { "uv": [ 0, 0, 16, 16 ], "texture": "#armure_bois" },
				"north": { "uv": [ 0, 0, 16, 16 ], "texture": "#armure_bois" },
				"south": { "uv": [ 0, 0, 16, 16 ], "texture": "#armure_bois" },
				"west": { "uv": [ 0, 0, 16, 16 ], "texture": "#armure_bois" },
				"east": { "uv": [ 0, 0, 16, 16 ], "texture": "#armure_bois" }
			}
		},
		{
			"__comment": "Box8",
			"from": [ -0.5, 4, 4 ],
			"to": [ 1, 9, 9 ],
			"rotation": { "origin": [ 4, 1, 8.5 ], "axis": "x", "angle": -22.5 },
			"faces": {
				"down": { "uv": [ 0, 0, 16, 16 ], "texture": "#armure_bois" },
				"up": { "uv": [ 0, 0, 16, 16 ], "texture": "#armure_bois" },
				"north": { "uv": [ 0, 0, 16, 16 ], "texture": "#armure_bois" },
				"south": { "uv": [ 0, 0, 16, 16 ], "texture": "#armure_bois" },
				"west": { "uv": [ 0, 0, 16, 16 ], "texture": "#armure_bois" },
				"east": { "uv": [ 0, 0, 16, 16 ], "texture": "#armure_bois" }
			}
		},
		{
			"__comment": "Box12",
			"from": [ 7, 1, 4 ],
			"to": [ 9, 3, 4.5 ],
			"faces": {
				"down": { "uv": [ 7, 14, 9, 14.5 ], "texture": "#body_front" },
				"up": { "uv": [ 7, 12.5, 9, 13 ], "texture": "#body_front" },
				"north": { "uv": [ 7, 13, 9, 15 ], "texture": "#body_front" },
				"south": { "uv": [ 7, 12, 9, 14.5 ], "texture": "#body_front" },
				"west": { "uv": [ 7, 12.5, 7.5, 14.5 ], "texture": "#body_front" },
				"east": { "uv": [ 8.5, 12.5, 9, 14.5 ], "texture": "#body_front" }
			}
		},
		{
			"__comment": "Box13",
			"from": [ 7.5, -11.5, 4 ],
			"to": [ 12.5, -6.5, 9 ],
			"rotation": { "origin": [ 8, -11.5, 4.5 ], "axis": "x", "angle": -22.5 },
			"faces": {
				"down": { "uv": [ 0, 0, 16, 16 ], "texture": "#bottes" },
				"up": { "uv": [ 0, 0, 16, 16 ], "texture": "#bottes" },
				"north": { "uv": [ 0, 0, 16, 16 ], "texture": "#bottes" },
				"south": { "uv": [ 0, 0, 16, 16 ], "texture": "#bottes" },
				"west": { "uv": [ 0, 0, 16, 16 ], "texture": "#bottes" },
				"east": { "uv": [ 0, 0, 16, 16 ], "texture": "#bottes" }
			}
		},
		{
			"__comment": "Box13",
			"from": [ 3.5, -11.5, -5 ],
			"to": [ 8.5, -6.5, 0 ],
			"rotation": { "origin": [ 8, -11.5, -0.5000002 ], "axis": "x", "angle": 22.5 },
			"faces": {
				"down": { "uv": [ 0, 0, 16, 16 ], "texture": "#bottes" },
				"up": { "uv": [ 0, 0, 16, 16 ], "texture": "#bottes" },
				"north": { "uv": [ 0, 0, 16, 16 ], "texture": "#bottes" },
				"south": { "uv": [ 0, 0, 16, 16 ], "texture": "#bottes" },
				"west": { "uv": [ 0, 0, 16, 16 ], "texture": "#bottes" },
				"east": { "uv": [ 0, 0, 16, 16 ], "texture": "#bottes" }
			}
		},
		{
			"__comment": "Box15",
			"from": [ 7, 13, 6.5 ],
			"to": [ 9, 14, 7 ],
			"faces": {
				"down": { "uv": [ 7, 9, 9, 9.5 ], "texture": "#noir" },
				"up": { "uv": [ 7, 6.5, 9, 7 ], "texture": "#noir" },
				"north": { "uv": [ 7, 2, 9, 3 ], "texture": "#noir" },
				"south": { "uv": [ 7, 2, 9, 3 ], "texture": "#noir" },
				"west": { "uv": [ 6.5, 2, 7, 3 ], "texture": "#noir" },
				"east": { "uv": [ 9, 2, 9.5, 3 ], "texture": "#noir" }
			}
		},
		{
			"__comment": "Box16",
			"from": [ 4, 10, 4 ],
			"to": [ 6, 11, 4.5 ],
			"faces": {
				"down": { "uv": [ 4, 11.5, 6, 12 ], "texture": "#foulard" },
				"up": { "uv": [ 4, 4, 6, 4.5 ], "texture": "#foulard" },
				"north": { "uv": [ 10, 5, 12, 6 ], "texture": "#foulard" },
				"south": { "uv": [ 4, 5, 6, 6 ], "texture": "#foulard" },
				"west": { "uv": [ 4, 5, 4.5, 6 ], "texture": "#foulard" },
				"east": { "uv": [ 11.5, 5, 12, 6 ], "texture": "#foulard" }
			}
		},
		{
			"__comment": "Box17",
			"from": [ 4, 9, 4 ],
			"to": [ 7, 10, 4.5 ],
			"faces": {
				"down": { "uv": [ 4, 11.5, 7, 12 ], "texture": "#foulard" },
				"up": { "uv": [ 4, 4, 7, 4.5 ], "texture": "#foulard" },
				"north": { "uv": [ 9, 6, 12, 7 ], "texture": "#foulard" },
				"south": { "uv": [ 4, 6, 7, 7 ], "texture": "#foulard" },
				"west": { "uv": [ 4, 6, 4.5, 7 ], "texture": "#foulard" },
				"east": { "uv": [ 11.5, 6, 12, 7 ], "texture": "#foulard" }
			}
		},
		{
			"__comment": "Box18",
			"from": [ 4, 8, 4 ],
			"to": [ 12, 9, 4.5 ],
			"faces": {
				"down": { "uv": [ 4, 11.5, 12, 12 ], "texture": "#foulard" },
				"up": { "uv": [ 4, 4, 12, 4.5 ], "texture": "#foulard" },
				"north": { "uv": [ 4, 7, 12, 8 ], "texture": "#foulard" },
				"south": { "uv": [ 4, 7, 12, 8 ], "texture": "#foulard" },
				"west": { "uv": [ 4, 7, 4.5, 8 ], "texture": "#foulard" },
				"east": { "uv": [ 11.5, 7, 12, 8 ], "texture": "#foulard" }
			}
		},
		{
			"__comment": "Box19",
			"from": [ 9, 9, 4 ],
			"to": [ 12, 10, 4.5 ],
			"faces": {
				"down": { "uv": [ 9, 11.5, 12, 12 ], "texture": "#foulard" },
				"up": { "uv": [ 9, 4, 12, 4.5 ], "texture": "#foulard" },
				"north": { "uv": [ 4, 6, 7, 7 ], "texture": "#foulard" },
				"south": { "uv": [ 9, 6, 12, 7 ], "texture": "#foulard" },
				"west": { "uv": [ 4, 6, 4.5, 7 ], "texture": "#foulard" },
				"east": { "uv": [ 11.5, 6, 12, 7 ], "texture": "#foulard" }
			}
		},
		{
			"__comment": "Box20",
			"from": [ 10, 10, 4 ],
			"to": [ 12, 11, 4.5 ],
			"faces": {
				"down": { "uv": [ 10, 11.5, 12, 12 ], "texture": "#foulard" },
				"up": { "uv": [ 10, 4, 12, 4.5 ], "texture": "#foulard" },
				"north": { "uv": [ 4, 5, 6, 6 ], "texture": "#foulard" },
				"south": { "uv": [ 10, 5, 12, 6 ], "texture": "#foulard" },
				"west": { "uv": [ 4, 5, 4.5, 6 ], "texture": "#foulard" },
				"east": { "uv": [ 11.5, 5, 12, 6 ], "texture": "#foulard" }
			}
		},
		{
			"__comment": "Box21",
			"from": [ 11, 11, 4 ],
			"to": [ 12, 12, 4.5 ],
			"faces": {
				"down": { "uv": [ 11, 11.5, 12, 12 ], "texture": "#foulard" },
				"up": { "uv": [ 11, 4, 12, 4.5 ], "texture": "#foulard" },
				"north": { "uv": [ 4, 4, 5, 5 ], "texture": "#foulard" },
				"south": { "uv": [ 11, 4, 12, 5 ], "texture": "#foulard" },
				"west": { "uv": [ 4, 4, 4.5, 5 ], "texture": "#foulard" },
				"east": { "uv": [ 11.5, 4, 12, 5 ], "texture": "#foulard" }
			}
		},
		{
			"__comment": "Box22",
			"from": [ 5, 7, 4 ],
			"to": [ 11, 8, 4.5 ],
			"faces": {
				"down": { "uv": [ 5, 11.5, 11, 12 ], "texture": "#foulard" },
				"up": { "uv": [ 5, 4, 11, 4.5 ], "texture": "#foulard" },
				"north": { "uv": [ 5, 8, 11, 9 ], "texture": "#foulard" },
				"south": { "uv": [ 5, 8, 11, 9 ], "texture": "#foulard" },
				"west": { "uv": [ 4, 8, 4.5, 9 ], "texture": "#foulard" },
				"east": { "uv": [ 11.5, 8, 12, 9 ], "texture": "#foulard" }
			}
		},
		{
			"__comment": "Box23",
			"from": [ 5, 6, 4 ],
			"to": [ 6, 7, 4.5 ],
			"faces": {
				"down": { "uv": [ 5, 11.5, 6, 12 ], "texture": "#foulard" },
				"up": { "uv": [ 5, 4, 6, 4.5 ], "texture": "#foulard" },
				"north": { "uv": [ 10, 9, 11, 10 ], "texture": "#foulard" },
				"south": { "uv": [ 5, 9, 6, 10 ], "texture": "#foulard" },
				"west": { "uv": [ 4, 9, 4.5, 10 ], "texture": "#foulard" },
				"east": { "uv": [ 11.5, 9, 12, 10 ], "texture": "#foulard" }
			}
		},
		{
			"__comment": "Box24",
			"from": [ 7, 6, 4 ],
			"to": [ 11, 7, 4.5 ],
			"faces": {
				"down": { "uv": [ 7, 11.5, 11, 12 ], "texture": "#foulard" },
				"up": { "uv": [ 7, 4, 11, 4.5 ], "texture": "#foulard" },
				"north": { "uv": [ 5, 9, 9, 10 ], "texture": "#foulard" },
				"south": { "uv": [ 7, 9, 11, 10 ], "texture": "#foulard" },
				"west": { "uv": [ 4, 9, 4.5, 10 ], "texture": "#foulard" },
				"east": { "uv": [ 11.5, 9, 12, 10 ], "texture": "#foulard" }
			}
		},
		{
			"__comment": "Box25",
			"from": [ 8, 5, 4 ],
			"to": [ 10, 6, 4.5 ],
			"faces": {
				"down": { "uv": [ 8, 11.5, 10, 12 ], "texture": "#foulard" },
				"up": { "uv": [ 8, 4, 10, 4.5 ], "texture": "#foulard" },
				"north": { "uv": [ 6, 10, 8, 11 ], "texture": "#foulard" },
				"south": { "uv": [ 8, 10, 10, 11 ], "texture": "#foulard" },
				"west": { "uv": [ 4, 10, 4.5, 11 ], "texture": "#foulard" },
				"east": { "uv": [ 11.5, 10, 12, 11 ], "texture": "#foulard" }
			}
		},
		{
			"__comment": "Box26",
			"from": [ 8, 4, 4 ],
			"to": [ 9, 5, 4.5 ],
			"faces": {
				"down": { "uv": [ 8, 11.5, 9, 12 ], "texture": "#foulard" },
				"up": { "uv": [ 8, 4, 9, 4.5 ], "texture": "#foulard" },
				"north": { "uv": [ 7, 11, 8, 12 ], "texture": "#foulard" },
				"south": { "uv": [ 8, 11, 9, 12 ], "texture": "#foulard" },
				"west": { "uv": [ 4, 11, 4.5, 12 ], "texture": "#foulard" },
				"east": { "uv": [ 11.5, 11, 12, 12 ], "texture": "#foulard" }
			}
		},
		{
			"__comment": "Box27",
			"from": [ 4, 11, 4 ],
			"to": [ 5, 12, 4.5 ],
			"faces": {
				"down": { "uv": [ 4, 11.5, 5, 12 ], "texture": "#foulard" },
				"up": { "uv": [ 4, 4, 5, 4.5 ], "texture": "#foulard" },
				"north": { "uv": [ 11, 4, 12, 5 ], "texture": "#foulard" },
				"south": { "uv": [ 4, 4, 5, 5 ], "texture": "#foulard" },
				"west": { "uv": [ 4, 4, 4.5, 5 ], "texture": "#foulard" },
				"east": { "uv": [ 11.5, 4, 12, 5 ], "texture": "#foulard" }
			}
		},
		{
			"__comment": "Box28",
			"from": [ 12, 12, -2 ],
			"to": [ 12.5, 13, 4.5 ],
			"faces": {
				"down": { "uv": [ 3.5, 11.5, 4, 16 ], "texture": "#fourrure_beige", "rotation": 180 },
				"up": { "uv": [ 3.5, 0, 4, 4.5 ], "texture": "#fourrure_beige", "rotation": 180 },
				"north": { "uv": [ 3.5, 0, 4, 1 ], "texture": "#fourrure_beige" },
				"south": { "uv": [ 12, 0, 12.5, 1 ], "texture": "#fourrure_beige" },
				"west": { "uv": [ 11.5, 0, 16, 1 ], "texture": "#fourrure_beige" },
				"east": { "uv": [ 0, 0, 4.5, 1 ], "texture": "#fourrure_beige" }
			}
		},
		{
			"__comment": "Box29",
			"from": [ 12, 13, -0.5 ],
			"to": [ 12.5, 14, 4 ],
			"faces": {
				"down": { "uv": [ 3.5, 12, 4, 16 ], "texture": "#fourrure_beige", "rotation": 180 },
				"up": { "uv": [ 3.5, 0, 4, 4 ], "texture": "#fourrure_beige", "rotation": 180 },
				"north": { "uv": [ 3.5, 15, 4, 16 ], "texture": "#fourrure_beige" },
				"south": { "uv": [ 12, 15, 12.5, 16 ], "texture": "#fourrure_beige" },
				"west": { "uv": [ 12, 15, 16, 16 ], "texture": "#fourrure_beige" },
				"east": { "uv": [ 0, 15, 4, 16 ], "texture": "#fourrure_beige" }
			}
		},
		{
			"__comment": "Box30",
			"from": [ 12, 14, 0.5 ],
			"to": [ 12.5, 15, 3 ],
			"faces": {
				"down": { "uv": [ 3.5, 13, 4, 15.5 ], "texture": "#fourrure_beige", "rotation": 180 },
				"up": { "uv": [ 3.5, 0.5, 4, 3 ], "texture": "#fourrure_beige", "rotation": 180 },
				"north": { "uv": [ 3.5, 14, 4, 15 ], "texture": "#fourrure_beige" },
				"south": { "uv": [ 12, 14, 12.5, 15 ], "texture": "#fourrure_beige" },
				"west": { "uv": [ 13, 14, 15.5, 15 ], "texture": "#fourrure_beige" },
				"east": { "uv": [ 0.5, 14, 3, 15 ], "texture": "#fourrure_beige" }
			}
		},
		{
			"__comment": "Box31",
			"from": [ 12.5, 12, -1 ],
			"to": [ 13, 13, 3 ],
			"faces": {
				"down": { "uv": [ 3, 13, 3.5, 16 ], "texture": "#fourrure_beige", "rotation": 180 },
				"up": { "uv": [ 3, 0, 3.5, 3 ], "texture": "#fourrure_beige", "rotation": 180 },
				"north": { "uv": [ 3, 0, 3.5, 1 ], "texture": "#fourrure_beige" },
				"south": { "uv": [ 12.5, 0, 13, 1 ], "texture": "#fourrure_beige" },
				"west": { "uv": [ 13, 0, 16, 1 ], "texture": "#fourrure_beige" },
				"east": { "uv": [ 0, 0, 3, 1 ], "texture": "#fourrure_beige" }
			}
		},
		{
			"__comment": "Box32",
			"from": [ 12.5, 13, 0.5 ],
			"to": [ 13, 14, 2.5 ],
			"faces": {
				"down": { "uv": [ 3, 13.5, 3.5, 15.5 ], "texture": "#fourrure_beige", "rotation": 180 },
				"up": { "uv": [ 3, 0.5, 3.5, 2.5 ], "texture": "#fourrure_beige", "rotation": 180 },
				"north": { "uv": [ 3, 15, 3.5, 16 ], "texture": "#fourrure_beige" },
				"south": { "uv": [ 12.5, 15, 13, 16 ], "texture": "#fourrure_beige" },
				"west": { "uv": [ 13.5, 15, 15.5, 16 ], "texture": "#fourrure_beige" },
				"east": { "uv": [ 0.5, 15, 2.5, 16 ], "texture": "#fourrure_beige" }
			}
		},
		{
			"__comment": "Box33",
			"from": [ 12.5, 14, 1 ],
			"to": [ 13, 14.5, 2.5 ],
			"faces": {
				"down": { "uv": [ 3, 13.5, 3.5, 15 ], "texture": "#fourrure_beige", "rotation": 180 },
				"up": { "uv": [ 3, 1, 3.5, 2.5 ], "texture": "#fourrure_beige", "rotation": 180 },
				"north": { "uv": [ 3, 14.5, 3.5, 15 ], "texture": "#fourrure_beige" },
				"south": { "uv": [ 12.5, 14.5, 13, 15 ], "texture": "#fourrure_beige" },
				"west": { "uv": [ 13.5, 14.5, 15, 15 ], "texture": "#fourrure_beige" },
				"east": { "uv": [ 1, 14.5, 2.5, 15 ], "texture": "#fourrure_beige" }
			}
		},
		{
			"__comment": "Box33",
			"from": [ 3, 14, 1 ],
			"to": [ 3.5, 14.5, 2.5 ],
			"faces": {
				"down": { "uv": [ 3, 13.5, 3.5, 15 ], "texture": "#fourrure_beige" },
				"up": { "uv": [ 3, 1, 3.5, 2.5 ], "texture": "#fourrure_beige" },
				"north": { "uv": [ 12.5, 1.5, 13, 2 ], "texture": "#fourrure_beige" },
				"south": { "uv": [ 3, 1.5, 3.5, 2 ], "texture": "#fourrure_beige" },
				"west": { "uv": [ 1, 1.5, 2.5, 2 ], "texture": "#fourrure_beige" },
				"east": { "uv": [ 13.5, 1.5, 15, 2 ], "texture": "#fourrure_beige" }
			}
		},
		{
			"__comment": "Box32",
			"from": [ 3, 13, 0.5 ],
			"to": [ 3.5, 14, 2.5 ],
			"faces": {
				"down": { "uv": [ 3, 13.5, 3.5, 15.5 ], "texture": "#fourrure_beige" },
				"up": { "uv": [ 3, 0.5, 3.5, 2.5 ], "texture": "#fourrure_beige" },
				"north": { "uv": [ 12.5, 2, 13, 3 ], "texture": "#fourrure_beige" },
				"south": { "uv": [ 3, 2, 3.5, 3 ], "texture": "#fourrure_beige" },
				"west": { "uv": [ 0.5, 2, 2.5, 3 ], "texture": "#fourrure_beige" },
				"east": { "uv": [ 13.5, 2, 15.5, 3 ], "texture": "#fourrure_beige" }
			}
		},
		{
			"__comment": "Box31",
			"from": [ 3, 12, -1 ],
			"to": [ 3.5, 13, 3 ],
			"faces": {
				"down": { "uv": [ 3, 13, 3.5, 16 ], "texture": "#fourrure_beige" },
				"up": { "uv": [ 3, 0, 3.5, 3 ], "texture": "#fourrure_beige" },
				"north": { "uv": [ 12.5, 3, 13, 4 ], "texture": "#fourrure_beige" },
				"south": { "uv": [ 3, 3, 3.5, 4 ], "texture": "#fourrure_beige" },
				"west": { "uv": [ 0, 3, 3, 4 ], "texture": "#fourrure_beige" },
				"east": { "uv": [ 13, 3, 16, 4 ], "texture": "#fourrure_beige" }
			}
		},
		{
			"__comment": "Box30",
			"from": [ 3.5, 14, 0.5 ],
			"to": [ 4, 15, 3 ],
			"faces": {
				"down": { "uv": [ 3.5, 13, 4, 15.5 ], "texture": "#fourrure_beige" },
				"up": { "uv": [ 3.5, 0.5, 4, 3 ], "texture": "#fourrure_beige" },
				"north": { "uv": [ 12, 1, 12.5, 2 ], "texture": "#fourrure_beige" },
				"south": { "uv": [ 3.5, 1, 4, 2 ], "texture": "#fourrure_beige" },
				"west": { "uv": [ 0.5, 1, 3, 2 ], "texture": "#fourrure_beige" },
				"east": { "uv": [ 13, 1, 15.5, 2 ], "texture": "#fourrure_beige" }
			}
		},
		{
			"__comment": "Box29",
			"from": [ 3.5, 13, -0.5 ],
			"to": [ 4, 14, 4 ],
			"faces": {
				"down": { "uv": [ 3.5, 12, 4, 16 ], "texture": "#fourrure_beige" },
				"up": { "uv": [ 3.5, 0, 4, 4 ], "texture": "#fourrure_beige" },
				"north": { "uv": [ 12, 2, 12.5, 3 ], "texture": "#fourrure_beige" },
				"south": { "uv": [ 3.5, 2, 4, 3 ], "texture": "#fourrure_beige" },
				"west": { "uv": [ 0, 2, 4, 3 ], "texture": "#fourrure_beige" },
				"east": { "uv": [ 12, 2, 16, 3 ], "texture": "#fourrure_beige" }
			}
		},
		{
			"__comment": "Box28",
			"from": [ 3.5, 12, -2 ],
			"to": [ 4, 13, 4.5 ],
			"faces": {
				"down": { "uv": [ 3.5, 11.5, 4, 16 ], "texture": "#fourrure_beige" },
				"up": { "uv": [ 3.5, 0, 4, 4.5 ], "texture": "#fourrure_beige" },
				"north": { "uv": [ 12, 3, 12.5, 4 ], "texture": "#fourrure_beige" },
				"south": { "uv": [ 3.5, 3, 4, 4 ], "texture": "#fourrure_beige" },
				"west": { "uv": [ 0, 3, 4.5, 4 ], "texture": "#fourrure_beige" },
				"east": { "uv": [ 11.5, 3, 16, 4 ], "texture": "#fourrure_beige" }
			}
		},
		{
			"__comment": "Box41",
			"from": [ 12, 17, -1.5 ],
			"to": [ 12.5, 19, 5.5 ],
			"faces": {
				"down": { "uv": [ 12, 10.5, 12.5, 16 ], "texture": "#tunique_texture" },
				"up": { "uv": [ 12, 0, 12.5, 5.5 ], "texture": "#tunique_texture" },
				"north": { "uv": [ 3.5, 13, 4, 15 ], "texture": "#tunique_texture" },
				"south": { "uv": [ 12, 13, 12.5, 15 ], "texture": "#tunique_texture" },
				"west": { "uv": [ 0, 13, 5.5, 15 ], "texture": "#tunique_texture" },
				"east": { "uv": [ 10.5, 13, 16, 15 ], "texture": "#tunique_texture" }
			}
		},
		{
			"__comment": "Box42",
			"from": [ 12, 16, -1.5 ],
			"to": [ 12.5, 17, 4.5 ],
			"faces": {
				"down": { "uv": [ 12, 11.5, 12.5, 16 ], "texture": "#tunique_texture" },
				"up": { "uv": [ 12, 0, 12.5, 4.5 ], "texture": "#tunique_texture" },
				"north": { "uv": [ 3.5, 15, 4, 16 ], "texture": "#tunique_texture" },
				"south": { "uv": [ 12, 15, 12.5, 16 ], "texture": "#tunique_texture" },
				"west": { "uv": [ 0, 15, 4.5, 16 ], "texture": "#tunique_texture" },
				"east": { "uv": [ 11.5, 15, 16, 16 ], "texture": "#tunique_texture" }
			}
		},
		{
			"__comment": "Box43",
			"from": [ 12, 15, -1.5 ],
			"to": [ 12.5, 16, 3.5 ],
			"faces": {
				"down": { "uv": [ 12, 12.5, 12.5, 16 ], "texture": "#tunique_texture" },
				"up": { "uv": [ 12, 0, 12.5, 3.5 ], "texture": "#tunique_texture" },
				"north": { "uv": [ 3.5, 0, 4, 1 ], "texture": "#tunique_texture" },
				"south": { "uv": [ 12, 0, 12.5, 1 ], "texture": "#tunique_texture" },
				"west": { "uv": [ 0, 0, 3.5, 1 ], "texture": "#tunique_texture" },
				"east": { "uv": [ 12.5, 12.5, 16, 13.5 ], "texture": "#tunique_texture" }
			}
		},
		{
			"__comment": "Box44",
			"from": [ 12, 14, -1.5 ],
			"to": [ 12.5, 15, 0.5 ],
			"faces": {
				"down": { "uv": [ 12, 15.5, 12.5, 16 ], "texture": "#tunique_texture" },
				"up": { "uv": [ 12, 0, 12.5, 0.5 ], "texture": "#tunique_texture" },
				"north": { "uv": [ 3.5, 1, 4, 2 ], "texture": "#tunique_texture" },
				"south": { "uv": [ 12, 1, 12.5, 2 ], "texture": "#tunique_texture" },
				"west": { "uv": [ 0, 1, 0.5, 2 ], "texture": "#tunique_texture" },
				"east": { "uv": [ 14.5, 11, 15, 12 ], "texture": "#tunique_texture" }
			}
		},
		{
			"__comment": "Box45",
			"from": [ 12, 13, -1.5 ],
			"to": [ 12.5, 14, -0.5 ],
			"faces": {
				"down": { "uv": [ 12, 0.5, 12.5, 1.5 ], "texture": "#tunique_texture" },
				"up": { "uv": [ 12, 14.5, 12.5, 15.5 ], "texture": "#tunique_texture" },
				"north": { "uv": [ 3.5, 2, 4, 3 ], "texture": "#tunique_texture" },
				"south": { "uv": [ 12, 2, 12.5, 3 ], "texture": "#tunique_texture" },
				"west": { "uv": [ 14.5, 2, 15.5, 3 ], "texture": "#tunique_texture" },
				"east": { "uv": [ 14, 13.5, 15, 14.5 ], "texture": "#tunique_texture" }
			}
		},
		{
			"__comment": "Box46",
			"from": [ 12, 19, -1.5 ],
			"to": [ 12.5, 20, 6.5 ],
			"faces": {
				"down": { "uv": [ 12, 9.5, 12.5, 16 ], "texture": "#tunique_texture" },
				"up": { "uv": [ 12, 0, 12.5, 6.5 ], "texture": "#tunique_texture" },
				"north": { "uv": [ 3.5, 12, 4, 13 ], "texture": "#tunique_texture" },
				"south": { "uv": [ 12, 12, 12.5, 13 ], "texture": "#tunique_texture" },
				"west": { "uv": [ 0, 12, 6.5, 13 ], "texture": "#tunique_texture" },
				"east": { "uv": [ 9.5, 12, 16, 13 ], "texture": "#tunique_texture" }
			}
		},
		{
			"__comment": "Box47",
			"from": [ 4, 19, 6.5 ],
			"to": [ 12, 20, 7 ],
			"faces": {
				"down": { "uv": [ 4, 9, 12, 9.5 ], "texture": "#tunique_texture" },
				"up": { "uv": [ 4, 6.5, 12, 7 ], "texture": "#tunique_texture" },
				"north": { "uv": [ 4, 12, 12, 13 ], "texture": "#tunique_texture" },
				"south": { "uv": [ 4, 12, 12, 13 ], "texture": "#tunique_texture" },
				"west": { "uv": [ 6.5, 12, 7, 13 ], "texture": "#tunique_texture" },
				"east": { "uv": [ 9, 12, 9.5, 13 ], "texture": "#tunique_texture" }
			}
		},
		{
			"__comment": "Box46",
			"from": [ 3.5, 19, -1.5 ],
			"to": [ 4, 20, 6.5 ],
			"faces": {
				"down": { "uv": [ 3.5, 9.5, 4, 16 ], "texture": "#tunique_texture" },
				"up": { "uv": [ 3.5, 0, 4, 6.5 ], "texture": "#tunique_texture" },
				"north": { "uv": [ 12, 12, 12.5, 13 ], "texture": "#tunique_texture" },
				"south": { "uv": [ 3.5, 12, 4, 13 ], "texture": "#tunique_texture" },
				"west": { "uv": [ 0, 12, 6.5, 13 ], "texture": "#tunique_texture" },
				"east": { "uv": [ 9.5, 12, 16, 13 ], "texture": "#tunique_texture" }
			}
		},
		{
			"__comment": "Box45",
			"from": [ 3.5, 13, -1.5 ],
			"to": [ 4, 14, -0.5 ],
			"faces": {
				"down": { "uv": [ 3.5, 0.5, 4, 1.5 ], "texture": "#tunique_texture" },
				"up": { "uv": [ 3.5, 14.5, 4, 15.5 ], "texture": "#tunique_texture" },
				"north": { "uv": [ 12, 2, 12.5, 3 ], "texture": "#tunique_texture" },
				"south": { "uv": [ 3.5, 2, 4, 3 ], "texture": "#tunique_texture" },
				"west": { "uv": [ 14, 13, 15, 14 ], "texture": "#tunique_texture" },
				"east": { "uv": [ 0.5, 2, 1.5, 3 ], "texture": "#tunique_texture" }
			}
		},
		{
			"__comment": "Box44",
			"from": [ 3.5, 14, -1.5 ],
			"to": [ 4, 15, 0.5 ],
			"faces": {
				"down": { "uv": [ 3.5, 15.5, 4, 16 ], "texture": "#tunique_texture" },
				"up": { "uv": [ 3.5, 0, 4, 0.5 ], "texture": "#tunique_texture" },
				"north": { "uv": [ 12, 1, 12.5, 2 ], "texture": "#tunique_texture" },
				"south": { "uv": [ 3.5, 1, 4, 2 ], "texture": "#tunique_texture" },
				"west": { "uv": [ 13, 13.5, 13.5, 14.5 ], "texture": "#tunique_texture" },
				"east": { "uv": [ 15.5, 1, 16, 2 ], "texture": "#tunique_texture" }
			}
		},
		{
			"__comment": "Box43",
			"from": [ 3.5, 15, -1.5 ],
			"to": [ 4, 16, 3.5 ],
			"faces": {
				"down": { "uv": [ 3.5, 12.5, 4, 16 ], "texture": "#tunique_texture" },
				"up": { "uv": [ 3.5, 0, 4, 3.5 ], "texture": "#tunique_texture" },
				"north": { "uv": [ 12, 0, 12.5, 1 ], "texture": "#tunique_texture" },
				"south": { "uv": [ 3.5, 0, 4, 1 ], "texture": "#tunique_texture" },
				"west": { "uv": [ 9.5, 13, 13, 14 ], "texture": "#tunique_texture" },
				"east": { "uv": [ 12.5, 0, 16, 1 ], "texture": "#tunique_texture" }
			}
		},
		{
			"__comment": "Box42",
			"from": [ 3.5, 16, -1.5 ],
			"to": [ 4, 17, 4.5 ],
			"faces": {
				"down": { "uv": [ 3.5, 11.5, 4, 16 ], "texture": "#tunique_texture" },
				"up": { "uv": [ 3.5, 0, 4, 4.5 ], "texture": "#tunique_texture" },
				"north": { "uv": [ 12, 15, 12.5, 16 ], "texture": "#tunique_texture" },
				"south": { "uv": [ 3.5, 15, 4, 16 ], "texture": "#tunique_texture" },
				"west": { "uv": [ 0, 15, 4.5, 16 ], "texture": "#tunique_texture" },
				"east": { "uv": [ 11.5, 15, 16, 16 ], "texture": "#tunique_texture" }
			}
		},
		{
			"__comment": "Box41",
			"from": [ 3.5, 17, -1.5 ],
			"to": [ 4, 19, 5.5 ],
			"faces": {
				"down": { "uv": [ 3.5, 10.5, 4, 16 ], "texture": "#tunique_texture" },
				"up": { "uv": [ 3.5, 0, 4, 5.5 ], "texture": "#tunique_texture" },
				"north": { "uv": [ 12, 13, 12.5, 15 ], "texture": "#tunique_texture" },
				"south": { "uv": [ 3.5, 13, 4, 15 ], "texture": "#tunique_texture" },
				"west": { "uv": [ 0, 13, 5.5, 15 ], "texture": "#tunique_texture" },
				"east": { "uv": [ 10.5, 13, 16, 15 ], "texture": "#tunique_texture" }
			}
		},
		{
			"__comment": "Box54",
			"from": [ 4, 20, -2 ],
			"to": [ 12, 20.5, 7 ],
			"faces": {
				"down": { "uv": [ 4, 9, 12, 16 ], "texture": "#tunique_texture" },
				"up": { "uv": [ 4, 0, 12, 7 ], "texture": "#tunique_texture" },
				"north": { "uv": [ 4, 11.5, 12, 12 ], "texture": "#tunique_texture" },
				"south": { "uv": [ 4, 11.5, 12, 12 ], "texture": "#tunique_texture" },
				"west": { "uv": [ 0, 11.5, 7, 12 ], "texture": "#tunique_texture" },
				"east": { "uv": [ 9, 11.5, 16, 12 ], "texture": "#tunique_texture" }
			}
		},
		{
			"__comment": "Box55",
			"from": [ 5, 12, -2 ],
			"to": [ 11, 13, -1.5 ],
			"faces": {
				"down": { "uv": [ 5, 1.5, 11, 2 ], "texture": "#tunique_texture" },
				"up": { "uv": [ 5, 14, 11, 14.5 ], "texture": "#tunique_texture" },
				"north": { "uv": [ 5, 3, 11, 4 ], "texture": "#tunique_texture" },
				"south": { "uv": [ 5, 3, 11, 4 ], "texture": "#tunique_texture" },
				"west": { "uv": [ 14, 3, 14.5, 4 ], "texture": "#tunique_texture" },
				"east": { "uv": [ 1.5, 3, 2, 4 ], "texture": "#tunique_texture" }
			}
		},
		{
			"__comment": "Box55",
			"from": [ 6.5, 11, -5 ],
			"to": [ 9, 14, -4 ],
			"faces": {
				"down": { "uv": [ 0, 0, 16, 16 ], "texture": "#tunique_texture" },
				"up": { "uv": [ 0, 0, 16, 16 ], "texture": "#tunique_texture" },
				"north": { "uv": [ 0, 0, 16, 16 ], "texture": "#tunique_texture" },
				"south": { "uv": [ 0, 0, 16, 16 ], "texture": "#tunique_texture" },
				"west": { "uv": [ 0, 0, 16, 16 ], "texture": "#tunique_texture" },
				"east": { "uv": [ 0, 0, 16, 16 ], "texture": "#tunique_texture" }
			}
		},
		{
			"__comment": "Box55",
			"from": [ 4, 13, -2 ],
			"to": [ 12, 20, -1.5 ],
			"faces": {
				"down": { "uv": [ 4, 1.5, 12, 2 ], "texture": "#tunique_texture" },
				"up": { "uv": [ 4, 14, 12, 14.5 ], "texture": "#tunique_texture" },
				"north": { "uv": [ 0, 0, 16, 16 ], "texture": "#tunique_texture" },
				"south": { "uv": [ 0, 0, 16, 16 ], "texture": "#tunique_texture" },
				"west": { "uv": [ 14, 0, 14.5, 3 ], "texture": "#tunique_texture" },
				"east": { "uv": [ 1.5, 0, 3, 6 ], "texture": "#tunique_texture" }
			}
		},
		{
			"__comment": "Box55",
			"from": [ 5, 13, -3 ],
			"to": [ 11, 19, -2 ],
			"faces": {
				"down": { "uv": [ 0, 0, 16, 16 ], "texture": "#tunique_texture" },
				"up": { "uv": [ 0, 0, 16, 16 ], "texture": "#tunique_texture" },
				"north": { "uv": [ 0, 0, 16, 16 ], "texture": "#tunique_texture" },
				"south": { "uv": [ 0, 0, 16, 16 ], "texture": "#tunique_texture" },
				"west": { "uv": [ 0, 0, 16, 16 ], "texture": "#tunique_texture" },
				"east": { "uv": [ 0, 0, 16, 16 ], "texture": "#tunique_texture" }
			}
		},
		{
			"__comment": "Box55",
			"from": [ 5.5, 12.5, -3.5 ],
			"to": [ 10.5, 17.5, -3 ],
			"faces": {
				"down": { "uv": [ 0, 0, 16, 16 ], "texture": "#tunique_texture" },
				"up": { "uv": [ 0, 0, 16, 16 ], "texture": "#tunique_texture" },
				"north": { "uv": [ 0, 0, 16, 16 ], "texture": "#tunique_texture" },
				"south": { "uv": [ 0, 0, 16, 16 ], "texture": "#tunique_texture" },
				"west": { "uv": [ 0, 0, 16, 16 ], "texture": "#tunique_texture" },
				"east": { "uv": [ 0, 0, 16, 16 ], "texture": "#tunique_texture" }
			}
		},
		{
			"__comment": "Box55",
			"from": [ 6, 11.5, -4 ],
			"to": [ 9.5, 16, -3.5 ],
			"faces": {
				"down": { "uv": [ 0, 0, 16, 16 ], "texture": "#tunique_texture" },
				"up": { "uv": [ 0, 0, 16, 16 ], "texture": "#tunique_texture" },
				"north": { "uv": [ 0, 0, 16, 16 ], "texture": "#tunique_texture" },
				"south": { "uv": [ 0, 0, 16, 16 ], "texture": "#tunique_texture" },
				"west": { "uv": [ 0, 0, 16, 16 ], "texture": "#tunique_texture" },
				"east": { "uv": [ 0, 0, 16, 16 ], "texture": "#tunique_texture" }
			}
		},
		{
			"__comment": "Box62",
			"from": [ 12.4999, 16, 2 ],
			"to": [ 13.4999, 17, 4 ],
			"rotation": { "origin": [ 12.5, 20, 0 ], "axis": "y", "angle": -22.5 },
			"faces": {
				"down": { "uv": [ 1.5, 5, 2.5, 7 ], "texture": "#fourrure_orange" },
				"up": { "uv": [ 1.5, 9, 2.5, 11 ], "texture": "#fourrure_orange" },
				"north": { "uv": [ 13.5, 7, 14.5, 8 ], "texture": "#fourrure_orange" },
				"south": { "uv": [ 1.5, 7, 2.5, 8 ], "texture": "#fourrure_orange" },
				"west": { "uv": [ 0, 0, 16, 7 ], "texture": "#fourrure_orange" },
				"east": { "uv": [ 5, 7, 7, 8 ], "texture": "#fourrure_orange" }
			}
		},
		{
			"__comment": "Box63",
			"from": [ 12.4999, 17, 4 ],
			"to": [ 13.4999, 18, 5 ],
			"rotation": { "origin": [ 12.5, 20, 0 ], "axis": "y", "angle": -22.5 },
			"faces": {
				"down": { "uv": [ 1.5, 4, 2.5, 5 ], "texture": "#fourrure_orange" },
				"up": { "uv": [ 1.5, 11, 2.5, 12 ], "texture": "#fourrure_orange" },
				"north": { "uv": [ 13.5, 6, 14.5, 7 ], "texture": "#fourrure_orange" },
				"south": { "uv": [ 1.5, 6, 2.5, 7 ], "texture": "#fourrure_orange" },
				"west": { "uv": [ 0.5, 0, 5.5, 7.5 ], "texture": "#fourrure_orange" },
				"east": { "uv": [ 6.5, 0, 16, 9 ], "texture": "#fourrure_orange" }
			}
		},
		{
			"__comment": "Box64",
			"from": [ 12.5, 17, 1 ],
			"to": [ 13.5, 18, 2 ],
			"rotation": { "origin": [ 12.5, 20, 0 ], "axis": "y", "angle": -22.5 },
			"faces": {
				"down": { "uv": [ 1.5, 7, 2.5, 8 ], "texture": "#fourrure_orange" },
				"up": { "uv": [ 1.5, 8, 2.5, 9 ], "texture": "#fourrure_orange" },
				"north": { "uv": [ 13.5, 6, 14.5, 7 ], "texture": "#fourrure_orange" },
				"south": { "uv": [ 1.5, 6, 2.5, 7 ], "texture": "#fourrure_orange" },
				"west": { "uv": [ 8, 0, 16, 16 ], "texture": "#fourrure_orange" },
				"east": { "uv": [ 0, 0, 8, 10 ], "texture": "#fourrure_orange" }
			}
		},
		{
			"__comment": "Box65",
			"from": [ 12.5, 18, 0 ],
			"to": [ 13.5, 20, 1 ],
			"rotation": { "origin": [ 12.5, 20, 0 ], "axis": "y", "angle": -22.5 },
			"faces": {
				"down": { "uv": [ 1.5, 8, 2.5, 9 ], "texture": "#fourrure_orange" },
				"up": { "uv": [ 1.5, 7, 2.5, 8 ], "texture": "#fourrure_orange" },
				"north": { "uv": [ 13.5, 4, 14.5, 6 ], "texture": "#fourrure_orange" },
				"south": { "uv": [ 1.5, 4, 2.5, 6 ], "texture": "#fourrure_orange" },
				"west": { "uv": [ 7, 0, 16, 12 ], "texture": "#fourrure_orange" },
				"east": { "uv": [ 0, 0, 9.5, 14 ], "texture": "#fourrure_orange" }
			}
		},
		{
			"__comment": "Box66",
			"from": [ 12.5, 20, -1 ],
			"to": [ 13.5, 23, 0 ],
			"rotation": { "origin": [ 12.5, 20, 0 ], "axis": "y", "angle": -22.5 },
			"faces": {
				"down": { "uv": [ 1.5, 9, 2.5, 10 ], "texture": "#fourrure_orange" },
				"up": { "uv": [ 1.5, 6, 2.5, 7 ], "texture": "#fourrure_orange" },
				"north": { "uv": [ 13.5, 1, 14.5, 4 ], "texture": "#fourrure_orange" },
				"south": { "uv": [ 1.5, 1, 2.5, 4 ], "texture": "#fourrure_orange" },
				"west": { "uv": [ 6.5, 4.5, 16, 15.5 ], "texture": "#fourrure_orange" },
				"east": { "uv": [ 0, 4.5, 8, 13 ], "texture": "#fourrure_orange" }
			}
		},
		{
			"__comment": "Box67",
			"from": [ 12.4999, 19, 3 ],
			"to": [ 13.4999, 20, 4 ],
			"rotation": { "origin": [ 12.5, 20, 0 ], "axis": "y", "angle": -22.5 },
			"faces": {
				"down": { "uv": [ 1.5, 5, 2.5, 6 ], "texture": "#fourrure_orange" },
				"up": { "uv": [ 1.5, 10, 2.5, 11 ], "texture": "#fourrure_orange" },
				"north": { "uv": [ 13.5, 4, 14.5, 5 ], "texture": "#fourrure_orange" },
				"south": { "uv": [ 1.5, 4, 2.5, 5 ], "texture": "#fourrure_orange" },
				"west": { "uv": [ 0, 8.5, 9, 15.5 ], "texture": "#fourrure_orange" },
				"east": { "uv": [ 2.5, 2, 16, 16 ], "texture": "#fourrure_orange" }
			}
		},
		{
			"__comment": "Box68",
			"from": [ 12.5, 20, 2 ],
			"to": [ 13.5, 22, 3 ],
			"rotation": { "origin": [ 12.5, 20, 0 ], "axis": "y", "angle": -22.5 },
			"faces": {
				"down": { "uv": [ 1.5, 6, 2.5, 7 ], "texture": "#fourrure_orange" },
				"up": { "uv": [ 1.5, 9, 2.5, 10 ], "texture": "#fourrure_orange" },
				"north": { "uv": [ 13.5, 2, 14.5, 4 ], "texture": "#fourrure_orange" },
				"south": { "uv": [ 1.5, 2, 2.5, 4 ], "texture": "#fourrure_orange" },
				"west": { "uv": [ 0, 5, 6.5, 16 ], "texture": "#fourrure_orange" },
				"east": { "uv": [ 8, 2, 16, 14 ], "texture": "#fourrure_orange" }
			}
		},
		{
			"__comment": "Box69",
			"from": [ 12.5, 22, 0 ],
			"to": [ 13.5, 23, 2 ],
			"rotation": { "origin": [ 12.5, 20, 0 ], "axis": "y", "angle": -22.5 },
			"faces": {
				"down": { "uv": [ 1.5, 7, 2.5, 9 ], "texture": "#fourrure_orange" },
				"up": { "uv": [ 1.5, 7, 2.5, 9 ], "texture": "#fourrure_orange" },
				"north": { "uv": [ 13.5, 1, 14.5, 2 ], "texture": "#fourrure_orange" },
				"south": { "uv": [ 1.5, 1, 2.5, 2 ], "texture": "#fourrure_orange" },
				"west": { "uv": [ 4, 9.5, 13.5, 16 ], "texture": "#fourrure_orange" },
				"east": { "uv": [ 2.5, 7.5, 12.5, 16 ], "texture": "#fourrure_orange" }
			}
		},
		{
			"__comment": "Box71",
			"from": [ 11.5, 20, 0 ],
			"to": [ 12.5, 22, 2 ],
			"rotation": { "origin": [ 12.5, 20, 0 ], "axis": "y", "angle": -22.5 },
			"faces": {
				"down": { "uv": [ 1.5, 7, 2.5, 9 ], "texture": "#fourrure_orange" },
				"up": { "uv": [ 1.5, 7, 2.5, 9 ], "texture": "#fourrure_orange" },
				"north": { "uv": [ 13.5, 2, 14.5, 4 ], "texture": "#fourrure_orange" },
				"south": { "uv": [ 1.5, 2, 2.5, 4 ], "texture": "#fourrure_orange" },
				"west": { "uv": [ 4.5, 0, 13, 7 ], "texture": "#fourrure_orange" },
				"east": { "uv": [ 3, 2.5, 10, 10.5 ], "texture": "#fourrure_orange" }
			}
		},
		{
			"__comment": "Box72",
			"from": [ 11.4999, 18, 1 ],
			"to": [ 12.4999, 20, 3 ],
			"rotation": { "origin": [ 12.5, 20, 0 ], "axis": "y", "angle": -22.5 },
			"faces": {
				"down": { "uv": [ 1.5, 6, 2.5, 8 ], "texture": "#fourrure_orange" },
				"up": { "uv": [ 1.5, 8, 2.5, 10 ], "texture": "#fourrure_orange" },
				"north": { "uv": [ 13.5, 4, 14.5, 6 ], "texture": "#fourrure_orange" },
				"south": { "uv": [ 1.5, 4, 2.5, 6 ], "texture": "#fourrure_orange" },
				"west": { "uv": [ 8, 4, 10, 6 ], "texture": "#fourrure_orange" },
				"east": { "uv": [ 2.5, 3.5, 5.5, 10.5 ], "texture": "#fourrure_orange" }
			}
		},
		{
			"__comment": "Box73",
			"from": [ 11.4999, 17, 2 ],
			"to": [ 12.4999, 18, 4 ],
			"rotation": { "origin": [ 12.5, 20, 0 ], "axis": "y", "angle": -22.5 },
			"faces": {
				"down": { "uv": [ 1.5, 5, 2.5, 7 ], "texture": "#fourrure_orange" },
				"up": { "uv": [ 1.5, 9, 2.5, 11 ], "texture": "#fourrure_orange" },
				"north": { "uv": [ 13.5, 6, 14.5, 7 ], "texture": "#fourrure_orange" },
				"south": { "uv": [ 1.5, 6, 2.5, 7 ], "texture": "#fourrure_orange" },
				"west": { "uv": [ 9, 6, 11, 7 ], "texture": "#fourrure_orange" },
				"east": { "uv": [ 5, 6, 7, 7 ], "texture": "#fourrure_orange" }
			}
		},
		{
			"__comment": "Box74",
			"from": [ 11.4999, 18, 3 ],
			"to": [ 12.4999, 19, 5 ],
			"rotation": { "origin": [ 12.5, 20, 0 ], "axis": "y", "angle": -22.5 },
			"faces": {
				"down": { "uv": [ 2.5, 4, 3.5, 6 ], "texture": "#fourrure_orange" },
				"up": { "uv": [ 2.5, 10, 3.5, 12 ], "texture": "#fourrure_orange" },
				"north": { "uv": [ 12.5, 5, 13.5, 6 ], "texture": "#fourrure_orange" },
				"south": { "uv": [ 2.5, 5, 3.5, 6 ], "texture": "#fourrure_orange" },
				"west": { "uv": [ 10, 5, 12, 6 ], "texture": "#fourrure_orange" },
				"east": { "uv": [ 4, 5, 6, 6 ], "texture": "#fourrure_orange" }
			}
		},
		{
			"__comment": "Box74",
			"from": [ 12.4999, 18, 3 ],
			"to": [ 13.4999, 19, 5 ],
			"rotation": { "origin": [ 12.5, 20, 0 ], "axis": "y", "angle": -22.5 },
			"faces": {
				"down": { "uv": [ 1.5, 4, 2.5, 6 ], "texture": "#fourrure_beige" },
				"up": { "uv": [ 1.5, 10, 2.5, 12 ], "texture": "#fourrure_beige" },
				"north": { "uv": [ 13.5, 5, 14.5, 6 ], "texture": "#fourrure_beige" },
				"south": { "uv": [ 1.5, 5, 2.5, 6 ], "texture": "#fourrure_beige" },
				"west": { "uv": [ 10, 2, 14, 5 ], "texture": "#fourrure_beige" },
				"east": { "uv": [ 5, 2, 10, 4.5 ], "texture": "#fourrure_beige" }
			}
		},
		{
			"__comment": "Box73",
			"from": [ 12.4999, 17, 2 ],
			"to": [ 13.4999, 18, 4 ],
			"rotation": { "origin": [ 12.5, 20, 0 ], "axis": "y", "angle": -22.5 },
			"faces": {
				"down": { "uv": [ 1.5, 5, 2.5, 7 ], "texture": "#fourrure_beige" },
				"up": { "uv": [ 1.5, 9, 2.5, 11 ], "texture": "#fourrure_beige" },
				"north": { "uv": [ 13.5, 6, 14.5, 7 ], "texture": "#fourrure_beige" },
				"south": { "uv": [ 1.5, 6, 2.5, 7 ], "texture": "#fourrure_beige" },
				"west": { "uv": [ 0, 6.5, 16, 16 ], "texture": "#fourrure_beige" },
				"east": { "uv": [ 0, 4, 16, 16 ], "texture": "#fourrure_beige" }
			}
		},
		{
			"__comment": "Box72",
			"from": [ 12.5, 18, 1 ],
			"to": [ 13.5, 20, 3 ],
			"rotation": { "origin": [ 12.5, 20, 0 ], "axis": "y", "angle": -22.5 },
			"faces": {
				"down": { "uv": [ 1.5, 6, 2.5, 8 ], "texture": "#fourrure_beige" },
				"up": { "uv": [ 1.5, 8, 2.5, 10 ], "texture": "#fourrure_beige" },
				"north": { "uv": [ 13.5, 4, 14.5, 6 ], "texture": "#fourrure_beige" },
				"south": { "uv": [ 1.5, 4, 2.5, 6 ], "texture": "#fourrure_beige" },
				"west": { "uv": [ 0.5, 4, 12, 16 ], "texture": "#fourrure_beige" },
				"east": { "uv": [ 4, 4, 16, 16 ], "texture": "#fourrure_beige" }
			}
		},
		{
			"__comment": "Box71",
			"from": [ 12.5, 20, 0 ],
			"to": [ 13.5, 22, 2 ],
			"rotation": { "origin": [ 12.5, 20, 0 ], "axis": "y", "angle": -22.5 },
			"faces": {
				"down": { "uv": [ 1.5, 7, 2.5, 9 ], "texture": "#fourrure_beige" },
				"up": { "uv": [ 1.5, 7, 2.5, 9 ], "texture": "#fourrure_beige" },
				"north": { "uv": [ 13.5, 2, 14.5, 4 ], "texture": "#fourrure_beige" },
				"south": { "uv": [ 1.5, 2, 2.5, 4 ], "texture": "#fourrure_beige" },
				"west": { "uv": [ 0, 0, 12, 12 ], "texture": "#fourrure_beige" },
				"east": { "uv": [ 5, 0, 16, 12 ], "texture": "#fourrure_beige" }
			}
		},
		{
			"__comment": "Box71",
			"from": [ 2.5, 20, 0.5 ],
			"to": [ 3.5, 22, 2.5 ],
			"rotation": { "origin": [ 2.5, 20, 0.5 ], "axis": "y", "angle": 22.5 },
			"faces": {
				"down": { "uv": [ 1.5, 7, 2.5, 9 ], "texture": "#fourrure_beige" },
				"up": { "uv": [ 1.5, 7, 2.5, 9 ], "texture": "#fourrure_beige" },
				"north": { "uv": [ 13.5, 2, 14.5, 4 ], "texture": "#fourrure_beige" },
				"south": { "uv": [ 1.5, 2, 2.5, 4 ], "texture": "#fourrure_beige" },
				"west": { "uv": [ 0, 0, 12, 12 ], "texture": "#fourrure_beige" },
				"east": { "uv": [ 7, 2, 14, 10 ], "texture": "#fourrure_beige" }
			}
		},
		{
			"__comment": "Box72",
			"from": [ 2.5, 18, 1.5 ],
			"to": [ 3.5, 20, 3.5 ],
			"rotation": { "origin": [ 2.5, 20, 0.5 ], "axis": "y", "angle": 22.5 },
			"faces": {
				"down": { "uv": [ 1.5, 6, 2.5, 8 ], "texture": "#fourrure_beige" },
				"up": { "uv": [ 1.5, 8, 2.5, 10 ], "texture": "#fourrure_beige" },
				"north": { "uv": [ 13.5, 4, 14.5, 6 ], "texture": "#fourrure_beige" },
				"south": { "uv": [ 1.5, 4, 2.5, 6 ], "texture": "#fourrure_beige" },
				"west": { "uv": [ 0.5, 4, 12, 16 ], "texture": "#fourrure_beige" },
				"east": { "uv": [ 0.5, 3.5, 3.5, 10.5 ], "texture": "#fourrure_beige" }
			}
		},
		{
			"__comment": "Box73",
			"from": [ 2.5, 17, 2.5 ],
			"to": [ 3.5, 18, 4.5 ],
			"rotation": { "origin": [ 2.5, 20, 0.5 ], "axis": "y", "angle": 22.5 },
			"faces": {
				"down": { "uv": [ 1.5, 5, 2.5, 7 ], "texture": "#fourrure_beige" },
				"up": { "uv": [ 1.5, 9, 2.5, 11 ], "texture": "#fourrure_beige" },
				"north": { "uv": [ 13.5, 6, 14.5, 7 ], "texture": "#fourrure_beige" },
				"south": { "uv": [ 1.5, 6, 2.5, 7 ], "texture": "#fourrure_beige" },
				"west": { "uv": [ 0, 6.5, 16, 16 ], "texture": "#fourrure_beige" },
				"east": { "uv": [ 5, 6, 7, 7 ], "texture": "#fourrure_beige" }
			}
		},
		{
			"__comment": "Box74",
			"from": [ 2.5, 18, 3.5 ],
			"to": [ 3.5, 19, 5.5 ],
			"rotation": { "origin": [ 2.5, 20, 0.5 ], "axis": "y", "angle": 22.5 },
			"faces": {
				"down": { "uv": [ 1.5, 4, 2.5, 6 ], "texture": "#fourrure_beige" },
				"up": { "uv": [ 1.5, 10, 2.5, 12 ], "texture": "#fourrure_beige" },
				"north": { "uv": [ 13.5, 5, 14.5, 6 ], "texture": "#fourrure_beige" },
				"south": { "uv": [ 1.5, 5, 2.5, 6 ], "texture": "#fourrure_beige" },
				"west": { "uv": [ 10, 2, 14, 5 ], "texture": "#fourrure_beige" },
				"east": { "uv": [ 4, 5, 6, 6 ], "texture": "#fourrure_beige" }
			}
		},
		{
			"__comment": "Box74",
			"from": [ 3.5, 18, 3.5 ],
			"to": [ 4.5, 19, 5.5 ],
			"rotation": { "origin": [ 2.5, 20, 0.5 ], "axis": "y", "angle": 22.5 },
			"faces": {
				"down": { "uv": [ 2.5, 4, 3.5, 6 ], "texture": "#fourrure_orange" },
				"up": { "uv": [ 2.5, 10, 3.5, 12 ], "texture": "#fourrure_orange" },
				"north": { "uv": [ 12.5, 5, 13.5, 6 ], "texture": "#fourrure_orange" },
				"south": { "uv": [ 2.5, 5, 3.5, 6 ], "texture": "#fourrure_orange" },
				"west": { "uv": [ 10, 5, 12, 6 ], "texture": "#fourrure_orange" },
				"east": { "uv": [ 4, 5, 6, 6 ], "texture": "#fourrure_orange" }
			}
		},
		{
			"__comment": "Box73",
			"from": [ 3.5, 17, 2.5 ],
			"to": [ 4.5, 18, 4.5 ],
			"rotation": { "origin": [ 2.5, 20, 0.5 ], "axis": "y", "angle": 22.5 },
			"faces": {
				"down": { "uv": [ 1.5, 5, 2.5, 7 ], "texture": "#fourrure_orange" },
				"up": { "uv": [ 1.5, 9, 2.5, 11 ], "texture": "#fourrure_orange" },
				"north": { "uv": [ 13.5, 6, 14.5, 7 ], "texture": "#fourrure_orange" },
				"south": { "uv": [ 1.5, 6, 2.5, 7 ], "texture": "#fourrure_orange" },
				"west": { "uv": [ 9, 6, 11, 7 ], "texture": "#fourrure_orange" },
				"east": { "uv": [ 5, 6, 7, 7 ], "texture": "#fourrure_orange" }
			}
		},
		{
			"__comment": "Box72",
			"from": [ 3.5, 18, 1.5 ],
			"to": [ 4.5, 20, 3.5 ],
			"rotation": { "origin": [ 2.5, 20, 0.5 ], "axis": "y", "angle": 22.5 },
			"faces": {
				"down": { "uv": [ 1.5, 6, 2.5, 8 ], "texture": "#fourrure_orange" },
				"up": { "uv": [ 1.5, 8, 2.5, 10 ], "texture": "#fourrure_orange" },
				"north": { "uv": [ 13.5, 4, 14.5, 6 ], "texture": "#fourrure_orange" },
				"south": { "uv": [ 1.5, 4, 2.5, 6 ], "texture": "#fourrure_orange" },
				"west": { "uv": [ 8, 4, 10, 6 ], "texture": "#fourrure_orange" },
				"east": { "uv": [ 2.5, 3.5, 5.5, 10.5 ], "texture": "#fourrure_orange" }
			}
		},
		{
			"__comment": "Box71",
			"from": [ 3.5, 20, 0.5 ],
			"to": [ 4.5, 22, 2.5 ],
			"rotation": { "origin": [ 2.5, 20, 0.5 ], "axis": "y", "angle": 22.5 },
			"faces": {
				"down": { "uv": [ 1.5, 7, 2.5, 9 ], "texture": "#fourrure_orange" },
				"up": { "uv": [ 1.5, 7, 2.5, 9 ], "texture": "#fourrure_orange" },
				"north": { "uv": [ 13.5, 2, 14.5, 4 ], "texture": "#fourrure_orange" },
				"south": { "uv": [ 1.5, 2, 2.5, 4 ], "texture": "#fourrure_orange" },
				"west": { "uv": [ 4.5, 0, 13, 7 ], "texture": "#fourrure_orange" },
				"east": { "uv": [ 3, 2.5, 10, 10.5 ], "texture": "#fourrure_orange" }
			}
		},
		{
			"__comment": "Box69",
			"from": [ 2.5, 22, 0.5 ],
			"to": [ 3.5, 23, 2.5 ],
			"rotation": { "origin": [ 2.5, 20, 0.5 ], "axis": "y", "angle": 22.5 },
			"faces": {
				"down": { "uv": [ 1.5, 7, 2.5, 9 ], "texture": "#fourrure_orange" },
				"up": { "uv": [ 1.5, 7, 2.5, 9 ], "texture": "#fourrure_orange" },
				"north": { "uv": [ 13.5, 1, 14.5, 2 ], "texture": "#fourrure_orange" },
				"south": { "uv": [ 1.5, 1, 2.5, 2 ], "texture": "#fourrure_orange" },
				"west": { "uv": [ 4, 9.5, 13.5, 16 ], "texture": "#fourrure_orange" },
				"east": { "uv": [ 7, 1, 9, 2 ], "texture": "#fourrure_orange" }
			}
		},
		{
			"__comment": "Box68",
			"from": [ 2.5, 20, 2.5 ],
			"to": [ 3.5, 22, 3.5 ],
			"rotation": { "origin": [ 2.5, 20, 0.5 ], "axis": "y", "angle": 22.5 },
			"faces": {
				"down": { "uv": [ 1.5, 6, 2.5, 7 ], "texture": "#fourrure_orange" },
				"up": { "uv": [ 1.5, 9, 2.5, 10 ], "texture": "#fourrure_orange" },
				"north": { "uv": [ 13.5, 2, 14.5, 4 ], "texture": "#fourrure_orange" },
				"south": { "uv": [ 1.5, 2, 2.5, 4 ], "texture": "#fourrure_orange" },
				"west": { "uv": [ 0, 5, 6.5, 16 ], "texture": "#fourrure_orange" },
				"east": { "uv": [ 6, 2, 7, 4 ], "texture": "#fourrure_orange" }
			}
		},
		{
			"__comment": "Box67",
			"from": [ 2.5, 19, 3.5 ],
			"to": [ 3.5, 20, 4.5 ],
			"rotation": { "origin": [ 2.5, 20, 0.5 ], "axis": "y", "angle": 22.5 },
			"faces": {
				"down": { "uv": [ 1.5, 5, 2.5, 6 ], "texture": "#fourrure_orange" },
				"up": { "uv": [ 1.5, 10, 2.5, 11 ], "texture": "#fourrure_orange" },
				"north": { "uv": [ 13.5, 4, 14.5, 5 ], "texture": "#fourrure_orange" },
				"south": { "uv": [ 1.5, 4, 2.5, 5 ], "texture": "#fourrure_orange" },
				"west": { "uv": [ 0, 8.5, 9, 15.5 ], "texture": "#fourrure_orange" },
				"east": { "uv": [ 5, 4, 6, 5 ], "texture": "#fourrure_orange" }
			}
		},
		{
			"__comment": "Box66",
			"from": [ 2.5, 20, -0.5 ],
			"to": [ 3.5, 23, 0.5 ],
			"rotation": { "origin": [ 2.5, 20, 0.5 ], "axis": "y", "angle": 22.5 },
			"faces": {
				"down": { "uv": [ 1.5, 9, 2.5, 10 ], "texture": "#fourrure_orange" },
				"up": { "uv": [ 1.5, 6, 2.5, 7 ], "texture": "#fourrure_orange" },
				"north": { "uv": [ 13.5, 1, 14.5, 4 ], "texture": "#fourrure_orange" },
				"south": { "uv": [ 1.5, 1, 2.5, 4 ], "texture": "#fourrure_orange" },
				"west": { "uv": [ 6.5, 4.5, 16, 15.5 ], "texture": "#fourrure_orange" },
				"east": { "uv": [ 9, 1, 10, 4 ], "texture": "#fourrure_orange" }
			}
		},
		{
			"__comment": "Box65",
			"from": [ 2.5, 18, 0.5 ],
			"to": [ 3.5, 20, 1.5 ],
			"rotation": { "origin": [ 2.5, 20, 0.5 ], "axis": "y", "angle": 22.5 },
			"faces": {
				"down": { "uv": [ 1.5, 8, 2.5, 9 ], "texture": "#fourrure_orange" },
				"up": { "uv": [ 1.5, 7, 2.5, 8 ], "texture": "#fourrure_orange" },
				"north": { "uv": [ 13.5, 4, 14.5, 6 ], "texture": "#fourrure_orange" },
				"south": { "uv": [ 1.5, 4, 2.5, 6 ], "texture": "#fourrure_orange" },
				"west": { "uv": [ 7, 0, 16, 12 ], "texture": "#fourrure_orange" },
				"east": { "uv": [ 8, 4, 9, 6 ], "texture": "#fourrure_orange" }
			}
		},
		{
			"__comment": "Box64",
			"from": [ 2.5, 17, 1.5 ],
			"to": [ 3.5, 18, 2.5 ],
			"rotation": { "origin": [ 2.5, 20, 0.5 ], "axis": "y", "angle": 22.5 },
			"faces": {
				"down": { "uv": [ 1.5, 7, 2.5, 8 ], "texture": "#fourrure_orange" },
				"up": { "uv": [ 1.5, 8, 2.5, 9 ], "texture": "#fourrure_orange" },
				"north": { "uv": [ 13.5, 6, 14.5, 7 ], "texture": "#fourrure_orange" },
				"south": { "uv": [ 1.5, 6, 2.5, 7 ], "texture": "#fourrure_orange" },
				"west": { "uv": [ 8, 0, 16, 16 ], "texture": "#fourrure_orange" },
				"east": { "uv": [ 7, 6, 8, 7 ], "texture": "#fourrure_orange" }
			}
		},
		{
			"__comment": "Box63",
			"from": [ 2.5, 17, 4.5 ],
			"to": [ 3.5, 18, 5.5 ],
			"rotation": { "origin": [ 2.5, 20, 0.5 ], "axis": "y", "angle": 22.5 },
			"faces": {
				"down": { "uv": [ 1.5, 4, 2.5, 5 ], "texture": "#fourrure_orange" },
				"up": { "uv": [ 1.5, 11, 2.5, 12 ], "texture": "#fourrure_orange" },
				"north": { "uv": [ 13.5, 6, 14.5, 7 ], "texture": "#fourrure_orange" },
				"south": { "uv": [ 1.5, 6, 2.5, 7 ], "texture": "#fourrure_orange" },
				"west": { "uv": [ 0.5, 0, 5.5, 7.5 ], "texture": "#fourrure_orange" },
				"east": { "uv": [ 4, 6, 5, 7 ], "texture": "#fourrure_orange" }
			}
		},
		{
			"__comment": "Box62",
			"from": [ 2.5, 16, 2.5 ],
			"to": [ 3.5, 17, 4.5 ],
			"rotation": { "origin": [ 2.5, 20, 0.5 ], "axis": "y", "angle": 22.5 },
			"faces": {
				"down": { "uv": [ 1.5, 5, 2.5, 7 ], "texture": "#fourrure_orange" },
				"up": { "uv": [ 1.5, 9, 2.5, 11 ], "texture": "#fourrure_orange" },
				"north": { "uv": [ 13.5, 7, 14.5, 8 ], "texture": "#fourrure_orange" },
				"south": { "uv": [ 1.5, 7, 2.5, 8 ], "texture": "#fourrure_orange" },
				"west": { "uv": [ 0, 0, 16, 7 ], "texture": "#fourrure_orange" },
				"east": { "uv": [ 5, 7, 7, 8 ], "texture": "#fourrure_orange" }
			}
		},
		{
			"__comment": "Box95",
			"from": [ 2, 22, -1.5 ],
			"to": [ 3, 23, -0.5 ],
			"rotation": { "origin": [ 3, 22, -1.5 ], "axis": "y", "angle": 22.5 },
			"faces": {
				"down": { "uv": [ 0, 0, 16, 16 ], "texture": "#arc_en_ciel", "rotation": 270 },
				"up": { "uv": [ 0, 0, 16, 16 ], "texture": "#arc_en_ciel", "rotation": 90 },
				"north": { "uv": [ 0, 0, 16, 16 ], "texture": "#arc_en_ciel" },
				"south": { "uv": [ 0, 0, 16, 16 ], "texture": "#arc_en_ciel" },
				"west": { "uv": [ 0, 0, 16, 16 ], "texture": "#arc_en_ciel" },
				"east": { "uv": [ 0, 0, 16, 16 ], "texture": "#arc_en_ciel" }
			}
		},
		{
			"__comment": "Box96",
			"from": [ 2, 20.5, -1.5 ],
			"to": [ 3, 21.5, -0.5 ],
			"rotation": { "origin": [ 3, 22, -1.5 ], "axis": "y", "angle": 22.5 },
			"faces": {
				"down": { "uv": [ 0, 0, 16, 16 ], "texture": "#arc_en_ciel", "rotation": 270 },
				"up": { "uv": [ 0, 0, 16, 16 ], "texture": "#arc_en_ciel", "rotation": 90 },
				"north": { "uv": [ 0, 0, 16, 16 ], "texture": "#arc_en_ciel" },
				"south": { "uv": [ 0, 0, 16, 16 ], "texture": "#arc_en_ciel" },
				"west": { "uv": [ 0, 0, 16, 16 ], "texture": "#arc_en_ciel" },
				"east": { "uv": [ 0, 0, 16, 16 ], "texture": "#arc_en_ciel" }
			}
		},
		{
			"__comment": "Box93",
			"from": [ 7, 1.5, -2 ],
			"to": [ 9, 3.5, 0 ],
			"faces": {
				"down": { "uv": [ 7, 0, 9, 2 ], "texture": "#fourrure_orange" },
				"up": { "uv": [ 7, 14, 9, 16 ], "texture": "#fourrure_orange" },
				"north": { "uv": [ 7, 12.5, 9, 14.5 ], "texture": "#fourrure_orange" },
				"south": { "uv": [ 7, 12.5, 9, 14.5 ], "texture": "#fourrure_orange" },
				"west": { "uv": [ 14, 12.5, 16, 14.5 ], "texture": "#fourrure_orange" },
				"east": { "uv": [ 0, 12.5, 2, 14.5 ], "texture": "#fourrure_orange" }
			}
		},
		{
			"__comment": "Box94",
			"from": [ 6, 2.5, -4 ],
			"to": [ 8, 4.5, -1 ],
			"faces": {
				"down": { "uv": [ 6, 1, 8, 4 ], "texture": "#fourrure_orange" },
				"up": { "uv": [ 6, 12, 8, 15 ], "texture": "#fourrure_orange" },
				"north": { "uv": [ 8, 11.5, 10, 13.5 ], "texture": "#fourrure_orange" },
				"south": { "uv": [ 6, 11.5, 8, 13.5 ], "texture": "#fourrure_orange" },
				"west": { "uv": [ 12, 11.5, 15, 13.5 ], "texture": "#fourrure_orange" },
				"east": { "uv": [ 1, 11.5, 4, 13.5 ], "texture": "#fourrure_orange" }
			}
		},
		{
			"__comment": "Box95",
			"from": [ 5, 4.5, -6 ],
			"to": [ 8, 5.5, -2 ],
			"faces": {
				"down": { "uv": [ 5, 2, 8, 6 ], "texture": "#fourrure_orange" },
				"up": { "uv": [ 5, 10, 8, 14 ], "texture": "#fourrure_orange" },
				"north": { "uv": [ 8, 10.5, 11, 11.5 ], "texture": "#fourrure_orange" },
				"south": { "uv": [ 5, 10.5, 8, 11.5 ], "texture": "#fourrure_orange" },
				"west": { "uv": [ 10, 10.5, 14, 11.5 ], "texture": "#fourrure_orange" },
				"east": { "uv": [ 2, 10.5, 6, 11.5 ], "texture": "#fourrure_orange" }
			}
		},
		{
			"__comment": "Box96",
			"from": [ 5, 5.5, -6 ],
			"to": [ 7, 6.5, -3 ],
			"faces": {
				"down": { "uv": [ 5, 3, 7, 6 ], "texture": "#fourrure_orange" },
				"up": { "uv": [ 5, 10, 7, 13 ], "texture": "#fourrure_orange" },
				"north": { "uv": [ 9, 9.5, 11, 10.5 ], "texture": "#fourrure_orange" },
				"south": { "uv": [ 5, 9.5, 7, 10.5 ], "texture": "#fourrure_orange" },
				"west": { "uv": [ 10, 9.5, 13, 10.5 ], "texture": "#fourrure_orange" },
				"east": { "uv": [ 3, 9.5, 6, 10.5 ], "texture": "#fourrure_orange" }
			}
		},
		{
			"__comment": "Box97",
			"from": [ 5, 2.5, -4 ],
			"to": [ 6, 4.5, -2 ],
			"faces": {
				"down": { "uv": [ 5, 2, 6, 4 ], "texture": "#fourrure_orange" },
				"up": { "uv": [ 5, 12, 6, 14 ], "texture": "#fourrure_orange" },
				"north": { "uv": [ 10, 11.5, 11, 13.5 ], "texture": "#fourrure_orange" },
				"south": { "uv": [ 5, 11.5, 6, 13.5 ], "texture": "#fourrure_orange" },
				"west": { "uv": [ 12, 11.5, 14, 13.5 ], "texture": "#fourrure_orange" },
				"east": { "uv": [ 2, 11.5, 4, 13.5 ], "texture": "#fourrure_orange" }
			}
		},
		{
			"__comment": "Box98",
			"from": [ 5, 3.5, -5 ],
			"to": [ 6, 4.5, -4 ],
			"faces": {
				"down": { "uv": [ 5, 4, 6, 5 ], "texture": "#fourrure_orange" },
				"up": { "uv": [ 5, 11, 6, 12 ], "texture": "#fourrure_orange" },
				"north": { "uv": [ 10, 11.5, 11, 12.5 ], "texture": "#fourrure_orange" },
				"south": { "uv": [ 5, 11.5, 6, 12.5 ], "texture": "#fourrure_orange" },
				"west": { "uv": [ 11, 11.5, 12, 12.5 ], "texture": "#fourrure_orange" },
				"east": { "uv": [ 4, 11.5, 5, 12.5 ], "texture": "#fourrure_orange" }
			}
		},
		{
			"__comment": "Box99",
			"from": [ 6, 3.5, -5 ],
			"to": [ 7, 4.5, -4 ],
			"faces": {
				"down": { "uv": [ 6, 4, 7, 5 ], "texture": "#fourrure_orange" },
				"up": { "uv": [ 6, 11, 7, 12 ], "texture": "#fourrure_orange" },
				"north": { "uv": [ 9, 11.5, 10, 12.5 ], "texture": "#fourrure_orange" },
				"south": { "uv": [ 6, 11.5, 7, 12.5 ], "texture": "#fourrure_orange" },
				"west": { "uv": [ 11, 11.5, 12, 12.5 ], "texture": "#fourrure_orange" },
				"east": { "uv": [ 4, 11.5, 5, 12.5 ], "texture": "#fourrure_orange" }
			}
		},
		{
			"__comment": "Box100",
			"from": [ 6, 5.5, -7 ],
			"to": [ 9, 7.5, -4 ],
			"faces": {
				"down": { "uv": [ 6, 4, 9, 7 ], "texture": "#fourrure_orange" },
				"up": { "uv": [ 6, 9, 9, 12 ], "texture": "#fourrure_orange" },
				"north": { "uv": [ 7, 8.5, 10, 10.5 ], "texture": "#fourrure_orange" },
				"south": { "uv": [ 6, 8.5, 9, 10.5 ], "texture": "#fourrure_orange" },
				"west": { "uv": [ 9, 8.5, 12, 10.5 ], "texture": "#fourrure_orange" },
				"east": { "uv": [ 4, 8.5, 7, 10.5 ], "texture": "#fourrure_orange" }
			}
		},
		{
			"__comment": "Box101",
			"from": [ 8, 7.5, -5 ],
			"to": [ 10, 8.5, -4 ],
			"faces": {
				"down": { "uv": [ 8, 4, 10, 5 ], "texture": "#fourrure_orange" },
				"up": { "uv": [ 8, 11, 10, 12 ], "texture": "#fourrure_orange" },
				"north": { "uv": [ 6, 7.5, 8, 8.5 ], "texture": "#fourrure_orange" },
				"south": { "uv": [ 8, 7.5, 10, 8.5 ], "texture": "#fourrure_orange" },
				"west": { "uv": [ 11, 7.5, 12, 8.5 ], "texture": "#fourrure_orange" },
				"east": { "uv": [ 4, 7.5, 5, 8.5 ], "texture": "#fourrure_orange" }
			}
		},
		{
			"__comment": "Box102",
			"from": [ 7, 5.5, -8 ],
			"to": [ 10, 8.5, -5 ],
			"faces": {
				"down": { "uv": [ 7, 5, 10, 8 ], "texture": "#fourrure_orange" },
				"up": { "uv": [ 7, 8, 10, 11 ], "texture": "#fourrure_orange" },
				"north": { "uv": [ 6, 7.5, 9, 10.5 ], "texture": "#fourrure_orange" },
				"south": { "uv": [ 7, 7.5, 10, 10.5 ], "texture": "#fourrure_orange" },
				"west": { "uv": [ 8, 7.5, 11, 10.5 ], "texture": "#fourrure_orange" },
				"east": { "uv": [ 5, 7.5, 8, 10.5 ], "texture": "#fourrure_orange" }
			}
		},
		{
			"__comment": "Box103",
			"from": [ 10, 6.5, -8 ],
			"to": [ 11, 7.5, -6 ],
			"faces": {
				"down": { "uv": [ 10, 6, 11, 8 ], "texture": "#fourrure_orange" },
				"up": { "uv": [ 10, 8, 11, 10 ], "texture": "#fourrure_orange" },
				"north": { "uv": [ 5, 8.5, 6, 9.5 ], "texture": "#fourrure_orange" },
				"south": { "uv": [ 10, 8.5, 11, 9.5 ], "texture": "#fourrure_orange" },
				"west": { "uv": [ 8, 8.5, 10, 9.5 ], "texture": "#fourrure_orange" },
				"east": { "uv": [ 6, 8.5, 8, 9.5 ], "texture": "#fourrure_orange" }
			}
		},
		{
			"__comment": "Box104",
			"from": [ 8, 6.5, -9 ],
			"to": [ 10, 7.5, -8 ],
			"faces": {
				"down": { "uv": [ 8, 8, 10, 9 ], "texture": "#fourrure_orange" },
				"up": { "uv": [ 8, 7, 10, 8 ], "texture": "#fourrure_orange" },
				"north": { "uv": [ 6, 8.5, 8, 9.5 ], "texture": "#fourrure_orange" },
				"south": { "uv": [ 8, 8.5, 10, 9.5 ], "texture": "#fourrure_orange" },
				"west": { "uv": [ 7, 8.5, 8, 9.5 ], "texture": "#fourrure_orange" },
				"east": { "uv": [ 8, 8.5, 9, 9.5 ], "texture": "#fourrure_orange" }
			}
		},
		{
			"__comment": "Box105",
			"from": [ 8, 7.5, -9 ],
			"to": [ 9, 8.5, -8 ],
			"faces": {
				"down": { "uv": [ 8, 8, 9, 9 ], "texture": "#fourrure_orange" },
				"up": { "uv": [ 8, 7, 9, 8 ], "texture": "#fourrure_orange" },
				"north": { "uv": [ 7, 7.5, 8, 8.5 ], "texture": "#fourrure_orange" },
				"south": { "uv": [ 8, 7.5, 9, 8.5 ], "texture": "#fourrure_orange" },
				"west": { "uv": [ 7, 7.5, 8, 8.5 ], "texture": "#fourrure_orange" },
				"east": { "uv": [ 8, 7.5, 9, 8.5 ], "texture": "#fourrure_orange" }
			}
		},
		{
			"__comment": "Box106",
			"from": [ 8, 8.5, -8 ],
			"to": [ 9, 9.5, -5 ],
			"faces": {
				"down": { "uv": [ 8, 5, 9, 8 ], "texture": "#fourrure_beige" },
				"up": { "uv": [ 8, 8, 9, 11 ], "texture": "#fourrure_beige" },
				"north": { "uv": [ 7, 6.5, 8, 7.5 ], "texture": "#fourrure_beige" },
				"south": { "uv": [ 8, 6.5, 9, 7.5 ], "texture": "#fourrure_beige" },
				"west": { "uv": [ 8, 6.5, 11, 7.5 ], "texture": "#fourrure_beige" },
				"east": { "uv": [ 5, 6.5, 8, 7.5 ], "texture": "#fourrure_beige" }
			}
		},
		{
			"__comment": "Box107",
			"from": [ 9, 7.5, -9 ],
			"to": [ 12, 10.5, -5 ],
			"faces": {
				"down": { "uv": [ 9, 5, 12, 9 ], "texture": "#fourrure_beige" },
				"up": { "uv": [ 9, 7, 12, 11 ], "texture": "#fourrure_beige" },
				"north": { "uv": [ 4, 5.5, 7, 8.5 ], "texture": "#fourrure_beige" },
				"south": { "uv": [ 9, 5.5, 12, 8.5 ], "texture": "#fourrure_beige" },
				"west": { "uv": [ 7, 5.5, 11, 8.5 ], "texture": "#fourrure_beige" },
				"east": { "uv": [ 5, 5.5, 9, 8.5 ], "texture": "#fourrure_beige" }
			}
		},
		{
			"__comment": "Box108",
			"from": [ 12, 7.5, -9 ],
			"to": [ 13, 8.5, -7 ],
			"faces": {
				"down": { "uv": [ 12, 7, 13, 9 ], "texture": "#fourrure_beige" },
				"up": { "uv": [ 12, 7, 13, 9 ], "texture": "#fourrure_beige" },
				"north": { "uv": [ 3, 7.5, 4, 8.5 ], "texture": "#fourrure_beige" },
				"south": { "uv": [ 12, 7.5, 13, 8.5 ], "texture": "#fourrure_beige" },
				"west": { "uv": [ 7, 7.5, 9, 8.5 ], "texture": "#fourrure_beige" },
				"east": { "uv": [ 7, 7.5, 9, 8.5 ], "texture": "#fourrure_beige" }
			}
		},
		{
			"__comment": "Box109",
			"from": [ 10, 10.5, -9 ],
			"to": [ 14, 11.5, -6 ],
			"faces": {
				"down": { "uv": [ 10, 6, 14, 9 ], "texture": "#fourrure_beige" },
				"up": { "uv": [ 10, 7, 14, 10 ], "texture": "#fourrure_beige" },
				"north": { "uv": [ 2, 4.5, 6, 5.5 ], "texture": "#fourrure_beige" },
				"south": { "uv": [ 10, 4.5, 14, 5.5 ], "texture": "#fourrure_beige" },
				"west": { "uv": [ 7, 4.5, 10, 5.5 ], "texture": "#fourrure_beige" },
				"east": { "uv": [ 6, 4.5, 9, 5.5 ], "texture": "#fourrure_beige" }
			}
		},
		{
			"__comment": "Box110",
			"from": [ 12, 12.5, -8 ],
			"to": [ 13, 13.5, -7 ],
			"faces": {
				"down": { "uv": [ 12, 7, 13, 8 ], "texture": "#fourrure_beige" },
				"up": { "uv": [ 12, 8, 13, 9 ], "texture": "#fourrure_beige" },
				"north": { "uv": [ 3, 2.5, 4, 3.5 ], "texture": "#fourrure_beige" },
				"south": { "uv": [ 12, 2.5, 13, 3.5 ], "texture": "#fourrure_beige" },
				"west": { "uv": [ 8, 2.5, 9, 3.5 ], "texture": "#fourrure_beige" },
				"east": { "uv": [ 7, 2.5, 8, 3.5 ], "texture": "#fourrure_beige" }
			}
		},
		{
			"__comment": "Box110",
			"from": [ 12, 11.5, -9 ],
			"to": [ 13, 12.5, -6 ],
			"faces": {
				"down": { "uv": [ 12, 6, 13, 9 ], "texture": "#fourrure_beige" },
				"up": { "uv": [ 12, 7, 13, 10 ], "texture": "#fourrure_beige" },
				"north": { "uv": [ 3, 3.5, 4, 4.5 ], "texture": "#fourrure_beige" },
				"south": { "uv": [ 12, 3.5, 13, 4.5 ], "texture": "#fourrure_beige" },
				"west": { "uv": [ 7, 3.5, 10, 4.5 ], "texture": "#fourrure_beige" },
				"east": { "uv": [ 6, 3.5, 9, 4.5 ], "texture": "#fourrure_beige" }
			}
		},
		{
			"__comment": "Box110",
			"from": [ 11, 11.5, -8 ],
			"to": [ 12, 12.5, -7 ],
			"faces": {
				"down": { "uv": [ 11, 7, 12, 8 ], "texture": "#fourrure_beige" },
				"up": { "uv": [ 11, 8, 12, 9 ], "texture": "#fourrure_beige" },
				"north": { "uv": [ 4, 3.5, 5, 4.5 ], "texture": "#fourrure_beige" },
				"south": { "uv": [ 11, 3.5, 12, 4.5 ], "texture": "#fourrure_beige" },
				"west": { "uv": [ 8, 3.5, 9, 4.5 ], "texture": "#fourrure_beige" },
				"east": { "uv": [ 7, 3.5, 8, 4.5 ], "texture": "#fourrure_beige" }
			}
		},
		{
			"__comment": "Box110",
			"from": [ 13, 11.5, -8 ],
			"to": [ 14, 12.5, -7 ],
			"faces": {
				"down": { "uv": [ 13, 7, 14, 8 ], "texture": "#fourrure_beige" },
				"up": { "uv": [ 13, 8, 14, 9 ], "texture": "#fourrure_beige" },
				"north": { "uv": [ 2, 3.5, 3, 4.5 ], "texture": "#fourrure_beige" },
				"south": { "uv": [ 13, 3.5, 14, 4.5 ], "texture": "#fourrure_beige" },
				"west": { "uv": [ 8, 3.5, 9, 4.5 ], "texture": "#fourrure_beige" },
				"east": { "uv": [ 7, 3.5, 8, 4.5 ], "texture": "#fourrure_beige" }
			}
		},
		{
			"__comment": "Box114",
			"from": [ 11, 8.5, -10 ],
			"to": [ 13, 10.5, -9 ],
			"faces": {
				"down": { "uv": [ 11, 9, 13, 10 ], "texture": "#fourrure_beige" },
				"up": { "uv": [ 11, 6, 13, 7 ], "texture": "#fourrure_beige" },
				"north": { "uv": [ 3, 5.5, 5, 7.5 ], "texture": "#fourrure_beige" },
				"south": { "uv": [ 11, 5.5, 13, 7.5 ], "texture": "#fourrure_beige" },
				"west": { "uv": [ 6, 5.5, 7, 7.5 ], "texture": "#fourrure_beige" },
				"east": { "uv": [ 9, 5.5, 10, 7.5 ], "texture": "#fourrure_beige" }
			}
		},
		{
			"__comment": "Box108",
			"from": [ 13, 8.5, -9 ],
			"to": [ 14, 10.5, -6 ],
			"faces": {
				"down": { "uv": [ 13, 6, 14, 9 ], "texture": "#fourrure_beige" },
				"up": { "uv": [ 13, 7, 14, 10 ], "texture": "#fourrure_beige" },
				"north": { "uv": [ 2, 5.5, 3, 7.5 ], "texture": "#fourrure_beige" },
				"south": { "uv": [ 13, 5.5, 14, 7.5 ], "texture": "#fourrure_beige" },
				"west": { "uv": [ 7, 5.5, 10, 7.5 ], "texture": "#fourrure_beige" },
				"east": { "uv": [ 6, 5.5, 9, 7.5 ], "texture": "#fourrure_beige" }
			}
		},
		{
			"__comment": "Box108",
			"from": [ 12, 8.5, -7 ],
			"to": [ 13, 10.5, -5 ],
			"faces": {
				"down": { "uv": [ 12, 5, 13, 7 ], "texture": "#fourrure_beige" },
				"up": { "uv": [ 12, 9, 13, 11 ], "texture": "#fourrure_beige" },
				"north": { "uv": [ 3, 5.5, 4, 7.5 ], "texture": "#fourrure_beige" },
				"south": { "uv": [ 12, 5.5, 13, 7.5 ], "texture": "#fourrure_beige" },
				"west": { "uv": [ 9, 5.5, 11, 7.5 ], "texture": "#fourrure_beige" },
				"east": { "uv": [ 5, 5.5, 7, 7.5 ], "texture": "#fourrure_beige" }
			}
		}
	],
	"display": {
		"thirdperson_righthand": {
			"rotation":  [ 90, 0, 0 ],
			"translation":  [ -6.26, 0, 7.6521 ]
		},
		"gui": {
			"rotation":  [ 17, 27, 0 ],
			"translation":  [ 0.6956, 0.6956, 0 ],
			"scale":  [ 0.4, 0.4, 0.4 ]
		}
	}
}