{
	"__comment": "Designed by Tsunami67 with Cubik Studio - https://cubik.studio",
	"textures": {
		"particle": "blocks/wool_colored_white",
		"texture": "blocks/planks_acacia"
	},
	"elements": [ 	 
		{
			"__comment": "Box1",
			"from": [ 2, 4, 3.5 ],
			"to": [ 14, 5, 11.5 ],
			"faces": {
				"down": { "uv": [ 0, 0, 16, 14.5 ], "texture": "#particle" },
				"up": { "uv": [ 0, 0, 16, 16 ], "texture": "#particle" },
				"north": { "uv": [ 2, 11, 14, 12 ], "texture": "#particle" },
				"south": { "uv": [ 2, 11, 14, 12 ], "texture": "#particle" },
				"west": { "uv": [ 3.5, 11, 11.5, 12 ], "texture": "#particle" },
				"east": { "uv": [ 4.5, 11, 12.5, 12 ], "texture": "#particle" }
			}
		},
		{
			"__comment": "Box2",
			"from": [ 1, 0, 2.5 ],
			"to": [ 2, 3, 3.5 ],
			"faces": {
				"down": { "uv": [ 1, 12.5, 2, 13.5 ], "texture": "#texture" },
				"up": { "uv": [ 1, 2.5, 2, 3.5 ], "texture": "#texture" },
				"north": { "uv": [ 14, 13, 15, 16 ], "texture": "#texture" },
				"south": { "uv": [ 1, 13, 2, 16 ], "texture": "#texture" },
				"west": { "uv": [ 2.5, 13, 3.5, 16 ], "texture": "#texture" },
				"east": { "uv": [ 12.5, 13, 13.5, 16 ], "texture": "#texture" }
			}
		},
		{
			"__comment": "Box3",
			"from": [ 14, 0, 2.5 ],
			"to": [ 15, 3, 3.5 ],
			"faces": {
				"down": { "uv": [ 14, 12.5, 15, 13.5 ], "texture": "#texture" },
				"up": { "uv": [ 14, 2.5, 15, 3.5 ], "texture": "#texture" },
				"north": { "uv": [ 1, 13, 2, 16 ], "texture": "#texture" },
				"south": { "uv": [ 14, 13, 15, 16 ], "texture": "#texture" },
				"west": { "uv": [ 2.5, 13, 3.5, 16 ], "texture": "#texture" },
				"east": { "uv": [ 12.5, 13, 13.5, 16 ], "texture": "#texture" }
			}
		},
		{
			"__comment": "Box4",
			"from": [ 1, 0, 11.5 ],
			"to": [ 2, 3, 12.5 ],
			"faces": {
				"down": { "uv": [ 1, 3.5, 2, 4.5 ], "texture": "#texture" },
				"up": { "uv": [ 1, 11.5, 2, 12.5 ], "texture": "#texture" },
				"north": { "uv": [ 14, 13, 15, 16 ], "texture": "#texture" },
				"south": { "uv": [ 1, 13, 2, 16 ], "texture": "#texture" },
				"west": { "uv": [ 11.5, 13, 12.5, 16 ], "texture": "#texture" },
				"east": { "uv": [ 3.5, 13, 4.5, 16 ], "texture": "#texture" }
			}
		},
		{
			"__comment": "Box5",
			"from": [ 14, 0, 11.5 ],
			"to": [ 15, 3, 12.5 ],
			"faces": {
				"down": { "uv": [ 14, 3.5, 15, 4.5 ], "texture": "#texture" },
				"up": { "uv": [ 14, 11.5, 15, 12.5 ], "texture": "#texture" },
				"north": { "uv": [ 1, 13, 2, 16 ], "texture": "#texture" },
				"south": { "uv": [ 14, 13, 15, 16 ], "texture": "#texture" },
				"west": { "uv": [ 11.5, 13, 12.5, 16 ], "texture": "#texture" },
				"east": { "uv": [ 3.5, 13, 4.5, 16 ], "texture": "#texture" }
			}
		},
		{
			"__comment": "Box1",
			"from": [ 1, 3, 2.5 ],
			"to": [ 15, 4, 12.5 ],
			"faces": {
				"down": { "uv": [ 1, 3.5, 15, 13.5 ], "texture": "#texture" },
				"up": { "uv": [ 1, 2.5, 15, 12.5 ], "texture": "#texture" },
				"north": { "uv": [ 1, 12, 15, 13 ], "texture": "#texture" },
				"south": { "uv": [ 1, 12, 15, 13 ], "texture": "#texture" },
				"west": { "uv": [ 2.5, 12, 12.5, 13 ], "texture": "#texture" },
				"east": { "uv": [ 3.5, 12, 13.5, 13 ], "texture": "#texture" }
			}
		},
		{
			"__comment": "Box7",
			"from": [ 1, 4, 2.5 ],
			"to": [ 2, 8, 3.5 ],
			"faces": {
				"down": { "uv": [ 1, 12.5, 2, 13.5 ], "texture": "#texture" },
				"up": { "uv": [ 1, 2.5, 2, 3.5 ], "texture": "#texture" },
				"north": { "uv": [ 14, 8, 15, 12 ], "texture": "#texture" },
				"south": { "uv": [ 1, 8, 2, 12 ], "texture": "#texture" },
				"west": { "uv": [ 2.5, 8, 3.5, 12 ], "texture": "#texture" },
				"east": { "uv": [ 12.5, 8, 13.5, 12 ], "texture": "#texture" }
			}
		},
		{
			"__comment": "Box8",
			"from": [ 14, 4, 2.5 ],
			"to": [ 15, 8, 3.5 ],
			"faces": {
				"down": { "uv": [ 14, 12.5, 15, 13.5 ], "texture": "#texture" },
				"up": { "uv": [ 14, 2.5, 15, 3.5 ], "texture": "#texture" },
				"north": { "uv": [ 1, 8, 2, 12 ], "texture": "#texture" },
				"south": { "uv": [ 14, 8, 15, 12 ], "texture": "#texture" },
				"west": { "uv": [ 2.5, 8, 3.5, 12 ], "texture": "#texture" },
				"east": { "uv": [ 12.5, 8, 13.5, 12 ], "texture": "#texture" }
			}
		},
		{
			"__comment": "Box9",
			"from": [ 1, 4, 11.5 ],
			"to": [ 2, 8, 12.5 ],
			"faces": {
				"down": { "uv": [ 1, 3.5, 2, 4.5 ], "texture": "#texture" },
				"up": { "uv": [ 1, 11.5, 2, 12.5 ], "texture": "#texture" },
				"north": { "uv": [ 14, 8, 15, 12 ], "texture": "#texture" },
				"south": { "uv": [ 1, 8, 2, 12 ], "texture": "#texture" },
				"west": { "uv": [ 11.5, 8, 12.5, 12 ], "texture": "#texture" },
				"east": { "uv": [ 3.5, 8, 4.5, 12 ], "texture": "#texture" }
			}
		},
		{
			"__comment": "Box10",
			"from": [ 14, 4, 11.5 ],
			"to": [ 15, 8, 12.5 ],
			"faces": {
				"down": { "uv": [ 14, 3.5, 15, 4.5 ], "texture": "#texture" },
				"up": { "uv": [ 14, 11.5, 15, 12.5 ], "texture": "#texture" },
				"north": { "uv": [ 1, 8, 2, 12 ], "texture": "#texture" },
				"south": { "uv": [ 14, 8, 15, 12 ], "texture": "#texture" },
				"west": { "uv": [ 11.5, 8, 12.5, 12 ], "texture": "#texture" },
				"east": { "uv": [ 3.5, 8, 4.5, 12 ], "texture": "#texture" }
			}
		},
		{
			"__comment": "Box11",
			"from": [ 1, 7, 3.5 ],
			"to": [ 2, 8, 11.5 ],
			"faces": {
				"down": { "uv": [ 1, 4.5, 2, 12.5 ], "texture": "#texture" },
				"up": { "uv": [ 1, 3.5, 2, 11.5 ], "texture": "#texture" },
				"north": { "uv": [ 14, 8, 15, 9 ], "texture": "#texture" },
				"south": { "uv": [ 1, 8, 2, 9 ], "texture": "#texture" },
				"west": { "uv": [ 3.5, 8, 11.5, 9 ], "texture": "#texture" },
				"east": { "uv": [ 4.5, 8, 12.5, 9 ], "texture": "#texture" }
			}
		},
		{
			"__comment": "Box12",
			"from": [ 14, 7, 3.5 ],
			"to": [ 15, 8, 11.5 ],
			"faces": {
				"down": { "uv": [ 14, 4.5, 15, 12.5 ], "texture": "#texture" },
				"up": { "uv": [ 14, 3.5, 15, 11.5 ], "texture": "#texture" },
				"north": { "uv": [ 1, 8, 2, 9 ], "texture": "#texture" },
				"south": { "uv": [ 14, 8, 15, 9 ], "texture": "#texture" },
				"west": { "uv": [ 3.5, 8, 11.5, 9 ], "texture": "#texture" },
				"east": { "uv": [ 4.5, 8, 12.5, 9 ], "texture": "#texture" }
			}
		},
		{
			"__comment": "Box13",
			"from": [ 14, 4, 4.5 ],
			"to": [ 15, 7, 5.5 ],
			"faces": {
				"down": { "uv": [ 1, 10.5, 2, 11.5 ], "texture": "#texture" },
				"up": { "uv": [ 1, 4.5, 2, 5.5 ], "texture": "#texture" },
				"north": { "uv": [ 14, 9, 15, 12 ], "texture": "#texture" },
				"south": { "uv": [ 1, 9, 2, 12 ], "texture": "#texture" },
				"west": { "uv": [ 4.5, 9, 5.5, 12 ], "texture": "#texture" },
				"east": { "uv": [ 10.5, 9, 11.5, 12 ], "texture": "#texture" }
			}
		},
		{
			"__comment": "Box14",
			"from": [ 14, 4, 9.5 ],
			"to": [ 15, 7, 10.5 ],
			"faces": {
				"down": { "uv": [ 1, 5.5, 2, 6.5 ], "texture": "#texture" },
				"up": { "uv": [ 1, 9.5, 2, 10.5 ], "texture": "#texture" },
				"north": { "uv": [ 14, 9, 15, 12 ], "texture": "#texture" },
				"south": { "uv": [ 1, 9, 2, 12 ], "texture": "#texture" },
				"west": { "uv": [ 9.5, 9, 10.5, 12 ], "texture": "#texture" },
				"east": { "uv": [ 5.5, 9, 6.5, 12 ], "texture": "#texture" }
			}
		},
		{
			"__comment": "Box15",
			"from": [ 14, 4, 7 ],
			"to": [ 15, 7, 8 ],
			"faces": {
				"down": { "uv": [ 14, 8, 15, 9 ], "texture": "#texture" },
				"up": { "uv": [ 14, 7, 15, 8 ], "texture": "#texture" },
				"north": { "uv": [ 1, 9, 2, 12 ], "texture": "#texture" },
				"south": { "uv": [ 14, 9, 15, 12 ], "texture": "#texture" },
				"west": { "uv": [ 7, 9, 8, 12 ], "texture": "#texture" },
				"east": { "uv": [ 8, 9, 9, 12 ], "texture": "#texture" }
			}
		},
		{
			"__comment": "Box15",
			"from": [ 1, 4, 7 ],
			"to": [ 2, 7, 8 ],
			"faces": {
				"down": { "uv": [ 1, 8, 2, 9 ], "texture": "#texture" },
				"up": { "uv": [ 1, 7, 2, 8 ], "texture": "#texture" },
				"north": { "uv": [ 14, 9, 15, 12 ], "texture": "#texture" },
				"south": { "uv": [ 1, 9, 2, 12 ], "texture": "#texture" },
				"west": { "uv": [ 7, 9, 8, 12 ], "texture": "#texture" },
				"east": { "uv": [ 8, 9, 9, 12 ], "texture": "#texture" }
			}
		},
		{
			"__comment": "Box14",
			"from": [ 1, 4, 9.5 ],
			"to": [ 2, 7, 10.5 ],
			"faces": {
				"down": { "uv": [ 1, 5.5, 2, 6.5 ], "texture": "#texture" },
				"up": { "uv": [ 1, 9.5, 2, 10.5 ], "texture": "#texture" },
				"north": { "uv": [ 14, 9, 15, 12 ], "texture": "#texture" },
				"south": { "uv": [ 1, 9, 2, 12 ], "texture": "#texture" },
				"west": { "uv": [ 9.5, 9, 10.5, 12 ], "texture": "#texture" },
				"east": { "uv": [ 5.5, 9, 6.5, 12 ], "texture": "#texture" }
			}
		},
		{
			"__comment": "Box13",
			"from": [ 1, 4, 4.5 ],
			"to": [ 2, 7, 5.5 ],
			"faces": {
				"down": { "uv": [ 1, 10.5, 2, 11.5 ], "texture": "#texture" },
				"up": { "uv": [ 1, 4.5, 2, 5.5 ], "texture": "#texture" },
				"north": { "uv": [ 14, 9, 15, 12 ], "texture": "#texture" },
				"south": { "uv": [ 1, 9, 2, 12 ], "texture": "#texture" },
				"west": { "uv": [ 4.5, 9, 5.5, 12 ], "texture": "#texture" },
				"east": { "uv": [ 10.5, 9, 11.5, 12 ], "texture": "#texture" }
			}
		}
	],
	"display": {
		"thirdperson_righthand": {
			"scale":  [ 2.7, 2, 2.7 ]
		},
		"gui": {
			"rotation":  [ 30, 225, 0 ],
			"scale":  [ 0.625, 0.625, 0.625 ]
		}
	}
}