{
	"__comment": "Designed by Tsunami67 with Cubik Studio - https://cubik.studio",
	"textures": {
		"particle": "blocks/e_particle",
		"texture": "tsunami67/pin_board"
	},
	"elements": [ 	 
		{
			"__comment": "Box1",
			"from": [ -1, 2.5, 6 ],
			"to": [ 17, 13, 8 ],
			"faces": {
				"down": { "uv": [ 0, 15, 16, 15.5 ], "texture": "#texture" },
				"up": { "uv": [ 0, 0, 16, 0.5 ], "texture": "#texture" },
				"north": { "uv": [ 0, 0, 16, 15.5 ], "texture": "#texture" },
				"south": { "uv": [ 0, 0, 16, 15.5 ], "texture": "#texture" },
				"west": { "uv": [ 0, 0, 0.5, 16 ], "texture": "#texture" },
				"east": { "uv": [ 15.5, 0, 16, 16 ], "texture": "#texture" }
			}
		}
	],
	"display": {
		"thirdperson_righthand": {
			"scale":  [ 1.8, 1.8, 1.8 ]
		},
		"gui": {
			"rotation":  [ 30, -42, 0 ],
			"scale":  [ 0.625, 0.625, 0.625 ]
		}
	}
}