{
	"__comment": "Designed by Tsunami67 with Cubik Studio - https://cubik.studio",
	"textures": {
		"particle": "blocks/e_particle",
		"texture": "blocks/stone_granite_smooth"
	},
	"elements": [ 	 
		{
			"__comment": "Box1",
			"from": [ 2, 7, 5 ],
			"to": [ 14, 8, 11 ],
			"faces": {
				"down": { "uv": [ 2, 5, 14, 11 ], "texture": "#texture" },
				"up": { "uv": [ 2, 5, 14, 11 ], "texture": "#texture" },
				"north": { "uv": [ 2, 8, 14, 9 ], "texture": "#texture" },
				"south": { "uv": [ 2, 8, 14, 9 ], "texture": "#texture" },
				"west": { "uv": [ 5, 8, 11, 9 ], "texture": "#texture" },
				"east": { "uv": [ 5, 8, 11, 9 ], "texture": "#texture" }
			}
		},
		{
			"__comment": "Box2",
			"from": [ 2, 10.5, 2.5 ],
			"to": [ 14, 13, 3.5 ],
			"faces": {
				"down": { "uv": [ 2, 12.5, 14, 13.5 ], "texture": "#texture" },
				"up": { "uv": [ 2, 2.5, 14, 3.5 ], "texture": "#texture" },
				"north": { "uv": [ 2, 3, 14, 5.5 ], "texture": "#texture" },
				"south": { "uv": [ 2, 3, 14, 5.5 ], "texture": "#texture" },
				"west": { "uv": [ 2.5, 3, 3.5, 5.5 ], "texture": "#texture" },
				"east": { "uv": [ 12.5, 3, 13.5, 5.5 ], "texture": "#texture" }
			}
		},
		{
			"__comment": "Box2",
			"from": [ 2, 8, 5 ],
			"to": [ 3, 10.5, 11 ],
			"faces": {
				"down": { "uv": [ 2, 5, 3, 11 ], "texture": "#texture" },
				"up": { "uv": [ 2, 5, 3, 11 ], "texture": "#texture" },
				"north": { "uv": [ 13, 5.5, 14, 8 ], "texture": "#texture" },
				"south": { "uv": [ 2, 5.5, 3, 8 ], "texture": "#texture" },
				"west": { "uv": [ 5, 5.5, 11, 8 ], "texture": "#texture" },
				"east": { "uv": [ 5, 5.5, 11, 8 ], "texture": "#texture" }
			}
		},
		{
			"__comment": "Box2",
			"from": [ 13, 8, 5 ],
			"to": [ 14, 10.5, 11 ],
			"faces": {
				"down": { "uv": [ 13, 5, 14, 11 ], "texture": "#texture" },
				"up": { "uv": [ 13, 5, 14, 11 ], "texture": "#texture" },
				"north": { "uv": [ 2, 5.5, 3, 8 ], "texture": "#texture" },
				"south": { "uv": [ 13, 5.5, 14, 8 ], "texture": "#texture" },
				"west": { "uv": [ 5, 5.5, 11, 8 ], "texture": "#texture" },
				"east": { "uv": [ 5, 5.5, 11, 8 ], "texture": "#texture" }
			}
		},
		{
			"__comment": "Box2",
			"from": [ 2, 7, 2.5 ],
			"to": [ 14, 10.5, 5 ],
			"faces": {
				"down": { "uv": [ 2, 11, 14, 13.5 ], "texture": "#texture" },
				"up": { "uv": [ 2, 2.5, 14, 5 ], "texture": "#texture" },
				"north": { "uv": [ 2, 5.5, 14, 9 ], "texture": "#texture" },
				"south": { "uv": [ 2, 5.5, 14, 9 ], "texture": "#texture" },
				"west": { "uv": [ 2.5, 5.5, 5, 9 ], "texture": "#texture" },
				"east": { "uv": [ 11, 5.5, 13.5, 9 ], "texture": "#texture" }
			}
		},
		{
			"__comment": "Box2",
			"from": [ 3, 8, 10 ],
			"to": [ 13, 10.5, 11 ],
			"faces": {
				"down": { "uv": [ 3, 5, 13, 6 ], "texture": "#texture" },
				"up": { "uv": [ 3, 10, 13, 11 ], "texture": "#texture" },
				"north": { "uv": [ 3, 5.5, 13, 8 ], "texture": "#texture" },
				"south": { "uv": [ 3, 5.5, 13, 8 ], "texture": "#texture" },
				"west": { "uv": [ 10, 5.5, 11, 8 ], "texture": "#texture" },
				"east": { "uv": [ 5, 5.5, 6, 8 ], "texture": "#texture" }
			}
		},
		{
			"__comment": "Box7",
			"from": [ 5, 10.5, 4 ],
			"to": [ 6, 11.5, 5 ],
			"faces": {
				"down": { "uv": [ 5, 11, 6, 12 ], "texture": "#texture" },
				"up": { "uv": [ 5, 4, 6, 5 ], "texture": "#texture" },
				"north": { "uv": [ 10, 4.5, 11, 5.5 ], "texture": "#texture" },
				"south": { "uv": [ 5, 4.5, 6, 5.5 ], "texture": "#texture" },
				"west": { "uv": [ 4, 4.5, 5, 5.5 ], "texture": "#texture" },
				"east": { "uv": [ 11, 4.5, 12, 5.5 ], "texture": "#texture" }
			}
		},
		{
			"__comment": "Box8",
			"from": [ 10, 10.5, 4 ],
			"to": [ 11, 11.5, 5 ],
			"faces": {
				"down": { "uv": [ 10, 11, 11, 12 ], "texture": "#texture" },
				"up": { "uv": [ 10, 4, 11, 5 ], "texture": "#texture" },
				"north": { "uv": [ 5, 4.5, 6, 5.5 ], "texture": "#texture" },
				"south": { "uv": [ 10, 4.5, 11, 5.5 ], "texture": "#texture" },
				"west": { "uv": [ 4, 4.5, 5, 5.5 ], "texture": "#texture" },
				"east": { "uv": [ 11, 4.5, 12, 5.5 ], "texture": "#texture" }
			}
		}
	],
	"display": {
		"thirdperson_righthand": {
			"scale":  [ 1.7, 1.5, 1.7 ]
		},
		"gui": {
			"rotation":  [ 30, -38, 0 ],
			"scale":  [ 0.625, 0.625, 0.625 ]
		}
	}
}