{
	"__comment": "Designed by Tsunami67 with Cubik Studio - https://cubik.studio",
	"textures": {
		"particle": "krasue/cheveux",
		"texture": "blocks/planks_big_oak"
	},
	"elements": [ 	 
		{
			"__comment": "Box1",
			"from": [ 7, 6.5, 7 ],
			"to": [ 8, 16, 8 ],
			"faces": {
				"down": { "uv": [ 7, 8, 8, 9 ], "texture": "#texture" },
				"up": { "uv": [ 3, 0.5, 15, 10 ], "texture": "#texture" },
				"north": { "uv": [ 2, 0, 16, 16 ], "texture": "#texture" },
				"south": { "uv": [ 2.5, 0, 16, 16 ], "texture": "#texture" },
				"west": { "uv": [ 7, 0, 16, 16 ], "texture": "#texture" },
				"east": { "uv": [ 8, 0, 16, 16 ], "texture": "#texture" }
			}
		},
		{
			"__comment": "Box2",
			"from": [ 4.5, 5, 7 ],
			"to": [ 10.5, 6.5, 8 ],
			"faces": {
				"down": { "uv": [ 4.5, 8, 10.5, 9 ], "texture": "#texture" },
				"up": { "uv": [ 4.5, 7, 16, 15.5 ], "texture": "#texture" },
				"north": { "uv": [ 0.5, 5, 16, 16 ], "texture": "#texture" },
				"south": { "uv": [ 1, 5, 16, 16 ], "texture": "#texture" },
				"west": { "uv": [ 7, 9.5, 16, 16 ], "texture": "#texture" },
				"east": { "uv": [ 8, 9.5, 16, 16 ], "texture": "#texture" }
			}
		},
		{
			"__comment": "Box2",
			"from": [ 4.5, 2, 7 ],
			"to": [ 10.5, 5, 8 ],
			"faces": {
				"down": { "uv": [ 0, 7, 16, 9 ], "texture": "#particle" },
				"up": { "uv": [ 4.5, 7, 10.5, 8 ], "texture": "#particle" },
				"north": { "uv": [ 0, 0, 16, 16 ], "texture": "#particle" },
				"south": { "uv": [ 0, 0, 16, 16 ], "texture": "#particle" },
				"west": { "uv": [ 7.5, 0, 9.5, 16 ], "texture": "#particle" },
				"east": { "uv": [ 7.5, 0, 10, 16 ], "texture": "#particle" }
			}
		}
	],
	"display": {
		"thirdperson_righthand": {
			"rotation":  [ -13, 0, 0 ],
			"scale":  [ 1.5, 2.2, 1.3 ]
		},
		"gui": {
			"rotation":  [ 30, -38, 0 ],
			"scale":  [ 0.8, 1, 0.8 ]
		}
	}
}