{
	"__comment": "Designed by Tsunami67 with Cubik Studio - https://cubik.studio",
	"textures": {
		"particle": "blocks/stone_andesite",
		"texture": "blocks/planks_acacia",
		"texture1": "blocks/wool_colored_red"
	},
	"elements": [ 	 
		{
			"__comment": "Box1",
			"from": [ 12, 0, 6 ],
			"to": [ 12.5, 4, 11 ],
			"faces": {
				"down": { "uv": [ 12, 5, 12.5, 10 ], "texture": "#texture" },
				"up": { "uv": [ 12, 6, 12.5, 11 ], "texture": "#texture" },
				"north": { "uv": [ 3.5, 12, 4, 16 ], "texture": "#texture" },
				"south": { "uv": [ 12, 12, 12.5, 16 ], "texture": "#texture" },
				"west": { "uv": [ 0, 0, 16, 16 ], "texture": "#texture" },
				"east": { "uv": [ 0, 0, 16, 16 ], "texture": "#texture" }
			}
		},
		{
			"__comment": "Box1",
			"from": [ 3.5, 0, 6 ],
			"to": [ 4, 4, 11 ],
			"faces": {
				"down": { "uv": [ 3.5, 5, 4, 10 ], "texture": "#texture" },
				"up": { "uv": [ 3.5, 6, 4, 11 ], "texture": "#texture" },
				"north": { "uv": [ 12, 12, 12.5, 16 ], "texture": "#texture" },
				"south": { "uv": [ 3.5, 12, 4, 16 ], "texture": "#texture" },
				"west": { "uv": [ 0, 0, 16, 16 ], "texture": "#texture" },
				"east": { "uv": [ 0, 0, 16, 16 ], "texture": "#texture" }
			}
		},
		{
			"__comment": "Box3",
			"from": [ 4, 2, 8 ],
			"to": [ 12, 4, 8.5 ],
			"faces": {
				"down": { "uv": [ 4, 7.5, 12, 8 ], "texture": "#texture" },
				"up": { "uv": [ 4, 8, 12, 8.5 ], "texture": "#texture" },
				"north": { "uv": [ 4, 12, 12, 14 ], "texture": "#texture" },
				"south": { "uv": [ 4, 12, 12, 14 ], "texture": "#texture" },
				"west": { "uv": [ 8, 12, 8.5, 14 ], "texture": "#texture" },
				"east": { "uv": [ 7.5, 12, 8, 14 ], "texture": "#texture" }
			}
		},
		{
			"__comment": "Box4",
			"from": [ 2.5, 4, 5 ],
			"to": [ 13.5, 4.5, 12 ],
			"faces": {
				"down": { "uv": [ 2.5, 4, 13.5, 11 ], "texture": "#texture" },
				"up": { "uv": [ 0, 0, 16, 16 ], "texture": "#texture" },
				"north": { "uv": [ 2.5, 11.5, 13.5, 12 ], "texture": "#texture" },
				"south": { "uv": [ 2.5, 11.5, 13.5, 12 ], "texture": "#texture" },
				"west": { "uv": [ 5, 11.5, 12, 12 ], "texture": "#texture" },
				"east": { "uv": [ 4, 11.5, 11, 12 ], "texture": "#texture" }
			}
		},
		{
			"__comment": "Box5",
			"from": [ 7.5, 4.5, 6 ],
			"to": [ 10, 5.5, 9.5 ],
			"rotation": { "origin": [ 7.5, 4.5, 9.5 ], "axis": "y", "angle": -22.5 },
			"faces": {
				"down": { "uv": [ 6.5, 7, 10, 9.5 ], "texture": "#texture", "rotation": 90 },
				"up": { "uv": [ 0, 0, 16, 16 ], "texture": "#texture1", "rotation": 270 },
				"north": { "uv": [ 0, 4, 16, 8 ], "texture": "#particle" },
				"south": { "uv": [ 0, 4.5, 16, 7 ], "texture": "#particle" },
				"west": { "uv": [ 0, 0, 16, 16 ], "texture": "#texture1" },
				"east": { "uv": [ 0, 4.5, 16, 7.5 ], "texture": "#particle" }
			}
		}
	],
	"display": {
		"thirdperson_righthand": {
			"scale":  [ 4.5, 3, 4.5 ]
		},
		"gui": {
			"rotation":  [ 30, -34, 0 ],
			"translation":  [ 0, 4.1739, 0 ]
		}
	}
}