{
"__comment": "Designed by Tsunami67 with BDcraft Cubik PRO 0.96 Beta - http://bdcraft.net",
"textures": {
    "particle": "blocks/cauldron_inner",
    "texture": "blocks/wool_colored_red"
},
"elements": [ 
{
    "from": [ 1, 0, 5 ],
    "to": [ 2, 1, 6 ],
    "faces": {
        "down":  { "uv": [ 15, 6, 14, 5 ], "texture": "#particle" },
        "up":    { "uv": [ 1, 5, 2, 6 ], "texture": "#particle" },
        "north": { "uv": [ 14, 15, 15, 16 ], "texture": "#particle" },
        "south": { "uv": [ 1, 15, 2, 16 ], "texture": "#particle" },
        "west":  { "uv": [ 5, 15, 6, 16 ], "texture": "#particle" },
        "east":  { "uv": [ 10, 15, 11, 16 ], "texture": "#particle" }
    }
},
{
    "from": [ 14, 0, 5 ],
    "to": [ 15, 1, 6 ],
    "faces": {
        "down":  { "uv": [ 2, 6, 1, 5 ], "texture": "#particle" },
        "up":    { "uv": [ 14, 5, 15, 6 ], "texture": "#particle" },
        "north": { "uv": [ 1, 15, 2, 16 ], "texture": "#particle" },
        "south": { "uv": [ 14, 15, 15, 16 ], "texture": "#particle" },
        "west":  { "uv": [ 5, 15, 6, 16 ], "texture": "#particle" },
        "east":  { "uv": [ 10, 15, 11, 16 ], "texture": "#particle" }
    }
},
{
    "from": [ 1, 0, 11 ],
    "to": [ 2, 1, 12 ],
    "faces": {
        "down":  { "uv": [ 15, 12, 14, 11 ], "texture": "#particle" },
        "up":    { "uv": [ 1, 11, 2, 12 ], "texture": "#particle" },
        "north": { "uv": [ 14, 15, 15, 16 ], "texture": "#particle" },
        "south": { "uv": [ 1, 15, 2, 16 ], "texture": "#particle" },
        "west":  { "uv": [ 11, 15, 12, 16 ], "texture": "#particle" },
        "east":  { "uv": [ 4, 15, 5, 16 ], "texture": "#particle" }
    }
},
{
    "from": [ 14, 0, 11 ],
    "to": [ 15, 1, 12 ],
    "faces": {
        "down":  { "uv": [ 2, 12, 1, 11 ], "texture": "#particle" },
        "up":    { "uv": [ 14, 11, 15, 12 ], "texture": "#particle" },
        "north": { "uv": [ 1, 15, 2, 16 ], "texture": "#particle" },
        "south": { "uv": [ 14, 15, 15, 16 ], "texture": "#particle" },
        "west":  { "uv": [ 11, 15, 12, 16 ], "texture": "#particle" },
        "east":  { "uv": [ 4, 15, 5, 16 ], "texture": "#particle" }
    }
},
{
    "from": [ 0.5, 1, 4.5 ],
    "to": [ 15.5, 3, 12.5 ],
    "faces": {
        "down":  { "uv": [ 15.5, 12.5, 0.5, 4.5 ], "texture": "#texture" },
        "up":    { "uv": [ 0.5, 4.5, 15.5, 12.5 ], "texture": "#texture" },
        "north": { "uv": [ 0.5, 13, 15.5, 15 ], "texture": "#texture" },
        "south": { "uv": [ 0.5, 13, 15.5, 15 ], "texture": "#texture" },
        "west":  { "uv": [ 4.5, 13, 12.5, 15 ], "texture": "#texture" },
        "east":  { "uv": [ 3.5, 13, 11.5, 15 ], "texture": "#texture" }
    }
},
{
    "from": [ 14.5, 3, 4.5 ],
    "to": [ 15.5, 5.5, 12.5 ],
    "faces": {
        "down":  { "uv": [ 1.5, 12.5, 0.5, 4.5 ], "texture": "#texture" },
        "up":    { "uv": [ 14.5, 4.5, 15.5, 12.5 ], "texture": "#texture" },
        "north": { "uv": [ 0.5, 10.5, 1.5, 13 ], "texture": "#texture" },
        "south": { "uv": [ 14.5, 10.5, 15.5, 13 ], "texture": "#texture" },
        "west":  { "uv": [ 4.5, 10.5, 12.5, 13 ], "texture": "#texture" },
        "east":  { "uv": [ 3.5, 10.5, 11.5, 13 ], "texture": "#texture" }
    }
},
{
    "from": [ 0.5, 3, 4.5 ],
    "to": [ 1.5, 5.5, 12.5 ],
    "faces": {
        "down":  { "uv": [ 15.5, 12.5, 14.5, 4.5 ], "texture": "#texture" },
        "up":    { "uv": [ 0.5, 4.5, 1.5, 12.5 ], "texture": "#texture" },
        "north": { "uv": [ 14.5, 10.5, 15.5, 13 ], "texture": "#texture" },
        "south": { "uv": [ 0.5, 10.5, 1.5, 13 ], "texture": "#texture" },
        "west":  { "uv": [ 4.5, 10.5, 12.5, 13 ], "texture": "#texture" },
        "east":  { "uv": [ 3.5, 10.5, 11.5, 13 ], "texture": "#texture" }
    }
},
{
    "from": [ 0.5, 1, 3.5 ],
    "to": [ 15.5, 7.5, 4.5 ],
    "faces": {
        "down":  { "uv": [ 15.5, 4.5, 0.5, 3.5 ], "texture": "#texture" },
        "up":    { "uv": [ 0.5, 3.5, 15.5, 4.5 ], "texture": "#texture" },
        "north": { "uv": [ 0.5, 8.5, 15.5, 15 ], "texture": "#texture" },
        "south": { "uv": [ 0.5, 8.5, 15.5, 15 ], "texture": "#texture" },
        "west":  { "uv": [ 3.5, 8.5, 4.5, 15 ], "texture": "#texture" },
        "east":  { "uv": [ 11.5, 8.5, 12.5, 15 ], "texture": "#texture" }
    }
},
{
    "from": [ 10.5, 3, 5 ],
    "to": [ 14.5, 4, 12 ],
    "faces": {
        "down":  { "uv": [ 5.5, 12, 1.5, 5 ], "texture": "#texture" },
        "up":    { "uv": [ 10.5, 5, 14.5, 12 ], "texture": "#texture" },
        "north": { "uv": [ 1.5, 12, 5.5, 13 ], "texture": "#texture" },
        "south": { "uv": [ 10.5, 12, 14.5, 13 ], "texture": "#texture" },
        "west":  { "uv": [ 5, 12, 12, 13 ], "texture": "#texture" },
        "east":  { "uv": [ 4, 12, 11, 13 ], "texture": "#texture" }
    }
},
{
    "from": [ 6, 3, 5 ],
    "to": [ 10, 4, 12 ],
    "faces": {
        "down":  { "uv": [ 10, 12, 6, 5 ], "texture": "#texture" },
        "up":    { "uv": [ 6, 5, 10, 12 ], "texture": "#texture" },
        "north": { "uv": [ 6, 12, 10, 13 ], "texture": "#texture" },
        "south": { "uv": [ 6, 12, 10, 13 ], "texture": "#texture" },
        "west":  { "uv": [ 5, 12, 12, 13 ], "texture": "#texture" },
        "east":  { "uv": [ 4, 12, 11, 13 ], "texture": "#texture" }
    }
},
{
    "from": [ 1.5, 3, 5 ],
    "to": [ 5.5, 4, 12 ],
    "faces": {
        "down":  { "uv": [ 14.5, 12, 10.5, 5 ], "texture": "#texture" },
        "up":    { "uv": [ 1.5, 5, 5.5, 12 ], "texture": "#texture" },
        "north": { "uv": [ 10.5, 12, 14.5, 13 ], "texture": "#texture" },
        "south": { "uv": [ 1.5, 12, 5.5, 13 ], "texture": "#texture" },
        "west":  { "uv": [ 5, 12, 12, 13 ], "texture": "#texture" },
        "east":  { "uv": [ 4, 12, 11, 13 ], "texture": "#texture" }
    }
}
],
"display": {
    "thirdperson_righthand": {
        "rotation": [ 0, 0, 0 ],
        "translation": [ 0, 0, 0 ],
        "scale": [ 4.5, 3.5, 3.5 ]
    },
    "gui": {
        "rotation": [ 30, 34, 0 ],
        "translation": [ 0, 1.89, 0 ],
        "scale": [ 0.7, 0.7, 0.7 ]
    }
}
}