{
	"__comment": "Designed by Tsunami67 with Cubik Studio - https://cubik.studio",
	"textures": {
		"particle": "blocks/e_particle",
		"texture": "blocks/stone_granite_smooth"
	},
	"elements": [ 	 
		{
			"__comment": "Box1",
			"from": [ 6, 0, 5 ],
			"to": [ 12, 10.5, 9.5 ],
			"faces": {
				"down": { "uv": [ 6, 6.5, 12, 11 ], "texture": "#texture" },
				"up": { "uv": [ 6, 5, 12, 9.5 ], "texture": "#texture" },
				"north": { "uv": [ 4, 5.5, 10, 16 ], "texture": "#texture" },
				"south": { "uv": [ 6, 5.5, 12, 16 ], "texture": "#texture" },
				"west": { "uv": [ 5, 5.5, 9.5, 16 ], "texture": "#texture" },
				"east": { "uv": [ 6.5, 5.5, 11, 16 ], "texture": "#texture" }
			}
		},
		{
			"__comment": "Box2",
			"from": [ 8.5, 10.5, 7 ],
			"to": [ 9.5, 14, 8 ],
			"faces": {
				"down": { "uv": [ 8.5, 8, 9.5, 9 ], "texture": "#texture" },
				"up": { "uv": [ 8.5, 7, 9.5, 8 ], "texture": "#texture" },
				"north": { "uv": [ 6.5, 2, 7.5, 5.5 ], "texture": "#texture" },
				"south": { "uv": [ 8.5, 2, 9.5, 5.5 ], "texture": "#texture" },
				"west": { "uv": [ 7, 2, 8, 5.5 ], "texture": "#texture" },
				"east": { "uv": [ 8, 2, 9, 5.5 ], "texture": "#texture" }
			}
		},
		{
			"__comment": "Box3",
			"from": [ 2.5, 13, 7 ],
			"to": [ 8.5, 14, 8 ],
			"faces": {
				"down": { "uv": [ 2.5, 8, 8.5, 9 ], "texture": "#texture" },
				"up": { "uv": [ 2.5, 7, 8.5, 8 ], "texture": "#texture" },
				"north": { "uv": [ 7.5, 2, 13.5, 3 ], "texture": "#texture" },
				"south": { "uv": [ 2.5, 2, 8.5, 3 ], "texture": "#texture" },
				"west": { "uv": [ 7, 2, 8, 3 ], "texture": "#texture" },
				"east": { "uv": [ 8, 2, 9, 3 ], "texture": "#texture" }
			}
		}
	],
	"display": {
		"thirdperson_righthand": {
			"scale":  [ 2, 2, 2 ]
		},
		"gui": {
			"rotation":  [ 30, 225, 0 ],
			"scale":  [ 0.625, 0.625, 0.625 ]
		}
	}
}