{
	"__comment": "Designed by Tsunami67 with Cubik Studio - https://cubik.studio",
	"textures": {
		"particle": "tsunami67/pot2",
		"texture": "blocks/hardened_clay_stained_black",
		"texture1": "blocks/coal_block"
	},
	"elements": [ 	 
		{
			"__comment": "Box1",
			"from": [ 4, 5, 4 ],
			"to": [ 12, 6, 12 ],
			"faces": {
				"down": { "uv": [ 0, 0, 16, 16 ], "texture": "#texture" },
				"up": { "uv": [ 0, 0, 16, 16 ], "texture": "#texture" },
				"north": { "uv": [ 0, 10, 16, 11 ], "texture": "#texture" },
				"south": { "uv": [ 0, 10, 16, 11 ], "texture": "#texture" },
				"west": { "uv": [ 4, 10, 12, 11 ], "texture": "#texture" },
				"east": { "uv": [ 4, 10, 12, 11 ], "texture": "#texture" }
			}
		},
		{
			"__comment": "Box2",
			"from": [ 3, 1, 4 ],
			"to": [ 4, 5, 12 ],
			"faces": {
				"down": { "uv": [ 3, 4, 4, 12 ], "texture": "#particle" },
				"up": { "uv": [ 0, 0, 16, 1 ], "texture": "#particle" },
				"north": { "uv": [ 0, 0, 16, 16 ], "texture": "#particle" },
				"south": { "uv": [ 0, 0, 16, 16 ], "texture": "#particle" },
				"west": { "uv": [ 0, 0, 16, 16 ], "texture": "#particle" },
				"east": { "uv": [ 0, 0, 16, 16 ], "texture": "#particle" }
			}
		},
		{
			"__comment": "Box3",
			"from": [ 4, 1, 3 ],
			"to": [ 12, 5, 4 ],
			"faces": {
				"down": { "uv": [ 4, 12, 12, 13 ], "texture": "#particle" },
				"up": { "uv": [ 0, 0, 16, 1 ], "texture": "#particle" },
				"north": { "uv": [ 0, 0, 16, 16 ], "texture": "#particle" },
				"south": { "uv": [ 0, 0, 16, 16 ], "texture": "#particle" },
				"west": { "uv": [ 0, 0, 16, 16 ], "texture": "#particle" },
				"east": { "uv": [ 0, 0, 16, 16 ], "texture": "#particle" }
			}
		},
		{
			"__comment": "Box4",
			"from": [ 12, 1, 4 ],
			"to": [ 13, 5, 12 ],
			"faces": {
				"down": { "uv": [ 12, 4, 13, 12 ], "texture": "#particle" },
				"up": { "uv": [ 0, 0, 16, 1 ], "texture": "#particle" },
				"north": { "uv": [ 0, 0, 16, 16 ], "texture": "#particle" },
				"south": { "uv": [ 0, 0, 16, 16 ], "texture": "#particle" },
				"west": { "uv": [ 0, 0, 16, 16 ], "texture": "#particle" },
				"east": { "uv": [ 0, 0, 16, 16 ], "texture": "#particle" }
			}
		},
		{
			"__comment": "Box5",
			"from": [ 4, 1, 12 ],
			"to": [ 12, 5, 13 ],
			"faces": {
				"down": { "uv": [ 4, 3, 12, 4 ], "texture": "#particle" },
				"up": { "uv": [ 0, 0, 16, 1 ], "texture": "#particle" },
				"north": { "uv": [ 0, 0, 16, 16 ], "texture": "#particle" },
				"south": { "uv": [ 0, 0, 16, 16 ], "texture": "#particle" },
				"west": { "uv": [ 0, 0, 16, 16 ], "texture": "#particle" },
				"east": { "uv": [ 0, 0, 16, 16 ], "texture": "#particle" }
			}
		},
		{
			"__comment": "Box1",
			"from": [ 4, 0, 4 ],
			"to": [ 12, 1, 12 ],
			"faces": {
				"down": { "uv": [ 4, 4, 12, 12 ], "texture": "#texture" },
				"up": { "uv": [ 4, 4, 12, 12 ], "texture": "#texture" },
				"north": { "uv": [ 4, 15, 12, 16 ], "texture": "#texture" },
				"south": { "uv": [ 4, 15, 12, 16 ], "texture": "#texture" },
				"west": { "uv": [ 4, 15, 12, 16 ], "texture": "#texture" },
				"east": { "uv": [ 4, 15, 12, 16 ], "texture": "#texture" }
			}
		},
		{
			"__comment": "Box7",
			"from": [ 5, 6, 5 ],
			"to": [ 11, 7, 11 ],
			"faces": {
				"down": { "uv": [ 5, 5, 11, 11 ], "texture": "#texture" },
				"up": { "uv": [ 5, 5, 11, 11 ], "texture": "#texture" },
				"north": { "uv": [ 5, 9, 11, 10 ], "texture": "#texture" },
				"south": { "uv": [ 5, 9, 11, 10 ], "texture": "#texture" },
				"west": { "uv": [ 5, 9, 11, 10 ], "texture": "#texture" },
				"east": { "uv": [ 5, 9, 11, 10 ], "texture": "#texture" }
			}
		},
		{
			"__comment": "Box8",
			"from": [ 5.5, 7, 5.5 ],
			"to": [ 10.5, 10, 10.5 ],
			"faces": {
				"down": { "uv": [ 5.5, 5.5, 10.5, 10.5 ], "texture": "#texture" },
				"up": { "uv": [ 5.5, 5.5, 10.5, 10.5 ], "texture": "#texture1" },
				"north": { "uv": [ 5.5, 6, 10.5, 9 ], "texture": "#texture" },
				"south": { "uv": [ 5.5, 6, 10.5, 9 ], "texture": "#texture" },
				"west": { "uv": [ 5.5, 6, 10.5, 9 ], "texture": "#texture" },
				"east": { "uv": [ 5.5, 6, 10.5, 9 ], "texture": "#texture" }
			}
		},
		{
			"__comment": "Box9",
			"from": [ 4.5, 10, 5.5 ],
			"to": [ 5.5, 11, 10.5 ],
			"faces": {
				"down": { "uv": [ 4.5, 5.5, 5.5, 10.5 ], "texture": "#texture" },
				"up": { "uv": [ 4.5, 5.5, 5.5, 10.5 ], "texture": "#texture" },
				"north": { "uv": [ 10.5, 5, 11.5, 6 ], "texture": "#texture" },
				"south": { "uv": [ 4.5, 5, 5.5, 6 ], "texture": "#texture" },
				"west": { "uv": [ 5.5, 5, 10.5, 6 ], "texture": "#texture" },
				"east": { "uv": [ 5.5, 5, 10.5, 6 ], "texture": "#texture" }
			}
		},
		{
			"__comment": "Box10",
			"from": [ 5.5, 10, 10.5 ],
			"to": [ 10.5, 11, 11.5 ],
			"faces": {
				"down": { "uv": [ 5.5, 4.5, 10.5, 5.5 ], "texture": "#texture" },
				"up": { "uv": [ 5.5, 10.5, 10.5, 11.5 ], "texture": "#texture" },
				"north": { "uv": [ 5.5, 5, 10.5, 6 ], "texture": "#texture" },
				"south": { "uv": [ 5.5, 5, 10.5, 6 ], "texture": "#texture" },
				"west": { "uv": [ 10.5, 5, 11.5, 6 ], "texture": "#texture" },
				"east": { "uv": [ 4.5, 5, 5.5, 6 ], "texture": "#texture" }
			}
		},
		{
			"__comment": "Box11",
			"from": [ 10.5, 10, 5.5 ],
			"to": [ 11.5, 11, 10.5 ],
			"faces": {
				"down": { "uv": [ 10.5, 5.5, 11.5, 10.5 ], "texture": "#texture" },
				"up": { "uv": [ 10.5, 5.5, 11.5, 10.5 ], "texture": "#texture" },
				"north": { "uv": [ 4.5, 5, 5.5, 6 ], "texture": "#texture" },
				"south": { "uv": [ 10.5, 5, 11.5, 6 ], "texture": "#texture" },
				"west": { "uv": [ 5.5, 5, 10.5, 6 ], "texture": "#texture" },
				"east": { "uv": [ 5.5, 5, 10.5, 6 ], "texture": "#texture" }
			}
		},
		{
			"__comment": "Box10",
			"from": [ 5.5, 10, 4.5 ],
			"to": [ 10.5, 11, 5.5 ],
			"faces": {
				"down": { "uv": [ 5.5, 10.5, 10.5, 11.5 ], "texture": "#texture" },
				"up": { "uv": [ 5.5, 4.5, 10.5, 5.5 ], "texture": "#texture" },
				"north": { "uv": [ 5.5, 5, 10.5, 6 ], "texture": "#texture" },
				"south": { "uv": [ 5.5, 5, 10.5, 6 ], "texture": "#texture" },
				"west": { "uv": [ 4.5, 5, 5.5, 6 ], "texture": "#texture" },
				"east": { "uv": [ 10.5, 5, 11.5, 6 ], "texture": "#texture" }
			}
		}
	],
	"display": {
		"thirdperson_righthand": {
			"scale":  [ 0.6, 0.6, 0.6 ]
		},
		"gui": {
			"rotation":  [ 30, 225, 0 ],
			"scale":  [ 0.625, 0.625, 0.625 ]
		}
	}
}