{
	"__comment": "Designed by Tsunami67 with Cubik Studio - https://cubik.studio",
	"textures": {
		"particle": "blocks/e_particle",
		"texture": "blocks/sponge"
	},
	"elements": [ 	 
		{
			"__comment": "Box1",
			"from": [ 1, 0, 3 ],
			"to": [ 15, 16, 11 ],
			"faces": {
				"down": { "uv": [ 1, 5, 15, 13 ], "texture": "#texture" },
				"up": { "uv": [ 1, 3, 15, 11 ], "texture": "#texture" },
				"north": { "uv": [ 1, 0, 15, 16 ], "texture": "#texture" },
				"south": { "uv": [ 1, 0, 15, 16 ], "texture": "#texture" },
				"west": { "uv": [ 3, 0, 11, 16 ], "texture": "#texture" },
				"east": { "uv": [ 5, 0, 13, 16 ], "texture": "#texture" }
			}
		},
		{
			"__comment": "Box2",
			"from": [ 1.5, 6.5, 11 ],
			"to": [ 14.5, 15.5, 11.5 ],
			"faces": {
				"down": { "uv": [ 1.5, 4.5, 14.5, 5 ], "texture": "#texture" },
				"up": { "uv": [ 1.5, 11, 14.5, 11.5 ], "texture": "#texture" },
				"north": { "uv": [ 1.5, 0.5, 14.5, 9.5 ], "texture": "#texture" },
				"south": { "uv": [ 5.5, 0.5, 10, 15 ], "texture": "#texture" },
				"west": { "uv": [ 11, 0.5, 11.5, 9.5 ], "texture": "#texture" },
				"east": { "uv": [ 4.5, 0.5, 5, 9.5 ], "texture": "#texture" }
			}
		},
		{
			"__comment": "Box3",
			"from": [ 1.5, 0.5, 11 ],
			"to": [ 14.5, 6, 11.5 ],
			"faces": {
				"down": { "uv": [ 1.5, 4.5, 14.5, 5 ], "texture": "#texture" },
				"up": { "uv": [ 1.5, 11, 14.5, 11.5 ], "texture": "#texture" },
				"north": { "uv": [ 1.5, 10, 14.5, 15.5 ], "texture": "#texture" },
				"south": { "uv": [ 5, 0, 10, 13 ], "texture": "#texture" },
				"west": { "uv": [ 11, 10, 11.5, 15.5 ], "texture": "#texture" },
				"east": { "uv": [ 4.5, 10, 5, 15.5 ], "texture": "#texture" }
			}
		},
		{
			"__comment": "Box4",
			"from": [ 12, 7.5, 11.5 ],
			"to": [ 12.5, 10.5, 12 ],
			"faces": {
				"down": { "uv": [ 12, 4, 12.5, 4.5 ], "texture": "#texture" },
				"up": { "uv": [ 12, 11.5, 12.5, 12 ], "texture": "#texture" },
				"north": { "uv": [ 3.5, 5.5, 4, 8.5 ], "texture": "#texture" },
				"south": { "uv": [ 12, 5.5, 12.5, 8.5 ], "texture": "#texture" },
				"west": { "uv": [ 11.5, 5.5, 12, 8.5 ], "texture": "#texture" },
				"east": { "uv": [ 4, 5.5, 4.5, 8.5 ], "texture": "#texture" }
			}
		},
		{
			"__comment": "Box5",
			"from": [ 12, 2, 11.5 ],
			"to": [ 12.5, 5, 12 ],
			"faces": {
				"down": { "uv": [ 12, 4, 12.5, 4.5 ], "texture": "#texture" },
				"up": { "uv": [ 12, 11.5, 12.5, 12 ], "texture": "#texture" },
				"north": { "uv": [ 3.5, 11, 4, 14 ], "texture": "#texture" },
				"south": { "uv": [ 12, 11, 12.5, 14 ], "texture": "#texture" },
				"west": { "uv": [ 11.5, 11, 12, 14 ], "texture": "#texture" },
				"east": { "uv": [ 4, 11, 4.5, 14 ], "texture": "#texture" }
			}
		}
	],
	"display": {
		"thirdperson_righthand": {
			"scale":  [ 1.5, 2, 1.5 ]
		},
		"gui": {
			"rotation":  [ 30, -45, 0 ],
			"scale":  [ 0.625, 0.625, 0.625 ]
		}
	}
}