{
	"__comment": "Designed by Tsunami67 with Cubik Studio - https://cubik.studio",
	"textures": {
		"plateaux": "tsunami67/four_plateaux",
		"devant": "tsunami67/four_devant",
		"texturefour": "tsunami67/four_texture"
	},
	"elements": [ 	 
		{
			"__comment": "Box1",
			"from": [ 2, 0, 2 ],
			"to": [ 14, 12, 14 ],
			"faces": {
				"down": { "uv": [ 0, 0, 16, 16 ], "texture": "#texturefour" },
				"up": { "uv": [ 0, 0, 16, 16 ], "texture": "#texturefour" },
				"north": { "uv": [ 0, 0, 16, 16 ], "texture": "#texturefour" },
				"south": { "uv": [ 0, 0, 16, 16 ], "texture": "#devant" },
				"west": { "uv": [ 0, 0, 16, 16 ], "texture": "#texturefour" },
				"east": { "uv": [ 0, 0, 16, 16 ], "texture": "#texturefour" }
			}
		},
		{
			"__comment": "Box2",
			"from": [ 2, 10, 15 ],
			"to": [ 14, 11, 16 ],
			"faces": {
				"down": { "uv": [ 2, 0, 14, 1 ], "texture": "#texturefour" },
				"up": { "uv": [ 2, 15, 14, 16 ], "texture": "#texturefour" },
				"north": { "uv": [ 2, 5, 14, 6 ], "texture": "#texturefour" },
				"south": { "uv": [ 2, 5, 14, 6 ], "texture": "#texturefour" },
				"west": { "uv": [ 15, 5, 16, 6 ], "texture": "#texturefour" },
				"east": { "uv": [ 0, 5, 1, 6 ], "texture": "#texturefour" }
			}
		},
		{
			"__comment": "Box3",
			"from": [ 11.5, 10, 14 ],
			"to": [ 12.5, 11, 15 ],
			"faces": {
				"down": { "uv": [ 11.5, 1, 12.5, 2 ], "texture": "#texturefour" },
				"up": { "uv": [ 11.5, 14, 12.5, 15 ], "texture": "#texturefour" },
				"north": { "uv": [ 3.5, 5, 4.5, 6 ], "texture": "#texturefour" },
				"south": { "uv": [ 11.5, 5, 12.5, 6 ], "texture": "#texturefour" },
				"west": { "uv": [ 14, 5, 15, 6 ], "texture": "#texturefour" },
				"east": { "uv": [ 1, 5, 2, 6 ], "texture": "#texturefour" }
			}
		},
		{
			"__comment": "Box3",
			"from": [ 3.5, 10, 14 ],
			"to": [ 4.5, 11, 15 ],
			"faces": {
				"down": { "uv": [ 3.5, 1, 4.5, 2 ], "texture": "#texturefour" },
				"up": { "uv": [ 3.5, 14, 4.5, 15 ], "texture": "#texturefour" },
				"north": { "uv": [ 11.5, 5, 12.5, 6 ], "texture": "#texturefour" },
				"south": { "uv": [ 3.5, 5, 4.5, 6 ], "texture": "#texturefour" },
				"west": { "uv": [ 14, 5, 15, 6 ], "texture": "#texturefour" },
				"east": { "uv": [ 1, 5, 2, 6 ], "texture": "#texturefour" }
			}
		},
		{
			"__comment": "Box5",
			"from": [ 9, 12, 9 ],
			"to": [ 13, 12.5, 13 ],
			"faces": {
				"down": { "uv": [ 9, 9, 13, 13 ], "texture": "#plateaux" },
				"up": { "uv": [ 0, 0, 16, 16 ], "texture": "#plateaux" },
				"north": { "uv": [ 3, 3.5, 7, 4 ], "texture": "#plateaux" },
				"south": { "uv": [ 9, 3.5, 13, 4 ], "texture": "#plateaux" },
				"west": { "uv": [ 3, 3.5, 7, 4 ], "texture": "#plateaux" },
				"east": { "uv": [ 9, 3.5, 13, 4 ], "texture": "#plateaux" }
			}
		},
		{
			"__comment": "Box5",
			"from": [ 3, 12, 9 ],
			"to": [ 7, 12.5, 13 ],
			"faces": {
				"down": { "uv": [ 3, 3, 7, 7 ], "texture": "#plateaux" },
				"up": { "uv": [ 0, 0, 16, 16 ], "texture": "#plateaux" },
				"north": { "uv": [ 9, 3.5, 13, 4 ], "texture": "#plateaux" },
				"south": { "uv": [ 3, 3.5, 7, 4 ], "texture": "#plateaux" },
				"west": { "uv": [ 9, 3.5, 13, 4 ], "texture": "#plateaux" },
				"east": { "uv": [ 3, 3.5, 7, 4 ], "texture": "#plateaux" }
			}
		},
		{
			"__comment": "Box5",
			"from": [ 3, 12, 3 ],
			"to": [ 7, 12.5, 7 ],
			"faces": {
				"down": { "uv": [ 3, 9, 7, 13 ], "texture": "#plateaux" },
				"up": { "uv": [ 0, 0, 16, 16 ], "texture": "#plateaux" },
				"north": { "uv": [ 9, 3.5, 13, 4 ], "texture": "#plateaux" },
				"south": { "uv": [ 3, 3.5, 7, 4 ], "texture": "#plateaux" },
				"west": { "uv": [ 3, 3.5, 7, 4 ], "texture": "#plateaux" },
				"east": { "uv": [ 9, 3.5, 13, 4 ], "texture": "#plateaux" }
			}
		},
		{
			"__comment": "Box5",
			"from": [ 9, 12, 3 ],
			"to": [ 13, 12.5, 7 ],
			"faces": {
				"down": { "uv": [ 9, 9, 13, 13 ], "texture": "#plateaux" },
				"up": { "uv": [ 0, 0, 16, 16 ], "texture": "#plateaux" },
				"north": { "uv": [ 3, 3.5, 7, 4 ], "texture": "#plateaux" },
				"south": { "uv": [ 9, 3.5, 13, 4 ], "texture": "#plateaux" },
				"west": { "uv": [ 3, 3.5, 7, 4 ], "texture": "#plateaux" },
				"east": { "uv": [ 9, 3.5, 13, 4 ], "texture": "#plateaux" }
			}
		}
	],
	"display": {
		"thirdperson_righthand": {
			"scale":  [ 1.3, 1.3, 1.3 ]
		},
		"gui": {
			"rotation":  [ 30, -41, 0 ],
			"scale":  [ 0.625, 0.625, 0.625 ]
		}
	}
}