{
	"__comment": "Designed by Tsunami67 with Cubik Studio - https://cubik.studio",
	"textures": {
		"particle": "blocks/e_particle",
		"texture": "blocks/planks_big_oak"
	},
	"elements": [ 	 
		{
			"__comment": "Box1",
			"from": [ 3, 0, 5 ],
			"to": [ 13, 16, 6 ],
			"faces": {
				"down": { "uv": [ 3, 10, 13, 11 ], "texture": "#texture" },
				"up": { "uv": [ 3, 5, 13, 6 ], "texture": "#texture" },
				"north": { "uv": [ 0, 0, 16, 16 ], "texture": "#texture" },
				"south": { "uv": [ 0, 0, 16, 16 ], "texture": "#texture" },
				"west": { "uv": [ 5, 0, 6, 16 ], "texture": "#texture" },
				"east": { "uv": [ 10, 0, 11, 16 ], "texture": "#texture" }
			}
		},
		{
			"__comment": "Box2",
			"from": [ 3, 0, 6 ],
			"to": [ 4, 16, 8.5 ],
			"faces": {
				"down": { "uv": [ 3, 7.5, 4, 10 ], "texture": "#texture" },
				"up": { "uv": [ 3, 6, 4, 8.5 ], "texture": "#texture" },
				"north": { "uv": [ 12, 0, 13, 16 ], "texture": "#texture" },
				"south": { "uv": [ 3, 0, 14.5, 16 ], "texture": "#texture" },
				"west": { "uv": [ 6, 0, 8.5, 16 ], "texture": "#texture" },
				"east": { "uv": [ 7.5, 0, 10, 16 ], "texture": "#texture" }
			}
		},
		{
			"__comment": "Box3",
			"from": [ 12, 0, 6 ],
			"to": [ 13, 16, 8.5 ],
			"faces": {
				"down": { "uv": [ 12, 7.5, 13, 10 ], "texture": "#texture" },
				"up": { "uv": [ 12, 6, 13, 8.5 ], "texture": "#texture" },
				"north": { "uv": [ 3, 0, 4, 16 ], "texture": "#texture" },
				"south": { "uv": [ 5.5, 0, 16, 16 ], "texture": "#texture" },
				"west": { "uv": [ 6, 0, 8.5, 16 ], "texture": "#texture" },
				"east": { "uv": [ 7.5, 0, 10, 16 ], "texture": "#texture" }
			}
		},
		{
			"__comment": "Box5",
			"from": [ 4, 12, 6 ],
			"to": [ 12, 12.5, 8.5 ],
			"faces": {
				"down": { "uv": [ 4, 7.5, 12, 10 ], "texture": "#texture" },
				"up": { "uv": [ 4, 6, 12, 8.5 ], "texture": "#texture" },
				"north": { "uv": [ 4, 3.5, 12, 4 ], "texture": "#texture" },
				"south": { "uv": [ 0, 2.5, 16, 10 ], "texture": "#texture" },
				"west": { "uv": [ 6, 3.5, 8.5, 4 ], "texture": "#texture" },
				"east": { "uv": [ 7.5, 3.5, 10, 4 ], "texture": "#texture" }
			}
		},
		{
			"__comment": "Box6",
			"from": [ 4, 7.5, 6 ],
			"to": [ 12, 9.5, 8.5 ],
			"faces": {
				"down": { "uv": [ 4, 7.5, 12, 10 ], "texture": "#texture" },
				"up": { "uv": [ 4, 6, 12, 8.5 ], "texture": "#texture" },
				"north": { "uv": [ 4, 6.5, 12, 8.5 ], "texture": "#texture" },
				"south": { "uv": [ 0.5, 1.5, 16, 14 ], "texture": "#texture" },
				"west": { "uv": [ 6, 6.5, 8.5, 8.5 ], "texture": "#texture" },
				"east": { "uv": [ 7.5, 6.5, 10, 8.5 ], "texture": "#texture" }
			}
		},
		{
			"__comment": "Box6",
			"from": [ 4, 15, 6 ],
			"to": [ 12, 16, 8.5 ],
			"faces": {
				"down": { "uv": [ 4, 7.5, 12, 10 ], "texture": "#texture" },
				"up": { "uv": [ 4, 6, 12, 8.5 ], "texture": "#texture" },
				"north": { "uv": [ 4, 0, 12, 1 ], "texture": "#texture" },
				"south": { "uv": [ 1, 0, 16, 9 ], "texture": "#texture" },
				"west": { "uv": [ 6, 0, 8.5, 1 ], "texture": "#texture" },
				"east": { "uv": [ 7.5, 0, 10, 1 ], "texture": "#texture" }
			}
		},
		{
			"__comment": "Box5",
			"from": [ 4, 0, 6 ],
			"to": [ 12, 1, 8.5 ],
			"faces": {
				"down": { "uv": [ 4, 7.5, 12, 10 ], "texture": "#texture" },
				"up": { "uv": [ 4, 6, 12, 8.5 ], "texture": "#texture" },
				"north": { "uv": [ 4, 15, 12, 16 ], "texture": "#texture" },
				"south": { "uv": [ 0, 1, 16, 11 ], "texture": "#texture" },
				"west": { "uv": [ 6, 15, 8.5, 16 ], "texture": "#texture" },
				"east": { "uv": [ 7.5, 15, 10, 16 ], "texture": "#texture" }
			}
		},
		{
			"__comment": "Box5",
			"from": [ 4, 4, 6 ],
			"to": [ 12, 4.5, 8.5 ],
			"faces": {
				"down": { "uv": [ 4, 7.5, 12, 10 ], "texture": "#texture" },
				"up": { "uv": [ 4, 6, 12, 8.5 ], "texture": "#texture" },
				"north": { "uv": [ 4, 11.5, 12, 12 ], "texture": "#texture" },
				"south": { "uv": [ 0, 3.5, 16, 11 ], "texture": "#texture" },
				"west": { "uv": [ 6, 11.5, 8.5, 12 ], "texture": "#texture" },
				"east": { "uv": [ 7.5, 11.5, 10, 12 ], "texture": "#texture" }
			}
		}
	],
	"display": {
		"thirdperson_righthand": {
			"scale":  [ 2.5, 2.6, 2.7 ]
		},
		"gui": {
			"rotation":  [ 30, -38, 0 ],
			"scale":  [ 0.625, 0.625, 0.625 ]
		}
	}
}