{
	"__comment": "Designed by Tsunami67 with Cubik Studio - https://cubik.studio",
	"textures": {
		"clavier": "tsunami67/clavier",
		"texture": "tsunami67/ordi_texture",
		"tour": "tsunami67/tour_pc",
		"ecran": "tsunami67/ecran_pc"
	},
	"elements": [ 	 
		{
			"__comment": "Box1",
			"from": [ 1, 0, 2 ],
			"to": [ 15, 4.5, 9 ],
			"faces": {
				"down": { "uv": [ 1, 7, 15, 14 ], "texture": "#texture" },
				"up": { "uv": [ 1, 2, 15, 9 ], "texture": "#texture" },
				"north": { "uv": [ 1, 11.5, 15, 16 ], "texture": "#texture" },
				"south": { "uv": [ 0, 0, 16, 16 ], "texture": "#tour" },
				"west": { "uv": [ 2, 11.5, 9, 16 ], "texture": "#texture" },
				"east": { "uv": [ 7, 11.5, 14, 16 ], "texture": "#texture" }
			}
		},
		{
			"__comment": "Box2",
			"from": [ 3, 5.5, 0 ],
			"to": [ 13, 15.5, 10 ],
			"faces": {
				"down": { "uv": [ 3, 6, 13, 16 ], "texture": "#texture" },
				"up": { "uv": [ 3, 0, 13, 10 ], "texture": "#texture" },
				"north": { "uv": [ 3, 0.5, 13, 10.5 ], "texture": "#texture" },
				"south": { "uv": [ 0, 0, 16, 16 ], "texture": "#ecran" },
				"west": { "uv": [ 0, 0.5, 10, 10.5 ], "texture": "#texture" },
				"east": { "uv": [ 6, 0.5, 16, 10.5 ], "texture": "#texture" }
			}
		},
		{
			"__comment": "Box3",
			"from": [ 6, 4.5, 4 ],
			"to": [ 10, 5.5, 7 ],
			"faces": {
				"down": { "uv": [ 6, 9, 10, 12 ], "texture": "#texture" },
				"up": { "uv": [ 6, 4, 10, 7 ], "texture": "#texture" },
				"north": { "uv": [ 6, 10.5, 10, 11.5 ], "texture": "#texture" },
				"south": { "uv": [ 6, 10.5, 10, 11.5 ], "texture": "#texture" },
				"west": { "uv": [ 4, 10.5, 7, 11.5 ], "texture": "#texture" },
				"east": { "uv": [ 9, 10.5, 12, 11.5 ], "texture": "#texture" }
			}
		},
		{
			"__comment": "Box4",
			"from": [ 2, 0, 10.5 ],
			"to": [ 14, 0.5, 15.5 ],
			"faces": {
				"down": { "uv": [ 2, 0.5, 14, 5.5 ], "texture": "#texture" },
				"up": { "uv": [ 0, 0, 16, 16 ], "texture": "#clavier" },
				"north": { "uv": [ 2, 15, 14, 16 ], "texture": "#texture" },
				"south": { "uv": [ 2, 15, 14, 16 ], "texture": "#texture" },
				"west": { "uv": [ 10.5, 15, 15.5, 16 ], "texture": "#texture" },
				"east": { "uv": [ 0.5, 15, 5.5, 16 ], "texture": "#texture" }
			}
		}
	],
	"display": {
		"thirdperson_righthand": {
			"scale":  [ 1.2, 1.2, 1.2 ]
		},
		"gui": {
			"rotation":  [ 30, -33, 0 ],
			"scale":  [ 0.625, 0.625, 0.625 ]
		}
	}
}