{
	"__comment": "Designed by Tsunami67 with Cubik Studio - https://cubik.studio",
	"textures": {
		"particle": "blocks/planks_spruce",
		"texture": "blocks/planks_acacia",
		"texture1": "blocks/stone_granite_smooth",
		"texture2": "tsunami67/etagere"
	},
	"elements": [ 	 
		{
			"__comment": "Box1",
			"from": [ 4, 0, 4 ],
			"to": [ 12, 15, 5 ],
			"faces": {
				"down": { "uv": [ 4, 11, 12, 12 ], "texture": "#texture" },
				"up": { "uv": [ 4, 4, 16, 11.5 ], "texture": "#texture" },
				"north": { "uv": [ 0, 0, 16, 16 ], "texture": "#texture" },
				"south": { "uv": [ 0, 0, 16, 16 ], "texture": "#texture" },
				"west": { "uv": [ 4, 0, 11, 16 ], "texture": "#texture" },
				"east": { "uv": [ 6, 0, 14, 16 ], "texture": "#texture" }
			}
		},
		{
			"__comment": "Box2",
			"from": [ 11, 0, 5 ],
			"to": [ 12, 15, 7 ],
			"faces": {
				"down": { "uv": [ 11, 9, 15, 14.5 ], "texture": "#texture" },
				"up": { "uv": [ 11, 5, 15.5, 10.5 ], "texture": "#texture" },
				"north": { "uv": [ 4, 1, 11, 16 ], "texture": "#texture" },
				"south": { "uv": [ 11, 1, 16, 16 ], "texture": "#texture" },
				"west": { "uv": [ 5, 1, 15.5, 16 ], "texture": "#texture" },
				"east": { "uv": [ 7.5, 0, 16, 16 ], "texture": "#texture" }
			}
		},
		{
			"__comment": "Box2",
			"from": [ 4, 0, 5 ],
			"to": [ 5, 15, 7 ],
			"faces": {
				"down": { "uv": [ 4, 9, 12.5, 13 ], "texture": "#texture" },
				"up": { "uv": [ 4, 5, 13.5, 13 ], "texture": "#texture" },
				"north": { "uv": [ 11, 1, 16, 16 ], "texture": "#texture" },
				"south": { "uv": [ 4, 1, 11, 16 ], "texture": "#texture" },
				"west": { "uv": [ 5, 1, 12.5, 16 ], "texture": "#texture" },
				"east": { "uv": [ 9, 1, 15.5, 16 ], "texture": "#texture" }
			}
		},
		{
			"__comment": "Box4",
			"from": [ 5, 10, 5 ],
			"to": [ 11, 10.5, 7 ],
			"faces": {
				"down": { "uv": [ 5, 9, 16, 16 ], "texture": "#particle" },
				"up": { "uv": [ 5, 5, 16, 12 ], "texture": "#particle" },
				"north": { "uv": [ 5, 5.5, 16, 9.5 ], "texture": "#particle" },
				"south": { "uv": [ 5, 5.5, 16, 9.5 ], "texture": "#particle" },
				"west": { "uv": [ 5, 5.5, 7, 6 ], "texture": "#particle" },
				"east": { "uv": [ 9, 5.5, 11, 6 ], "texture": "#particle" }
			}
		},
		{
			"__comment": "Box5",
			"from": [ 5, 14, 5 ],
			"to": [ 11, 15, 7 ],
			"faces": {
				"down": { "uv": [ 5, 9, 16, 15.5 ], "texture": "#texture" },
				"up": { "uv": [ 5, 5, 16, 13.5 ], "texture": "#texture" },
				"north": { "uv": [ 5, 1, 16, 7.5 ], "texture": "#texture" },
				"south": { "uv": [ 5, 1, 16, 7 ], "texture": "#texture" },
				"west": { "uv": [ 5, 1, 15, 7.5 ], "texture": "#texture" },
				"east": { "uv": [ 9, 1, 16, 9 ], "texture": "#texture" }
			}
		},
		{
			"__comment": "Box6",
			"from": [ 8, 1, 5 ],
			"to": [ 11, 5, 7 ],
			"faces": {
				"down": { "uv": [ 8, 9, 11, 11 ], "texture": "#particle" },
				"up": { "uv": [ 8, 5, 11, 7 ], "texture": "#particle" },
				"north": { "uv": [ 5, 11, 8, 15 ], "texture": "#particle" },
				"south": { "uv": [ 0, 0, 16, 16 ], "texture": "#particle" },
				"west": { "uv": [ 5, 11, 7, 15 ], "texture": "#particle" },
				"east": { "uv": [ 0, 0, 2, 4 ], "texture": "#particle" }
			}
		},
		{
			"__comment": "Box6",
			"from": [ 5, 1, 5 ],
			"to": [ 8, 5, 7 ],
			"faces": {
				"down": { "uv": [ 5, 9, 8, 11 ], "texture": "#particle" },
				"up": { "uv": [ 5, 5, 8, 7 ], "texture": "#particle" },
				"north": { "uv": [ 8, 11, 11, 15 ], "texture": "#particle" },
				"south": { "uv": [ 0, 0, 16, 16 ], "texture": "#particle" },
				"west": { "uv": [ 5, 11, 7, 15 ], "texture": "#particle" },
				"east": { "uv": [ 9, 11, 11, 15 ], "texture": "#particle" }
			}
		},
		{
			"__comment": "Box4",
			"from": [ 5, 0, 5 ],
			"to": [ 11, 1, 7 ],
			"faces": {
				"down": { "uv": [ 5, 9, 11, 11 ], "texture": "#texture" },
				"up": { "uv": [ 5, 5, 11, 7 ], "texture": "#texture" },
				"north": { "uv": [ 1, 3.5, 16, 14 ], "texture": "#texture" },
				"south": { "uv": [ 0, 4, 16, 14 ], "texture": "#texture" },
				"west": { "uv": [ 5, 15, 7, 16 ], "texture": "#texture" },
				"east": { "uv": [ 9, 15, 11, 16 ], "texture": "#texture" }
			}
		},
		{
			"__comment": "Box4",
			"from": [ 5, 5, 5 ],
			"to": [ 11, 6, 7 ],
			"faces": {
				"down": { "uv": [ 5, 9, 16, 16 ], "texture": "#texture" },
				"up": { "uv": [ 5, 5, 16, 16 ], "texture": "#texture" },
				"north": { "uv": [ 5, 10, 16, 16 ], "texture": "#texture" },
				"south": { "uv": [ 5, 10, 16, 16 ], "texture": "#texture" },
				"west": { "uv": [ 5, 10, 7, 11 ], "texture": "#texture" },
				"east": { "uv": [ 9, 10, 11, 11 ], "texture": "#texture" }
			}
		},
		{
			"__comment": "Box10",
			"from": [ 5.5, 6, 5 ],
			"to": [ 8, 6.5, 6 ],
			"rotation": { "origin": [ 5.5, 6, 5 ], "axis": "y", "angle": -22.5 },
			"faces": {
				"down": { "uv": [ 5.5, 9.5, 8, 10.5 ], "texture": "#texture1" },
				"up": { "uv": [ 5.5, 5.5, 8, 6.5 ], "texture": "#texture1" },
				"north": { "uv": [ 8, 9.5, 10.5, 10 ], "texture": "#texture1" },
				"south": { "uv": [ 5.5, 9.5, 8, 10 ], "texture": "#texture1" },
				"west": { "uv": [ 5.5, 9.5, 6.5, 10 ], "texture": "#texture1" },
				"east": { "uv": [ 9.5, 9.5, 10.5, 10 ], "texture": "#texture1" }
			}
		},
		{
			"__comment": "Box11",
			"from": [ 9, 10.5, 5.5 ],
			"to": [ 9.5, 12.5, 6 ],
			"faces": {
				"down": { "uv": [ 9, 10, 9.5, 10.5 ], "texture": "#texture2" },
				"up": { "uv": [ 9, 5.5, 9.5, 6 ], "texture": "#texture2" },
				"north": { "uv": [ 6.5, 3.5, 15, 15 ], "texture": "#texture2" },
				"south": { "uv": [ 9, 3.5, 16, 14.5 ], "texture": "#texture2" },
				"west": { "uv": [ 5.5, 3.5, 13.5, 12 ], "texture": "#texture2" },
				"east": { "uv": [ 10, 3.5, 16, 16 ], "texture": "#texture2" }
			}
		}
	],
	"display": {
		"thirdperson_righthand": {
			"scale":  [ 3.7, 2.9, 3.7 ]
		},
		"gui": {
			"rotation":  [ 30, -41, 0 ],
			"translation":  [ -0.695, 0, 1.3913 ],
			"scale":  [ 0.8, 0.8, 0.8 ]
		}
	}
}