{
	"__comment": "Designed by Tsunami67 with Cubik Studio - https://cubik.studio",
	"textures": {
		"particle": "blocks/wool_colored_white",
		"texture": "blocks/planks_acacia"
	},
	"elements": [ 	 
		{
			"__comment": "Box1",
			"from": [ 4.5, 5, 7 ],
			"to": [ 11.5, 6, 12 ],
			"faces": {
				"down": { "uv": [ 4.5, 4, 11.5, 9 ], "texture": "#particle" },
				"up": { "uv": [ 0, 0, 16, 16 ], "texture": "#particle" },
				"north": { "uv": [ 4.5, 10, 11.5, 11 ], "texture": "#particle" },
				"south": { "uv": [ 4.5, 10, 11.5, 11 ], "texture": "#particle" },
				"west": { "uv": [ 7, 10, 12, 11 ], "texture": "#particle" },
				"east": { "uv": [ 4, 10, 9, 11 ], "texture": "#particle" }
			}
		},
		{
			"__comment": "Box2",
			"from": [ 4.5, 0, 6 ],
			"to": [ 5.5, 4, 7 ],
			"faces": {
				"down": { "uv": [ 4.5, 9, 5.5, 10 ], "texture": "#texture" },
				"up": { "uv": [ 4.5, 6, 5.5, 7 ], "texture": "#texture" },
				"north": { "uv": [ 10.5, 12, 11.5, 16 ], "texture": "#texture" },
				"south": { "uv": [ 4.5, 12, 5.5, 16 ], "texture": "#texture" },
				"west": { "uv": [ 6, 12, 7, 16 ], "texture": "#texture" },
				"east": { "uv": [ 9, 12, 10, 16 ], "texture": "#texture" }
			}
		},
		{
			"__comment": "Box3",
			"from": [ 10.5, 0, 6 ],
			"to": [ 11.5, 4, 7 ],
			"faces": {
				"down": { "uv": [ 10.5, 9, 11.5, 10 ], "texture": "#texture" },
				"up": { "uv": [ 10.5, 6, 11.5, 7 ], "texture": "#texture" },
				"north": { "uv": [ 4.5, 12, 5.5, 16 ], "texture": "#texture" },
				"south": { "uv": [ 10.5, 12, 11.5, 16 ], "texture": "#texture" },
				"west": { "uv": [ 6, 12, 7, 16 ], "texture": "#texture" },
				"east": { "uv": [ 9, 12, 10, 16 ], "texture": "#texture" }
			}
		},
		{
			"__comment": "Box4",
			"from": [ 4.5, 0, 11 ],
			"to": [ 5.5, 4, 12 ],
			"faces": {
				"down": { "uv": [ 4.5, 4, 5.5, 5 ], "texture": "#texture" },
				"up": { "uv": [ 4.5, 11, 5.5, 12 ], "texture": "#texture" },
				"north": { "uv": [ 10.5, 12, 11.5, 16 ], "texture": "#texture" },
				"south": { "uv": [ 4.5, 12, 5.5, 16 ], "texture": "#texture" },
				"west": { "uv": [ 11, 12, 12, 16 ], "texture": "#texture" },
				"east": { "uv": [ 4, 12, 5, 16 ], "texture": "#texture" }
			}
		},
		{
			"__comment": "Box5",
			"from": [ 10.5, 0, 11 ],
			"to": [ 11.5, 4, 12 ],
			"faces": {
				"down": { "uv": [ 10.5, 4, 11.5, 5 ], "texture": "#texture" },
				"up": { "uv": [ 10.5, 11, 11.5, 12 ], "texture": "#texture" },
				"north": { "uv": [ 4.5, 12, 5.5, 16 ], "texture": "#texture" },
				"south": { "uv": [ 10.5, 12, 11.5, 16 ], "texture": "#texture" },
				"west": { "uv": [ 11, 12, 12, 16 ], "texture": "#texture" },
				"east": { "uv": [ 4, 12, 5, 16 ], "texture": "#texture" }
			}
		},
		{
			"__comment": "Box1",
			"from": [ 4.5, 4, 6 ],
			"to": [ 11.5, 5, 12 ],
			"faces": {
				"down": { "uv": [ 4.5, 4, 11.5, 10 ], "texture": "#texture" },
				"up": { "uv": [ 4.5, 6, 11.5, 12 ], "texture": "#texture" },
				"north": { "uv": [ 4.5, 11, 11.5, 12 ], "texture": "#texture" },
				"south": { "uv": [ 4.5, 11, 11.5, 12 ], "texture": "#texture" },
				"west": { "uv": [ 6, 11, 12, 12 ], "texture": "#texture" },
				"east": { "uv": [ 4, 11, 10, 12 ], "texture": "#texture" }
			}
		},
		{
			"__comment": "Box7",
			"from": [ 4.5, 5, 6 ],
			"to": [ 5.5, 14, 7 ],
			"faces": {
				"down": { "uv": [ 4.5, 9, 5.5, 10 ], "texture": "#texture" },
				"up": { "uv": [ 4.5, 6, 5.5, 7 ], "texture": "#texture" },
				"north": { "uv": [ 10.5, 2, 11.5, 11 ], "texture": "#texture" },
				"south": { "uv": [ 4.5, 2, 5.5, 11 ], "texture": "#texture" },
				"west": { "uv": [ 6, 2, 7, 11 ], "texture": "#texture" },
				"east": { "uv": [ 9, 2, 10, 11 ], "texture": "#texture" }
			}
		},
		{
			"__comment": "Box8",
			"from": [ 10.5, 5, 6 ],
			"to": [ 11.5, 14, 7 ],
			"faces": {
				"down": { "uv": [ 10.5, 9, 11.5, 10 ], "texture": "#texture" },
				"up": { "uv": [ 10.5, 6, 11.5, 7 ], "texture": "#texture" },
				"north": { "uv": [ 4.5, 2, 5.5, 11 ], "texture": "#texture" },
				"south": { "uv": [ 10.5, 2, 11.5, 11 ], "texture": "#texture" },
				"west": { "uv": [ 6, 2, 7, 11 ], "texture": "#texture" },
				"east": { "uv": [ 9, 2, 10, 11 ], "texture": "#texture" }
			}
		},
		{
			"__comment": "Box9",
			"from": [ 6.5, 5, 6 ],
			"to": [ 9.5, 14, 7 ],
			"faces": {
				"down": { "uv": [ 6.5, 9, 9.5, 10 ], "texture": "#particle" },
				"up": { "uv": [ 6.5, 6, 9.5, 7 ], "texture": "#particle" },
				"north": { "uv": [ 0, 0, 16, 16 ], "texture": "#particle" },
				"south": { "uv": [ 0, 0, 16, 16 ], "texture": "#particle" },
				"west": { "uv": [ 6, 2, 7, 11 ], "texture": "#particle" },
				"east": { "uv": [ 9, 2, 10, 11 ], "texture": "#particle" }
			}
		},
		{
			"__comment": "Box10",
			"from": [ 6, 15, 6 ],
			"to": [ 10, 16, 7 ],
			"faces": {
				"down": { "uv": [ 6, 9, 10, 10 ], "texture": "#texture" },
				"up": { "uv": [ 6, 6, 10, 7 ], "texture": "#texture" },
				"north": { "uv": [ 6, 0, 10, 1 ], "texture": "#texture" },
				"south": { "uv": [ 6, 0, 10, 1 ], "texture": "#texture" },
				"west": { "uv": [ 6, 0, 7, 1 ], "texture": "#texture" },
				"east": { "uv": [ 9, 0, 10, 1 ], "texture": "#texture" }
			}
		},
		{
			"__comment": "Box10",
			"from": [ 4.5, 14, 6 ],
			"to": [ 11.5, 15, 7 ],
			"faces": {
				"down": { "uv": [ 4.5, 9, 11.5, 10 ], "texture": "#texture" },
				"up": { "uv": [ 4.5, 6, 11.5, 7 ], "texture": "#texture" },
				"north": { "uv": [ 4.5, 1, 11.5, 2 ], "texture": "#texture" },
				"south": { "uv": [ 4.5, 1, 11.5, 2 ], "texture": "#texture" },
				"west": { "uv": [ 6, 1, 7, 2 ], "texture": "#texture" },
				"east": { "uv": [ 9, 1, 10, 2 ], "texture": "#texture" }
			}
		}
	],
	"display": {
		"thirdperson_righthand": {
			"scale":  [ 1.8, 1.4, 1.8 ]
		},
		"gui": {
			"rotation":  [ 30, -47, 0 ],
			"scale":  [ 0.625, 0.625, 0.625 ]
		}
	}
}