{
	"__comment": "Designed by Tsunami67 with Cubik Studio - https://cubik.studio",
	"textures": {
		"particle": "tsunami67/sac_poubelle2",
		"texture": "tsunami67/imprimante_noir",
		"texture1": "tsunami67/trash"
	},
	"elements": [ 	 
		{
			"__comment": "Box1",
			"from": [ 3, 0, 13 ],
			"to": [ 13, 14, 14 ],
			"faces": {
				"down": { "uv": [ 3, 2, 13, 3 ], "texture": "#texture" },
				"up": { "uv": [ 3, 13, 13, 14 ], "texture": "#texture" },
				"north": { "uv": [ 3, 2, 13, 16 ], "texture": "#texture" },
				"south": { "uv": [ 3, 2, 13, 16 ], "texture": "#texture" },
				"west": { "uv": [ 13, 2, 14, 16 ], "texture": "#texture" },
				"east": { "uv": [ 2, 2, 3, 16 ], "texture": "#texture" }
			}
		},
		{
			"__comment": "Box2",
			"from": [ 13, 0, 3 ],
			"to": [ 14, 14, 13 ],
			"faces": {
				"down": { "uv": [ 13, 3, 14, 13 ], "texture": "#texture" },
				"up": { "uv": [ 13, 3, 14, 13 ], "texture": "#texture" },
				"north": { "uv": [ 2, 2, 3, 16 ], "texture": "#texture" },
				"south": { "uv": [ 13, 2, 14, 16 ], "texture": "#texture" },
				"west": { "uv": [ 3, 2, 13, 16 ], "texture": "#texture" },
				"east": { "uv": [ 3, 2, 13, 16 ], "texture": "#texture" }
			}
		},
		{
			"__comment": "Box2",
			"from": [ 2, 0, 3 ],
			"to": [ 3, 14, 13 ],
			"faces": {
				"down": { "uv": [ 2, 3, 3, 13 ], "texture": "#texture" },
				"up": { "uv": [ 2, 3, 3, 13 ], "texture": "#texture" },
				"north": { "uv": [ 13, 2, 14, 16 ], "texture": "#texture" },
				"south": { "uv": [ 2, 2, 3, 16 ], "texture": "#texture" },
				"west": { "uv": [ 3, 2, 13, 16 ], "texture": "#texture" },
				"east": { "uv": [ 3, 2, 13, 16 ], "texture": "#texture" }
			}
		},
		{
			"__comment": "Box1",
			"from": [ 3, 0, 2 ],
			"to": [ 13, 14, 3 ],
			"faces": {
				"down": { "uv": [ 3, 13, 13, 14 ], "texture": "#texture" },
				"up": { "uv": [ 3, 2, 13, 3 ], "texture": "#texture" },
				"north": { "uv": [ 3, 2, 13, 16 ], "texture": "#texture" },
				"south": { "uv": [ 3, 2, 13, 16 ], "texture": "#texture" },
				"west": { "uv": [ 2, 2, 3, 16 ], "texture": "#texture" },
				"east": { "uv": [ 13, 2, 14, 16 ], "texture": "#texture" }
			}
		},
		{
			"__comment": "Box5",
			"from": [ 2, 11, 2 ],
			"to": [ 3, 14, 3 ],
			"faces": {
				"down": { "uv": [ 2, 13, 3, 14 ], "texture": "#particle" },
				"up": { "uv": [ 2, 2, 3, 3 ], "texture": "#particle" },
				"north": { "uv": [ 13, 2, 14, 5 ], "texture": "#particle" },
				"south": { "uv": [ 2, 2, 3, 5 ], "texture": "#particle" },
				"west": { "uv": [ 2, 2, 3, 5 ], "texture": "#particle" },
				"east": { "uv": [ 13, 2, 14, 5 ], "texture": "#particle" }
			}
		},
		{
			"__comment": "Box6",
			"from": [ 13, 11, 2 ],
			"to": [ 14, 14, 3 ],
			"faces": {
				"down": { "uv": [ 13, 13, 14, 14 ], "texture": "#particle" },
				"up": { "uv": [ 13, 2, 14, 3 ], "texture": "#particle" },
				"north": { "uv": [ 2, 2, 3, 5 ], "texture": "#particle" },
				"south": { "uv": [ 13, 2, 14, 5 ], "texture": "#particle" },
				"west": { "uv": [ 2, 2, 3, 5 ], "texture": "#particle" },
				"east": { "uv": [ 13, 2, 14, 5 ], "texture": "#particle" }
			}
		},
		{
			"__comment": "Box7",
			"from": [ 2, 11, 13 ],
			"to": [ 3, 14, 14 ],
			"faces": {
				"down": { "uv": [ 2, 2, 3, 3 ], "texture": "#particle" },
				"up": { "uv": [ 2, 13, 3, 14 ], "texture": "#particle" },
				"north": { "uv": [ 13, 2, 14, 5 ], "texture": "#particle" },
				"south": { "uv": [ 2, 2, 3, 5 ], "texture": "#particle" },
				"west": { "uv": [ 13, 2, 14, 5 ], "texture": "#particle" },
				"east": { "uv": [ 2, 2, 3, 5 ], "texture": "#particle" }
			}
		},
		{
			"__comment": "Box8",
			"from": [ 13, 11, 13 ],
			"to": [ 14, 14, 14 ],
			"faces": {
				"down": { "uv": [ 13, 2, 14, 3 ], "texture": "#particle" },
				"up": { "uv": [ 13, 13, 14, 14 ], "texture": "#particle" },
				"north": { "uv": [ 2, 2, 3, 5 ], "texture": "#particle" },
				"south": { "uv": [ 13, 2, 14, 5 ], "texture": "#particle" },
				"west": { "uv": [ 13, 2, 14, 5 ], "texture": "#particle" },
				"east": { "uv": [ 2, 2, 3, 5 ], "texture": "#particle" }
			}
		},
		{
			"__comment": "Box9",
			"from": [ 1, 11, 3 ],
			"to": [ 2, 14, 13 ],
			"faces": {
				"down": { "uv": [ 1, 3, 2, 13 ], "texture": "#particle" },
				"up": { "uv": [ 1, 3, 2, 13 ], "texture": "#particle" },
				"north": { "uv": [ 14, 2, 15, 5 ], "texture": "#particle" },
				"south": { "uv": [ 1, 2, 2, 5 ], "texture": "#particle" },
				"west": { "uv": [ 3, 2, 13, 5 ], "texture": "#particle" },
				"east": { "uv": [ 3, 2, 13, 5 ], "texture": "#particle" }
			}
		},
		{
			"__comment": "Box10",
			"from": [ 14, 11, 3 ],
			"to": [ 15, 14, 13 ],
			"faces": {
				"down": { "uv": [ 14, 3, 15, 13 ], "texture": "#particle" },
				"up": { "uv": [ 14, 3, 15, 13 ], "texture": "#particle" },
				"north": { "uv": [ 1, 2, 2, 5 ], "texture": "#particle" },
				"south": { "uv": [ 14, 2, 15, 5 ], "texture": "#particle" },
				"west": { "uv": [ 3, 2, 13, 5 ], "texture": "#particle" },
				"east": { "uv": [ 3, 2, 13, 5 ], "texture": "#particle" }
			}
		},
		{
			"__comment": "Box11",
			"from": [ 3, 11, 14 ],
			"to": [ 13, 14, 15 ],
			"faces": {
				"down": { "uv": [ 3, 1, 13, 2 ], "texture": "#particle" },
				"up": { "uv": [ 3, 14, 13, 15 ], "texture": "#particle" },
				"north": { "uv": [ 3, 2, 13, 5 ], "texture": "#particle" },
				"south": { "uv": [ 3, 2, 13, 5 ], "texture": "#particle" },
				"west": { "uv": [ 14, 2, 15, 5 ], "texture": "#particle" },
				"east": { "uv": [ 1, 2, 2, 5 ], "texture": "#particle" }
			}
		},
		{
			"__comment": "Box12",
			"from": [ 3, 11, 1 ],
			"to": [ 13, 14, 2 ],
			"faces": {
				"down": { "uv": [ 3, 14, 13, 15 ], "texture": "#particle" },
				"up": { "uv": [ 3, 1, 13, 2 ], "texture": "#particle" },
				"north": { "uv": [ 3, 2, 13, 5 ], "texture": "#particle" },
				"south": { "uv": [ 3, 2, 13, 5 ], "texture": "#particle" },
				"west": { "uv": [ 1, 2, 2, 5 ], "texture": "#particle" },
				"east": { "uv": [ 14, 2, 15, 5 ], "texture": "#particle" }
			}
		},
		{
			"__comment": "Box13",
			"from": [ 3, 14, 2 ],
			"to": [ 13, 15, 3 ],
			"faces": {
				"down": { "uv": [ 3, 13, 13, 14 ], "texture": "#particle" },
				"up": { "uv": [ 3, 2, 13, 3 ], "texture": "#particle" },
				"north": { "uv": [ 3, 1, 13, 2 ], "texture": "#particle" },
				"south": { "uv": [ 3, 1, 13, 2 ], "texture": "#particle" },
				"west": { "uv": [ 2, 1, 3, 2 ], "texture": "#particle" },
				"east": { "uv": [ 13, 1, 14, 2 ], "texture": "#particle" }
			}
		},
		{
			"__comment": "Box14",
			"from": [ 2, 14, 3 ],
			"to": [ 3, 15, 13 ],
			"faces": {
				"down": { "uv": [ 2, 3, 3, 13 ], "texture": "#particle" },
				"up": { "uv": [ 2, 3, 3, 13 ], "texture": "#particle" },
				"north": { "uv": [ 13, 1, 14, 2 ], "texture": "#particle" },
				"south": { "uv": [ 2, 1, 3, 2 ], "texture": "#particle" },
				"west": { "uv": [ 3, 1, 13, 2 ], "texture": "#particle" },
				"east": { "uv": [ 3, 1, 13, 2 ], "texture": "#particle" }
			}
		},
		{
			"__comment": "Box15",
			"from": [ 3, 14, 13 ],
			"to": [ 13, 15, 14 ],
			"faces": {
				"down": { "uv": [ 3, 2, 13, 3 ], "texture": "#particle" },
				"up": { "uv": [ 3, 13, 13, 14 ], "texture": "#particle" },
				"north": { "uv": [ 3, 1, 13, 2 ], "texture": "#particle" },
				"south": { "uv": [ 3, 1, 13, 2 ], "texture": "#particle" },
				"west": { "uv": [ 13, 1, 14, 2 ], "texture": "#particle" },
				"east": { "uv": [ 2, 1, 3, 2 ], "texture": "#particle" }
			}
		},
		{
			"__comment": "Box16",
			"from": [ 13, 14, 3 ],
			"to": [ 14, 15, 13 ],
			"faces": {
				"down": { "uv": [ 13, 3, 14, 13 ], "texture": "#particle" },
				"up": { "uv": [ 13, 3, 14, 13 ], "texture": "#particle" },
				"north": { "uv": [ 2, 1, 3, 2 ], "texture": "#particle" },
				"south": { "uv": [ 13, 1, 14, 2 ], "texture": "#particle" },
				"west": { "uv": [ 3, 1, 13, 2 ], "texture": "#particle" },
				"east": { "uv": [ 3, 1, 13, 2 ], "texture": "#particle" }
			}
		},
		{
			"__comment": "Box17",
			"from": [ 3, 13, 3 ],
			"to": [ 13, 14, 13 ],
			"faces": {
				"down": { "uv": [ 3, 3, 13, 13 ], "texture": "#texture" },
				"up": { "uv": [ 0, 0, 16, 16 ], "texture": "#texture1" },
				"north": { "uv": [ 3, 2, 13, 3 ], "texture": "#texture" },
				"south": { "uv": [ 3, 2, 13, 3 ], "texture": "#texture" },
				"west": { "uv": [ 3, 2, 13, 3 ], "texture": "#texture" },
				"east": { "uv": [ 3, 2, 13, 3 ], "texture": "#texture" }
			}
		}
	],
	"display": {
		"thirdperson_righthand": {
			"scale":  [ 0.8, 1, 0.8 ]
		},
		"gui": {
			"rotation":  [ 30, 225, 0 ],
			"scale":  [ 0.625, 0.625, 0.625 ]
		}
	}
}