{
	"__comment": "Designed by Tsunami67 with Cubik Studio - https://cubik.studio",
	"textures": {
		"particle": "blocks/e_particle",
		"texture": "tsunami67/tele"
	},
	"elements": [ 	 
		{
			"__comment": "Box1",
			"from": [ 6, 0, 6 ],
			"to": [ 11, 11, 11 ],
			"faces": {
				"down": { "uv": [ 6, 5, 11, 10 ], "texture": "#texture" },
				"up": { "uv": [ 6, 6, 11, 11 ], "texture": "#texture" },
				"north": { "uv": [ 5, 5, 10, 16 ], "texture": "#texture" },
				"south": { "uv": [ 6, 5, 11, 16 ], "texture": "#texture" },
				"west": { "uv": [ 6, 5, 11, 16 ], "texture": "#texture" },
				"east": { "uv": [ 5, 5, 10, 16 ], "texture": "#texture" }
			}
		},
		{
			"__comment": "Box2",
			"from": [ 7, 11, 9.5 ],
			"to": [ 10, 13, 10 ],
			"faces": {
				"down": { "uv": [ 7, 6, 10, 6.5 ], "texture": "#texture" },
				"up": { "uv": [ 7, 9.5, 10, 10 ], "texture": "#texture" },
				"north": { "uv": [ 6, 3, 9, 5 ], "texture": "#texture" },
				"south": { "uv": [ 7, 3, 10, 5 ], "texture": "#texture" },
				"west": { "uv": [ 9.5, 3, 10, 5 ], "texture": "#texture" },
				"east": { "uv": [ 6, 3, 6.5, 5 ], "texture": "#texture" }
			}
		},
		{
			"__comment": "Box3",
			"from": [ 9.5, 11, 7.5 ],
			"to": [ 10, 13, 9.5 ],
			"faces": {
				"down": { "uv": [ 9.5, 6.5, 10, 8.5 ], "texture": "#texture" },
				"up": { "uv": [ 9.5, 7.5, 10, 9.5 ], "texture": "#texture" },
				"north": { "uv": [ 6, 3, 6.5, 5 ], "texture": "#texture" },
				"south": { "uv": [ 9.5, 3, 10, 5 ], "texture": "#texture" },
				"west": { "uv": [ 7.5, 3, 9.5, 5 ], "texture": "#texture" },
				"east": { "uv": [ 6.5, 3, 8.5, 5 ], "texture": "#texture" }
			}
		},
		{
			"__comment": "Box3",
			"from": [ 7, 11, 7.5 ],
			"to": [ 7.5, 13, 9.5 ],
			"faces": {
				"down": { "uv": [ 7, 6.5, 7.5, 8.5 ], "texture": "#texture" },
				"up": { "uv": [ 7, 7.5, 7.5, 9.5 ], "texture": "#texture" },
				"north": { "uv": [ 8.5, 3, 9, 5 ], "texture": "#texture" },
				"south": { "uv": [ 7, 3, 7.5, 5 ], "texture": "#texture" },
				"west": { "uv": [ 7.5, 3, 9.5, 5 ], "texture": "#texture" },
				"east": { "uv": [ 6.5, 3, 8.5, 5 ], "texture": "#texture" }
			}
		},
		{
			"__comment": "Box2",
			"from": [ 7, 11, 7 ],
			"to": [ 10, 13, 7.5 ],
			"faces": {
				"down": { "uv": [ 7, 8.5, 10, 9 ], "texture": "#texture" },
				"up": { "uv": [ 7, 7, 10, 7.5 ], "texture": "#texture" },
				"north": { "uv": [ 6, 3, 9, 5 ], "texture": "#texture" },
				"south": { "uv": [ 7, 3, 10, 5 ], "texture": "#texture" },
				"west": { "uv": [ 7, 3, 7.5, 5 ], "texture": "#texture" },
				"east": { "uv": [ 8.5, 3, 9, 5 ], "texture": "#texture" }
			}
		},
		{
			"__comment": "Box6",
			"from": [ 5, 8, 8 ],
			"to": [ 6, 9, 9 ],
			"faces": {
				"down": { "uv": [ 5, 7, 6, 8 ], "texture": "#texture" },
				"up": { "uv": [ 5, 8, 6, 9 ], "texture": "#texture" },
				"north": { "uv": [ 10, 7, 11, 8 ], "texture": "#texture" },
				"south": { "uv": [ 5, 7, 6, 8 ], "texture": "#texture" },
				"west": { "uv": [ 8, 7, 9, 8 ], "texture": "#texture" },
				"east": { "uv": [ 7, 7, 8, 8 ], "texture": "#texture" }
			}
		},
		{
			"__comment": "Box6",
			"from": [ 12, 6.5, 8 ],
			"to": [ 13, 8.5, 9 ],
			"faces": {
				"down": { "uv": [ 12, 7, 13, 8 ], "texture": "#texture" },
				"up": { "uv": [ 12, 8, 13, 9 ], "texture": "#texture" },
				"north": { "uv": [ 3, 7.5, 4, 9.5 ], "texture": "#texture" },
				"south": { "uv": [ 12, 7.5, 13, 9.5 ], "texture": "#texture" },
				"west": { "uv": [ 8, 7.5, 9, 9.5 ], "texture": "#texture" },
				"east": { "uv": [ 7, 7.5, 8, 9.5 ], "texture": "#texture" }
			}
		},
		{
			"__comment": "Box6",
			"from": [ 5, 3.5, 8 ],
			"to": [ 6, 4.5, 9 ],
			"faces": {
				"down": { "uv": [ 5, 7, 6, 8 ], "texture": "#texture" },
				"up": { "uv": [ 5, 8, 6, 9 ], "texture": "#texture" },
				"north": { "uv": [ 10, 11.5, 11, 12.5 ], "texture": "#texture" },
				"south": { "uv": [ 5, 11.5, 6, 12.5 ], "texture": "#texture" },
				"west": { "uv": [ 8, 11.5, 9, 12.5 ], "texture": "#texture" },
				"east": { "uv": [ 7, 11.5, 8, 12.5 ], "texture": "#texture" }
			}
		},
		{
			"__comment": "Box6",
			"from": [ 4, 4.5, 8 ],
			"to": [ 5, 8, 9 ],
			"faces": {
				"down": { "uv": [ 4, 7, 5, 8 ], "texture": "#texture" },
				"up": { "uv": [ 4, 8, 5, 9 ], "texture": "#texture" },
				"north": { "uv": [ 11, 8, 12, 11.5 ], "texture": "#texture" },
				"south": { "uv": [ 4, 8, 5, 11.5 ], "texture": "#texture" },
				"west": { "uv": [ 8, 8, 9, 11.5 ], "texture": "#texture" },
				"east": { "uv": [ 7, 8, 8, 11.5 ], "texture": "#texture" }
			}
		},
		{
			"__comment": "Box6",
			"from": [ 11, 4.5, 8 ],
			"to": [ 12, 7, 9 ],
			"faces": {
				"down": { "uv": [ 11, 7, 12, 8 ], "texture": "#texture" },
				"up": { "uv": [ 11, 8, 12, 9 ], "texture": "#texture" },
				"north": { "uv": [ 4, 9, 5, 11.5 ], "texture": "#texture" },
				"south": { "uv": [ 11, 9, 12, 11.5 ], "texture": "#texture" },
				"west": { "uv": [ 8, 9, 9, 11.5 ], "texture": "#texture" },
				"east": { "uv": [ 7, 9, 8, 11.5 ], "texture": "#texture" }
			}
		}
	],
	"display": {
		"gui": {
			"rotation":  [ 30, 135, 0 ],
			"translation":  [ 0, 1.3913, 0 ]
		}
	}
}