{
	"__comment": "Designed by Tsunami67 with Cubik Studio - https://cubik.studio",
	"textures": {
		"particle": "blocks/e_particle",
		"texture": "blocks/planks_oak"
	},
	"elements": [ 	 
		{
			"__comment": "Box1",
			"from": [ 15, 0, 4 ],
			"to": [ 16, 9, 12 ],
			"faces": {
				"down": { "uv": [ 15, 4, 16, 12 ], "texture": "#texture" },
				"up": { "uv": [ 15, 4, 16, 12 ], "texture": "#texture" },
				"north": { "uv": [ 0, 7, 1, 16 ], "texture": "#texture" },
				"south": { "uv": [ 15, 0, 16, 16 ], "texture": "#texture" },
				"west": { "uv": [ 0, 0, 16, 16 ], "texture": "#texture" },
				"east": { "uv": [ 0, 0, 16, 16 ], "texture": "#texture" }
			}
		},
		{
			"__comment": "Box1",
			"from": [ 0, 0, 4 ],
			"to": [ 1, 9, 12 ],
			"faces": {
				"down": { "uv": [ 0, 4, 1, 12 ], "texture": "#texture" },
				"up": { "uv": [ 0, 4, 1, 12 ], "texture": "#texture" },
				"north": { "uv": [ 15, 7, 16, 16 ], "texture": "#texture" },
				"south": { "uv": [ 0, 0, 2.5, 16 ], "texture": "#texture" },
				"west": { "uv": [ 0, 0, 16, 16 ], "texture": "#texture" },
				"east": { "uv": [ 0, 0, 16, 16 ], "texture": "#texture" }
			}
		},
		{
			"__comment": "Box3",
			"from": [ 1, 8, 4 ],
			"to": [ 15, 9, 12 ],
			"faces": {
				"down": { "uv": [ 0, 0, 16, 16 ], "texture": "#texture" },
				"up": { "uv": [ 0, 0, 16, 16 ], "texture": "#texture" },
				"north": { "uv": [ 1, 7, 15, 8 ], "texture": "#texture" },
				"south": { "uv": [ 0, 0, 16, 4 ], "texture": "#texture" },
				"west": { "uv": [ 4, 7, 12, 8 ], "texture": "#texture" },
				"east": { "uv": [ 4, 7, 12, 8 ], "texture": "#texture" }
			}
		},
		{
			"__comment": "Box4",
			"from": [ 1, 5, 4 ],
			"to": [ 15, 6, 12 ],
			"faces": {
				"down": { "uv": [ 1, 4, 15, 12 ], "texture": "#texture" },
				"up": { "uv": [ 1, 4, 15, 12 ], "texture": "#texture" },
				"north": { "uv": [ 1, 10, 15, 11 ], "texture": "#texture" },
				"south": { "uv": [ 1, 10, 15, 11 ], "texture": "#texture" },
				"west": { "uv": [ 4, 10, 12, 11 ], "texture": "#texture" },
				"east": { "uv": [ 4, 10, 12, 11 ], "texture": "#texture" }
			}
		},
		{
			"__comment": "Box5",
			"from": [ 1, 6, 4 ],
			"to": [ 5.5, 8, 12 ],
			"faces": {
				"down": { "uv": [ 1, 4, 5.5, 12 ], "texture": "#texture" },
				"up": { "uv": [ 1, 4, 5.5, 12 ], "texture": "#texture" },
				"north": { "uv": [ 10.5, 8, 15, 10 ], "texture": "#texture" },
				"south": { "uv": [ 0, 0, 16, 16 ], "texture": "#texture" },
				"west": { "uv": [ 4, 8, 12, 10 ], "texture": "#texture" },
				"east": { "uv": [ 4, 8, 12, 10 ], "texture": "#texture" }
			}
		},
		{
			"__comment": "Box6",
			"from": [ 10.5, 6, 4 ],
			"to": [ 15, 8, 12 ],
			"faces": {
				"down": { "uv": [ 10.5, 4, 15, 12 ], "texture": "#texture" },
				"up": { "uv": [ 10.5, 4, 15, 12 ], "texture": "#texture" },
				"north": { "uv": [ 1, 8, 5.5, 10 ], "texture": "#texture" },
				"south": { "uv": [ 0, 0, 16, 16 ], "texture": "#texture" },
				"west": { "uv": [ 4, 8, 12, 10 ], "texture": "#texture" },
				"east": { "uv": [ 4, 8, 12, 10 ], "texture": "#texture" }
			}
		},
		{
			"__comment": "Box7",
			"from": [ 5.5, 6, 4 ],
			"to": [ 10.5, 8, 12 ],
			"faces": {
				"down": { "uv": [ 5.5, 4, 10.5, 12 ], "texture": "#texture" },
				"up": { "uv": [ 5.5, 4, 10.5, 12 ], "texture": "#texture" },
				"north": { "uv": [ 5.5, 8, 10.5, 10 ], "texture": "#texture" },
				"south": { "uv": [ 0, 0, 16, 16 ], "texture": "#texture" },
				"west": { "uv": [ 4, 8, 12, 10 ], "texture": "#texture" },
				"east": { "uv": [ 4, 8, 12, 10 ], "texture": "#texture" }
			}
		},
		{
			"__comment": "Box8",
			"from": [ 12, 6.5, 12 ],
			"to": [ 13.5, 7.5, 13 ],
			"faces": {
				"down": { "uv": [ 4, 13.5, 5, 14.5 ], "texture": "#texture" },
				"up": { "uv": [ 4.5, 13.5, 5.5, 14.5 ], "texture": "#texture" },
				"north": { "uv": [ 4.5, 13.5, 5.5, 14.5 ], "texture": "#texture" },
				"south": { "uv": [ 4, 13.5, 5, 14.5 ], "texture": "#texture" },
				"west": { "uv": [ 4.5, 13.5, 5.5, 14.5 ], "texture": "#texture" },
				"east": { "uv": [ 4.5, 13.5, 5.5, 14.5 ], "texture": "#texture" }
			}
		},
		{
			"__comment": "Box8",
			"from": [ 7, 6.5, 12 ],
			"to": [ 9, 7.5, 13 ],
			"faces": {
				"down": { "uv": [ 4, 13.5, 5, 14.5 ], "texture": "#texture" },
				"up": { "uv": [ 4.5, 13.5, 5.5, 14.5 ], "texture": "#texture" },
				"north": { "uv": [ 4.5, 13.5, 5.5, 14.5 ], "texture": "#texture" },
				"south": { "uv": [ 4, 13.5, 5, 14.5 ], "texture": "#texture" },
				"west": { "uv": [ 4.5, 13.5, 5.5, 14.5 ], "texture": "#texture" },
				"east": { "uv": [ 4.5, 13.5, 5.5, 14.5 ], "texture": "#texture" }
			}
		},
		{
			"__comment": "Box8",
			"from": [ 2.5, 6.5, 12 ],
			"to": [ 4, 7.5, 13 ],
			"faces": {
				"down": { "uv": [ 4, 13.5, 5, 14.5 ], "texture": "#texture" },
				"up": { "uv": [ 4.5, 13.5, 5.5, 14.5 ], "texture": "#texture" },
				"north": { "uv": [ 4.5, 13.5, 5.5, 14.5 ], "texture": "#texture" },
				"south": { "uv": [ 4, 13.5, 5, 14.5 ], "texture": "#texture" },
				"west": { "uv": [ 4.5, 13.5, 5.5, 14.5 ], "texture": "#texture" },
				"east": { "uv": [ 4.5, 13.5, 5.5, 14.5 ], "texture": "#texture" }
			}
		}
	],
	"display": {
		"thirdperson_righthand": {
			"scale":  [ 2.2, 2, 2.2 ]
		},
		"gui": {
			"rotation":  [ 30, -34, 0 ],
			"scale":  [ 0.625, 0.625, 0.625 ]
		}
	}
}