{
	"__comment": "Designed by Tsunami67 with Cubik Studio - https://cubik.studio",
	"textures": {
		"particle": "blocks/e_particle",
		"texture": "tsunami67/tele"
	},
	"elements": [ 	 
		{
			"__comment": "Box1",
			"from": [ 4.5, 0, 6 ],
			"to": [ 11.5, 10, 9.5 ],
			"faces": {
				"down": { "uv": [ 4.5, 6.5, 11.5, 10 ], "texture": "#texture" },
				"up": { "uv": [ 4.5, 6, 11.5, 9.5 ], "texture": "#texture" },
				"north": { "uv": [ 4.5, 6, 11.5, 16 ], "texture": "#texture" },
				"south": { "uv": [ 4.5, 6, 11.5, 16 ], "texture": "#texture" },
				"west": { "uv": [ 6, 6, 9.5, 16 ], "texture": "#texture" },
				"east": { "uv": [ 6.5, 6, 10, 16 ], "texture": "#texture" }
			}
		},
		{
			"__comment": "Box2",
			"from": [ 4.5, 11, 6 ],
			"to": [ 11.5, 12, 7.5 ],
			"faces": {
				"down": { "uv": [ 4.5, 8.5, 11.5, 10 ], "texture": "#texture" },
				"up": { "uv": [ 4.5, 6, 11.5, 7.5 ], "texture": "#texture" },
				"north": { "uv": [ 4.5, 4, 11.5, 5 ], "texture": "#texture" },
				"south": { "uv": [ 4.5, 4, 11.5, 5 ], "texture": "#texture" },
				"west": { "uv": [ 6, 4, 7.5, 5 ], "texture": "#texture" },
				"east": { "uv": [ 8.5, 4, 10, 5 ], "texture": "#texture" }
			}
		},
		{
			"__comment": "Box2",
			"from": [ 4.5, 10, 6 ],
			"to": [ 11.5, 11, 8.5 ],
			"faces": {
				"down": { "uv": [ 4.5, 7.5, 11.5, 10 ], "texture": "#texture" },
				"up": { "uv": [ 4.5, 6, 11.5, 8.5 ], "texture": "#texture" },
				"north": { "uv": [ 4.5, 5, 11.5, 6 ], "texture": "#texture" },
				"south": { "uv": [ 4.5, 5, 11.5, 6 ], "texture": "#texture" },
				"west": { "uv": [ 6, 5, 8.5, 6 ], "texture": "#texture" },
				"east": { "uv": [ 7.5, 5, 10, 6 ], "texture": "#texture" }
			}
		}
	],
	"display": {
		"thirdperson_righthand": {
			"scale":  [ 1.5, 1.7, 1.5 ]
		},
		"gui": {
			"rotation":  [ 30, -36, 0 ],
			"scale":  [ 0.625, 0.625, 0.625 ]
		}
	}
}