{
	"__comment": "Designed by Tsunami67 with Cubik Studio - https://cubik.studio",
	"textures": {
		"particle": "tsunami67/imprimante_blanc",
		"texture": "tsunami67/imprimante_noir",
		"texture1": "tsunami67/imprimante_noir_blanc"
	},
	"elements": [ 	 
		{
			"__comment": "Box1",
			"from": [ 2, 0, 3 ],
			"to": [ 14, 6, 11 ],
			"faces": {
				"down": { "uv": [ 0, 0, 16, 16 ], "texture": "#texture" },
				"up": { "uv": [ 0, 0, 16, 16 ], "texture": "#texture" },
				"north": { "uv": [ 0, 0, 16, 16 ], "texture": "#texture" },
				"south": { "uv": [ 0, 0, 16, 16 ], "texture": "#texture1" },
				"west": { "uv": [ 0, 0, 16, 16 ], "texture": "#texture" },
				"east": { "uv": [ 0, 0, 16, 16 ], "texture": "#texture" }
			}
		},
		{
			"__comment": "Box2",
			"from": [ 11, 1, 11 ],
			"to": [ 11.5, 1.5, 14 ],
			"faces": {
				"down": { "uv": [ 11, 2, 11.5, 5 ], "texture": "#texture" },
				"up": { "uv": [ 11, 11, 11.5, 14 ], "texture": "#texture" },
				"north": { "uv": [ 4.5, 14.5, 5, 15 ], "texture": "#texture" },
				"south": { "uv": [ 11, 14.5, 11.5, 15 ], "texture": "#particle" },
				"west": { "uv": [ 11, 14.5, 14, 15 ], "texture": "#texture" },
				"east": { "uv": [ 2, 14.5, 5, 15 ], "texture": "#texture" }
			}
		},
		{
			"__comment": "Box3",
			"from": [ 11.5, 6, 4 ],
			"to": [ 12, 6.5, 4.5 ],
			"faces": {
				"down": { "uv": [ 11.5, 11.5, 12, 12 ], "texture": "#texture" },
				"up": { "uv": [ 11.5, 4, 12, 4.5 ], "texture": "#particle" },
				"north": { "uv": [ 4, 9.5, 4.5, 10 ], "texture": "#texture" },
				"south": { "uv": [ 11.5, 9.5, 12, 10 ], "texture": "#texture" },
				"west": { "uv": [ 4, 9.5, 4.5, 10 ], "texture": "#texture" },
				"east": { "uv": [ 11.5, 9.5, 12, 10 ], "texture": "#texture" }
			}
		},
		{
			"__comment": "Box4",
			"from": [ 5.5, 2, 11 ],
			"to": [ 10.5, 3.5, 11.5 ],
			"faces": {
				"down": { "uv": [ 5.5, 4.5, 10.5, 5 ], "texture": "#texture" },
				"up": { "uv": [ 0, 0, 16, 1 ], "texture": "#texture1" },
				"north": { "uv": [ 5.5, 12.5, 10.5, 14 ], "texture": "#texture" },
				"south": { "uv": [ 5.5, 12.5, 10.5, 14 ], "texture": "#texture" },
				"west": { "uv": [ 11, 12.5, 11.5, 14 ], "texture": "#texture" },
				"east": { "uv": [ 4.5, 12.5, 5, 14 ], "texture": "#texture" }
			}
		},
		{
			"__comment": "Box2",
			"from": [ 4.5, 0.5, 11 ],
			"to": [ 11.5, 1, 14 ],
			"faces": {
				"down": { "uv": [ 4.5, 2, 11.5, 5 ], "texture": "#texture" },
				"up": { "uv": [ 4.5, 11, 11.5, 14 ], "texture": "#texture" },
				"north": { "uv": [ 4.5, 15, 11.5, 15.5 ], "texture": "#texture" },
				"south": { "uv": [ 4.5, 15, 11.5, 15.5 ], "texture": "#particle" },
				"west": { "uv": [ 11, 15, 14, 15.5 ], "texture": "#texture" },
				"east": { "uv": [ 2, 15, 5, 15.5 ], "texture": "#texture" }
			}
		},
		{
			"__comment": "Box2",
			"from": [ 4.5, 1.5, 11 ],
			"to": [ 11.5, 2, 14 ],
			"faces": {
				"down": { "uv": [ 4.5, 2, 11.5, 5 ], "texture": "#texture" },
				"up": { "uv": [ 4.5, 11, 11.5, 14 ], "texture": "#texture" },
				"north": { "uv": [ 4.5, 14, 11.5, 14.5 ], "texture": "#texture" },
				"south": { "uv": [ 4.5, 14, 11.5, 14.5 ], "texture": "#particle" },
				"west": { "uv": [ 11, 14, 14, 14.5 ], "texture": "#texture" },
				"east": { "uv": [ 2, 14, 5, 14.5 ], "texture": "#texture" }
			}
		},
		{
			"__comment": "Box2",
			"from": [ 4.5, 1, 11 ],
			"to": [ 5, 1.5, 14 ],
			"faces": {
				"down": { "uv": [ 4.5, 2, 5, 5 ], "texture": "#texture" },
				"up": { "uv": [ 4.5, 11, 5, 14 ], "texture": "#texture" },
				"north": { "uv": [ 11, 14.5, 11.5, 15 ], "texture": "#texture" },
				"south": { "uv": [ 4.5, 14.5, 5, 15 ], "texture": "#particle" },
				"west": { "uv": [ 11, 14.5, 14, 15 ], "texture": "#texture" },
				"east": { "uv": [ 2, 14.5, 5, 15 ], "texture": "#texture" }
			}
		},
		{
			"__comment": "Box3",
			"from": [ 4, 6, 3.5 ],
			"to": [ 12, 9, 4 ],
			"faces": {
				"down": { "uv": [ 4, 12, 12, 12.5 ], "texture": "#particle" },
				"up": { "uv": [ 4, 3.5, 12, 4 ], "texture": "#particle" },
				"north": { "uv": [ 4, 7, 12, 10 ], "texture": "#particle" },
				"south": { "uv": [ 4, 7, 12, 10 ], "texture": "#particle" },
				"west": { "uv": [ 3.5, 7, 4, 10 ], "texture": "#particle" },
				"east": { "uv": [ 12, 7, 12.5, 10 ], "texture": "#particle" }
			}
		},
		{
			"__comment": "Box3",
			"from": [ 4, 6, 4.5 ],
			"to": [ 12, 6.5, 5 ],
			"faces": {
				"down": { "uv": [ 4, 11, 12, 11.5 ], "texture": "#texture" },
				"up": { "uv": [ 4, 4.5, 12, 5 ], "texture": "#particle" },
				"north": { "uv": [ 4, 9.5, 12, 10 ], "texture": "#texture" },
				"south": { "uv": [ 4, 9.5, 12, 10 ], "texture": "#texture" },
				"west": { "uv": [ 4.5, 9.5, 5, 10 ], "texture": "#texture" },
				"east": { "uv": [ 11, 9.5, 11.5, 10 ], "texture": "#texture" }
			}
		},
		{
			"__comment": "Box3",
			"from": [ 4, 6, 4 ],
			"to": [ 4.5, 6.5, 4.5 ],
			"faces": {
				"down": { "uv": [ 4, 11.5, 4.5, 12 ], "texture": "#texture" },
				"up": { "uv": [ 4, 4, 4.5, 4.5 ], "texture": "#particle" },
				"north": { "uv": [ 11.5, 9.5, 12, 10 ], "texture": "#texture" },
				"south": { "uv": [ 4, 9.5, 4.5, 10 ], "texture": "#texture" },
				"west": { "uv": [ 4, 9.5, 4.5, 10 ], "texture": "#texture" },
				"east": { "uv": [ 11.5, 9.5, 12, 10 ], "texture": "#texture" }
			}
		}
	],
	"display": {
		"thirdperson_righthand": {
			"scale":  [ 1.3, 1.2, 1.3 ]
		},
		"gui": {
			"rotation":  [ 30, -39, 0 ],
			"scale":  [ 0.625, 0.625, 0.625 ]
		}
	}
}