{
	"__comment": "Designed by Tsunami67 with Cubik Studio - https://cubik.studio",
	"textures": {
		"particle": "blocks/e_particle",
		"texture": "blocks/planks_jungle"
	},
	"elements": [ 	 
		{
			"__comment": "Box1",
			"from": [ 4, 4, 3 ],
			"to": [ 13, 5, 8.5 ],
			"rotation": { "origin": [ 11.5, 5, 7.5 ], "axis": "y", "angle": 22.5 },
			"faces": {
				"down": { "uv": [ 3.5, 6, 12.5, 11.5 ], "texture": "#texture" },
				"up": { "uv": [ 0, 0, 16, 16 ], "texture": "#texture" },
				"north": { "uv": [ 3.5, 15, 12.5, 16 ], "texture": "#texture" },
				"south": { "uv": [ 3.5, 15, 12.5, 16 ], "texture": "#texture" },
				"west": { "uv": [ 4.5, 15, 10, 16 ], "texture": "#texture" },
				"east": { "uv": [ 6, 15, 11.5, 16 ], "texture": "#texture" }
			}
		},
		{
			"__comment": "Box2",
			"from": [ 12.5, 7, 3 ],
			"to": [ 13, 8, 8.5 ],
			"rotation": { "origin": [ 11.5, 5, 7.5 ], "axis": "y", "angle": 22.5 },
			"faces": {
				"down": { "uv": [ 12, 6, 12.5, 11.5 ], "texture": "#texture" },
				"up": { "uv": [ 12, 4.5, 12.5, 10 ], "texture": "#texture" },
				"north": { "uv": [ 3.5, 14, 4, 15 ], "texture": "#texture" },
				"south": { "uv": [ 12, 14, 12.5, 15 ], "texture": "#texture" },
				"west": { "uv": [ 4.5, 14, 10, 15 ], "texture": "#texture" },
				"east": { "uv": [ 6, 14, 11.5, 15 ], "texture": "#texture" }
			}
		},
		{
			"__comment": "Box3",
			"from": [ 4.5, 7, 8 ],
			"to": [ 12.5, 8, 8.5 ],
			"rotation": { "origin": [ 11.5, 5, 7.5 ], "axis": "y", "angle": 22.5 },
			"faces": {
				"down": { "uv": [ 4, 6, 12, 6.5 ], "texture": "#texture" },
				"up": { "uv": [ 4, 9.5, 12, 10 ], "texture": "#texture" },
				"north": { "uv": [ 4, 14, 12, 15 ], "texture": "#texture" },
				"south": { "uv": [ 4, 14, 12, 15 ], "texture": "#texture" },
				"west": { "uv": [ 9.5, 14, 10, 15 ], "texture": "#texture" },
				"east": { "uv": [ 6, 14, 6.5, 15 ], "texture": "#texture" }
			}
		},
		{
			"__comment": "Box3",
			"from": [ 4.5, 7, 3 ],
			"to": [ 12.5, 8, 3.5 ],
			"rotation": { "origin": [ 11.5, 5, 7.5 ], "axis": "y", "angle": 22.5 },
			"faces": {
				"down": { "uv": [ 4, 11, 12, 11.5 ], "texture": "#texture" },
				"up": { "uv": [ 4, 4.5, 12, 5 ], "texture": "#texture" },
				"north": { "uv": [ 4, 14, 12, 15 ], "texture": "#texture" },
				"south": { "uv": [ 4, 14, 12, 15 ], "texture": "#texture" },
				"west": { "uv": [ 4.5, 14, 5, 15 ], "texture": "#texture" },
				"east": { "uv": [ 11, 14, 11.5, 15 ], "texture": "#texture" }
			}
		},
		{
			"__comment": "Box2",
			"from": [ 4, 7, 3 ],
			"to": [ 4.5, 8, 8.5 ],
			"rotation": { "origin": [ 11.5, 5, 7.5 ], "axis": "y", "angle": 22.5 },
			"faces": {
				"down": { "uv": [ 3.5, 6, 4, 11.5 ], "texture": "#texture" },
				"up": { "uv": [ 3.5, 4.5, 4, 10 ], "texture": "#texture" },
				"north": { "uv": [ 12, 12, 12.5, 13 ], "texture": "#texture" },
				"south": { "uv": [ 3.5, 12, 4, 13 ], "texture": "#texture" },
				"west": { "uv": [ 4.5, 12, 10, 13 ], "texture": "#texture" },
				"east": { "uv": [ 6, 12, 11.5, 13 ], "texture": "#texture" }
			}
		},
		{
			"__comment": "Box2",
			"from": [ 4, 5, 3 ],
			"to": [ 4.5, 6, 8.5 ],
			"rotation": { "origin": [ 11.5, 5, 7.5 ], "axis": "y", "angle": 22.5 },
			"faces": {
				"down": { "uv": [ 3.5, 6, 4, 11.5 ], "texture": "#texture" },
				"up": { "uv": [ 3.5, 4.5, 4, 10 ], "texture": "#texture" },
				"north": { "uv": [ 12, 14, 12.5, 15 ], "texture": "#texture" },
				"south": { "uv": [ 3.5, 14, 4, 15 ], "texture": "#texture" },
				"west": { "uv": [ 4.5, 14, 10, 15 ], "texture": "#texture" },
				"east": { "uv": [ 6, 14, 11.5, 15 ], "texture": "#texture" }
			}
		},
		{
			"__comment": "Box3",
			"from": [ 4.5, 5, 3 ],
			"to": [ 12.5, 6, 3.5 ],
			"rotation": { "origin": [ 11.5, 5, 7.5 ], "axis": "y", "angle": 22.5 },
			"faces": {
				"down": { "uv": [ 4, 11, 12, 11.5 ], "texture": "#texture" },
				"up": { "uv": [ 4, 4.5, 12, 5 ], "texture": "#texture" },
				"north": { "uv": [ 4, 14, 12, 15 ], "texture": "#texture" },
				"south": { "uv": [ 4, 14, 12, 15 ], "texture": "#texture" },
				"west": { "uv": [ 4.5, 14, 5, 15 ], "texture": "#texture" },
				"east": { "uv": [ 11, 14, 11.5, 15 ], "texture": "#texture" }
			}
		},
		{
			"__comment": "Box3",
			"from": [ 4.5, 5, 8 ],
			"to": [ 12.5, 6, 8.5 ],
			"rotation": { "origin": [ 11.5, 5, 7.5 ], "axis": "y", "angle": 22.5 },
			"faces": {
				"down": { "uv": [ 4, 6, 12, 6.5 ], "texture": "#texture" },
				"up": { "uv": [ 4, 9.5, 12, 10 ], "texture": "#texture" },
				"north": { "uv": [ 4, 14, 12, 15 ], "texture": "#texture" },
				"south": { "uv": [ 4, 14, 12, 15 ], "texture": "#texture" },
				"west": { "uv": [ 9.5, 14, 10, 15 ], "texture": "#texture" },
				"east": { "uv": [ 6, 14, 6.5, 15 ], "texture": "#texture" }
			}
		},
		{
			"__comment": "Box2",
			"from": [ 12.5, 5, 3 ],
			"to": [ 13, 6, 8.5 ],
			"rotation": { "origin": [ 11.5, 5, 7.5 ], "axis": "y", "angle": 22.5 },
			"faces": {
				"down": { "uv": [ 12, 6, 12.5, 11.5 ], "texture": "#texture" },
				"up": { "uv": [ 12, 4.5, 12.5, 10 ], "texture": "#texture" },
				"north": { "uv": [ 3.5, 14, 4, 15 ], "texture": "#texture" },
				"south": { "uv": [ 12, 14, 12.5, 15 ], "texture": "#texture" },
				"west": { "uv": [ 4.5, 14, 10, 15 ], "texture": "#texture" },
				"east": { "uv": [ 6, 14, 11.5, 15 ], "texture": "#texture" }
			}
		},
		{
			"__comment": "Box10",
			"from": [ 4.5, 5, 3.5 ],
			"to": [ 5, 8, 4 ],
			"rotation": { "origin": [ 11.5, 5, 7.5 ], "axis": "y", "angle": 22.5 },
			"faces": {
				"down": { "uv": [ 4, 10.5, 4.5, 11 ], "texture": "#texture" },
				"up": { "uv": [ 4, 5, 4.5, 5.5 ], "texture": "#texture" },
				"north": { "uv": [ 11.5, 12, 12, 15 ], "texture": "#texture" },
				"south": { "uv": [ 4, 12, 4.5, 15 ], "texture": "#texture" },
				"west": { "uv": [ 5, 12, 5.5, 15 ], "texture": "#texture" },
				"east": { "uv": [ 10.5, 12, 11, 15 ], "texture": "#texture" }
			}
		},
		{
			"__comment": "Box11",
			"from": [ 12, 5, 3.5 ],
			"to": [ 12.5, 8, 4 ],
			"rotation": { "origin": [ 11.5, 5, 7.5 ], "axis": "y", "angle": 22.5 },
			"faces": {
				"down": { "uv": [ 11.5, 10.5, 12, 11 ], "texture": "#texture" },
				"up": { "uv": [ 11.5, 5, 12, 5.5 ], "texture": "#texture" },
				"north": { "uv": [ 4, 12, 4.5, 15 ], "texture": "#texture" },
				"south": { "uv": [ 11.5, 12, 12, 15 ], "texture": "#texture" },
				"west": { "uv": [ 5, 12, 5.5, 15 ], "texture": "#texture" },
				"east": { "uv": [ 10.5, 12, 11, 15 ], "texture": "#texture" }
			}
		},
		{
			"__comment": "Box12",
			"from": [ 4.5, 5, 7.5 ],
			"to": [ 5, 8, 8 ],
			"rotation": { "origin": [ 11.5, 5, 7.5 ], "axis": "y", "angle": 22.5 },
			"faces": {
				"down": { "uv": [ 4, 6.5, 4.5, 7 ], "texture": "#texture" },
				"up": { "uv": [ 4, 9, 4.5, 9.5 ], "texture": "#texture" },
				"north": { "uv": [ 11.5, 12, 12, 15 ], "texture": "#texture" },
				"south": { "uv": [ 4, 12, 4.5, 15 ], "texture": "#texture" },
				"west": { "uv": [ 9, 12, 9.5, 15 ], "texture": "#texture" },
				"east": { "uv": [ 6.5, 12, 7, 15 ], "texture": "#texture" }
			}
		},
		{
			"__comment": "Box13",
			"from": [ 11.5, 5, 7.5 ],
			"to": [ 12, 8, 8 ],
			"rotation": { "origin": [ 11.5, 5, 7.5 ], "axis": "y", "angle": 22.5 },
			"faces": {
				"down": { "uv": [ 11, 6.5, 11.5, 7 ], "texture": "#texture" },
				"up": { "uv": [ 11, 9, 11.5, 9.5 ], "texture": "#texture" },
				"north": { "uv": [ 4.5, 8, 5, 11 ], "texture": "#texture" },
				"south": { "uv": [ 11, 8, 11.5, 11 ], "texture": "#texture" },
				"west": { "uv": [ 9, 8, 9.5, 11 ], "texture": "#texture" },
				"east": { "uv": [ 6.5, 8, 7, 11 ], "texture": "#texture" }
			}
		},
		{
			"__comment": "Box13",
			"from": [ 11, 1, 9 ],
			"to": [ 11.5, 4, 9.5 ],
			"faces": {
				"down": { "uv": [ 11, 6.5, 11.5, 7 ], "texture": "#texture" },
				"up": { "uv": [ 11, 9, 11.5, 9.5 ], "texture": "#texture" },
				"north": { "uv": [ 4.5, 12, 5, 15 ], "texture": "#texture" },
				"south": { "uv": [ 11, 12, 11.5, 15 ], "texture": "#texture" },
				"west": { "uv": [ 9, 12, 9.5, 15 ], "texture": "#texture" },
				"east": { "uv": [ 6.5, 12, 7, 15 ], "texture": "#texture" }
			}
		},
		{
			"__comment": "Box12",
			"from": [ 4, 1, 9 ],
			"to": [ 4.5, 4, 9.5 ],
			"faces": {
				"down": { "uv": [ 4, 6.5, 4.5, 7 ], "texture": "#texture" },
				"up": { "uv": [ 4, 9, 4.5, 9.5 ], "texture": "#texture" },
				"north": { "uv": [ 11.5, 12, 12, 15 ], "texture": "#texture" },
				"south": { "uv": [ 4, 12, 4.5, 15 ], "texture": "#texture" },
				"west": { "uv": [ 9, 12, 9.5, 15 ], "texture": "#texture" },
				"east": { "uv": [ 6.5, 12, 7, 15 ], "texture": "#texture" }
			}
		},
		{
			"__comment": "Box11",
			"from": [ 11.5, 1, 5 ],
			"to": [ 12, 4, 5.5 ],
			"faces": {
				"down": { "uv": [ 11.5, 10.5, 12, 11 ], "texture": "#texture" },
				"up": { "uv": [ 11.5, 5, 12, 5.5 ], "texture": "#texture" },
				"north": { "uv": [ 4, 12, 4.5, 15 ], "texture": "#texture" },
				"south": { "uv": [ 11.5, 12, 12, 15 ], "texture": "#texture" },
				"west": { "uv": [ 5, 12, 5.5, 15 ], "texture": "#texture" },
				"east": { "uv": [ 10.5, 12, 11, 15 ], "texture": "#texture" }
			}
		},
		{
			"__comment": "Box10",
			"from": [ 4, 1, 5 ],
			"to": [ 4.5, 4, 5.5 ],
			"faces": {
				"down": { "uv": [ 4, 10.5, 4.5, 11 ], "texture": "#texture" },
				"up": { "uv": [ 4, 5, 4.5, 5.5 ], "texture": "#texture" },
				"north": { "uv": [ 11.5, 12, 12, 15 ], "texture": "#texture" },
				"south": { "uv": [ 4, 12, 4.5, 15 ], "texture": "#texture" },
				"west": { "uv": [ 5, 12, 5.5, 15 ], "texture": "#texture" },
				"east": { "uv": [ 10.5, 12, 11, 15 ], "texture": "#texture" }
			}
		},
		{
			"__comment": "Box2",
			"from": [ 12, 1, 4.5 ],
			"to": [ 12.5, 2, 10 ],
			"faces": {
				"down": { "uv": [ 12, 6, 12.5, 11.5 ], "texture": "#texture" },
				"up": { "uv": [ 12, 4.5, 12.5, 10 ], "texture": "#texture" },
				"north": { "uv": [ 3.5, 14, 4, 15 ], "texture": "#texture" },
				"south": { "uv": [ 12, 14, 12.5, 15 ], "texture": "#texture" },
				"west": { "uv": [ 4.5, 14, 10, 15 ], "texture": "#texture" },
				"east": { "uv": [ 6, 14, 11.5, 15 ], "texture": "#texture" }
			}
		},
		{
			"__comment": "Box3",
			"from": [ 4, 1, 9.5 ],
			"to": [ 12, 2, 10 ],
			"faces": {
				"down": { "uv": [ 4, 6, 12, 6.5 ], "texture": "#texture" },
				"up": { "uv": [ 4, 9.5, 12, 10 ], "texture": "#texture" },
				"north": { "uv": [ 4, 14, 12, 15 ], "texture": "#texture" },
				"south": { "uv": [ 4, 14, 12, 15 ], "texture": "#texture" },
				"west": { "uv": [ 9.5, 14, 10, 15 ], "texture": "#texture" },
				"east": { "uv": [ 6, 14, 6.5, 15 ], "texture": "#texture" }
			}
		},
		{
			"__comment": "Box3",
			"from": [ 4, 1, 4.5 ],
			"to": [ 12, 2, 5 ],
			"faces": {
				"down": { "uv": [ 4, 11, 12, 11.5 ], "texture": "#texture" },
				"up": { "uv": [ 4, 4.5, 12, 5 ], "texture": "#texture" },
				"north": { "uv": [ 4, 14, 12, 15 ], "texture": "#texture" },
				"south": { "uv": [ 4, 14, 12, 15 ], "texture": "#texture" },
				"west": { "uv": [ 4.5, 14, 5, 15 ], "texture": "#texture" },
				"east": { "uv": [ 11, 14, 11.5, 15 ], "texture": "#texture" }
			}
		},
		{
			"__comment": "Box2",
			"from": [ 3.5, 1, 4.5 ],
			"to": [ 4, 2, 10 ],
			"faces": {
				"down": { "uv": [ 3.5, 6, 4, 11.5 ], "texture": "#texture" },
				"up": { "uv": [ 3.5, 4.5, 4, 10 ], "texture": "#texture" },
				"north": { "uv": [ 12, 14, 12.5, 15 ], "texture": "#texture" },
				"south": { "uv": [ 3.5, 14, 4, 15 ], "texture": "#texture" },
				"west": { "uv": [ 4.5, 14, 10, 15 ], "texture": "#texture" },
				"east": { "uv": [ 6, 14, 11.5, 15 ], "texture": "#texture" }
			}
		},
		{
			"__comment": "Box2",
			"from": [ 3.5, 3, 4.5 ],
			"to": [ 4, 4, 10 ],
			"faces": {
				"down": { "uv": [ 3.5, 6, 4, 11.5 ], "texture": "#texture" },
				"up": { "uv": [ 3.5, 4.5, 4, 10 ], "texture": "#texture" },
				"north": { "uv": [ 12, 12, 12.5, 13 ], "texture": "#texture" },
				"south": { "uv": [ 3.5, 12, 4, 13 ], "texture": "#texture" },
				"west": { "uv": [ 4.5, 12, 10, 13 ], "texture": "#texture" },
				"east": { "uv": [ 6, 12, 11.5, 13 ], "texture": "#texture" }
			}
		},
		{
			"__comment": "Box3",
			"from": [ 4, 3, 4.5 ],
			"to": [ 12, 4, 5 ],
			"faces": {
				"down": { "uv": [ 4, 11, 12, 11.5 ], "texture": "#texture" },
				"up": { "uv": [ 4, 4.5, 12, 5 ], "texture": "#texture" },
				"north": { "uv": [ 4, 12, 12, 13 ], "texture": "#texture" },
				"south": { "uv": [ 4, 12, 12, 13 ], "texture": "#texture" },
				"west": { "uv": [ 4.5, 12, 5, 13 ], "texture": "#texture" },
				"east": { "uv": [ 11, 12, 11.5, 13 ], "texture": "#texture" }
			}
		},
		{
			"__comment": "Box3",
			"from": [ 4, 3, 9.5 ],
			"to": [ 12, 4, 10 ],
			"faces": {
				"down": { "uv": [ 4, 6, 12, 6.5 ], "texture": "#texture" },
				"up": { "uv": [ 4, 9.5, 12, 10 ], "texture": "#texture" },
				"north": { "uv": [ 4, 12, 12, 13 ], "texture": "#texture" },
				"south": { "uv": [ 4, 12, 12, 13 ], "texture": "#texture" },
				"west": { "uv": [ 9.5, 12, 10, 13 ], "texture": "#texture" },
				"east": { "uv": [ 6, 12, 6.5, 13 ], "texture": "#texture" }
			}
		},
		{
			"__comment": "Box2",
			"from": [ 12, 3, 4.5 ],
			"to": [ 12.5, 4, 10 ],
			"faces": {
				"down": { "uv": [ 12, 6, 12.5, 11.5 ], "texture": "#texture" },
				"up": { "uv": [ 12, 4.5, 12.5, 10 ], "texture": "#texture" },
				"north": { "uv": [ 3.5, 12, 4, 13 ], "texture": "#texture" },
				"south": { "uv": [ 12, 12, 12.5, 13 ], "texture": "#texture" },
				"west": { "uv": [ 4.5, 12, 10, 13 ], "texture": "#texture" },
				"east": { "uv": [ 6, 12, 11.5, 13 ], "texture": "#texture" }
			}
		},
		{
			"__comment": "Box1",
			"from": [ 3.5, 0, 4.5 ],
			"to": [ 12.5, 1, 10 ],
			"faces": {
				"down": { "uv": [ 3.5, 6, 12.5, 11.5 ], "texture": "#texture" },
				"up": { "uv": [ 0, 0, 16, 16 ], "texture": "#texture" },
				"north": { "uv": [ 3.5, 15, 12.5, 16 ], "texture": "#texture" },
				"south": { "uv": [ 3.5, 15, 12.5, 16 ], "texture": "#texture" },
				"west": { "uv": [ 4.5, 15, 10, 16 ], "texture": "#texture" },
				"east": { "uv": [ 6, 15, 11.5, 16 ], "texture": "#texture" }
			}
		}
	],
	"display": {
		"thirdperson_righthand": {
			"scale":  [ 1.3, 1.3, 1.5 ]
		},
		"gui": {
			"rotation":  [ 30, 22, 0 ],
			"scale":  [ 0.625, 0.625, 0.625 ]
		}
	}
}