{
	"__comment": "Designed by Tsunami67 with Cubik Studio - https://cubik.studio",
	"textures": {
		"particle": "tsunami67/carreaux_salledebain",
		"texture": "blocks/stone_granite_smooth",
		"texture1": "blocks/wool_colored_red"
	},
	"elements": [ 	 
		{
			"__comment": "Box1",
			"from": [ 1, 0, 11 ],
			"to": [ 15, 6.5, 12 ],
			"faces": {
				"down": { "uv": [ 1, 4, 15, 5 ], "texture": "#texture" },
				"up": { "uv": [ 1, 11, 15, 12 ], "texture": "#texture" },
				"north": { "uv": [ 1, 9.5, 15, 16 ], "texture": "#texture" },
				"south": { "uv": [ 1, 9.5, 15, 16 ], "texture": "#particle" },
				"west": { "uv": [ 11, 9.5, 12, 16 ], "texture": "#particle" },
				"east": { "uv": [ 4, 9.5, 5, 16 ], "texture": "#particle" }
			}
		},
		{
			"__comment": "Box2",
			"from": [ 13.5, 0, 5 ],
			"to": [ 15, 6.5, 11 ],
			"faces": {
				"down": { "uv": [ 13.5, 5, 15, 11 ], "texture": "#texture" },
				"up": { "uv": [ 13.5, 5, 15, 11 ], "texture": "#texture" },
				"north": { "uv": [ 1, 9.5, 2.5, 16 ], "texture": "#texture" },
				"south": { "uv": [ 13.5, 9.5, 15, 16 ], "texture": "#texture" },
				"west": { "uv": [ 5, 9.5, 11, 16 ], "texture": "#texture" },
				"east": { "uv": [ 5, 9.5, 11, 16 ], "texture": "#particle" }
			}
		},
		{
			"__comment": "Box2",
			"from": [ 1, 0, 5 ],
			"to": [ 2.5, 6.5, 11 ],
			"faces": {
				"down": { "uv": [ 1, 5, 2.5, 11 ], "texture": "#texture" },
				"up": { "uv": [ 1, 5, 2.5, 11 ], "texture": "#texture" },
				"north": { "uv": [ 13.5, 9.5, 15, 16 ], "texture": "#texture" },
				"south": { "uv": [ 1, 9.5, 2.5, 16 ], "texture": "#texture" },
				"west": { "uv": [ 5, 9.5, 11, 16 ], "texture": "#particle" },
				"east": { "uv": [ 5, 9.5, 11, 16 ], "texture": "#texture" }
			}
		},
		{
			"__comment": "Box1",
			"from": [ 1, 0, 4 ],
			"to": [ 15, 6.5, 5 ],
			"faces": {
				"down": { "uv": [ 1, 11, 15, 12 ], "texture": "#texture" },
				"up": { "uv": [ 1, 4, 15, 5 ], "texture": "#texture" },
				"north": { "uv": [ 1, 9.5, 15, 16 ], "texture": "#particle" },
				"south": { "uv": [ 1, 9.5, 15, 16 ], "texture": "#texture" },
				"west": { "uv": [ 4, 9.5, 5, 16 ], "texture": "#particle" },
				"east": { "uv": [ 11, 9.5, 12, 16 ], "texture": "#particle" }
			}
		},
		{
			"__comment": "Box5",
			"from": [ 2.5, 0, 5 ],
			"to": [ 13.5, 1, 11 ],
			"faces": {
				"down": { "uv": [ 2.5, 5, 13.5, 11 ], "texture": "#texture" },
				"up": { "uv": [ 2.5, 5, 13.5, 11 ], "texture": "#texture" },
				"north": { "uv": [ 2.5, 15, 13.5, 16 ], "texture": "#texture" },
				"south": { "uv": [ 2.5, 15, 13.5, 16 ], "texture": "#texture" },
				"west": { "uv": [ 5, 15, 11, 16 ], "texture": "#texture" },
				"east": { "uv": [ 5, 15, 11, 16 ], "texture": "#texture" }
			}
		},
		{
			"__comment": "Box6",
			"from": [ 7, 5, 10.5 ],
			"to": [ 11.5, 7, 11 ],
			"faces": {
				"down": { "uv": [ 7, 5, 11.5, 5.5 ], "texture": "#texture1" },
				"up": { "uv": [ 0, 0, 16, 4.5 ], "texture": "#texture1" },
				"north": { "uv": [ 0, 0, 16, 16 ], "texture": "#texture1" },
				"south": { "uv": [ 0, 0, 16, 16 ], "texture": "#texture1" },
				"west": { "uv": [ 10.5, 9, 11, 11 ], "texture": "#texture1" },
				"east": { "uv": [ 5, 9, 5.5, 11 ], "texture": "#texture1" }
			}
		},
		{
			"__comment": "Box7",
			"from": [ 7, 6.5, 11 ],
			"to": [ 11.5, 7, 12 ],
			"faces": {
				"down": { "uv": [ 7, 4, 11.5, 5 ], "texture": "#texture1" },
				"up": { "uv": [ 0, 0, 16, 16 ], "texture": "#texture1" },
				"north": { "uv": [ 4.5, 9, 9, 9.5 ], "texture": "#texture1" },
				"south": { "uv": [ 7, 9, 11.5, 9.5 ], "texture": "#texture1" },
				"west": { "uv": [ 11, 9, 12, 9.5 ], "texture": "#texture1" },
				"east": { "uv": [ 4, 9, 5, 9.5 ], "texture": "#texture1" }
			}
		},
		{
			"__comment": "Box6",
			"from": [ 7, 4, 12 ],
			"to": [ 11.5, 7, 12.5 ],
			"faces": {
				"down": { "uv": [ 7, 3.5, 11.5, 4 ], "texture": "#texture1" },
				"up": { "uv": [ 0, 10.5, 16, 16 ], "texture": "#texture1" },
				"north": { "uv": [ 0, 0, 16, 16 ], "texture": "#texture1" },
				"south": { "uv": [ 0, 0, 16, 16 ], "texture": "#texture1" },
				"west": { "uv": [ 12, 9, 12.5, 12 ], "texture": "#texture1" },
				"east": { "uv": [ 3.5, 9, 4, 12 ], "texture": "#texture1" }
			}
		}
	],
	"display": {
		"thirdperson_righthand": {
			"scale":  [ 5, 2.5, 4 ]
		},
		"gui": {
			"rotation":  [ 30, -41, 0 ],
			"scale":  [ 0.625, 0.625, 0.625 ]
		}
	}
}