{
	"__comment": "Designed by Tsunami67 with Cubik Studio - https://cubik.studio",
	"textures": {
		"cheveux": "krasue/cheveux",
		"bouche": "krasue/bouche",
		"cou": "krasue/cou",
		"dents": "krasue/dents",
		"dents_devant": "krasue/dents_devant",
		"sang": "krasue/sang",
		"visage": "krasue/visage",
		"peau": "krasue/peau"
	},
	"elements": [ 	 
		{
			"__comment": "Box1",
			"from": [ 2, 8, 2 ],
			"to": [ 14, 20, 14 ],
			"faces": {
				"down": { "uv": [ 16, 16, 0, 0 ], "texture": "#bouche" },
				"up": { "uv": [ 2, 2, 14, 14 ], "texture": "#bouche" },
				"north": { "uv": [ 2, 0, 14.5, 3 ], "texture": "#visage" },
				"south": { "uv": [ 0, 0, 16, 16 ], "texture": "#visage" },
				"west": { "uv": [ 2, 0, 14, 8 ], "texture": "#peau" },
				"east": { "uv": [ 0, 0, 15.5, 11 ], "texture": "#peau" }
			}
		},
		{
			"__comment": "Box2",
			"from": [ 3, 6, 13 ],
			"to": [ 13, 8, 13.001 ],
			"faces": {
				"down": { "uv": [ 2, 2, 14, 14 ], "texture": "#dents_devant" },
				"up": { "uv": [ 2, 2, 14, 14 ], "texture": "#dents_devant" },
				"north": { "uv": [ 0, 0, 16, 4.5 ], "texture": "#dents_devant" },
				"south": { "uv": [ 0, 0, 16, 4.5 ], "texture": "#dents_devant" },
				"west": { "uv": [ 2, 10, 14, 11 ], "texture": "#dents_devant" },
				"east": { "uv": [ 2, 10, 14, 11 ], "texture": "#dents_devant" }
			}
		},
		{
			"__comment": "Box3",
			"from": [ 14, 11.5, 7 ],
			"to": [ 16, 16, 8 ],
			"faces": {
				"down": { "uv": [ 13, 9, 14, 11 ], "texture": "#peau" },
				"up": { "uv": [ 13, 5, 14, 7 ], "texture": "#peau" },
				"north": { "uv": [ 2, 3, 3, 7.5 ], "texture": "#peau" },
				"south": { "uv": [ 13, 3, 14, 7.5 ], "texture": "#peau" },
				"west": { "uv": [ 5, 3, 7, 7.5 ], "texture": "#peau" },
				"east": { "uv": [ 9, 3, 11, 7.5 ], "texture": "#peau" }
			}
		},
		{
			"__comment": "Box4",
			"from": [ 16, 13.5, 7 ],
			"to": [ 17, 16, 8 ],
			"faces": {
				"down": { "uv": [ 0, 8, 1, 9 ], "texture": "#peau" },
				"up": { "uv": [ 0, 7, 1, 8 ], "texture": "#peau" },
				"north": { "uv": [ 15, 0, 16, 2.5 ], "texture": "#peau" },
				"south": { "uv": [ 0, 0, 1, 2.5 ], "texture": "#peau" },
				"west": { "uv": [ 7, 0, 8, 2.5 ], "texture": "#peau" },
				"east": { "uv": [ 8, 0, 9, 2.5 ], "texture": "#peau" }
			}
		},
		{
			"__comment": "Box4",
			"from": [ -1, 13.5, 7 ],
			"to": [ 0, 16, 8 ],
			"faces": {
				"down": { "uv": [ 15, 8, 16, 9 ], "texture": "#peau" },
				"up": { "uv": [ 15, 7, 16, 8 ], "texture": "#peau" },
				"north": { "uv": [ 0, 0, 1, 2.5 ], "texture": "#peau" },
				"south": { "uv": [ 15, 0, 16, 2.5 ], "texture": "#peau" },
				"west": { "uv": [ 7, 0, 8, 2.5 ], "texture": "#peau" },
				"east": { "uv": [ 8, 0, 9, 2.5 ], "texture": "#peau" }
			}
		},
		{
			"__comment": "Box3",
			"from": [ 0, 11.5, 7 ],
			"to": [ 2, 16, 8 ],
			"faces": {
				"down": { "uv": [ 13, 9, 14, 11 ], "texture": "#peau" },
				"up": { "uv": [ 13, 5, 14, 7 ], "texture": "#peau" },
				"north": { "uv": [ 2, 3, 3, 7.5 ], "texture": "#peau" },
				"south": { "uv": [ 13, 3, 14, 7.5 ], "texture": "#peau" },
				"west": { "uv": [ 5, 3, 7, 7.5 ], "texture": "#peau" },
				"east": { "uv": [ 9, 3, 11, 7.5 ], "texture": "#peau" }
			}
		},
		{
			"__comment": "Box7",
			"from": [ 14.5, 1.5, 11.5 ],
			"to": [ 15.5, 18.5, 13.5 ],
			"faces": {
				"down": { "uv": [ 14.5, 2.5, 15.5, 4.5 ], "texture": "#cheveux" },
				"up": { "uv": [ 14.5, 11.5, 15.5, 13.5 ], "texture": "#cheveux" },
				"north": { "uv": [ 0.5, 0, 1.5, 14.5 ], "texture": "#cheveux" },
				"south": { "uv": [ 14.5, 0, 15.5, 14.5 ], "texture": "#cheveux" },
				"west": { "uv": [ 11.5, 0, 13.5, 14.5 ], "texture": "#cheveux" },
				"east": { "uv": [ 2.5, 0, 4.5, 14.5 ], "texture": "#cheveux" }
			}
		},
		{
			"__comment": "Box8",
			"from": [ 14, 12, 5 ],
			"to": [ 15, 20, 6 ],
			"faces": {
				"down": { "uv": [ 14, 10, 15, 11 ], "texture": "#cheveux" },
				"up": { "uv": [ 14, 5, 15, 6 ], "texture": "#cheveux" },
				"north": { "uv": [ 1, 0, 2, 4 ], "texture": "#cheveux" },
				"south": { "uv": [ 14, 0, 15, 4 ], "texture": "#cheveux" },
				"west": { "uv": [ 5, 0, 6, 4 ], "texture": "#cheveux" },
				"east": { "uv": [ 10, 0, 11, 4 ], "texture": "#cheveux" }
			}
		},
		{
			"__comment": "Box9",
			"from": [ 14, 14, 6 ],
			"to": [ 15, 20, 7 ],
			"faces": {
				"down": { "uv": [ 14, 9, 15, 10 ], "texture": "#cheveux" },
				"up": { "uv": [ 14, 6, 15, 7 ], "texture": "#cheveux" },
				"north": { "uv": [ 1, 0, 2, 2 ], "texture": "#cheveux" },
				"south": { "uv": [ 14, 0, 15, 2 ], "texture": "#cheveux" },
				"west": { "uv": [ 6, 0, 7, 2 ], "texture": "#cheveux" },
				"east": { "uv": [ 9, 0, 10, 2 ], "texture": "#cheveux" }
			}
		},
		{
			"__comment": "Box10",
			"from": [ 14, 17, 7 ],
			"to": [ 15, 20, 8 ],
			"faces": {
				"down": { "uv": [ 14, 8, 15, 9 ], "texture": "#cheveux" },
				"up": { "uv": [ 14, 7, 15, 8 ], "texture": "#cheveux" },
				"north": { "uv": [ 1, 12, 2, 15 ], "texture": "#cheveux" },
				"south": { "uv": [ 14, 12, 15, 15 ], "texture": "#cheveux" },
				"west": { "uv": [ 7, 12, 8, 15 ], "texture": "#cheveux" },
				"east": { "uv": [ 8, 12, 9, 15 ], "texture": "#cheveux" }
			}
		},
		{
			"__comment": "Box11",
			"from": [ 14, 18.5, 8 ],
			"to": [ 15, 20, 14 ],
			"faces": {
				"down": { "uv": [ 14, 2, 15, 8 ], "texture": "#cheveux" },
				"up": { "uv": [ 14, 8, 15, 14 ], "texture": "#cheveux" },
				"north": { "uv": [ 1, 12, 2, 13.5 ], "texture": "#cheveux" },
				"south": { "uv": [ 14, 12, 15, 13.5 ], "texture": "#cheveux" },
				"west": { "uv": [ 8, 12, 14, 13.5 ], "texture": "#cheveux" },
				"east": { "uv": [ 2, 12, 8, 13.5 ], "texture": "#cheveux" }
			}
		},
		{
			"__comment": "Box12",
			"from": [ 2, 20, 2 ],
			"to": [ 14, 21, 14.5 ],
			"faces": {
				"down": { "uv": [ 2, 1.5, 14, 14 ], "texture": "#cheveux" },
				"up": { "uv": [ 2, 2, 14, 14.5 ], "texture": "#cheveux" },
				"north": { "uv": [ 2, 11, 14, 12 ], "texture": "#cheveux" },
				"south": { "uv": [ 2, 11, 14, 12 ], "texture": "#cheveux" },
				"west": { "uv": [ 2, 11, 14.5, 12 ], "texture": "#cheveux" },
				"east": { "uv": [ 1.5, 11, 14, 12 ], "texture": "#cheveux" }
			}
		},
		{
			"__comment": "Box13",
			"from": [ 1.5, 18, 14 ],
			"to": [ 14.5, 20, 15 ],
			"faces": {
				"down": { "uv": [ 1.5, 1, 14.5, 2 ], "texture": "#cheveux" },
				"up": { "uv": [ 1.5, 14, 14.5, 15 ], "texture": "#cheveux" },
				"north": { "uv": [ 1.5, 12, 14.5, 14 ], "texture": "#cheveux" },
				"south": { "uv": [ 1.5, 12, 14.5, 14 ], "texture": "#cheveux" },
				"west": { "uv": [ 14, 12, 15, 14 ], "texture": "#cheveux" },
				"east": { "uv": [ 1, 12, 2, 14 ], "texture": "#cheveux" }
			}
		},
		{
			"__comment": "Box14",
			"from": [ 14, 10, 2 ],
			"to": [ 15, 20, 5 ],
			"faces": {
				"down": { "uv": [ 14, 11, 15, 14 ], "texture": "#cheveux" },
				"up": { "uv": [ 14, 2, 15, 5 ], "texture": "#cheveux" },
				"north": { "uv": [ 1, 0, 2, 6 ], "texture": "#cheveux" },
				"south": { "uv": [ 14, 0, 15, 6 ], "texture": "#cheveux" },
				"west": { "uv": [ 2, 0, 5, 6 ], "texture": "#cheveux" },
				"east": { "uv": [ 11, 0, 14, 6 ], "texture": "#cheveux" }
			}
		},
		{
			"__comment": "Box15",
			"from": [ 14, 8, 2 ],
			"to": [ 15, 10, 3.5 ],
			"faces": {
				"down": { "uv": [ 14, 12.5, 15, 14 ], "texture": "#cheveux" },
				"up": { "uv": [ 14, 2, 15, 3.5 ], "texture": "#cheveux" },
				"north": { "uv": [ 1, 6, 2, 8 ], "texture": "#cheveux" },
				"south": { "uv": [ 14, 6, 15, 8 ], "texture": "#cheveux" },
				"west": { "uv": [ 2, 6, 3.5, 8 ], "texture": "#cheveux" },
				"east": { "uv": [ 12.5, 6, 14, 8 ], "texture": "#cheveux" }
			}
		},
		{
			"__comment": "Box7",
			"from": [ 0.5, 1.5, 11.5 ],
			"to": [ 1.5, 18.5, 13.5 ],
			"faces": {
				"down": { "uv": [ 0.5, 2.5, 1.5, 4.5 ], "texture": "#cheveux" },
				"up": { "uv": [ 0.5, 11.5, 1.5, 13.5 ], "texture": "#cheveux" },
				"north": { "uv": [ 14.5, 0, 15.5, 14.5 ], "texture": "#cheveux" },
				"south": { "uv": [ 0.5, 0, 1.5, 14.5 ], "texture": "#cheveux" },
				"west": { "uv": [ 11.5, 0, 13.5, 14.5 ], "texture": "#cheveux" },
				"east": { "uv": [ 2.5, 0, 4.5, 14.5 ], "texture": "#cheveux" }
			}
		},
		{
			"__comment": "Box8",
			"from": [ 1, 12, 5 ],
			"to": [ 2, 20, 6 ],
			"faces": {
				"down": { "uv": [ 1, 10, 2, 11 ], "texture": "#cheveux" },
				"up": { "uv": [ 1, 5, 2, 6 ], "texture": "#cheveux" },
				"north": { "uv": [ 14, 0, 15, 4 ], "texture": "#cheveux" },
				"south": { "uv": [ 1, 0, 2, 4 ], "texture": "#cheveux" },
				"west": { "uv": [ 5, 0, 6, 4 ], "texture": "#cheveux" },
				"east": { "uv": [ 10, 0, 11, 4 ], "texture": "#cheveux" }
			}
		},
		{
			"__comment": "Box9",
			"from": [ 1, 14, 6 ],
			"to": [ 2, 20, 7 ],
			"faces": {
				"down": { "uv": [ 1, 9, 2, 10 ], "texture": "#cheveux" },
				"up": { "uv": [ 1, 6, 2, 7 ], "texture": "#cheveux" },
				"north": { "uv": [ 14, 0, 15, 2 ], "texture": "#cheveux" },
				"south": { "uv": [ 1, 0, 2, 2 ], "texture": "#cheveux" },
				"west": { "uv": [ 6, 0, 7, 2 ], "texture": "#cheveux" },
				"east": { "uv": [ 9, 0, 10, 2 ], "texture": "#cheveux" }
			}
		},
		{
			"__comment": "Box10",
			"from": [ 1, 17, 7 ],
			"to": [ 2, 20, 8 ],
			"faces": {
				"down": { "uv": [ 1, 8, 2, 9 ], "texture": "#cheveux" },
				"up": { "uv": [ 1, 7, 2, 8 ], "texture": "#cheveux" },
				"north": { "uv": [ 14, 12, 15, 15 ], "texture": "#cheveux" },
				"south": { "uv": [ 1, 12, 2, 15 ], "texture": "#cheveux" },
				"west": { "uv": [ 7, 12, 8, 15 ], "texture": "#cheveux" },
				"east": { "uv": [ 8, 12, 9, 15 ], "texture": "#cheveux" }
			}
		},
		{
			"__comment": "Box11",
			"from": [ 1, 18.5, 8 ],
			"to": [ 2, 20, 14 ],
			"faces": {
				"down": { "uv": [ 1, 2, 2, 8 ], "texture": "#cheveux" },
				"up": { "uv": [ 1, 8, 2, 14 ], "texture": "#cheveux" },
				"north": { "uv": [ 14, 12, 15, 13.5 ], "texture": "#cheveux" },
				"south": { "uv": [ 1, 12, 2, 13.5 ], "texture": "#cheveux" },
				"west": { "uv": [ 8, 12, 14, 13.5 ], "texture": "#cheveux" },
				"east": { "uv": [ 2, 12, 8, 13.5 ], "texture": "#cheveux" }
			}
		},
		{
			"__comment": "Box15",
			"from": [ 1, 8, 2 ],
			"to": [ 2, 10, 3.5 ],
			"faces": {
				"down": { "uv": [ 1, 12.5, 2, 14 ], "texture": "#cheveux" },
				"up": { "uv": [ 1, 2, 2, 3.5 ], "texture": "#cheveux" },
				"north": { "uv": [ 14, 6, 15, 8 ], "texture": "#cheveux" },
				"south": { "uv": [ 1, 6, 2, 8 ], "texture": "#cheveux" },
				"west": { "uv": [ 2, 6, 3.5, 8 ], "texture": "#cheveux" },
				"east": { "uv": [ 12.5, 6, 14, 8 ], "texture": "#cheveux" }
			}
		},
		{
			"__comment": "Box14",
			"from": [ 1, 10, 2 ],
			"to": [ 2, 20, 5 ],
			"faces": {
				"down": { "uv": [ 1, 11, 2, 14 ], "texture": "#cheveux" },
				"up": { "uv": [ 1, 2, 2, 5 ], "texture": "#cheveux" },
				"north": { "uv": [ 14, 0, 15, 6 ], "texture": "#cheveux" },
				"south": { "uv": [ 1, 0, 2, 6 ], "texture": "#cheveux" },
				"west": { "uv": [ 2, 0, 5, 6 ], "texture": "#cheveux" },
				"east": { "uv": [ 11, 0, 14, 6 ], "texture": "#cheveux" }
			}
		},
		{
			"__comment": "Box23",
			"from": [ 2, -9.5, 1 ],
			"to": [ 14, 20.5, 2 ],
			"faces": {
				"down": { "uv": [ 2, 14, 14, 15 ], "texture": "#cheveux" },
				"up": { "uv": [ 2, 1, 14, 2 ], "texture": "#cheveux" },
				"north": { "uv": [ 2, 0, 14, 16 ], "texture": "#cheveux" },
				"south": { "uv": [ 2, 0, 14, 16 ], "texture": "#cheveux" },
				"west": { "uv": [ 1, 0, 2, 16 ], "texture": "#cheveux" },
				"east": { "uv": [ 14, 0, 15, 16 ], "texture": "#cheveux" }
			}
		},
		{
			"__comment": "Box24",
			"from": [ 4.5, 1.5, 2.5 ],
			"to": [ 11.5, 7.5, 8.5 ],
			"rotation": { "origin": [ 4.5, 1.5, 2.5 ], "axis": "x", "angle": 22.5 },
			"faces": {
				"down": { "uv": [ 0, 0, 16, 16 ], "texture": "#bouche" },
				"up": { "uv": [ 5, 3.5, 11, 8 ], "texture": "#cou" },
				"north": { "uv": [ 0, 0, 16, 16 ], "texture": "#cou" },
				"south": { "uv": [ 0, 0, 16, 16 ], "texture": "#cou" },
				"west": { "uv": [ 0, 0, 16, 16 ], "texture": "#cou" },
				"east": { "uv": [ 0, 0, 16, 16 ], "texture": "#cou" }
			}
		},
		{
			"__comment": "Box25",
			"from": [ 9, -6.5, 3.5 ],
			"to": [ 10, 2, 4.5 ],
			"faces": {
				"down": { "uv": [ 4, 5, 13.5, 14 ], "texture": "#sang" },
				"up": { "uv": [ 4.5, 1, 15, 9.5 ], "texture": "#sang" },
				"north": { "uv": [ 4, 2, 15, 15 ], "texture": "#sang" },
				"south": { "uv": [ 3.5, 2, 15, 13 ], "texture": "#sang" },
				"west": { "uv": [ 3.5, 1, 15, 13.5 ], "texture": "#sang" },
				"east": { "uv": [ 3.5, 2, 15.5, 14.5 ], "texture": "#sang" }
			}
		},
		{
			"__comment": "Box26",
			"from": [ 7.5, -7, 4.5 ],
			"to": [ 8.5, 1, 5.5 ],
			"faces": {
				"down": { "uv": [ 3.5, 3, 15, 15 ], "texture": "#sang" },
				"up": { "uv": [ 7.5, 4.5, 8.5, 5.5 ], "texture": "#sang" },
				"north": { "uv": [ 2, 1.5, 14, 15 ], "texture": "#sang" },
				"south": { "uv": [ 0.5, 2, 13, 15 ], "texture": "#sang" },
				"west": { "uv": [ 3.5, 1, 13, 11.5 ], "texture": "#sang" },
				"east": { "uv": [ 2.5, 1, 14.5, 14 ], "texture": "#sang" }
			}
		},
		{
			"__comment": "Box27",
			"from": [ 7.5, -9, 4.5 ],
			"to": [ 9.5, -7, 6.5 ],
			"faces": {
				"down": { "uv": [ 3.5, 1, 13.5, 12.5 ], "texture": "#sang" },
				"up": { "uv": [ 4.5, 2, 15, 16 ], "texture": "#sang" },
				"north": { "uv": [ 5, 2, 16, 13.5 ], "texture": "#sang" },
				"south": { "uv": [ 7.5, 7, 15.5, 16 ], "texture": "#sang" },
				"west": { "uv": [ 4.5, 7, 15, 16 ], "texture": "#sang" },
				"east": { "uv": [ 6, 2.5, 15, 15.5 ], "texture": "#sang" }
			}
		},
		{
			"__comment": "Box28",
			"from": [ 8.5, -13, 4 ],
			"to": [ 10.5, -9, 7 ],
			"faces": {
				"down": { "uv": [ 4.5, 3, 16, 16 ], "texture": "#sang" },
				"up": { "uv": [ 5, 2, 16, 16 ], "texture": "#sang" },
				"north": { "uv": [ 3, 1.5, 16, 16 ], "texture": "#sang" },
				"south": { "uv": [ 4, 1.5, 13, 13 ], "texture": "#sang" },
				"west": { "uv": [ 2, 0, 16, 16 ], "texture": "#sang" },
				"east": { "uv": [ 4.5, 1, 16, 13.5 ], "texture": "#sang" }
			}
		},
		{
			"__comment": "Box25",
			"from": [ 6.5, -4, 6 ],
			"to": [ 7.5, 0.5, 7 ],
			"faces": {
				"down": { "uv": [ 3.5, 1.5, 12.5, 14 ], "texture": "#sang" },
				"up": { "uv": [ 4, 1.5, 13.5, 14 ], "texture": "#sang" },
				"north": { "uv": [ 3, 1.5, 8.5, 12 ], "texture": "#sang" },
				"south": { "uv": [ 6, 3, 12, 16 ], "texture": "#sang" },
				"west": { "uv": [ 7, 1.5, 13, 15.5 ], "texture": "#sang" },
				"east": { "uv": [ 6, 0, 13.5, 13 ], "texture": "#sang" }
			}
		},
		{
			"__comment": "Box2",
			"from": [ 2, 8, 2 ],
			"to": [ 14, 9, 14 ],
			"rotation": { "origin": [ 2, 8, 2 ], "axis": "x", "angle": 22.5 },
			"faces": {
				"down": { "uv": [ 2, 2, 14, 14 ], "texture": "#peau" },
				"up": { "uv": [ 0, 0, 16, 16 ], "texture": "#bouche" },
				"north": { "uv": [ 2, 10, 14, 11 ], "texture": "#peau" },
				"south": { "uv": [ 2, 10, 14, 11 ], "texture": "#peau" },
				"west": { "uv": [ 2, 10, 14, 11 ], "texture": "#peau" },
				"east": { "uv": [ 2, 10, 14, 11 ], "texture": "#peau" }
			}
		},
		{
			"__comment": "Box2",
			"from": [ 2.5, 7.5, 6 ],
			"to": [ 2.501, 8.5, 13.5 ],
			"rotation": { "origin": [ 2.5, 7.5, 6 ], "axis": "x", "angle": 22.5 },
			"faces": {
				"down": { "uv": [ 2, 2, 14, 14 ], "texture": "#dents" },
				"up": { "uv": [ 2, 2, 14, 14 ], "texture": "#dents" },
				"north": { "uv": [ 2, 10, 14, 11 ], "texture": "#dents" },
				"south": { "uv": [ 0, 0, 16, 2.5 ], "texture": "#dents" },
				"west": { "uv": [ 0, 2.5, 16, 0 ], "texture": "#dents" },
				"east": { "uv": [ 0, 2.5, 16, 0 ], "texture": "#dents" }
			}
		},
		{
			"__comment": "Box2",
			"from": [ 13.5, 7.5, 6 ],
			"to": [ 13.501, 8.5, 13.5 ],
			"rotation": { "origin": [ 13.5, 7.5, 6 ], "axis": "x", "angle": 22.5 },
			"faces": {
				"down": { "uv": [ 2, 2, 14, 14 ], "texture": "#dents" },
				"up": { "uv": [ 2, 2, 14, 14 ], "texture": "#dents" },
				"north": { "uv": [ 2, 10, 14, 11 ], "texture": "#dents" },
				"south": { "uv": [ 2, 10, 14, 11 ], "texture": "#dents" },
				"west": { "uv": [ 0, 2.5, 16, 0 ], "texture": "#dents" },
				"east": { "uv": [ 0, 2.5, 16, 0 ], "texture": "#dents" }
			}
		},
		{
			"__comment": "Box2",
			"from": [ 3, 4.5, 13 ],
			"to": [ 13, 5.5, 13.001 ],
			"rotation": { "origin": [ 3, 4.5, 13 ], "axis": "x", "angle": 22.5 },
			"faces": {
				"down": { "uv": [ 2, 2, 14, 14 ], "texture": "#dents" },
				"up": { "uv": [ 2, 2, 14, 14 ], "texture": "#dents" },
				"north": { "uv": [ 0, 2.5, 16, 0 ], "texture": "#dents" },
				"south": { "uv": [ 0, 2.5, 16, 0 ], "texture": "#dents" },
				"west": { "uv": [ 0, 2.5, 16, 0 ], "texture": "#dents" },
				"east": { "uv": [ 0, 2.5, 16, 0 ], "texture": "#dents" }
			}
		}
	],
	"display": {
		"thirdperson_righthand": {
			"scale":  [ 0.7, 0.7, 0.7 ]
		},
		"gui": {
			"rotation":  [ 30, -50, 0 ],
			"scale":  [ 0.4, 0.4, 0.4 ]
		},
		"head": {
			"rotation":  [ 0, 180, 0 ],
			"translation":  [ 0, -2.086, 0 ]
		}
	}
}