{
	"__comment": "Designed by Tsunami67 with Cubik Studio - https://cubik.studio",
	"textures": {
		"particle": "blocks/e_particle",
		"texture": "tsunami67/code"
	},
	"elements": [ 	 
		{
			"__comment": "Box1",
			"from": [ 2, 5, 7 ],
			"to": [ 14, 11, 8 ],
			"faces": {
				"down": { "uv": [ 2, 13.5, 14, 14.5 ], "texture": "#texture" },
				"up": { "uv": [ 2, 2, 14, 3 ], "texture": "#texture" },
				"north": { "uv": [ 2, 0, 14, 3.5 ], "texture": "#texture" },
				"south": { "uv": [ 0, 0, 16, 16 ], "texture": "#texture" },
				"west": { "uv": [ 1, 0.5, 2, 6.5 ], "texture": "#texture" },
				"east": { "uv": [ 0.5, 0.5, 1.5, 6.5 ], "texture": "#texture" }
			}
		}
	],
	"display": {
		"thirdperson_righthand": {
			"rotation":  [ 90, 0, 0 ],
			"translation":  [ -5.565, -1.391, 14.608 ],
			"scale":  [ 0.7, 0.7, 0.7 ]
		},
		"firstperson_righthand": {
			"rotation":  [ 0, -47, 0 ],
			"translation":  [ -1.391, 2.0869, -2.086 ]
		},
		"firstperson_lefthand": {
			"rotation":  [ 0, -47, 0 ],
			"translation":  [ -1.391, 2.0869, -2.086 ]
		}
	}
}