{
	"__comment": "Designed by Tsunami67 with Cubik Studio - https://cubik.studio",
	"textures": {
		"particle": "blocks/stone_granite_smooth",
		"texture": "blocks/planks_acacia"
	},
	"elements": [ 	 
		{
			"__comment": "Box1",
			"from": [ 8, 0, 5 ],
			"to": [ 16, 9, 6 ],
			"faces": {
				"down": { "uv": [ 4, 10, 12, 11 ], "texture": "#texture" },
				"up": { "uv": [ 4, 5, 12, 6 ], "texture": "#texture" },
				"north": { "uv": [ 0, 0, 16, 16 ], "texture": "#texture" },
				"south": { "uv": [ 0, 0, 16, 16 ], "texture": "#texture" },
				"west": { "uv": [ 5, 7, 6, 16 ], "texture": "#texture" },
				"east": { "uv": [ 10, 7, 11, 16 ], "texture": "#texture" }
			}
		},
		{
			"__comment": "Box2",
			"from": [ 15.5, 0, 6 ],
			"to": [ 16, 9, 11.5 ],
			"faces": {
				"down": { "uv": [ 11.5, 8, 12, 10 ], "texture": "#texture" },
				"up": { "uv": [ 11.5, 6, 16, 14.5 ], "texture": "#texture" },
				"north": { "uv": [ 3, 0, 9.5, 16 ], "texture": "#texture" },
				"south": { "uv": [ 7, 0, 16, 16 ], "texture": "#texture" },
				"west": { "uv": [ 5, 0, 14, 16 ], "texture": "#texture" },
				"east": { "uv": [ 3.5, 0, 15.5, 16 ], "texture": "#texture" }
			}
		},
		{
			"__comment": "Box4",
			"from": [ 7.5, 8.5, 6 ],
			"to": [ 15.5, 9, 11.5 ],
			"faces": {
				"down": { "uv": [ 0, 3, 16, 13.5 ], "texture": "#texture" },
				"up": { "uv": [ 0, 1, 16, 14 ], "texture": "#texture" },
				"north": { "uv": [ 0, 6, 16, 10.5 ], "texture": "#texture" },
				"south": { "uv": [ 4.5, 7, 11.5, 7.5 ], "texture": "#texture" },
				"west": { "uv": [ 6, 7, 8, 7.5 ], "texture": "#texture" },
				"east": { "uv": [ 8, 7, 10, 7.5 ], "texture": "#texture" }
			}
		},
		{
			"__comment": "Box4",
			"from": [ 7.5, 6, 6 ],
			"to": [ 15.5, 6.5, 11.5 ],
			"faces": {
				"down": { "uv": [ 4.5, 8, 11.5, 10 ], "texture": "#texture" },
				"up": { "uv": [ 0, 2.5, 16, 13.5 ], "texture": "#texture" },
				"north": { "uv": [ 0, 5.5, 16, 12 ], "texture": "#texture" },
				"south": { "uv": [ 4.5, 9.5, 11.5, 10 ], "texture": "#texture" },
				"west": { "uv": [ 6, 9.5, 8, 10 ], "texture": "#texture" },
				"east": { "uv": [ 8, 9.5, 10, 10 ], "texture": "#texture" }
			}
		},
		{
			"__comment": "Box4",
			"from": [ 7.5, 0, 6 ],
			"to": [ 15.5, 0.5, 11.5 ],
			"faces": {
				"down": { "uv": [ 4.5, 8, 11.5, 10 ], "texture": "#texture" },
				"up": { "uv": [ 0, 3, 16, 13 ], "texture": "#texture" },
				"north": { "uv": [ 0, 5, 16, 10 ], "texture": "#texture" },
				"south": { "uv": [ 4.5, 15.5, 11.5, 16 ], "texture": "#texture" },
				"west": { "uv": [ 6, 15.5, 8, 16 ], "texture": "#texture" },
				"east": { "uv": [ 8, 15.5, 10, 16 ], "texture": "#texture" }
			}
		},
		{
			"__comment": "Box4",
			"from": [ 7.5, 3, 6 ],
			"to": [ 15.5, 3.5, 11.5 ],
			"faces": {
				"down": { "uv": [ 0, 2.5, 16, 12 ], "texture": "#texture" },
				"up": { "uv": [ 0, 3.5, 16, 12 ], "texture": "#texture" },
				"north": { "uv": [ 0, 4.5, 16, 12 ], "texture": "#texture" },
				"south": { "uv": [ 4.5, 12.5, 11.5, 13 ], "texture": "#texture" },
				"west": { "uv": [ 6, 12.5, 8, 13 ], "texture": "#texture" },
				"east": { "uv": [ 8, 12.5, 10, 13 ], "texture": "#texture" }
			}
		},
		{
			"__comment": "Box4",
			"from": [ 0.5, 3, 6 ],
			"to": [ 7.5, 3.5, 11.5 ],
			"faces": {
				"down": { "uv": [ 0, 2.5, 16, 12 ], "texture": "#texture" },
				"up": { "uv": [ 0, 3.5, 16, 12 ], "texture": "#texture" },
				"north": { "uv": [ 0, 4.5, 16, 12 ], "texture": "#texture" },
				"south": { "uv": [ 4.5, 12.5, 11.5, 13 ], "texture": "#texture" },
				"west": { "uv": [ 6, 12.5, 8, 13 ], "texture": "#texture" },
				"east": { "uv": [ 8, 12.5, 10, 13 ], "texture": "#texture" }
			}
		},
		{
			"__comment": "Box4",
			"from": [ 0.5, 0, 6 ],
			"to": [ 7.5, 0.5, 11.5 ],
			"faces": {
				"down": { "uv": [ 4.5, 8, 11.5, 10 ], "texture": "#texture" },
				"up": { "uv": [ 0, 3, 16, 13 ], "texture": "#texture" },
				"north": { "uv": [ 0, 5, 16, 10 ], "texture": "#texture" },
				"south": { "uv": [ 4.5, 15.5, 11.5, 16 ], "texture": "#texture" },
				"west": { "uv": [ 6, 15.5, 8, 16 ], "texture": "#texture" },
				"east": { "uv": [ 8, 15.5, 10, 16 ], "texture": "#texture" }
			}
		},
		{
			"__comment": "Box4",
			"from": [ 0.5, 6, 6 ],
			"to": [ 7.5, 6.5, 11.5 ],
			"faces": {
				"down": { "uv": [ 4.5, 8, 11.5, 10 ], "texture": "#texture" },
				"up": { "uv": [ 0, 2.5, 16, 13.5 ], "texture": "#texture" },
				"north": { "uv": [ 0, 5.5, 16, 12 ], "texture": "#texture" },
				"south": { "uv": [ 4.5, 9.5, 11.5, 10 ], "texture": "#texture" },
				"west": { "uv": [ 6, 9.5, 8, 10 ], "texture": "#texture" },
				"east": { "uv": [ 8, 9.5, 10, 10 ], "texture": "#texture" }
			}
		},
		{
			"__comment": "Box4",
			"from": [ 0.5, 8.5, 6 ],
			"to": [ 7.5, 9, 11.5 ],
			"faces": {
				"down": { "uv": [ 0, 3, 16, 13.5 ], "texture": "#texture" },
				"up": { "uv": [ 0, 1, 16, 14 ], "texture": "#texture" },
				"north": { "uv": [ 0, 6, 16, 10.5 ], "texture": "#texture" },
				"south": { "uv": [ 4.5, 7, 11.5, 7.5 ], "texture": "#texture" },
				"west": { "uv": [ 6, 7, 8, 7.5 ], "texture": "#texture" },
				"east": { "uv": [ 8, 7, 10, 7.5 ], "texture": "#texture" }
			}
		},
		{
			"__comment": "Box2",
			"from": [ 0, 0, 6 ],
			"to": [ 0.5, 9, 11.5 ],
			"faces": {
				"down": { "uv": [ 4, 8, 13, 16 ], "texture": "#texture" },
				"up": { "uv": [ 4, 6, 15, 15.5 ], "texture": "#texture" },
				"north": { "uv": [ 4, 0, 10.5, 16 ], "texture": "#texture" },
				"south": { "uv": [ 3.5, 0, 10, 16 ], "texture": "#texture" },
				"west": { "uv": [ 4, 0, 13, 16 ], "texture": "#texture" },
				"east": { "uv": [ 4, 0, 14, 16 ], "texture": "#texture" }
			}
		},
		{
			"__comment": "Box1",
			"from": [ 0, 0, 5 ],
			"to": [ 8, 9, 6 ],
			"faces": {
				"down": { "uv": [ 4, 10, 12, 11 ], "texture": "#texture" },
				"up": { "uv": [ 4, 5, 12, 6 ], "texture": "#texture" },
				"north": { "uv": [ 0, 0, 16, 16 ], "texture": "#texture" },
				"south": { "uv": [ 0, 0, 16, 16 ], "texture": "#texture" },
				"west": { "uv": [ 5, 7, 6, 16 ], "texture": "#texture" },
				"east": { "uv": [ 10, 7, 11, 16 ], "texture": "#texture" }
			}
		},
		{
			"__comment": "Box16",
			"from": [ 3, 6.5, 9.5 ],
			"to": [ 6, 7, 11 ],
			"rotation": { "origin": [ 3, 6.5, 9.5 ], "axis": "y", "angle": 22.5 },
			"faces": {
				"down": { "uv": [ 7, 8.5, 10, 10 ], "texture": "#particle" },
				"up": { "uv": [ 7, 6, 10, 7.5 ], "texture": "#particle" },
				"north": { "uv": [ 6, 12, 9, 12.5 ], "texture": "#particle" },
				"south": { "uv": [ 7, 12, 10, 12.5 ], "texture": "#particle" },
				"west": { "uv": [ 6, 12, 7.5, 12.5 ], "texture": "#particle" },
				"east": { "uv": [ 8.5, 12, 10, 12.5 ], "texture": "#particle" }
			}
		},
		{
			"__comment": "Box16",
			"from": [ 7.5, 3.5, 9.5 ],
			"to": [ 10.5, 4, 11 ],
			"rotation": { "origin": [ 7.5, 3.5, 9.5 ], "axis": "y", "angle": -22.5 },
			"faces": {
				"down": { "uv": [ 7, 8.5, 10, 10 ], "texture": "#particle" },
				"up": { "uv": [ 7, 6, 10, 7.5 ], "texture": "#particle" },
				"north": { "uv": [ 6, 12, 9, 12.5 ], "texture": "#particle" },
				"south": { "uv": [ 7, 12, 10, 12.5 ], "texture": "#particle" },
				"west": { "uv": [ 6, 12, 7.5, 12.5 ], "texture": "#particle" },
				"east": { "uv": [ 8.5, 12, 10, 12.5 ], "texture": "#particle" }
			}
		}
	],
	"display": {
		"thirdperson_righthand": {
			"scale":  [ 1.6, 1.7, 2 ]
		},
		"gui": {
			"rotation":  [ 30, -36, 0 ],
			"scale":  [ 0.625, 0.625, 0.625 ]
		}
	}
}