{
"__comment": "Designed by Tsunami67 with BDcraft Cubik PRO 0.96 Beta - http://bdcraft.net",
"textures": {
    "particle": "tsunami67/etagere",
    "texture": "tsunami67/etagere"
},
"elements": [ 
{
    "from": [ 1, 0, 4 ],
    "to": [ 2, 15, 5 ],
    "faces": {
        "down":  { "uv": [ 0, 0, 16, 16 ], "texture": "#texture" },
        "up":    { "uv": [ 0, 0, 16, 16 ], "texture": "#texture" },
        "north": { "uv": [ 0, 0, 16, 16 ], "texture": "#texture" },
        "south": { "uv": [ 0, 0, 16, 16 ], "texture": "#texture" },
        "west":  { "uv": [ 0, 0, 16, 16 ], "texture": "#texture" },
        "east":  { "uv": [ 0, 0, 16, 16 ], "texture": "#texture" }
    }
},
{
    "from": [ 1, 0, 11 ],
    "to": [ 2, 15, 12 ],
    "faces": {
        "down":  { "uv": [ 0, 0, 16, 16 ], "texture": "#texture" },
        "up":    { "uv": [ 0, 0, 16, 16 ], "texture": "#texture" },
        "north": { "uv": [ 0, 0, 16, 16 ], "texture": "#texture" },
        "south": { "uv": [ 0, 0, 16, 16 ], "texture": "#texture" },
        "west":  { "uv": [ 0, 0, 16, 16 ], "texture": "#texture" },
        "east":  { "uv": [ 0, 0, 16, 16 ], "texture": "#texture" }
    }
},
{
    "from": [ 14, 0, 4 ],
    "to": [ 15, 15, 5 ],
    "faces": {
        "down":  { "uv": [ 0, 0, 16, 16 ], "texture": "#texture" },
        "up":    { "uv": [ 0, 0, 16, 16 ], "texture": "#texture" },
        "north": { "uv": [ 0, 0, 16, 16 ], "texture": "#texture" },
        "south": { "uv": [ 0, 0, 16, 16 ], "texture": "#texture" },
        "west":  { "uv": [ 0, 0, 16, 16 ], "texture": "#texture" },
        "east":  { "uv": [ 0, 0, 16, 16 ], "texture": "#texture" }
    }
},
{
    "from": [ 14, 0, 11 ],
    "to": [ 15, 15, 12 ],
    "faces": {
        "down":  { "uv": [ 0, 0, 16, 16 ], "texture": "#texture" },
        "up":    { "uv": [ 0, 0, 16, 16 ], "texture": "#texture" },
        "north": { "uv": [ 0, 0, 16, 16 ], "texture": "#texture" },
        "south": { "uv": [ 0, 0, 16, 16 ], "texture": "#texture" },
        "west":  { "uv": [ 0, 0, 16, 16 ], "texture": "#texture" },
        "east":  { "uv": [ 0, 0, 16, 16 ], "texture": "#texture" }
    }
},
{
    "from": [ 1, 12.5, 5 ],
    "to": [ 2, 13.5, 11 ],
    "faces": {
        "down":  { "uv": [ 0, 0, 16, 16 ], "texture": "#texture" },
        "up":    { "uv": [ 0, 0, 16, 16 ], "texture": "#texture" },
        "north": { "uv": [ 0, 0, 16, 16 ], "texture": "#texture" },
        "south": { "uv": [ 0, 0, 16, 16 ], "texture": "#texture" },
        "west":  { "uv": [ 0, 0, 16, 16 ], "texture": "#texture" },
        "east":  { "uv": [ 0, 0, 16, 16 ], "texture": "#texture" }
    }
},
{
    "from": [ 14, 12.5, 5 ],
    "to": [ 15, 13.5, 11 ],
    "faces": {
        "down":  { "uv": [ 0, 0, 16, 16 ], "texture": "#texture" },
        "up":    { "uv": [ 0, 0, 16, 16 ], "texture": "#texture" },
        "north": { "uv": [ 0, 0, 16, 16 ], "texture": "#texture" },
        "south": { "uv": [ 0, 0, 16, 16 ], "texture": "#texture" },
        "west":  { "uv": [ 0, 0, 16, 16 ], "texture": "#texture" },
        "east":  { "uv": [ 0, 0, 16, 16 ], "texture": "#texture" }
    }
},
{
    "from": [ 1, 5.5, 5 ],
    "to": [ 2, 6.5, 11 ],
    "faces": {
        "down":  { "uv": [ 0, 0, 16, 16 ], "texture": "#texture" },
        "up":    { "uv": [ 0, 0, 16, 16 ], "texture": "#texture" },
        "north": { "uv": [ 0, 0, 16, 16 ], "texture": "#texture" },
        "south": { "uv": [ 0, 0, 16, 16 ], "texture": "#texture" },
        "west":  { "uv": [ 0, 0, 16, 16 ], "texture": "#texture" },
        "east":  { "uv": [ 0, 0, 16, 16 ], "texture": "#texture" }
    }
},
{
    "from": [ 14, 5.5, 5 ],
    "to": [ 15, 6.5, 11 ],
    "faces": {
        "down":  { "uv": [ 0, 0, 16, 16 ], "texture": "#texture" },
        "up":    { "uv": [ 0, 0, 16, 16 ], "texture": "#texture" },
        "north": { "uv": [ 0, 0, 16, 16 ], "texture": "#texture" },
        "south": { "uv": [ 0, 0, 16, 16 ], "texture": "#texture" },
        "west":  { "uv": [ 0, 0, 16, 16 ], "texture": "#texture" },
        "east":  { "uv": [ 0, 0, 16, 16 ], "texture": "#texture" }
    }
},
{
    "from": [ 0.5, 13.5, 5 ],
    "to": [ 15.5, 14, 11 ],
    "faces": {
        "down":  { "uv": [ 15.5, 11, 0.5, 5 ], "texture": "#particle" },
        "up":    { "uv": [ 0.5, 5, 15.5, 11 ], "texture": "#particle" },
        "north": { "uv": [ 0.5, 2, 15.5, 2.5 ], "texture": "#particle" },
        "south": { "uv": [ 0.5, 2, 15.5, 2.5 ], "texture": "#particle" },
        "west":  { "uv": [ 5, 2, 11, 2.5 ], "texture": "#particle" },
        "east":  { "uv": [ 5, 2, 11, 2.5 ], "texture": "#particle" }
    }
},
{
    "from": [ 0.5, 0, 5 ],
    "to": [ 15.5, 0.5, 11 ],
    "faces": {
        "down":  { "uv": [ 15.5, 11, 0.5, 5 ], "texture": "#particle" },
        "up":    { "uv": [ 0.5, 5, 15.5, 11 ], "texture": "#particle" },
        "north": { "uv": [ 0.5, 15.5, 15.5, 16 ], "texture": "#particle" },
        "south": { "uv": [ 0.5, 15.5, 15.5, 16 ], "texture": "#particle" },
        "west":  { "uv": [ 5, 15.5, 11, 16 ], "texture": "#particle" },
        "east":  { "uv": [ 5, 15.5, 11, 16 ], "texture": "#particle" }
    }
},
{
    "from": [ 0.5, 6.5, 5 ],
    "to": [ 15.5, 7, 11 ],
    "faces": {
        "down":  { "uv": [ 15.5, 11, 0.5, 5 ], "texture": "#particle" },
        "up":    { "uv": [ 0.5, 5, 15.5, 11 ], "texture": "#particle" },
        "north": { "uv": [ 0.5, 9, 15.5, 9.5 ], "texture": "#particle" },
        "south": { "uv": [ 0.5, 9, 15.5, 9.5 ], "texture": "#particle" },
        "west":  { "uv": [ 5, 9, 11, 9.5 ], "texture": "#particle" },
        "east":  { "uv": [ 5, 9, 11, 9.5 ], "texture": "#particle" }
    }
}
],
"display": {
    "thirdperson_righthand": {
        "rotation": [ 0, 0, 0 ],
        "translation": [ 0, 0, -24 ],
        "scale": [ 3, 2, 2 ]
    },
    "thirdperson_lefthand": {
        "rotation": [ 0, 0, 0 ],
        "translation": [ 0, 0, -24 ],
        "scale": [ 2, 3, 2 ]
    },
    "gui": {
        "rotation": [ 30, 225, 0 ],
        "translation": [ 0, 0, 0 ],
        "scale": [ 0.625, 0.625, 0.625 ]
    }
}
}