{
	"__comment": "Designed by Tsunami67 with Cubik Studio - https://cubik.studio",
	"textures": {
		"particle": "blocks/planks_acacia",
		"texture": "tableaux/14"
	},
	"elements": [ 	 
		{
			"__comment": "Box1",
			"from": [ 0, 0, 7 ],
			"to": [ 16, 16, 9.5 ],
			"faces": {
				"down": { "uv": [ 0.5, 0.5, 16, 0 ], "texture": "#texture" },
				"up": { "uv": [ 0, 0, 16, 0.5 ], "texture": "#texture" },
				"north": { "uv": [ 0, 0, 16, 0.5 ], "texture": "#texture" },
				"south": { "uv": [ 0, 0, 16, 16 ], "texture": "#texture" },
				"west": { "uv": [ 7, 0, 15.5, 0.5 ], "texture": "#texture" },
				"east": { "uv": [ 6.5, 0, 16, 0.5 ], "texture": "#texture" }
			}
		}
	]
}