{
	"__comment": "Designed by Tsunami67 with Cubik Studio - https://cubik.studio",
	"textures": {
		"particle": "blocks/e_particle",
		"texture": "tsunami67/carton"
	},
	"elements": [ 	 
		{
			"__comment": "Box1",
			"from": [ 1, 0, 5 ],
			"to": [ 2, 16, 11 ],
			"faces": {
				"down": { "uv": [ 1, 5, 2, 11 ], "texture": "#texture" },
				"up": { "uv": [ 1, 5, 2, 11 ], "texture": "#texture" },
				"north": { "uv": [ 14, 0, 15, 16 ], "texture": "#texture" },
				"south": { "uv": [ 1, 0, 2, 16 ], "texture": "#texture" },
				"west": { "uv": [ 5, 0, 11, 16 ], "texture": "#texture" },
				"east": { "uv": [ 5, 0, 11, 16 ], "texture": "#texture" }
			}
		},
		{
			"__comment": "Box2",
			"from": [ 5, 0, 1 ],
			"to": [ 11, 16, 2 ],
			"faces": {
				"down": { "uv": [ 5, 14, 11, 15 ], "texture": "#texture" },
				"up": { "uv": [ 5, 1, 11, 2 ], "texture": "#texture" },
				"north": { "uv": [ 5, 0, 11, 16 ], "texture": "#texture" },
				"south": { "uv": [ 5, 0, 11, 16 ], "texture": "#texture" },
				"west": { "uv": [ 1, 0, 2, 16 ], "texture": "#texture" },
				"east": { "uv": [ 14, 0, 15, 16 ], "texture": "#texture" }
			}
		},
		{
			"__comment": "Box3",
			"from": [ 14, 0, 5 ],
			"to": [ 15, 16, 11 ],
			"faces": {
				"down": { "uv": [ 14, 5, 15, 11 ], "texture": "#texture" },
				"up": { "uv": [ 14, 5, 15, 11 ], "texture": "#texture" },
				"north": { "uv": [ 1, 0, 2, 16 ], "texture": "#texture" },
				"south": { "uv": [ 14, 0, 15, 16 ], "texture": "#texture" },
				"west": { "uv": [ 5, 0, 11, 16 ], "texture": "#texture" },
				"east": { "uv": [ 5, 0, 11, 16 ], "texture": "#texture" }
			}
		},
		{
			"__comment": "Box4",
			"from": [ 5, 0, 14 ],
			"to": [ 11, 16, 15 ],
			"faces": {
				"down": { "uv": [ 5, 1, 11, 2 ], "texture": "#texture" },
				"up": { "uv": [ 5, 14, 11, 15 ], "texture": "#texture" },
				"north": { "uv": [ 5, 0, 11, 16 ], "texture": "#texture" },
				"south": { "uv": [ 5, 0, 11, 16 ], "texture": "#texture" },
				"west": { "uv": [ 14, 0, 15, 16 ], "texture": "#texture" },
				"east": { "uv": [ 1, 0, 2, 16 ], "texture": "#texture" }
			}
		},
		{
			"__comment": "Box5",
			"from": [ 3, 0, 2 ],
			"to": [ 5, 16, 3 ],
			"faces": {
				"down": { "uv": [ 3, 13, 5, 14 ], "texture": "#texture" },
				"up": { "uv": [ 3, 2, 5, 3 ], "texture": "#texture" },
				"north": { "uv": [ 11, 0, 13, 16 ], "texture": "#texture" },
				"south": { "uv": [ 3, 0, 5, 16 ], "texture": "#texture" },
				"west": { "uv": [ 2, 0, 3, 16 ], "texture": "#texture" },
				"east": { "uv": [ 13, 0, 14, 16 ], "texture": "#texture" }
			}
		},
		{
			"__comment": "Box6",
			"from": [ 2, 0, 3 ],
			"to": [ 3, 16, 5 ],
			"faces": {
				"down": { "uv": [ 2, 11, 3, 13 ], "texture": "#texture" },
				"up": { "uv": [ 2, 3, 3, 5 ], "texture": "#texture" },
				"north": { "uv": [ 13, 0, 14, 16 ], "texture": "#texture" },
				"south": { "uv": [ 2, 0, 3, 16 ], "texture": "#texture" },
				"west": { "uv": [ 3, 0, 5, 16 ], "texture": "#texture" },
				"east": { "uv": [ 11, 0, 13, 16 ], "texture": "#texture" }
			}
		},
		{
			"__comment": "Box7",
			"from": [ 11, 0, 2 ],
			"to": [ 13, 16, 3 ],
			"faces": {
				"down": { "uv": [ 11, 13, 13, 14 ], "texture": "#texture" },
				"up": { "uv": [ 11, 2, 13, 3 ], "texture": "#texture" },
				"north": { "uv": [ 3, 0, 5, 16 ], "texture": "#texture" },
				"south": { "uv": [ 11, 0, 13, 16 ], "texture": "#texture" },
				"west": { "uv": [ 2, 0, 3, 16 ], "texture": "#texture" },
				"east": { "uv": [ 13, 0, 14, 16 ], "texture": "#texture" }
			}
		},
		{
			"__comment": "Box8",
			"from": [ 13, 0, 3 ],
			"to": [ 14, 16, 5 ],
			"faces": {
				"down": { "uv": [ 13, 11, 14, 13 ], "texture": "#texture" },
				"up": { "uv": [ 13, 3, 14, 5 ], "texture": "#texture" },
				"north": { "uv": [ 2, 0, 3, 16 ], "texture": "#texture" },
				"south": { "uv": [ 13, 0, 14, 16 ], "texture": "#texture" },
				"west": { "uv": [ 3, 0, 5, 16 ], "texture": "#texture" },
				"east": { "uv": [ 11, 0, 13, 16 ], "texture": "#texture" }
			}
		},
		{
			"__comment": "Box9",
			"from": [ 2, 0, 11 ],
			"to": [ 3, 16, 13 ],
			"faces": {
				"down": { "uv": [ 2, 3, 3, 5 ], "texture": "#texture" },
				"up": { "uv": [ 2, 11, 3, 13 ], "texture": "#texture" },
				"north": { "uv": [ 13, 0, 14, 16 ], "texture": "#texture" },
				"south": { "uv": [ 2, 0, 3, 16 ], "texture": "#texture" },
				"west": { "uv": [ 11, 0, 13, 16 ], "texture": "#texture" },
				"east": { "uv": [ 3, 0, 5, 16 ], "texture": "#texture" }
			}
		},
		{
			"__comment": "Box10",
			"from": [ 3, 0, 13 ],
			"to": [ 5, 16, 14 ],
			"faces": {
				"down": { "uv": [ 3, 2, 5, 3 ], "texture": "#texture" },
				"up": { "uv": [ 3, 13, 5, 14 ], "texture": "#texture" },
				"north": { "uv": [ 11, 0, 13, 16 ], "texture": "#texture" },
				"south": { "uv": [ 3, 0, 5, 16 ], "texture": "#texture" },
				"west": { "uv": [ 13, 0, 14, 16 ], "texture": "#texture" },
				"east": { "uv": [ 2, 0, 3, 16 ], "texture": "#texture" }
			}
		},
		{
			"__comment": "Box11",
			"from": [ 11, 0, 13 ],
			"to": [ 13, 16, 14 ],
			"faces": {
				"down": { "uv": [ 11, 2, 13, 3 ], "texture": "#texture" },
				"up": { "uv": [ 11, 13, 13, 14 ], "texture": "#texture" },
				"north": { "uv": [ 3, 0, 5, 16 ], "texture": "#texture" },
				"south": { "uv": [ 11, 0, 13, 16 ], "texture": "#texture" },
				"west": { "uv": [ 13, 0, 14, 16 ], "texture": "#texture" },
				"east": { "uv": [ 2, 0, 3, 16 ], "texture": "#texture" }
			}
		},
		{
			"__comment": "Box12",
			"from": [ 13, 0, 11 ],
			"to": [ 14, 16, 13 ],
			"faces": {
				"down": { "uv": [ 13, 3, 14, 5 ], "texture": "#texture" },
				"up": { "uv": [ 13, 11, 14, 13 ], "texture": "#texture" },
				"north": { "uv": [ 2, 0, 3, 16 ], "texture": "#texture" },
				"south": { "uv": [ 13, 0, 14, 16 ], "texture": "#texture" },
				"west": { "uv": [ 11, 0, 13, 16 ], "texture": "#texture" },
				"east": { "uv": [ 3, 0, 5, 16 ], "texture": "#texture" }
			}
		}
	],
	"display": {
		"thirdperson_righthand": {
			"scale":  [ 0.15, 0.3, 0.15 ]
		},
		"gui": {
			"rotation":  [ 30, 225, 0 ],
			"scale":  [ 0.3, 0.5, 0.3 ]
		}
	}
}