{
	"__comment": "Designed by Tsunami67 with Cubik Studio - https://cubik.studio",
	"textures": {
		"particle": "tsunami67/papier",
		"texture": "tsunami67/imprimante_noir"
	},
	"elements": [ 	 
		{
			"__comment": "Box1",
			"from": [ 3.5, 2, 1.5 ],
			"to": [ 12.5, 3, 14.5 ],
			"faces": {
				"down": { "uv": [ 3.5, 1.5, 12.5, 14.5 ], "texture": "#texture" },
				"up": { "uv": [ 3.5, 1.5, 12.5, 14.5 ], "texture": "#texture" },
				"north": { "uv": [ 3.5, 13, 12.5, 14 ], "texture": "#texture" },
				"south": { "uv": [ 3.5, 13, 12.5, 14 ], "texture": "#texture" },
				"west": { "uv": [ 1.5, 13, 14.5, 14 ], "texture": "#texture" },
				"east": { "uv": [ 1.5, 13, 14.5, 14 ], "texture": "#texture" }
			}
		},
		{
			"__comment": "Box2",
			"from": [ 12, 3, 4.5 ],
			"to": [ 12.5, 6, 8.5 ],
			"faces": {
				"down": { "uv": [ 12, 7.5, 12.5, 11.5 ], "texture": "#texture" },
				"up": { "uv": [ 12, 4.5, 12.5, 8.5 ], "texture": "#texture" },
				"north": { "uv": [ 3.5, 10, 4, 13 ], "texture": "#texture" },
				"south": { "uv": [ 12, 10, 12.5, 13 ], "texture": "#texture" },
				"west": { "uv": [ 4.5, 10, 8.5, 13 ], "texture": "#texture" },
				"east": { "uv": [ 7.5, 10, 11.5, 13 ], "texture": "#texture" }
			}
		},
		{
			"__comment": "Box2",
			"from": [ 3.5, 3, 4.5 ],
			"to": [ 4, 6, 8.5 ],
			"faces": {
				"down": { "uv": [ 3.5, 7.5, 4, 11.5 ], "texture": "#texture" },
				"up": { "uv": [ 3.5, 4.5, 4, 8.5 ], "texture": "#texture" },
				"north": { "uv": [ 12, 10, 12.5, 13 ], "texture": "#texture" },
				"south": { "uv": [ 3.5, 10, 4, 13 ], "texture": "#texture" },
				"west": { "uv": [ 4.5, 10, 8.5, 13 ], "texture": "#texture" },
				"east": { "uv": [ 7.5, 10, 11.5, 13 ], "texture": "#texture" }
			}
		},
		{
			"__comment": "Box2",
			"from": [ 3.5, 3, 8.5 ],
			"to": [ 4, 4.5, 14.5 ],
			"faces": {
				"down": { "uv": [ 3.5, 1.5, 4, 7.5 ], "texture": "#texture" },
				"up": { "uv": [ 3.5, 8.5, 4, 14.5 ], "texture": "#texture" },
				"north": { "uv": [ 12, 11.5, 12.5, 13 ], "texture": "#texture" },
				"south": { "uv": [ 3.5, 11.5, 4, 13 ], "texture": "#texture" },
				"west": { "uv": [ 8.5, 11.5, 14.5, 13 ], "texture": "#texture" },
				"east": { "uv": [ 1.5, 11.5, 7.5, 13 ], "texture": "#texture" }
			}
		},
		{
			"__comment": "Box2",
			"from": [ 12, 3, 8.5 ],
			"to": [ 12.5, 4.5, 14.5 ],
			"faces": {
				"down": { "uv": [ 12, 1.5, 12.5, 7.5 ], "texture": "#texture" },
				"up": { "uv": [ 12, 8.5, 12.5, 14.5 ], "texture": "#texture" },
				"north": { "uv": [ 3.5, 11.5, 4, 13 ], "texture": "#texture" },
				"south": { "uv": [ 12, 11.5, 12.5, 13 ], "texture": "#texture" },
				"west": { "uv": [ 8.5, 11.5, 14.5, 13 ], "texture": "#texture" },
				"east": { "uv": [ 1.5, 11.5, 7.5, 13 ], "texture": "#texture" }
			}
		},
		{
			"__comment": "Box2",
			"from": [ 3.5, 3, 1.5 ],
			"to": [ 4, 7.5, 4.5 ],
			"faces": {
				"down": { "uv": [ 3.5, 11.5, 4, 14.5 ], "texture": "#texture" },
				"up": { "uv": [ 3.5, 1.5, 4, 4.5 ], "texture": "#texture" },
				"north": { "uv": [ 12, 8.5, 12.5, 13 ], "texture": "#texture" },
				"south": { "uv": [ 3.5, 8.5, 4, 13 ], "texture": "#texture" },
				"west": { "uv": [ 1.5, 8.5, 4.5, 13 ], "texture": "#texture" },
				"east": { "uv": [ 11.5, 8.5, 14.5, 13 ], "texture": "#texture" }
			}
		},
		{
			"__comment": "Box2",
			"from": [ 12, 3, 1.5 ],
			"to": [ 12.5, 7.5, 4.5 ],
			"faces": {
				"down": { "uv": [ 12, 11.5, 12.5, 14.5 ], "texture": "#texture" },
				"up": { "uv": [ 12, 1.5, 12.5, 4.5 ], "texture": "#texture" },
				"north": { "uv": [ 3.5, 8.5, 4, 13 ], "texture": "#texture" },
				"south": { "uv": [ 12, 8.5, 12.5, 13 ], "texture": "#texture" },
				"west": { "uv": [ 1.5, 8.5, 4.5, 13 ], "texture": "#texture" },
				"east": { "uv": [ 11.5, 8.5, 14.5, 13 ], "texture": "#texture" }
			}
		},
		{
			"__comment": "Box8",
			"from": [ 4, 3, 1.5 ],
			"to": [ 12, 7.5, 2 ],
			"faces": {
				"down": { "uv": [ 4, 14, 12, 14.5 ], "texture": "#texture" },
				"up": { "uv": [ 4, 1.5, 12, 2 ], "texture": "#texture" },
				"north": { "uv": [ 4, 8.5, 12, 13 ], "texture": "#texture" },
				"south": { "uv": [ 4, 8.5, 12, 13 ], "texture": "#texture" },
				"west": { "uv": [ 1.5, 8.5, 2, 13 ], "texture": "#texture" },
				"east": { "uv": [ 14, 8.5, 14.5, 13 ], "texture": "#texture" }
			}
		},
		{
			"__comment": "Box9",
			"from": [ 6, 4.5, 6 ],
			"to": [ 13, 5, 16.5 ],
			"rotation": { "origin": [ 6, 4.5, 6 ], "axis": "y", "angle": -22.5 },
			"faces": {
				"down": { "uv": [ 1, 8, 6.5, 12 ], "texture": "#particle" },
				"up": { "uv": [ 0, 0, 16, 16 ], "texture": "#particle" },
				"north": { "uv": [ 4, 9.5, 11, 10 ], "texture": "#particle" },
				"south": { "uv": [ 4.5, 9, 11.5, 9.5 ], "texture": "#particle" },
				"west": { "uv": [ 2.5, 9.5, 13, 10 ], "texture": "#particle" },
				"east": { "uv": [ 3, 9, 13.5, 9.5 ], "texture": "#particle" }
			}
		},
		{
			"__comment": "Box9",
			"from": [ 4.5, 3, 2.5 ],
			"to": [ 11.5, 3.5, 13 ],
			"faces": {
				"down": { "uv": [ 1, 8, 6.5, 12 ], "texture": "#particle" },
				"up": { "uv": [ 0, 0, 16, 16 ], "texture": "#particle" },
				"north": { "uv": [ 4, 9.5, 11, 10 ], "texture": "#particle" },
				"south": { "uv": [ 4.5, 9, 11.5, 9.5 ], "texture": "#particle" },
				"west": { "uv": [ 2.5, 9.5, 13, 10 ], "texture": "#particle" },
				"east": { "uv": [ 3, 9, 13.5, 9.5 ], "texture": "#particle" }
			}
		},
		{
			"__comment": "Box9",
			"from": [ 5, 3.5, 3.5 ],
			"to": [ 12, 4, 14 ],
			"faces": {
				"down": { "uv": [ 1, 8, 6.5, 12 ], "texture": "#particle" },
				"up": { "uv": [ 0, 0, 16, 16 ], "texture": "#particle" },
				"north": { "uv": [ 4, 9.5, 11, 10 ], "texture": "#particle" },
				"south": { "uv": [ 4.5, 9, 11.5, 9.5 ], "texture": "#particle" },
				"west": { "uv": [ 2.5, 9.5, 13, 10 ], "texture": "#particle" },
				"east": { "uv": [ 3, 9, 13.5, 9.5 ], "texture": "#particle" }
			}
		},
		{
			"__comment": "Box9",
			"from": [ 4, 4, 3 ],
			"to": [ 11, 4.5, 13.5 ],
			"faces": {
				"down": { "uv": [ 1, 8, 6.5, 12 ], "texture": "#particle" },
				"up": { "uv": [ 0, 0, 16, 16 ], "texture": "#particle" },
				"north": { "uv": [ 4, 9.5, 11, 10 ], "texture": "#particle" },
				"south": { "uv": [ 4.5, 9, 11.5, 9.5 ], "texture": "#particle" },
				"west": { "uv": [ 2.5, 9.5, 13, 10 ], "texture": "#particle" },
				"east": { "uv": [ 3, 9, 13.5, 9.5 ], "texture": "#particle" }
			}
		}
	],
	"display": {
		"thirdperson_righthand": {
			"scale":  [ 0.8, 1, 0.8 ]
		},
		"gui": {
			"rotation":  [ 30, -33, 0 ],
			"scale":  [ 0.625, 0.625, 0.625 ]
		}
	}
}