{
	"__comment": "Designed by Tsunami67 with Cubik Studio - https://cubik.studio",
	"textures": {
		"particle": "blocks/e_particle",
		"texture": "tsunami67/map_etage"
	},
	"elements": [ 	 
		{
			"__comment": "Box1",
			"from": [ 0, 0, 7 ],
			"to": [ 16, 16, 7.5 ],
			"faces": {
				"down": { "uv": [ 0, 8.5, 16, 9 ], "texture": "#texture" },
				"up": { "uv": [ 0, 7, 16, 7.5 ], "texture": "#texture" },
				"north": { "uv": [ 0, 0, 16, 16 ], "texture": "#texture" },
				"south": { "uv": [ 0, 0, 16, 16 ], "texture": "#texture" },
				"west": { "uv": [ 7, 0, 7.5, 16 ], "texture": "#texture" },
				"east": { "uv": [ 8.5, 0, 9, 16 ], "texture": "#texture" }
			}
		}
	],
	"display": {
		"thirdperson_righthand": {
			"translation":  [ 0, 2.0869, 1.3913 ],
			"scale":  [ 0.5, 0.5, 0.5 ]
		},
		"thirdperson_lefthand": {
			"translation":  [ 0, 2.0869, 1.3913 ],
			"scale":  [ 0.5, 0.5, 0.5 ]
		},
		"firstperson_righthand": {
			"translation":  [ -8.3, 8.3, 0 ],
			"scale":  [ 0.9, 0.9, 0.9 ]
		},
		"firstperson_lefthand": {
			"translation":  [ -8.3, 8.3, 0 ],
			"scale":  [ 0.9, 0.9, 0.9 ]
		},
		"gui": {
			"scale":  [ 0.9, 0.9, 0.9 ]
		}
	}
}