{
	"__comment": "Designed by Tsunami67 with Cubik Studio - https://cubik.studio",
	"textures": {
		"particle": "blocks/e_particle",
		"texture": "blocks/hardened_clay_stained_green"
	},
	"elements": [ 	 
		{
			"__comment": "Box1",
			"from": [ 1, 5, 0 ],
			"to": [ 2, 11, 16 ],
			"faces": {
				"down": { "uv": [ 15, 16, 14, 0 ], "texture": "#texture" },
				"up": { "uv": [ 1, 0, 2, 16 ], "texture": "#texture" },
				"north": { "uv": [ 2, 11, 1, 5 ], "texture": "#texture" },
				"south": { "uv": [ 1, 5, 2, 11 ], "texture": "#texture" },
				"west": { "uv": [ 5, 0, 11, 16 ], "texture": "#texture", "rotation": 270 },
				"east": { "uv": [ 5, 0, 11, 16 ], "texture": "#texture", "rotation": 90 }
			}
		},
		{
			"__comment": "Box2",
			"from": [ 5, 1, 0 ],
			"to": [ 11, 2, 16 ],
			"faces": {
				"down": { "uv": [ 11, 16, 5, 0 ], "texture": "#texture" },
				"up": { "uv": [ 5, 0, 11, 16 ], "texture": "#texture" },
				"north": { "uv": [ 11, 2, 5, 1 ], "texture": "#texture" },
				"south": { "uv": [ 5, 14, 11, 15 ], "texture": "#texture" },
				"west": { "uv": [ 1, 0, 2, 16 ], "texture": "#texture", "rotation": 270 },
				"east": { "uv": [ 14, 0, 15, 16 ], "texture": "#texture", "rotation": 90 }
			}
		},
		{
			"__comment": "Box3",
			"from": [ 14, 5, 0 ],
			"to": [ 15, 11, 16 ],
			"faces": {
				"down": { "uv": [ 2, 16, 1, 0 ], "texture": "#texture" },
				"up": { "uv": [ 14, 0, 15, 16 ], "texture": "#texture" },
				"north": { "uv": [ 15, 11, 14, 5 ], "texture": "#texture" },
				"south": { "uv": [ 14, 5, 15, 11 ], "texture": "#texture" },
				"west": { "uv": [ 5, 0, 11, 16 ], "texture": "#texture", "rotation": 270 },
				"east": { "uv": [ 5, 0, 11, 16 ], "texture": "#texture", "rotation": 90 }
			}
		},
		{
			"__comment": "Box4",
			"from": [ 5, 14, 0 ],
			"to": [ 11, 15, 16 ],
			"faces": {
				"down": { "uv": [ 11, 16, 5, 0 ], "texture": "#texture" },
				"up": { "uv": [ 5, 0, 11, 16 ], "texture": "#texture" },
				"north": { "uv": [ 11, 15, 5, 14 ], "texture": "#texture" },
				"south": { "uv": [ 5, 1, 11, 2 ], "texture": "#texture" },
				"west": { "uv": [ 14, 0, 15, 16 ], "texture": "#texture", "rotation": 270 },
				"east": { "uv": [ 1, 0, 2, 16 ], "texture": "#texture", "rotation": 90 }
			}
		},
		{
			"__comment": "Box5",
			"from": [ 3, 2, 0 ],
			"to": [ 5, 3, 16 ],
			"faces": {
				"down": { "uv": [ 13, 16, 11, 0 ], "texture": "#texture" },
				"up": { "uv": [ 3, 0, 5, 16 ], "texture": "#texture" },
				"north": { "uv": [ 5, 3, 3, 2 ], "texture": "#texture" },
				"south": { "uv": [ 3, 13, 5, 14 ], "texture": "#texture" },
				"west": { "uv": [ 2, 0, 3, 16 ], "texture": "#texture", "rotation": 270 },
				"east": { "uv": [ 13, 0, 14, 16 ], "texture": "#texture", "rotation": 90 }
			}
		},
		{
			"__comment": "Box6",
			"from": [ 2, 3, 0 ],
			"to": [ 3, 5, 16 ],
			"faces": {
				"down": { "uv": [ 14, 16, 13, 0 ], "texture": "#texture" },
				"up": { "uv": [ 2, 0, 3, 16 ], "texture": "#texture" },
				"north": { "uv": [ 3, 5, 2, 3 ], "texture": "#texture" },
				"south": { "uv": [ 2, 11, 3, 13 ], "texture": "#texture" },
				"west": { "uv": [ 3, 0, 5, 16 ], "texture": "#texture", "rotation": 270 },
				"east": { "uv": [ 11, 0, 13, 16 ], "texture": "#texture", "rotation": 90 }
			}
		},
		{
			"__comment": "Box7",
			"from": [ 11, 2, 0 ],
			"to": [ 13, 3, 16 ],
			"faces": {
				"down": { "uv": [ 5, 16, 3, 0 ], "texture": "#texture" },
				"up": { "uv": [ 11, 0, 13, 16 ], "texture": "#texture" },
				"north": { "uv": [ 13, 3, 11, 2 ], "texture": "#texture" },
				"south": { "uv": [ 11, 13, 13, 14 ], "texture": "#texture" },
				"west": { "uv": [ 2, 0, 3, 16 ], "texture": "#texture", "rotation": 270 },
				"east": { "uv": [ 13, 0, 14, 16 ], "texture": "#texture", "rotation": 90 }
			}
		},
		{
			"__comment": "Box8",
			"from": [ 13, 3, 0 ],
			"to": [ 14, 5, 16 ],
			"faces": {
				"down": { "uv": [ 3, 16, 2, 0 ], "texture": "#texture" },
				"up": { "uv": [ 13, 0, 14, 16 ], "texture": "#texture" },
				"north": { "uv": [ 14, 5, 13, 3 ], "texture": "#texture" },
				"south": { "uv": [ 13, 11, 14, 13 ], "texture": "#texture" },
				"west": { "uv": [ 3, 0, 5, 16 ], "texture": "#texture", "rotation": 270 },
				"east": { "uv": [ 11, 0, 13, 16 ], "texture": "#texture", "rotation": 90 }
			}
		},
		{
			"__comment": "Box9",
			"from": [ 2, 11, 0 ],
			"to": [ 3, 13, 16 ],
			"faces": {
				"down": { "uv": [ 14, 16, 13, 0 ], "texture": "#texture" },
				"up": { "uv": [ 2, 0, 3, 16 ], "texture": "#texture" },
				"north": { "uv": [ 3, 13, 2, 11 ], "texture": "#texture" },
				"south": { "uv": [ 2, 3, 3, 5 ], "texture": "#texture" },
				"west": { "uv": [ 11, 0, 13, 16 ], "texture": "#texture", "rotation": 270 },
				"east": { "uv": [ 3, 0, 5, 16 ], "texture": "#texture", "rotation": 90 }
			}
		},
		{
			"__comment": "Box10",
			"from": [ 3, 13, 0 ],
			"to": [ 5, 14, 16 ],
			"faces": {
				"down": { "uv": [ 13, 16, 11, 0 ], "texture": "#texture" },
				"up": { "uv": [ 3, 0, 5, 16 ], "texture": "#texture" },
				"north": { "uv": [ 5, 14, 3, 13 ], "texture": "#texture" },
				"south": { "uv": [ 3, 2, 5, 3 ], "texture": "#texture" },
				"west": { "uv": [ 13, 0, 14, 16 ], "texture": "#texture", "rotation": 270 },
				"east": { "uv": [ 2, 0, 3, 16 ], "texture": "#texture", "rotation": 90 }
			}
		},
		{
			"__comment": "Box11",
			"from": [ 11, 13, 0 ],
			"to": [ 13, 14, 16 ],
			"faces": {
				"down": { "uv": [ 5, 16, 3, 0 ], "texture": "#texture" },
				"up": { "uv": [ 11, 0, 13, 16 ], "texture": "#texture" },
				"north": { "uv": [ 13, 14, 11, 13 ], "texture": "#texture" },
				"south": { "uv": [ 11, 2, 13, 3 ], "texture": "#texture" },
				"west": { "uv": [ 13, 0, 14, 16 ], "texture": "#texture", "rotation": 270 },
				"east": { "uv": [ 2, 0, 3, 16 ], "texture": "#texture", "rotation": 90 }
			}
		},
		{
			"__comment": "Box12",
			"from": [ 13, 11, 0 ],
			"to": [ 14, 13, 16 ],
			"faces": {
				"down": { "uv": [ 3, 16, 2, 0 ], "texture": "#texture" },
				"up": { "uv": [ 13, 0, 14, 16 ], "texture": "#texture" },
				"north": { "uv": [ 14, 13, 13, 11 ], "texture": "#texture" },
				"south": { "uv": [ 13, 3, 14, 5 ], "texture": "#texture" },
				"west": { "uv": [ 11, 0, 13, 16 ], "texture": "#texture", "rotation": 270 },
				"east": { "uv": [ 3, 0, 5, 16 ], "texture": "#texture", "rotation": 90 }
			}
		},
		{
			"__comment": "Box13",
			"from": [ 11, 1, 0 ],
			"to": [ 13, 2, 1.5 ],
			"faces": {
				"down": { "uv": [ 3, 14.5, 5, 16 ], "texture": "#texture", "rotation": 180 },
				"up": { "uv": [ 3, 0, 5, 1.5 ], "texture": "#texture", "rotation": 180 },
				"north": { "uv": [ 13, 2, 11, 1 ], "texture": "#texture" },
				"south": { "uv": [ 5, 2, 3, 1 ], "texture": "#texture" },
				"west": { "uv": [ 0, 1, 1.5, 2 ], "texture": "#texture", "rotation": 180 },
				"east": { "uv": [ 14.5, 1, 16, 2 ], "texture": "#texture", "rotation": 180 }
			}
		},
		{
			"__comment": "Box14",
			"from": [ 5, 0, 0 ],
			"to": [ 11, 1, 1.5 ],
			"faces": {
				"down": { "uv": [ 5, 14.5, 11, 16 ], "texture": "#texture", "rotation": 180 },
				"up": { "uv": [ 5, 0, 11, 1.5 ], "texture": "#texture", "rotation": 180 },
				"north": { "uv": [ 11, 1, 5, 0 ], "texture": "#texture" },
				"south": { "uv": [ 11, 1, 5, 0 ], "texture": "#texture" },
				"west": { "uv": [ 0, 0, 1.5, 1 ], "texture": "#texture", "rotation": 180 },
				"east": { "uv": [ 14.5, 0, 16, 1 ], "texture": "#texture", "rotation": 180 }
			}
		},
		{
			"__comment": "Box15",
			"from": [ 3, 1, 0 ],
			"to": [ 5, 2, 1.5 ],
			"faces": {
				"down": { "uv": [ 11, 14.5, 13, 16 ], "texture": "#texture", "rotation": 180 },
				"up": { "uv": [ 11, 0, 13, 1.5 ], "texture": "#texture", "rotation": 180 },
				"north": { "uv": [ 5, 2, 3, 1 ], "texture": "#texture" },
				"south": { "uv": [ 13, 2, 11, 1 ], "texture": "#texture" },
				"west": { "uv": [ 0, 1, 1.5, 2 ], "texture": "#texture", "rotation": 180 },
				"east": { "uv": [ 14.5, 1, 16, 2 ], "texture": "#texture", "rotation": 180 }
			}
		},
		{
			"__comment": "Box16",
			"from": [ 13, 2, 0 ],
			"to": [ 14, 3, 1.5 ],
			"faces": {
				"down": { "uv": [ 2, 14.5, 3, 16 ], "texture": "#texture", "rotation": 180 },
				"up": { "uv": [ 2, 0, 3, 1.5 ], "texture": "#texture", "rotation": 180 },
				"north": { "uv": [ 14, 3, 13, 2 ], "texture": "#texture" },
				"south": { "uv": [ 3, 3, 2, 2 ], "texture": "#texture" },
				"west": { "uv": [ 0, 2, 1.5, 3 ], "texture": "#texture", "rotation": 180 },
				"east": { "uv": [ 14.5, 2, 16, 3 ], "texture": "#texture", "rotation": 180 }
			}
		},
		{
			"__comment": "Box17",
			"from": [ 2, 2, 0 ],
			"to": [ 3, 3, 1.5 ],
			"faces": {
				"down": { "uv": [ 13, 14.5, 14, 16 ], "texture": "#texture", "rotation": 180 },
				"up": { "uv": [ 13, 0, 14, 1.5 ], "texture": "#texture", "rotation": 180 },
				"north": { "uv": [ 3, 3, 2, 2 ], "texture": "#texture" },
				"south": { "uv": [ 14, 3, 13, 2 ], "texture": "#texture" },
				"west": { "uv": [ 0, 2, 1.5, 3 ], "texture": "#texture", "rotation": 180 },
				"east": { "uv": [ 14.5, 2, 16, 3 ], "texture": "#texture", "rotation": 180 }
			}
		},
		{
			"__comment": "Box18",
			"from": [ 14, 2.9999, 0 ],
			"to": [ 15, 4.9999, 1.5 ],
			"faces": {
				"down": { "uv": [ 1, 14.5, 2, 16 ], "texture": "#texture", "rotation": 180 },
				"up": { "uv": [ 1, 0, 2, 1.5 ], "texture": "#texture", "rotation": 180 },
				"north": { "uv": [ 15, 5, 14, 3 ], "texture": "#texture" },
				"south": { "uv": [ 2, 5, 1, 3 ], "texture": "#texture" },
				"west": { "uv": [ 0, 3, 1.5, 5 ], "texture": "#texture", "rotation": 180 },
				"east": { "uv": [ 14.5, 3, 16, 5 ], "texture": "#texture", "rotation": 180 }
			}
		},
		{
			"__comment": "Box19",
			"from": [ 1, 3, 0 ],
			"to": [ 2, 5, 1.5 ],
			"faces": {
				"down": { "uv": [ 14, 14.5, 15, 16 ], "texture": "#texture", "rotation": 180 },
				"up": { "uv": [ 14, 0, 15, 1.5 ], "texture": "#texture", "rotation": 180 },
				"north": { "uv": [ 2, 5, 1, 3 ], "texture": "#texture" },
				"south": { "uv": [ 15, 5, 14, 3 ], "texture": "#texture" },
				"west": { "uv": [ 0, 3, 1.5, 5 ], "texture": "#texture", "rotation": 180 },
				"east": { "uv": [ 14.5, 3, 16, 5 ], "texture": "#texture", "rotation": 180 }
			}
		},
		{
			"__comment": "Box20",
			"from": [ 15, 4.9999, 0 ],
			"to": [ 16, 7.9999, 1.5 ],
			"faces": {
				"down": { "uv": [ 0, 14.5, 1, 16 ], "texture": "#texture", "rotation": 180 },
				"up": { "uv": [ 0, 0, 1, 1.5 ], "texture": "#texture", "rotation": 180 },
				"north": { "uv": [ 16, 8, 15, 5 ], "texture": "#texture" },
				"south": { "uv": [ 1, 8, 0, 5 ], "texture": "#texture" },
				"west": { "uv": [ 0, 5, 1.5, 8 ], "texture": "#texture", "rotation": 180 },
				"east": { "uv": [ 14.5, 5, 16, 8 ], "texture": "#texture", "rotation": 180 }
			}
		},
		{
			"__comment": "Box21",
			"from": [ 0, 5, 0 ],
			"to": [ 1, 8, 1.5 ],
			"faces": {
				"down": { "uv": [ 15, 14.5, 16, 16 ], "texture": "#texture", "rotation": 180 },
				"up": { "uv": [ 15, 0, 16, 1.5 ], "texture": "#texture", "rotation": 180 },
				"north": { "uv": [ 1, 8, 0, 5 ], "texture": "#texture" },
				"south": { "uv": [ 16, 8, 15, 5 ], "texture": "#texture" },
				"west": { "uv": [ 0, 5, 1.5, 8 ], "texture": "#texture", "rotation": 180 },
				"east": { "uv": [ 14.5, 5, 16, 8 ], "texture": "#texture", "rotation": 180 }
			}
		},
		{
			"__comment": "Box21",
			"from": [ 15, 8, 0 ],
			"to": [ 16, 11, 1.5 ],
			"faces": {
				"down": { "uv": [ 15, 0, 16, 1.5 ], "texture": "#texture" },
				"up": { "uv": [ 15, 14.5, 16, 16 ], "texture": "#texture" },
				"north": { "uv": [ 0, 5, 1, 8 ], "texture": "#texture" },
				"south": { "uv": [ 15, 5, 16, 8 ], "texture": "#texture" },
				"west": { "uv": [ 14.5, 5, 16, 8 ], "texture": "#texture" },
				"east": { "uv": [ 0, 5, 1.5, 8 ], "texture": "#texture" }
			}
		},
		{
			"__comment": "Box20",
			"from": [ 0, 8, 0 ],
			"to": [ 1, 11, 1.5 ],
			"faces": {
				"down": { "uv": [ 0, 0, 1, 1.5 ], "texture": "#texture" },
				"up": { "uv": [ 0, 14.5, 1, 16 ], "texture": "#texture" },
				"north": { "uv": [ 15, 5, 16, 8 ], "texture": "#texture" },
				"south": { "uv": [ 0, 5, 1, 8 ], "texture": "#texture" },
				"west": { "uv": [ 14.5, 5, 16, 8 ], "texture": "#texture" },
				"east": { "uv": [ 0, 5, 1.5, 8 ], "texture": "#texture" }
			}
		},
		{
			"__comment": "Box19",
			"from": [ 14, 11, 0 ],
			"to": [ 15, 13, 1.5 ],
			"faces": {
				"down": { "uv": [ 14, 0, 15, 1.5 ], "texture": "#texture" },
				"up": { "uv": [ 14, 14.5, 15, 16 ], "texture": "#texture" },
				"north": { "uv": [ 1, 3, 2, 5 ], "texture": "#texture" },
				"south": { "uv": [ 14, 3, 15, 5 ], "texture": "#texture" },
				"west": { "uv": [ 14.5, 3, 16, 5 ], "texture": "#texture" },
				"east": { "uv": [ 0, 3, 1.5, 5 ], "texture": "#texture" }
			}
		},
		{
			"__comment": "Box18",
			"from": [ 1, 11, 0 ],
			"to": [ 2, 13, 1.5 ],
			"faces": {
				"down": { "uv": [ 1, 0, 2, 1.5 ], "texture": "#texture" },
				"up": { "uv": [ 1, 14.5, 2, 16 ], "texture": "#texture" },
				"north": { "uv": [ 14, 3, 15, 5 ], "texture": "#texture" },
				"south": { "uv": [ 1, 3, 2, 5 ], "texture": "#texture" },
				"west": { "uv": [ 14.5, 3, 16, 5 ], "texture": "#texture" },
				"east": { "uv": [ 0, 3, 1.5, 5 ], "texture": "#texture" }
			}
		},
		{
			"__comment": "Box17",
			"from": [ 13, 13, 0 ],
			"to": [ 14, 14, 1.5 ],
			"faces": {
				"down": { "uv": [ 13, 0, 14, 1.5 ], "texture": "#texture" },
				"up": { "uv": [ 13, 14.5, 14, 16 ], "texture": "#texture" },
				"north": { "uv": [ 2, 2, 3, 3 ], "texture": "#texture" },
				"south": { "uv": [ 13, 2, 14, 3 ], "texture": "#texture" },
				"west": { "uv": [ 14.5, 2, 16, 3 ], "texture": "#texture" },
				"east": { "uv": [ 0, 2, 1.5, 3 ], "texture": "#texture" }
			}
		},
		{
			"__comment": "Box16",
			"from": [ 2, 13, 0 ],
			"to": [ 3, 14, 1.5 ],
			"faces": {
				"down": { "uv": [ 2, 0, 3, 1.5 ], "texture": "#texture" },
				"up": { "uv": [ 2, 14.5, 3, 16 ], "texture": "#texture" },
				"north": { "uv": [ 13, 2, 14, 3 ], "texture": "#texture" },
				"south": { "uv": [ 2, 2, 3, 3 ], "texture": "#texture" },
				"west": { "uv": [ 14.5, 2, 16, 3 ], "texture": "#texture" },
				"east": { "uv": [ 0, 2, 1.5, 3 ], "texture": "#texture" }
			}
		},
		{
			"__comment": "Box15",
			"from": [ 11, 14, 0 ],
			"to": [ 13, 15, 1.5 ],
			"faces": {
				"down": { "uv": [ 11, 0, 13, 1.5 ], "texture": "#texture" },
				"up": { "uv": [ 11, 14.5, 13, 16 ], "texture": "#texture" },
				"north": { "uv": [ 3, 1, 5, 2 ], "texture": "#texture" },
				"south": { "uv": [ 11, 1, 13, 2 ], "texture": "#texture" },
				"west": { "uv": [ 14.5, 1, 16, 2 ], "texture": "#texture" },
				"east": { "uv": [ 0, 1, 1.5, 2 ], "texture": "#texture" }
			}
		},
		{
			"__comment": "Box14",
			"from": [ 5, 15, 0 ],
			"to": [ 11, 16, 1.5 ],
			"faces": {
				"down": { "uv": [ 5, 0, 11, 1.5 ], "texture": "#texture" },
				"up": { "uv": [ 5, 14.5, 11, 16 ], "texture": "#texture" },
				"north": { "uv": [ 5, 0, 11, 1 ], "texture": "#texture" },
				"south": { "uv": [ 5, 0, 11, 1 ], "texture": "#texture" },
				"west": { "uv": [ 14.5, 0, 16, 1 ], "texture": "#texture" },
				"east": { "uv": [ 0, 0, 1.5, 1 ], "texture": "#texture" }
			}
		},
		{
			"__comment": "Box13",
			"from": [ 3, 14, 0 ],
			"to": [ 5, 15, 1.5 ],
			"faces": {
				"down": { "uv": [ 3, 0, 5, 1.5 ], "texture": "#texture" },
				"up": { "uv": [ 3, 14.5, 5, 16 ], "texture": "#texture" },
				"north": { "uv": [ 11, 1, 13, 2 ], "texture": "#texture" },
				"south": { "uv": [ 3, 1, 5, 2 ], "texture": "#texture" },
				"west": { "uv": [ 14.5, 1, 16, 2 ], "texture": "#texture" },
				"east": { "uv": [ 0, 1, 1.5, 2 ], "texture": "#texture" }
			}
		},
		{
			"__comment": "Box13",
			"from": [ 11, 1, 14.5 ],
			"to": [ 13, 2, 16 ],
			"faces": {
				"down": { "uv": [ 3, 14.5, 5, 16 ], "texture": "#texture", "rotation": 180 },
				"up": { "uv": [ 3, 0, 5, 1.5 ], "texture": "#texture", "rotation": 180 },
				"north": { "uv": [ 13, 2, 11, 1 ], "texture": "#texture" },
				"south": { "uv": [ 5, 2, 3, 1 ], "texture": "#texture" },
				"west": { "uv": [ 0, 1, 1.5, 2 ], "texture": "#texture", "rotation": 180 },
				"east": { "uv": [ 14.5, 1, 16, 2 ], "texture": "#texture", "rotation": 180 }
			}
		},
		{
			"__comment": "Box14",
			"from": [ 5, 0, 14.5 ],
			"to": [ 11, 1, 16 ],
			"faces": {
				"down": { "uv": [ 5, 14.5, 11, 16 ], "texture": "#texture", "rotation": 180 },
				"up": { "uv": [ 5, 0, 11, 1.5 ], "texture": "#texture", "rotation": 180 },
				"north": { "uv": [ 11, 1, 5, 0 ], "texture": "#texture" },
				"south": { "uv": [ 11, 1, 5, 0 ], "texture": "#texture" },
				"west": { "uv": [ 0, 0, 1.5, 1 ], "texture": "#texture", "rotation": 180 },
				"east": { "uv": [ 14.5, 0, 16, 1 ], "texture": "#texture", "rotation": 180 }
			}
		},
		{
			"__comment": "Box15",
			"from": [ 3, 1, 14.5 ],
			"to": [ 5, 2, 16 ],
			"faces": {
				"down": { "uv": [ 11, 14.5, 13, 16 ], "texture": "#texture", "rotation": 180 },
				"up": { "uv": [ 11, 0, 13, 1.5 ], "texture": "#texture", "rotation": 180 },
				"north": { "uv": [ 5, 2, 3, 1 ], "texture": "#texture" },
				"south": { "uv": [ 13, 2, 11, 1 ], "texture": "#texture" },
				"west": { "uv": [ 0, 1, 1.5, 2 ], "texture": "#texture", "rotation": 180 },
				"east": { "uv": [ 14.5, 1, 16, 2 ], "texture": "#texture", "rotation": 180 }
			}
		},
		{
			"__comment": "Box16",
			"from": [ 13, 2, 14.5 ],
			"to": [ 14, 3, 16 ],
			"faces": {
				"down": { "uv": [ 2, 14.5, 3, 16 ], "texture": "#texture", "rotation": 180 },
				"up": { "uv": [ 2, 0, 3, 1.5 ], "texture": "#texture", "rotation": 180 },
				"north": { "uv": [ 14, 3, 13, 2 ], "texture": "#texture" },
				"south": { "uv": [ 3, 3, 2, 2 ], "texture": "#texture" },
				"west": { "uv": [ 0, 2, 1.5, 3 ], "texture": "#texture", "rotation": 180 },
				"east": { "uv": [ 14.5, 2, 16, 3 ], "texture": "#texture", "rotation": 180 }
			}
		},
		{
			"__comment": "Box17",
			"from": [ 2, 2, 14.5 ],
			"to": [ 3, 3, 16 ],
			"faces": {
				"down": { "uv": [ 13, 14.5, 14, 16 ], "texture": "#texture", "rotation": 180 },
				"up": { "uv": [ 13, 0, 14, 1.5 ], "texture": "#texture", "rotation": 180 },
				"north": { "uv": [ 3, 3, 2, 2 ], "texture": "#texture" },
				"south": { "uv": [ 14, 3, 13, 2 ], "texture": "#texture" },
				"west": { "uv": [ 0, 2, 1.5, 3 ], "texture": "#texture", "rotation": 180 },
				"east": { "uv": [ 14.5, 2, 16, 3 ], "texture": "#texture", "rotation": 180 }
			}
		},
		{
			"__comment": "Box18",
			"from": [ 14, 2.9999, 14.5 ],
			"to": [ 15, 4.9999, 16 ],
			"faces": {
				"down": { "uv": [ 1, 14.5, 2, 16 ], "texture": "#texture", "rotation": 180 },
				"up": { "uv": [ 1, 0, 2, 1.5 ], "texture": "#texture", "rotation": 180 },
				"north": { "uv": [ 15, 5, 14, 3 ], "texture": "#texture" },
				"south": { "uv": [ 2, 5, 1, 3 ], "texture": "#texture" },
				"west": { "uv": [ 0, 3, 1.5, 5 ], "texture": "#texture", "rotation": 180 },
				"east": { "uv": [ 14.5, 3, 16, 5 ], "texture": "#texture", "rotation": 180 }
			}
		},
		{
			"__comment": "Box19",
			"from": [ 1, 3, 14.5 ],
			"to": [ 2, 5, 16 ],
			"faces": {
				"down": { "uv": [ 14, 14.5, 15, 16 ], "texture": "#texture", "rotation": 180 },
				"up": { "uv": [ 14, 0, 15, 1.5 ], "texture": "#texture", "rotation": 180 },
				"north": { "uv": [ 2, 5, 1, 3 ], "texture": "#texture" },
				"south": { "uv": [ 15, 5, 14, 3 ], "texture": "#texture" },
				"west": { "uv": [ 0, 3, 1.5, 5 ], "texture": "#texture", "rotation": 180 },
				"east": { "uv": [ 14.5, 3, 16, 5 ], "texture": "#texture", "rotation": 180 }
			}
		},
		{
			"__comment": "Box20",
			"from": [ 15, 4.9999, 14.5 ],
			"to": [ 16, 7.9999, 16 ],
			"faces": {
				"down": { "uv": [ 0, 14.5, 1, 16 ], "texture": "#texture", "rotation": 180 },
				"up": { "uv": [ 0, 0, 1, 1.5 ], "texture": "#texture", "rotation": 180 },
				"north": { "uv": [ 16, 8, 15, 5 ], "texture": "#texture" },
				"south": { "uv": [ 1, 8, 0, 5 ], "texture": "#texture" },
				"west": { "uv": [ 0, 5, 1.5, 8 ], "texture": "#texture", "rotation": 180 },
				"east": { "uv": [ 14.5, 5, 16, 8 ], "texture": "#texture", "rotation": 180 }
			}
		},
		{
			"__comment": "Box21",
			"from": [ 0, 5, 14.5 ],
			"to": [ 1, 8, 16 ],
			"faces": {
				"down": { "uv": [ 15, 14.5, 16, 16 ], "texture": "#texture", "rotation": 180 },
				"up": { "uv": [ 15, 0, 16, 1.5 ], "texture": "#texture", "rotation": 180 },
				"north": { "uv": [ 1, 8, 0, 5 ], "texture": "#texture" },
				"south": { "uv": [ 16, 8, 15, 5 ], "texture": "#texture" },
				"west": { "uv": [ 0, 5, 1.5, 8 ], "texture": "#texture", "rotation": 180 },
				"east": { "uv": [ 14.5, 5, 16, 8 ], "texture": "#texture", "rotation": 180 }
			}
		},
		{
			"__comment": "Box21",
			"from": [ 15, 8, 14.5 ],
			"to": [ 16, 11, 16 ],
			"faces": {
				"down": { "uv": [ 15, 0, 16, 1.5 ], "texture": "#texture" },
				"up": { "uv": [ 15, 14.5, 16, 16 ], "texture": "#texture" },
				"north": { "uv": [ 0, 5, 1, 8 ], "texture": "#texture" },
				"south": { "uv": [ 15, 5, 16, 8 ], "texture": "#texture" },
				"west": { "uv": [ 14.5, 5, 16, 8 ], "texture": "#texture" },
				"east": { "uv": [ 0, 5, 1.5, 8 ], "texture": "#texture" }
			}
		},
		{
			"__comment": "Box18",
			"from": [ 1, 11, 14.5 ],
			"to": [ 2, 13, 16 ],
			"faces": {
				"down": { "uv": [ 1, 0, 2, 1.5 ], "texture": "#texture" },
				"up": { "uv": [ 1, 14.5, 2, 16 ], "texture": "#texture" },
				"north": { "uv": [ 14, 3, 15, 5 ], "texture": "#texture" },
				"south": { "uv": [ 1, 3, 2, 5 ], "texture": "#texture" },
				"west": { "uv": [ 14.5, 3, 16, 5 ], "texture": "#texture" },
				"east": { "uv": [ 0, 3, 1.5, 5 ], "texture": "#texture" }
			}
		},
		{
			"__comment": "Box17",
			"from": [ 13, 13, 14.5 ],
			"to": [ 14, 14, 16 ],
			"faces": {
				"down": { "uv": [ 13, 0, 14, 1.5 ], "texture": "#texture" },
				"up": { "uv": [ 13, 14.5, 14, 16 ], "texture": "#texture" },
				"north": { "uv": [ 2, 2, 3, 3 ], "texture": "#texture" },
				"south": { "uv": [ 13, 2, 14, 3 ], "texture": "#texture" },
				"west": { "uv": [ 14.5, 2, 16, 3 ], "texture": "#texture" },
				"east": { "uv": [ 0, 2, 1.5, 3 ], "texture": "#texture" }
			}
		},
		{
			"__comment": "Box19",
			"from": [ 14, 11, 14.5 ],
			"to": [ 15, 13, 16 ],
			"faces": {
				"down": { "uv": [ 14, 0, 15, 1.5 ], "texture": "#texture" },
				"up": { "uv": [ 14, 14.5, 15, 16 ], "texture": "#texture" },
				"north": { "uv": [ 1, 3, 2, 5 ], "texture": "#texture" },
				"south": { "uv": [ 14, 3, 15, 5 ], "texture": "#texture" },
				"west": { "uv": [ 14.5, 3, 16, 5 ], "texture": "#texture" },
				"east": { "uv": [ 0, 3, 1.5, 5 ], "texture": "#texture" }
			}
		},
		{
			"__comment": "Box20",
			"from": [ 0, 8, 14.5 ],
			"to": [ 1, 11, 16 ],
			"faces": {
				"down": { "uv": [ 0, 0, 1, 1.5 ], "texture": "#texture" },
				"up": { "uv": [ 0, 14.5, 1, 16 ], "texture": "#texture" },
				"north": { "uv": [ 15, 5, 16, 8 ], "texture": "#texture" },
				"south": { "uv": [ 0, 5, 1, 8 ], "texture": "#texture" },
				"west": { "uv": [ 14.5, 5, 16, 8 ], "texture": "#texture" },
				"east": { "uv": [ 0, 5, 1.5, 8 ], "texture": "#texture" }
			}
		},
		{
			"__comment": "Box15",
			"from": [ 11, 14, 14.5 ],
			"to": [ 13, 15, 16 ],
			"faces": {
				"down": { "uv": [ 11, 0, 13, 1.5 ], "texture": "#texture" },
				"up": { "uv": [ 11, 14.5, 13, 16 ], "texture": "#texture" },
				"north": { "uv": [ 3, 1, 5, 2 ], "texture": "#texture" },
				"south": { "uv": [ 11, 1, 13, 2 ], "texture": "#texture" },
				"west": { "uv": [ 14.5, 1, 16, 2 ], "texture": "#texture" },
				"east": { "uv": [ 0, 1, 1.5, 2 ], "texture": "#texture" }
			}
		},
		{
			"__comment": "Box16",
			"from": [ 2, 13, 14.5 ],
			"to": [ 3, 14, 16 ],
			"faces": {
				"down": { "uv": [ 2, 0, 3, 1.5 ], "texture": "#texture" },
				"up": { "uv": [ 2, 14.5, 3, 16 ], "texture": "#texture" },
				"north": { "uv": [ 13, 2, 14, 3 ], "texture": "#texture" },
				"south": { "uv": [ 2, 2, 3, 3 ], "texture": "#texture" },
				"west": { "uv": [ 14.5, 2, 16, 3 ], "texture": "#texture" },
				"east": { "uv": [ 0, 2, 1.5, 3 ], "texture": "#texture" }
			}
		},
		{
			"__comment": "Box14",
			"from": [ 5, 15, 14.5 ],
			"to": [ 11, 16, 16 ],
			"faces": {
				"down": { "uv": [ 5, 0, 11, 1.5 ], "texture": "#texture" },
				"up": { "uv": [ 5, 14.5, 11, 16 ], "texture": "#texture" },
				"north": { "uv": [ 5, 0, 11, 1 ], "texture": "#texture" },
				"south": { "uv": [ 5, 0, 11, 1 ], "texture": "#texture" },
				"west": { "uv": [ 14.5, 0, 16, 1 ], "texture": "#texture" },
				"east": { "uv": [ 0, 0, 1.5, 1 ], "texture": "#texture" }
			}
		},
		{
			"__comment": "Box13",
			"from": [ 3, 14, 14.5 ],
			"to": [ 5, 15, 16 ],
			"faces": {
				"down": { "uv": [ 3, 0, 5, 1.5 ], "texture": "#texture" },
				"up": { "uv": [ 3, 14.5, 5, 16 ], "texture": "#texture" },
				"north": { "uv": [ 11, 1, 13, 2 ], "texture": "#texture" },
				"south": { "uv": [ 3, 1, 5, 2 ], "texture": "#texture" },
				"west": { "uv": [ 14.5, 1, 16, 2 ], "texture": "#texture" },
				"east": { "uv": [ 0, 1, 1.5, 2 ], "texture": "#texture" }
			}
		}
	],
	"display": {
		"thirdperson_righthand": {
			"scale":  [ 1.2, 1.2, 2.5 ]
		},
		"gui": {
			"rotation":  [ 30, 225, 0 ],
			"scale":  [ 0.5, 0.5, 0.8 ]
		}
	}
}