{
	"__comment": "Designed by Tsunami67 with Cubik Studio - https://cubik.studio",
	"textures": {
		"particle": "blocks/e_particle",
		"texture": "tsunami67/bouteille"
	},
	"elements": [ 	 
		{
			"__comment": "Box1",
			"from": [ 7, 0, 6 ],
			"to": [ 15, 3, 9 ],
			"faces": {
				"down": { "uv": [ 0, 0, 16, 16 ], "texture": "#texture" },
				"up": { "uv": [ 0, 4, 16, 13 ], "texture": "#texture" },
				"north": { "uv": [ 16, 0, 0, 3 ], "texture": "#texture" },
				"south": { "uv": [ 0, 13, 16, 16 ], "texture": "#texture" },
				"west": { "uv": [ 0, 0, 3, 16 ], "texture": "#texture" },
				"east": { "uv": [ 0, 0, 2, 15.5 ], "texture": "#texture" }
			}
		},
		{
			"__comment": "Box2",
			"from": [ 4.5, 1, 7 ],
			"to": [ 7, 2, 8 ],
			"faces": {
				"down": { "uv": [ 0, 2, 2.5, 3 ], "texture": "#texture" },
				"up": { "uv": [ 0.5, 3.5, 3, 4.5 ], "texture": "#texture" },
				"north": { "uv": [ 0.5, 4.5, 3, 5.5 ], "texture": "#texture" },
				"south": { "uv": [ 0.5, 5.5, 3, 6.5 ], "texture": "#texture" },
				"west": { "uv": [ 2, 4, 3, 5 ], "texture": "#texture" },
				"east": { "uv": [ 1.5, 3, 2.5, 4 ], "texture": "#texture" }
			}
		}
	],
	"display": {
		"thirdperson_righthand": {
			"scale":  [ 1.3, 1, 1 ]
		},
		"gui": {
			"rotation":  [ 30, 225, 0 ],
			"scale":  [ 0.625, 0.625, 0.625 ]
		}
	}
}