{
	"__comment": "Designed by Tsunami67 with Cubik Studio - https://cubik.studio",
	"textures": {
		"particle": "tsunami67/sac_poubelle",
		"texture": "tsunami67/tas",
		"texture1": "tsunami67/carton"
	},
	"elements": [ 	 
		{
			"__comment": "Box1",
			"from": [ 1, 0, 1 ],
			"to": [ 15, 2, 15 ],
			"faces": {
				"down": { "uv": [ 1, 1, 15, 15 ], "texture": "#texture1" },
				"up": { "uv": [ 1, 0, 16, 16 ], "texture": "#texture1" },
				"north": { "uv": [ 1, 14, 15, 16 ], "texture": "#texture1" },
				"south": { "uv": [ 1, 14, 15, 16 ], "texture": "#texture1" },
				"west": { "uv": [ 1, 14, 15, 16 ], "texture": "#texture1" },
				"east": { "uv": [ 1, 14, 15, 16 ], "texture": "#texture1" }
			}
		},
		{
			"__comment": "Box2",
			"from": [ 2, 2, 4 ],
			"to": [ 12, 10, 14 ],
			"faces": {
				"down": { "uv": [ 2, 2, 12, 12 ], "texture": "#particle" },
				"up": { "uv": [ 2, 4, 12, 14 ], "texture": "#particle" },
				"north": { "uv": [ 4, 6, 14, 14 ], "texture": "#particle" },
				"south": { "uv": [ 2, 6, 12, 14 ], "texture": "#particle" },
				"west": { "uv": [ 4, 6, 14, 14 ], "texture": "#particle" },
				"east": { "uv": [ 2, 6, 12, 14 ], "texture": "#particle" }
			}
		},
		{
			"__comment": "Box3",
			"from": [ 12.5, 4.5, 4.5 ],
			"to": [ 14.5, 7, 13.5 ],
			"faces": {
				"down": { "uv": [ 0, 0, 16, 16 ], "texture": "#texture" },
				"up": { "uv": [ 0, 0, 16, 16 ], "texture": "#texture" },
				"north": { "uv": [ 0, 0, 16, 16 ], "texture": "#texture" },
				"south": { "uv": [ 0, 0, 16, 16 ], "texture": "#texture" },
				"west": { "uv": [ 0, 0, 16, 16 ], "texture": "#texture" },
				"east": { "uv": [ 0, 0, 16, 16 ], "texture": "#texture" }
			}
		},
		{
			"__comment": "Box4",
			"from": [ 2, 2, 1 ],
			"to": [ 10.5, 9, 3.5 ],
			"faces": {
				"down": { "uv": [ 2, 12.5, 10.5, 15 ], "texture": "#texture1" },
				"up": { "uv": [ 2, 1, 16, 13.5 ], "texture": "#texture1" },
				"north": { "uv": [ 1.5, 0, 16, 16 ], "texture": "#texture1" },
				"south": { "uv": [ 2, 0, 16, 16 ], "texture": "#texture1" },
				"west": { "uv": [ 4, 1, 14.5, 16 ], "texture": "#texture1" },
				"east": { "uv": [ 7, 0, 16, 16 ], "texture": "#texture1" }
			}
		},
		{
			"__comment": "Box3",
			"from": [ 2.5, 10, 4.5 ],
			"to": [ 11.5, 12.5, 7 ],
			"faces": {
				"down": { "uv": [ 0, 0, 16, 16 ], "texture": "#texture" },
				"up": { "uv": [ 0, 0, 16, 16 ], "texture": "#texture" },
				"north": { "uv": [ 0, 0, 16, 16 ], "texture": "#texture" },
				"south": { "uv": [ 0, 0, 16, 16 ], "texture": "#texture" },
				"west": { "uv": [ 0, 0, 16, 16 ], "texture": "#texture" },
				"east": { "uv": [ 0, 0, 16, 16 ], "texture": "#texture" }
			}
		},
		{
			"__comment": "Box3",
			"from": [ 12.5, 2, 4.5 ],
			"to": [ 14.5, 4.5, 13.5 ],
			"faces": {
				"down": { "uv": [ 0, 0, 16, 16 ], "texture": "#texture" },
				"up": { "uv": [ 0, 0, 16, 16 ], "texture": "#texture" },
				"north": { "uv": [ 0, 0, 16, 16 ], "texture": "#texture" },
				"south": { "uv": [ 0, 0, 16, 16 ], "texture": "#texture" },
				"west": { "uv": [ 0, 0, 16, 16 ], "texture": "#texture" },
				"east": { "uv": [ 0, 0, 16, 16 ], "texture": "#texture" }
			}
		},
		{
			"__comment": "Box3",
			"from": [ 2.5, 10, 10.5 ],
			"to": [ 11.5, 12.5, 13 ],
			"faces": {
				"down": { "uv": [ 0, 0, 16, 16 ], "texture": "#texture" },
				"up": { "uv": [ 0, 0, 16, 16 ], "texture": "#texture" },
				"north": { "uv": [ 0, 0, 16, 16 ], "texture": "#texture" },
				"south": { "uv": [ 0, 0, 16, 16 ], "texture": "#texture" },
				"west": { "uv": [ 0, 0, 16, 16 ], "texture": "#texture" },
				"east": { "uv": [ 0, 0, 16, 16 ], "texture": "#texture" }
			}
		},
		{
			"__comment": "Box3",
			"from": [ 2.5, 10, 7.5 ],
			"to": [ 11.5, 12.5, 10 ],
			"faces": {
				"down": { "uv": [ 0, 0, 16, 16 ], "texture": "#texture" },
				"up": { "uv": [ 0, 0, 16, 16 ], "texture": "#texture" },
				"north": { "uv": [ 0, 0, 16, 16 ], "texture": "#texture" },
				"south": { "uv": [ 0, 0, 16, 16 ], "texture": "#texture" },
				"west": { "uv": [ 0, 0, 16, 16 ], "texture": "#texture" },
				"east": { "uv": [ 0, 0, 16, 16 ], "texture": "#texture" }
			}
		}
	],
	"display": {
		"thirdperson_righthand": {
			"scale":  [ 1.7, 1.7, 1.7 ]
		},
		"gui": {
			"rotation":  [ 30, 225, 0 ],
			"scale":  [ 0.625, 0.625, 0.625 ]
		}
	}
}