{
	"__comment": "Designed by Tsunami67 with Cubik Studio - https://cubik.studio",
	"textures": {
		"particle": "blocks/e_particle",
		"texture": "blocks/hardened_clay_stained_pink"
	},
	"elements": [ 	 
		{
			"__comment": "Box1",
			"from": [ 14, 6, 7 ],
			"to": [ 30, 7, 9 ],
			"rotation": { "origin": [ 14, 6, 7 ], "axis": "z", "angle": -22.5 },
			"faces": {
				"down": { "uv": [ 0, 7, 16, 9 ], "texture": "#texture" },
				"up": { "uv": [ 0, 7, 16, 9 ], "texture": "#texture" },
				"north": { "uv": [ 0, 9.5, 16, 10.5 ], "texture": "#texture" },
				"south": { "uv": [ 0, 9.5, 16, 10.5 ], "texture": "#texture" },
				"west": { "uv": [ 7, 9.5, 9, 10.5 ], "texture": "#texture" },
				"east": { "uv": [ 7, 9.5, 9, 10.5 ], "texture": "#texture" }
			}
		},
		{
			"__comment": "Box2",
			"from": [ 14, 7, 7 ],
			"to": [ 16, 9, 9 ],
			"rotation": { "origin": [ 14, 6, 7 ], "axis": "z", "angle": -22.5 },
			"faces": {
				"down": { "uv": [ 0, 0, 2, 2 ], "texture": "#texture" },
				"up": { "uv": [ 0, 14, 2, 16 ], "texture": "#texture" },
				"north": { "uv": [ 14, 13, 16, 15 ], "texture": "#texture" },
				"south": { "uv": [ 0, 13, 2, 15 ], "texture": "#texture" },
				"west": { "uv": [ 14, 13, 16, 15 ], "texture": "#texture" },
				"east": { "uv": [ 0, 13, 2, 15 ], "texture": "#texture" }
			}
		},
		{
			"__comment": "Box3",
			"from": [ 28, 7, 7 ],
			"to": [ 30, 9, 9 ],
			"rotation": { "origin": [ 14, 6, 7 ], "axis": "z", "angle": -22.5 },
			"faces": {
				"down": { "uv": [ 14, 0, 16, 2 ], "texture": "#texture" },
				"up": { "uv": [ 14, 14, 16, 16 ], "texture": "#texture" },
				"north": { "uv": [ 0, 13, 2, 15 ], "texture": "#texture" },
				"south": { "uv": [ 14, 13, 16, 15 ], "texture": "#texture" },
				"west": { "uv": [ 14, 13, 16, 15 ], "texture": "#texture" },
				"east": { "uv": [ 0, 13, 2, 15 ], "texture": "#texture" }
			}
		},
		{
			"__comment": "Box4",
			"from": [ 14, 10, 3.5 ],
			"to": [ 30, 11, 5.5 ],
			"rotation": { "origin": [ 14, 6, 7 ], "axis": "z", "angle": -22.5 },
			"faces": {
				"down": { "uv": [ 0, 10.5, 16, 12.5 ], "texture": "#texture" },
				"up": { "uv": [ 0, 3.5, 16, 5.5 ], "texture": "#texture" },
				"north": { "uv": [ 0, 11, 16, 12 ], "texture": "#texture" },
				"south": { "uv": [ 0, 11, 16, 12 ], "texture": "#texture" },
				"west": { "uv": [ 3.5, 11, 5.5, 12 ], "texture": "#texture" },
				"east": { "uv": [ 10.5, 11, 12.5, 12 ], "texture": "#texture" }
			}
		},
		{
			"__comment": "Box5",
			"from": [ 14, 9, 0 ],
			"to": [ 16, 10, 16 ],
			"rotation": { "origin": [ 14, 6, 7 ], "axis": "z", "angle": -22.5 },
			"faces": {
				"down": { "uv": [ 0, 0, 2, 16 ], "texture": "#texture" },
				"up": { "uv": [ 0, 0, 2, 16 ], "texture": "#texture" },
				"north": { "uv": [ 14, 12, 16, 13 ], "texture": "#texture" },
				"south": { "uv": [ 0, 12, 2, 13 ], "texture": "#texture" },
				"west": { "uv": [ 0, 12, 16, 13 ], "texture": "#texture" },
				"east": { "uv": [ 0, 12, 16, 13 ], "texture": "#texture" }
			}
		},
		{
			"__comment": "Box5",
			"from": [ 28, 9, 0 ],
			"to": [ 30, 10, 16 ],
			"rotation": { "origin": [ 14, 6, 7 ], "axis": "z", "angle": -22.5 },
			"faces": {
				"down": { "uv": [ 14, 0, 16, 16 ], "texture": "#texture" },
				"up": { "uv": [ 14, 0, 16, 16 ], "texture": "#texture" },
				"north": { "uv": [ 0, 12, 2, 13 ], "texture": "#texture" },
				"south": { "uv": [ 14, 12, 16, 13 ], "texture": "#texture" },
				"west": { "uv": [ 0, 12, 16, 13 ], "texture": "#texture" },
				"east": { "uv": [ 0, 12, 16, 13 ], "texture": "#texture" }
			}
		},
		{
			"__comment": "Box1",
			"from": [ 14, 6, 14 ],
			"to": [ 30, 7, 16 ],
			"rotation": { "origin": [ 14, 6, 7 ], "axis": "z", "angle": -22.5 },
			"faces": {
				"down": { "uv": [ 0, 0, 16, 2 ], "texture": "#texture" },
				"up": { "uv": [ 0, 14, 16, 16 ], "texture": "#texture" },
				"north": { "uv": [ 0, 15, 16, 16 ], "texture": "#texture" },
				"south": { "uv": [ 0, 15, 16, 16 ], "texture": "#texture" },
				"west": { "uv": [ 14, 15, 16, 16 ], "texture": "#texture" },
				"east": { "uv": [ 0, 15, 2, 16 ], "texture": "#texture" }
			}
		},
		{
			"__comment": "Box2",
			"from": [ 14, 7, 14 ],
			"to": [ 16, 9, 16 ],
			"rotation": { "origin": [ 14, 6, 7 ], "axis": "z", "angle": -22.5 },
			"faces": {
				"down": { "uv": [ 0, 0, 2, 2 ], "texture": "#texture" },
				"up": { "uv": [ 0, 14, 2, 16 ], "texture": "#texture" },
				"north": { "uv": [ 14, 13, 16, 15 ], "texture": "#texture" },
				"south": { "uv": [ 0, 13, 2, 15 ], "texture": "#texture" },
				"west": { "uv": [ 14, 13, 16, 15 ], "texture": "#texture" },
				"east": { "uv": [ 0, 13, 2, 15 ], "texture": "#texture" }
			}
		},
		{
			"__comment": "Box3",
			"from": [ 28, 7, 14 ],
			"to": [ 30, 9, 16 ],
			"rotation": { "origin": [ 14, 6, 7 ], "axis": "z", "angle": -22.5 },
			"faces": {
				"down": { "uv": [ 14, 0, 16, 2 ], "texture": "#texture" },
				"up": { "uv": [ 14, 14, 16, 16 ], "texture": "#texture" },
				"north": { "uv": [ 0, 13, 2, 15 ], "texture": "#texture" },
				"south": { "uv": [ 14, 13, 16, 15 ], "texture": "#texture" },
				"west": { "uv": [ 14, 13, 16, 15 ], "texture": "#texture" },
				"east": { "uv": [ 0, 13, 2, 15 ], "texture": "#texture" }
			}
		},
		{
			"__comment": "Box4",
			"from": [ 14, 10, 14 ],
			"to": [ 30, 11, 16 ],
			"rotation": { "origin": [ 14, 6, 7 ], "axis": "z", "angle": -22.5 },
			"faces": {
				"down": { "uv": [ 0, 0, 16, 2 ], "texture": "#texture" },
				"up": { "uv": [ 0, 14, 16, 16 ], "texture": "#texture" },
				"north": { "uv": [ 0, 11, 16, 12 ], "texture": "#texture" },
				"south": { "uv": [ 0, 11, 16, 12 ], "texture": "#texture" },
				"west": { "uv": [ 14, 11, 16, 12 ], "texture": "#texture" },
				"east": { "uv": [ 0, 11, 2, 12 ], "texture": "#texture" }
			}
		},
		{
			"__comment": "Box1",
			"from": [ 14, 6, 0 ],
			"to": [ 30, 7, 2 ],
			"rotation": { "origin": [ 14, 6, 7 ], "axis": "z", "angle": -22.5 },
			"faces": {
				"down": { "uv": [ 0, 14, 16, 16 ], "texture": "#texture" },
				"up": { "uv": [ 0, 0, 16, 2 ], "texture": "#texture" },
				"north": { "uv": [ 0, 15, 16, 16 ], "texture": "#texture" },
				"south": { "uv": [ 0, 15, 16, 16 ], "texture": "#texture" },
				"west": { "uv": [ 0, 15, 2, 16 ], "texture": "#texture" },
				"east": { "uv": [ 14, 15, 16, 16 ], "texture": "#texture" }
			}
		},
		{
			"__comment": "Box2",
			"from": [ 14, 7, 0 ],
			"to": [ 16, 9, 2 ],
			"rotation": { "origin": [ 14, 6, 7 ], "axis": "z", "angle": -22.5 },
			"faces": {
				"down": { "uv": [ 0, 14, 2, 16 ], "texture": "#texture" },
				"up": { "uv": [ 0, 0, 2, 2 ], "texture": "#texture" },
				"north": { "uv": [ 14, 13, 16, 15 ], "texture": "#texture" },
				"south": { "uv": [ 0, 13, 2, 15 ], "texture": "#texture" },
				"west": { "uv": [ 0, 13, 2, 15 ], "texture": "#texture" },
				"east": { "uv": [ 14, 13, 16, 15 ], "texture": "#texture" }
			}
		},
		{
			"__comment": "Box3",
			"from": [ 28, 7, 0 ],
			"to": [ 30, 9, 2 ],
			"rotation": { "origin": [ 14, 6, 7 ], "axis": "z", "angle": -22.5 },
			"faces": {
				"down": { "uv": [ 14, 14, 16, 16 ], "texture": "#texture" },
				"up": { "uv": [ 14, 0, 16, 2 ], "texture": "#texture" },
				"north": { "uv": [ 0, 13, 2, 15 ], "texture": "#texture" },
				"south": { "uv": [ 14, 13, 16, 15 ], "texture": "#texture" },
				"west": { "uv": [ 0, 13, 2, 15 ], "texture": "#texture" },
				"east": { "uv": [ 14, 13, 16, 15 ], "texture": "#texture" }
			}
		},
		{
			"__comment": "Box4",
			"from": [ 14, 10, 0 ],
			"to": [ 30, 11, 2 ],
			"rotation": { "origin": [ 14, 6, 7 ], "axis": "z", "angle": -22.5 },
			"faces": {
				"down": { "uv": [ 0, 14, 16, 16 ], "texture": "#texture" },
				"up": { "uv": [ 0, 0, 16, 2 ], "texture": "#texture" },
				"north": { "uv": [ 0, 11, 16, 12 ], "texture": "#texture" },
				"south": { "uv": [ 0, 11, 16, 12 ], "texture": "#texture" },
				"west": { "uv": [ 0, 11, 2, 12 ], "texture": "#texture" },
				"east": { "uv": [ 14, 11, 16, 12 ], "texture": "#texture" }
			}
		},
		{
			"__comment": "Box4",
			"from": [ 14, 10, 7 ],
			"to": [ 30, 11, 9 ],
			"rotation": { "origin": [ 14, 6, 7 ], "axis": "z", "angle": -22.5 },
			"faces": {
				"down": { "uv": [ 0, 7, 16, 9 ], "texture": "#texture" },
				"up": { "uv": [ 0, 7, 16, 9 ], "texture": "#texture" },
				"north": { "uv": [ 0, 11, 16, 12 ], "texture": "#texture" },
				"south": { "uv": [ 0, 11, 16, 12 ], "texture": "#texture" },
				"west": { "uv": [ 7, 11, 9, 12 ], "texture": "#texture" },
				"east": { "uv": [ 7, 11, 9, 12 ], "texture": "#texture" }
			}
		},
		{
			"__comment": "Box4",
			"from": [ 14, 10, 10.5 ],
			"to": [ 30, 11, 12.5 ],
			"rotation": { "origin": [ 14, 6, 7 ], "axis": "z", "angle": -22.5 },
			"faces": {
				"down": { "uv": [ 0, 3.5, 16, 5.5 ], "texture": "#texture" },
				"up": { "uv": [ 0, 10.5, 16, 12.5 ], "texture": "#texture" },
				"north": { "uv": [ 0, 11, 16, 12 ], "texture": "#texture" },
				"south": { "uv": [ 0, 11, 16, 12 ], "texture": "#texture" },
				"west": { "uv": [ 10.5, 11, 12.5, 12 ], "texture": "#texture" },
				"east": { "uv": [ 3.5, 11, 5.5, 12 ], "texture": "#texture" }
			}
		},
		{
			"__comment": "Box1",
			"from": [ 0, 0, 7 ],
			"to": [ 16, 1, 9 ],
			"faces": {
				"down": { "uv": [ 0, 7, 16, 9 ], "texture": "#texture" },
				"up": { "uv": [ 0, 7, 16, 9 ], "texture": "#texture" },
				"north": { "uv": [ 0, 15, 16, 16 ], "texture": "#texture" },
				"south": { "uv": [ 0, 15, 16, 16 ], "texture": "#texture" },
				"west": { "uv": [ 7, 15, 9, 16 ], "texture": "#texture" },
				"east": { "uv": [ 7, 15, 9, 16 ], "texture": "#texture" }
			}
		},
		{
			"__comment": "Box2",
			"from": [ 0, 1, 7 ],
			"to": [ 2, 3, 9 ],
			"faces": {
				"down": { "uv": [ 0, 7, 2, 9 ], "texture": "#texture" },
				"up": { "uv": [ 0, 7, 2, 9 ], "texture": "#texture" },
				"north": { "uv": [ 14, 13, 16, 15 ], "texture": "#texture" },
				"south": { "uv": [ 0, 13, 2, 15 ], "texture": "#texture" },
				"west": { "uv": [ 7, 13, 9, 15 ], "texture": "#texture" },
				"east": { "uv": [ 7, 13, 9, 15 ], "texture": "#texture" }
			}
		},
		{
			"__comment": "Box3",
			"from": [ 14, 1, 7 ],
			"to": [ 16, 3, 9 ],
			"faces": {
				"down": { "uv": [ 14, 7, 16, 9 ], "texture": "#texture" },
				"up": { "uv": [ 14, 7, 16, 9 ], "texture": "#texture" },
				"north": { "uv": [ 0, 13, 2, 15 ], "texture": "#texture" },
				"south": { "uv": [ 14, 13, 16, 15 ], "texture": "#texture" },
				"west": { "uv": [ 7, 13, 9, 15 ], "texture": "#texture" },
				"east": { "uv": [ 7, 13, 9, 15 ], "texture": "#texture" }
			}
		},
		{
			"__comment": "Box4",
			"from": [ 0, 4, 3.5 ],
			"to": [ 16, 5, 5.5 ],
			"faces": {
				"down": { "uv": [ 0, 10.5, 16, 12.5 ], "texture": "#texture" },
				"up": { "uv": [ 0, 3.5, 16, 5.5 ], "texture": "#texture" },
				"north": { "uv": [ 0, 11, 16, 12 ], "texture": "#texture" },
				"south": { "uv": [ 0, 11, 16, 12 ], "texture": "#texture" },
				"west": { "uv": [ 3.5, 11, 5.5, 12 ], "texture": "#texture" },
				"east": { "uv": [ 10.5, 11, 12.5, 12 ], "texture": "#texture" }
			}
		},
		{
			"__comment": "Box5",
			"from": [ 0, 3, 0 ],
			"to": [ 2, 4, 16 ],
			"faces": {
				"down": { "uv": [ 0, 0, 2, 16 ], "texture": "#texture" },
				"up": { "uv": [ 0, 0, 2, 16 ], "texture": "#texture" },
				"north": { "uv": [ 14, 12, 16, 13 ], "texture": "#texture" },
				"south": { "uv": [ 0, 12, 2, 13 ], "texture": "#texture" },
				"west": { "uv": [ 0, 12, 16, 13 ], "texture": "#texture" },
				"east": { "uv": [ 0, 12, 16, 13 ], "texture": "#texture" }
			}
		},
		{
			"__comment": "Box5",
			"from": [ 14, 3, 0 ],
			"to": [ 16, 4, 16 ],
			"faces": {
				"down": { "uv": [ 14, 0, 16, 16 ], "texture": "#texture" },
				"up": { "uv": [ 14, 0, 16, 16 ], "texture": "#texture" },
				"north": { "uv": [ 0, 12, 2, 13 ], "texture": "#texture" },
				"south": { "uv": [ 14, 12, 16, 13 ], "texture": "#texture" },
				"west": { "uv": [ 0, 12, 16, 13 ], "texture": "#texture" },
				"east": { "uv": [ 0, 12, 16, 13 ], "texture": "#texture" }
			}
		},
		{
			"__comment": "Box1",
			"from": [ 0, 0, 14 ],
			"to": [ 16, 1, 16 ],
			"faces": {
				"down": { "uv": [ 0, 0, 16, 2 ], "texture": "#texture" },
				"up": { "uv": [ 0, 14, 16, 16 ], "texture": "#texture" },
				"north": { "uv": [ 0, 15, 16, 16 ], "texture": "#texture" },
				"south": { "uv": [ 0, 15, 16, 16 ], "texture": "#texture" },
				"west": { "uv": [ 14, 15, 16, 16 ], "texture": "#texture" },
				"east": { "uv": [ 0, 15, 2, 16 ], "texture": "#texture" }
			}
		},
		{
			"__comment": "Box2",
			"from": [ 0, 1, 14 ],
			"to": [ 2, 3, 16 ],
			"faces": {
				"down": { "uv": [ 0, 0, 2, 2 ], "texture": "#texture" },
				"up": { "uv": [ 0, 14, 2, 16 ], "texture": "#texture" },
				"north": { "uv": [ 14, 13, 16, 15 ], "texture": "#texture" },
				"south": { "uv": [ 0, 13, 2, 15 ], "texture": "#texture" },
				"west": { "uv": [ 14, 13, 16, 15 ], "texture": "#texture" },
				"east": { "uv": [ 0, 13, 2, 15 ], "texture": "#texture" }
			}
		},
		{
			"__comment": "Box3",
			"from": [ 14, 1, 14 ],
			"to": [ 16, 3, 16 ],
			"faces": {
				"down": { "uv": [ 14, 0, 16, 2 ], "texture": "#texture" },
				"up": { "uv": [ 14, 14, 16, 16 ], "texture": "#texture" },
				"north": { "uv": [ 0, 13, 2, 15 ], "texture": "#texture" },
				"south": { "uv": [ 14, 13, 16, 15 ], "texture": "#texture" },
				"west": { "uv": [ 14, 13, 16, 15 ], "texture": "#texture" },
				"east": { "uv": [ 0, 13, 2, 15 ], "texture": "#texture" }
			}
		},
		{
			"__comment": "Box4",
			"from": [ 0, 4, 14 ],
			"to": [ 16, 5, 16 ],
			"faces": {
				"down": { "uv": [ 0, 0, 16, 2 ], "texture": "#texture" },
				"up": { "uv": [ 0, 14, 16, 16 ], "texture": "#texture" },
				"north": { "uv": [ 0, 11, 16, 12 ], "texture": "#texture" },
				"south": { "uv": [ 0, 11, 16, 12 ], "texture": "#texture" },
				"west": { "uv": [ 14, 11, 16, 12 ], "texture": "#texture" },
				"east": { "uv": [ 0, 11, 2, 12 ], "texture": "#texture" }
			}
		},
		{
			"__comment": "Box1",
			"from": [ 0, 0, 0 ],
			"to": [ 16, 1, 2 ],
			"faces": {
				"down": { "uv": [ 0, 14, 16, 16 ], "texture": "#texture" },
				"up": { "uv": [ 0, 0, 16, 2 ], "texture": "#texture" },
				"north": { "uv": [ 0, 15, 16, 16 ], "texture": "#texture" },
				"south": { "uv": [ 0, 15, 16, 16 ], "texture": "#texture" },
				"west": { "uv": [ 0, 15, 2, 16 ], "texture": "#texture" },
				"east": { "uv": [ 14, 15, 16, 16 ], "texture": "#texture" }
			}
		},
		{
			"__comment": "Box2",
			"from": [ 0, 1, 0 ],
			"to": [ 2, 3, 2 ],
			"faces": {
				"down": { "uv": [ 0, 14, 2, 16 ], "texture": "#texture" },
				"up": { "uv": [ 0, 0, 2, 2 ], "texture": "#texture" },
				"north": { "uv": [ 14, 13, 16, 15 ], "texture": "#texture" },
				"south": { "uv": [ 0, 13, 2, 15 ], "texture": "#texture" },
				"west": { "uv": [ 0, 13, 2, 15 ], "texture": "#texture" },
				"east": { "uv": [ 14, 13, 16, 15 ], "texture": "#texture" }
			}
		},
		{
			"__comment": "Box3",
			"from": [ 14, 1, 0 ],
			"to": [ 16, 3, 2 ],
			"faces": {
				"down": { "uv": [ 14, 14, 16, 16 ], "texture": "#texture" },
				"up": { "uv": [ 14, 0, 16, 2 ], "texture": "#texture" },
				"north": { "uv": [ 0, 13, 2, 15 ], "texture": "#texture" },
				"south": { "uv": [ 14, 13, 16, 15 ], "texture": "#texture" },
				"west": { "uv": [ 0, 13, 2, 15 ], "texture": "#texture" },
				"east": { "uv": [ 14, 13, 16, 15 ], "texture": "#texture" }
			}
		},
		{
			"__comment": "Box4",
			"from": [ 0, 4, 0 ],
			"to": [ 16, 5, 2 ],
			"faces": {
				"down": { "uv": [ 0, 14, 16, 16 ], "texture": "#texture" },
				"up": { "uv": [ 0, 0, 16, 2 ], "texture": "#texture" },
				"north": { "uv": [ 0, 11, 16, 12 ], "texture": "#texture" },
				"south": { "uv": [ 0, 11, 16, 12 ], "texture": "#texture" },
				"west": { "uv": [ 0, 11, 2, 12 ], "texture": "#texture" },
				"east": { "uv": [ 14, 11, 16, 12 ], "texture": "#texture" }
			}
		},
		{
			"__comment": "Box4",
			"from": [ 0, 4, 7 ],
			"to": [ 16, 5, 9 ],
			"faces": {
				"down": { "uv": [ 0, 7, 16, 9 ], "texture": "#texture" },
				"up": { "uv": [ 0, 7, 16, 9 ], "texture": "#texture" },
				"north": { "uv": [ 0, 11, 16, 12 ], "texture": "#texture" },
				"south": { "uv": [ 0, 11, 16, 12 ], "texture": "#texture" },
				"west": { "uv": [ 7, 11, 9, 12 ], "texture": "#texture" },
				"east": { "uv": [ 7, 11, 9, 12 ], "texture": "#texture" }
			}
		},
		{
			"__comment": "Box4",
			"from": [ 0, 4, 10.5 ],
			"to": [ 16, 5, 12.5 ],
			"faces": {
				"down": { "uv": [ 0, 3.5, 16, 5.5 ], "texture": "#texture" },
				"up": { "uv": [ 0, 10.5, 16, 12.5 ], "texture": "#texture" },
				"north": { "uv": [ 0, 11, 16, 12 ], "texture": "#texture" },
				"south": { "uv": [ 0, 11, 16, 12 ], "texture": "#texture" },
				"west": { "uv": [ 10.5, 11, 12.5, 12 ], "texture": "#texture" },
				"east": { "uv": [ 3.5, 11, 5.5, 12 ], "texture": "#texture" }
			}
		}
	],
	"display": {
		"thirdperson_righthand": {
			"scale":  [ 1.2, 1.2, 1.2 ]
		},
		"gui": {
			"rotation":  [ 30, 225, 0 ],
			"scale":  [ 0.625, 0.625, 0.625 ]
		}
	}
}