{
	"__comment": "Designed by Tsunami67 with Cubik Studio - https://cubik.studio",
	"textures": {
		"particle": "blocks/e_particle",
		"texture": "blocks/hardened_clay_stained_pink"
	},
	"elements": [ 	 
		{
			"__comment": "Box1",
			"from": [ 0, 10, 12.5 ],
			"to": [ 16, 11, 14.5 ],
			"rotation": { "origin": [ 0, 10, 12.5 ], "axis": "y", "angle": 45 },
			"faces": {
				"down": { "uv": [ 0, 7, 16, 9 ], "texture": "#texture" },
				"up": { "uv": [ 0, 7, 16, 9 ], "texture": "#texture" },
				"north": { "uv": [ 0, 10, 16, 11 ], "texture": "#texture" },
				"south": { "uv": [ 0, 10, 16, 11 ], "texture": "#texture" },
				"west": { "uv": [ 7, 10, 9, 11 ], "texture": "#texture" },
				"east": { "uv": [ 7, 10, 9, 11 ], "texture": "#texture" }
			}
		},
		{
			"__comment": "Box2",
			"from": [ 0, 11, 12.5 ],
			"to": [ 2, 13, 14.5 ],
			"rotation": { "origin": [ 0, 10, 12.5 ], "axis": "y", "angle": 45 },
			"faces": {
				"down": { "uv": [ 0, 7, 2, 9 ], "texture": "#texture" },
				"up": { "uv": [ 0, 7, 2, 9 ], "texture": "#texture" },
				"north": { "uv": [ 14, 13, 16, 15 ], "texture": "#texture" },
				"south": { "uv": [ 0, 13, 2, 15 ], "texture": "#texture" },
				"west": { "uv": [ 7, 13, 9, 15 ], "texture": "#texture" },
				"east": { "uv": [ 7, 13, 9, 15 ], "texture": "#texture" }
			}
		},
		{
			"__comment": "Box3",
			"from": [ 14, 11, 12.5 ],
			"to": [ 16, 13, 14.5 ],
			"rotation": { "origin": [ 0, 10, 12.5 ], "axis": "y", "angle": 45 },
			"faces": {
				"down": { "uv": [ 14, 7, 16, 9 ], "texture": "#texture" },
				"up": { "uv": [ 14, 7, 16, 9 ], "texture": "#texture" },
				"north": { "uv": [ 0, 13, 2, 15 ], "texture": "#texture" },
				"south": { "uv": [ 14, 13, 16, 15 ], "texture": "#texture" },
				"west": { "uv": [ 7, 13, 9, 15 ], "texture": "#texture" },
				"east": { "uv": [ 7, 13, 9, 15 ], "texture": "#texture" }
			}
		},
		{
			"__comment": "Box4",
			"from": [ 0, 14, 9 ],
			"to": [ 16, 15, 11 ],
			"rotation": { "origin": [ 0, 10, 12.5 ], "axis": "y", "angle": 45 },
			"faces": {
				"down": { "uv": [ 0, 10.5, 16, 12.5 ], "texture": "#texture" },
				"up": { "uv": [ 0, 3.5, 16, 5.5 ], "texture": "#texture" },
				"north": { "uv": [ 0, 11, 16, 12 ], "texture": "#texture" },
				"south": { "uv": [ 0, 11, 16, 12 ], "texture": "#texture" },
				"west": { "uv": [ 3.5, 11, 5.5, 12 ], "texture": "#texture" },
				"east": { "uv": [ 10.5, 11, 12.5, 12 ], "texture": "#texture" }
			}
		},
		{
			"__comment": "Box5",
			"from": [ 0, 13, 5.5 ],
			"to": [ 2, 14, 21.5 ],
			"rotation": { "origin": [ 0, 10, 12.5 ], "axis": "y", "angle": 45 },
			"faces": {
				"down": { "uv": [ 0, 0, 2, 16 ], "texture": "#texture" },
				"up": { "uv": [ 0, 0, 2, 16 ], "texture": "#texture" },
				"north": { "uv": [ 14, 12, 16, 13 ], "texture": "#texture" },
				"south": { "uv": [ 0, 12, 2, 13 ], "texture": "#texture" },
				"west": { "uv": [ 0, 12, 16, 13 ], "texture": "#texture" },
				"east": { "uv": [ 0, 12, 16, 13 ], "texture": "#texture" }
			}
		},
		{
			"__comment": "Box5",
			"from": [ 14, 13, 5.4999 ],
			"to": [ 16, 14, 21.4999 ],
			"rotation": { "origin": [ 0, 10, 12.5 ], "axis": "y", "angle": 45 },
			"faces": {
				"down": { "uv": [ 14, 0, 16, 16 ], "texture": "#texture" },
				"up": { "uv": [ 14, 0, 16, 16 ], "texture": "#texture" },
				"north": { "uv": [ 0, 12, 2, 13 ], "texture": "#texture" },
				"south": { "uv": [ 14, 12, 16, 13 ], "texture": "#texture" },
				"west": { "uv": [ 0, 12, 16, 13 ], "texture": "#texture" },
				"east": { "uv": [ 0, 12, 16, 13 ], "texture": "#texture" }
			}
		},
		{
			"__comment": "Box1",
			"from": [ 0, 10, 19.5 ],
			"to": [ 16, 11, 21.5 ],
			"rotation": { "origin": [ 0, 10, 12.5 ], "axis": "y", "angle": 45 },
			"faces": {
				"down": { "uv": [ 0, 0, 16, 2 ], "texture": "#texture" },
				"up": { "uv": [ 0, 14, 16, 16 ], "texture": "#texture" },
				"north": { "uv": [ 0, 15, 16, 16 ], "texture": "#texture" },
				"south": { "uv": [ 0, 15, 16, 16 ], "texture": "#texture" },
				"west": { "uv": [ 14, 15, 16, 16 ], "texture": "#texture" },
				"east": { "uv": [ 0, 15, 2, 16 ], "texture": "#texture" }
			}
		},
		{
			"__comment": "Box2",
			"from": [ 0, 11, 19.5 ],
			"to": [ 2, 13, 21.5 ],
			"rotation": { "origin": [ 0, 10, 12.5 ], "axis": "y", "angle": 45 },
			"faces": {
				"down": { "uv": [ 0, 0, 2, 2 ], "texture": "#texture" },
				"up": { "uv": [ 0, 14, 2, 16 ], "texture": "#texture" },
				"north": { "uv": [ 14, 13, 16, 15 ], "texture": "#texture" },
				"south": { "uv": [ 0, 13, 2, 15 ], "texture": "#texture" },
				"west": { "uv": [ 14, 13, 16, 15 ], "texture": "#texture" },
				"east": { "uv": [ 0, 13, 2, 15 ], "texture": "#texture" }
			}
		},
		{
			"__comment": "Box3",
			"from": [ 14, 11, 19.5 ],
			"to": [ 16, 13, 21.5 ],
			"rotation": { "origin": [ 0, 10, 12.5 ], "axis": "y", "angle": 45 },
			"faces": {
				"down": { "uv": [ 14, 0, 16, 2 ], "texture": "#texture" },
				"up": { "uv": [ 14, 14, 16, 16 ], "texture": "#texture" },
				"north": { "uv": [ 0, 13, 2, 15 ], "texture": "#texture" },
				"south": { "uv": [ 14, 13, 16, 15 ], "texture": "#texture" },
				"west": { "uv": [ 14, 13, 16, 15 ], "texture": "#texture" },
				"east": { "uv": [ 0, 13, 2, 15 ], "texture": "#texture" }
			}
		},
		{
			"__comment": "Box4",
			"from": [ 0, 14, 19.5 ],
			"to": [ 16, 15, 21.5 ],
			"rotation": { "origin": [ 0, 10, 12.5 ], "axis": "y", "angle": 45 },
			"faces": {
				"down": { "uv": [ 0, 0, 16, 2 ], "texture": "#texture" },
				"up": { "uv": [ 0, 14, 16, 16 ], "texture": "#texture" },
				"north": { "uv": [ 0, 11, 16, 12 ], "texture": "#texture" },
				"south": { "uv": [ 0, 11, 16, 12 ], "texture": "#texture" },
				"west": { "uv": [ 14, 11, 16, 12 ], "texture": "#texture" },
				"east": { "uv": [ 0, 11, 2, 12 ], "texture": "#texture" }
			}
		},
		{
			"__comment": "Box1",
			"from": [ 0, 10, 5.5 ],
			"to": [ 16, 11, 7.5 ],
			"rotation": { "origin": [ 0, 10, 12.5 ], "axis": "y", "angle": 45 },
			"faces": {
				"down": { "uv": [ 0, 14, 16, 16 ], "texture": "#texture" },
				"up": { "uv": [ 0, 0, 16, 2 ], "texture": "#texture" },
				"north": { "uv": [ 0, 15, 16, 16 ], "texture": "#texture" },
				"south": { "uv": [ 0, 15, 16, 16 ], "texture": "#texture" },
				"west": { "uv": [ 0, 15, 2, 16 ], "texture": "#texture" },
				"east": { "uv": [ 14, 15, 16, 16 ], "texture": "#texture" }
			}
		},
		{
			"__comment": "Box2",
			"from": [ 0, 11, 5.5 ],
			"to": [ 2, 13, 7.5 ],
			"rotation": { "origin": [ 0, 10, 12.5 ], "axis": "y", "angle": 45 },
			"faces": {
				"down": { "uv": [ 0, 14, 2, 16 ], "texture": "#texture" },
				"up": { "uv": [ 0, 0, 2, 2 ], "texture": "#texture" },
				"north": { "uv": [ 14, 13, 16, 15 ], "texture": "#texture" },
				"south": { "uv": [ 0, 13, 2, 15 ], "texture": "#texture" },
				"west": { "uv": [ 0, 13, 2, 15 ], "texture": "#texture" },
				"east": { "uv": [ 14, 13, 16, 15 ], "texture": "#texture" }
			}
		},
		{
			"__comment": "Box3",
			"from": [ 14, 11, 5.4999 ],
			"to": [ 16, 13, 7.4999 ],
			"rotation": { "origin": [ 0, 10, 12.5 ], "axis": "y", "angle": 45 },
			"faces": {
				"down": { "uv": [ 14, 14, 16, 16 ], "texture": "#texture" },
				"up": { "uv": [ 14, 0, 16, 2 ], "texture": "#texture" },
				"north": { "uv": [ 0, 13, 2, 15 ], "texture": "#texture" },
				"south": { "uv": [ 14, 13, 16, 15 ], "texture": "#texture" },
				"west": { "uv": [ 0, 13, 2, 15 ], "texture": "#texture" },
				"east": { "uv": [ 14, 13, 16, 15 ], "texture": "#texture" }
			}
		},
		{
			"__comment": "Box4",
			"from": [ 0, 14, 5.5 ],
			"to": [ 16, 15, 7.5 ],
			"rotation": { "origin": [ 0, 10, 12.5 ], "axis": "y", "angle": 45 },
			"faces": {
				"down": { "uv": [ 0, 14, 16, 16 ], "texture": "#texture" },
				"up": { "uv": [ 0, 0, 16, 2 ], "texture": "#texture" },
				"north": { "uv": [ 0, 11, 16, 12 ], "texture": "#texture" },
				"south": { "uv": [ 0, 11, 16, 12 ], "texture": "#texture" },
				"west": { "uv": [ 0, 11, 2, 12 ], "texture": "#texture" },
				"east": { "uv": [ 14, 11, 16, 12 ], "texture": "#texture" }
			}
		},
		{
			"__comment": "Box4",
			"from": [ 0, 14, 12.5 ],
			"to": [ 16, 15, 14.5 ],
			"rotation": { "origin": [ 0, 10, 12.5 ], "axis": "y", "angle": 45 },
			"faces": {
				"down": { "uv": [ 0, 7, 16, 9 ], "texture": "#texture" },
				"up": { "uv": [ 0, 7, 16, 9 ], "texture": "#texture" },
				"north": { "uv": [ 0, 11, 16, 12 ], "texture": "#texture" },
				"south": { "uv": [ 0, 11, 16, 12 ], "texture": "#texture" },
				"west": { "uv": [ 7, 11, 9, 12 ], "texture": "#texture" },
				"east": { "uv": [ 7, 11, 9, 12 ], "texture": "#texture" }
			}
		},
		{
			"__comment": "Box4",
			"from": [ 0, 14, 16 ],
			"to": [ 16, 15, 18 ],
			"rotation": { "origin": [ 0, 10, 12.5 ], "axis": "y", "angle": 45 },
			"faces": {
				"down": { "uv": [ 0, 3.5, 16, 5.5 ], "texture": "#texture" },
				"up": { "uv": [ 0, 10.5, 16, 12.5 ], "texture": "#texture" },
				"north": { "uv": [ 0, 11, 16, 12 ], "texture": "#texture" },
				"south": { "uv": [ 0, 11, 16, 12 ], "texture": "#texture" },
				"west": { "uv": [ 10.5, 11, 12.5, 12 ], "texture": "#texture" },
				"east": { "uv": [ 3.5, 11, 5.5, 12 ], "texture": "#texture" }
			}
		},
		{
			"__comment": "Box1",
			"from": [ 0, 0, 7 ],
			"to": [ 16, 1, 9 ],
			"faces": {
				"down": { "uv": [ 0, 7, 16, 9 ], "texture": "#texture" },
				"up": { "uv": [ 0, 7, 16, 9 ], "texture": "#texture" },
				"north": { "uv": [ 0, 15, 16, 16 ], "texture": "#texture" },
				"south": { "uv": [ 0, 15, 16, 16 ], "texture": "#texture" },
				"west": { "uv": [ 7, 15, 9, 16 ], "texture": "#texture" },
				"east": { "uv": [ 7, 15, 9, 16 ], "texture": "#texture" }
			}
		},
		{
			"__comment": "Box2",
			"from": [ 0, 1, 7 ],
			"to": [ 2, 3, 9 ],
			"faces": {
				"down": { "uv": [ 0, 7, 2, 9 ], "texture": "#texture" },
				"up": { "uv": [ 0, 7, 2, 9 ], "texture": "#texture" },
				"north": { "uv": [ 14, 13, 16, 15 ], "texture": "#texture" },
				"south": { "uv": [ 0, 13, 2, 15 ], "texture": "#texture" },
				"west": { "uv": [ 7, 13, 9, 15 ], "texture": "#texture" },
				"east": { "uv": [ 7, 13, 9, 15 ], "texture": "#texture" }
			}
		},
		{
			"__comment": "Box3",
			"from": [ 14, 1, 7 ],
			"to": [ 16, 3, 9 ],
			"faces": {
				"down": { "uv": [ 14, 7, 16, 9 ], "texture": "#texture" },
				"up": { "uv": [ 14, 7, 16, 9 ], "texture": "#texture" },
				"north": { "uv": [ 0, 13, 2, 15 ], "texture": "#texture" },
				"south": { "uv": [ 14, 13, 16, 15 ], "texture": "#texture" },
				"west": { "uv": [ 7, 13, 9, 15 ], "texture": "#texture" },
				"east": { "uv": [ 7, 13, 9, 15 ], "texture": "#texture" }
			}
		},
		{
			"__comment": "Box4",
			"from": [ 0, 4, 3.5 ],
			"to": [ 16, 5, 5.5 ],
			"faces": {
				"down": { "uv": [ 0, 10.5, 16, 12.5 ], "texture": "#texture" },
				"up": { "uv": [ 0, 3.5, 16, 5.5 ], "texture": "#texture" },
				"north": { "uv": [ 0, 11, 16, 12 ], "texture": "#texture" },
				"south": { "uv": [ 0, 11, 16, 12 ], "texture": "#texture" },
				"west": { "uv": [ 3.5, 11, 5.5, 12 ], "texture": "#texture" },
				"east": { "uv": [ 10.5, 11, 12.5, 12 ], "texture": "#texture" }
			}
		},
		{
			"__comment": "Box5",
			"from": [ 0, 3, 0 ],
			"to": [ 2, 4, 16 ],
			"faces": {
				"down": { "uv": [ 0, 0, 2, 16 ], "texture": "#texture" },
				"up": { "uv": [ 0, 0, 2, 16 ], "texture": "#texture" },
				"north": { "uv": [ 14, 12, 16, 13 ], "texture": "#texture" },
				"south": { "uv": [ 0, 12, 2, 13 ], "texture": "#texture" },
				"west": { "uv": [ 0, 12, 16, 13 ], "texture": "#texture" },
				"east": { "uv": [ 0, 12, 16, 13 ], "texture": "#texture" }
			}
		},
		{
			"__comment": "Box5",
			"from": [ 14, 3, 0 ],
			"to": [ 16, 4, 16 ],
			"faces": {
				"down": { "uv": [ 14, 0, 16, 16 ], "texture": "#texture" },
				"up": { "uv": [ 14, 0, 16, 16 ], "texture": "#texture" },
				"north": { "uv": [ 0, 12, 2, 13 ], "texture": "#texture" },
				"south": { "uv": [ 14, 12, 16, 13 ], "texture": "#texture" },
				"west": { "uv": [ 0, 12, 16, 13 ], "texture": "#texture" },
				"east": { "uv": [ 0, 12, 16, 13 ], "texture": "#texture" }
			}
		},
		{
			"__comment": "Box1",
			"from": [ 0, 0, 14 ],
			"to": [ 16, 1, 16 ],
			"faces": {
				"down": { "uv": [ 0, 0, 16, 2 ], "texture": "#texture" },
				"up": { "uv": [ 0, 14, 16, 16 ], "texture": "#texture" },
				"north": { "uv": [ 0, 15, 16, 16 ], "texture": "#texture" },
				"south": { "uv": [ 0, 15, 16, 16 ], "texture": "#texture" },
				"west": { "uv": [ 14, 15, 16, 16 ], "texture": "#texture" },
				"east": { "uv": [ 0, 15, 2, 16 ], "texture": "#texture" }
			}
		},
		{
			"__comment": "Box2",
			"from": [ 0, 1, 14 ],
			"to": [ 2, 3, 16 ],
			"faces": {
				"down": { "uv": [ 0, 0, 2, 2 ], "texture": "#texture" },
				"up": { "uv": [ 0, 14, 2, 16 ], "texture": "#texture" },
				"north": { "uv": [ 14, 13, 16, 15 ], "texture": "#texture" },
				"south": { "uv": [ 0, 13, 2, 15 ], "texture": "#texture" },
				"west": { "uv": [ 14, 13, 16, 15 ], "texture": "#texture" },
				"east": { "uv": [ 0, 13, 2, 15 ], "texture": "#texture" }
			}
		},
		{
			"__comment": "Box3",
			"from": [ 14, 1, 14 ],
			"to": [ 16, 3, 16 ],
			"faces": {
				"down": { "uv": [ 14, 0, 16, 2 ], "texture": "#texture" },
				"up": { "uv": [ 14, 14, 16, 16 ], "texture": "#texture" },
				"north": { "uv": [ 0, 13, 2, 15 ], "texture": "#texture" },
				"south": { "uv": [ 14, 13, 16, 15 ], "texture": "#texture" },
				"west": { "uv": [ 14, 13, 16, 15 ], "texture": "#texture" },
				"east": { "uv": [ 0, 13, 2, 15 ], "texture": "#texture" }
			}
		},
		{
			"__comment": "Box4",
			"from": [ 0, 4, 14 ],
			"to": [ 16, 5, 16 ],
			"faces": {
				"down": { "uv": [ 0, 0, 16, 2 ], "texture": "#texture" },
				"up": { "uv": [ 0, 14, 16, 16 ], "texture": "#texture" },
				"north": { "uv": [ 0, 11, 16, 12 ], "texture": "#texture" },
				"south": { "uv": [ 0, 11, 16, 12 ], "texture": "#texture" },
				"west": { "uv": [ 14, 11, 16, 12 ], "texture": "#texture" },
				"east": { "uv": [ 0, 11, 2, 12 ], "texture": "#texture" }
			}
		},
		{
			"__comment": "Box2",
			"from": [ 0, 1, 0 ],
			"to": [ 2, 3, 2 ],
			"faces": {
				"down": { "uv": [ 0, 14, 2, 16 ], "texture": "#texture" },
				"up": { "uv": [ 0, 0, 2, 2 ], "texture": "#texture" },
				"north": { "uv": [ 14, 13, 16, 15 ], "texture": "#texture" },
				"south": { "uv": [ 0, 13, 2, 15 ], "texture": "#texture" },
				"west": { "uv": [ 0, 13, 2, 15 ], "texture": "#texture" },
				"east": { "uv": [ 14, 13, 16, 15 ], "texture": "#texture" }
			}
		},
		{
			"__comment": "Box1",
			"from": [ 0, 0, 0 ],
			"to": [ 16, 1, 2 ],
			"faces": {
				"down": { "uv": [ 0, 14, 16, 16 ], "texture": "#texture" },
				"up": { "uv": [ 0, 0, 16, 2 ], "texture": "#texture" },
				"north": { "uv": [ 0, 15, 16, 16 ], "texture": "#texture" },
				"south": { "uv": [ 0, 15, 16, 16 ], "texture": "#texture" },
				"west": { "uv": [ 0, 15, 2, 16 ], "texture": "#texture" },
				"east": { "uv": [ 14, 15, 16, 16 ], "texture": "#texture" }
			}
		},
		{
			"__comment": "Box3",
			"from": [ 14, 1, 0 ],
			"to": [ 16, 3, 2 ],
			"faces": {
				"down": { "uv": [ 14, 14, 16, 16 ], "texture": "#texture" },
				"up": { "uv": [ 14, 0, 16, 2 ], "texture": "#texture" },
				"north": { "uv": [ 0, 13, 2, 15 ], "texture": "#texture" },
				"south": { "uv": [ 14, 13, 16, 15 ], "texture": "#texture" },
				"west": { "uv": [ 0, 13, 2, 15 ], "texture": "#texture" },
				"east": { "uv": [ 14, 13, 16, 15 ], "texture": "#texture" }
			}
		},
		{
			"__comment": "Box4",
			"from": [ 0, 4, 0 ],
			"to": [ 16, 5, 2 ],
			"faces": {
				"down": { "uv": [ 0, 14, 16, 16 ], "texture": "#texture" },
				"up": { "uv": [ 0, 0, 16, 2 ], "texture": "#texture" },
				"north": { "uv": [ 0, 11, 16, 12 ], "texture": "#texture" },
				"south": { "uv": [ 0, 11, 16, 12 ], "texture": "#texture" },
				"west": { "uv": [ 0, 11, 2, 12 ], "texture": "#texture" },
				"east": { "uv": [ 14, 11, 16, 12 ], "texture": "#texture" }
			}
		},
		{
			"__comment": "Box4",
			"from": [ 0, 4, 7 ],
			"to": [ 16, 5, 9 ],
			"faces": {
				"down": { "uv": [ 0, 7, 16, 9 ], "texture": "#texture" },
				"up": { "uv": [ 0, 7, 16, 9 ], "texture": "#texture" },
				"north": { "uv": [ 0, 11, 16, 12 ], "texture": "#texture" },
				"south": { "uv": [ 0, 11, 16, 12 ], "texture": "#texture" },
				"west": { "uv": [ 7, 11, 9, 12 ], "texture": "#texture" },
				"east": { "uv": [ 7, 11, 9, 12 ], "texture": "#texture" }
			}
		},
		{
			"__comment": "Box4",
			"from": [ 0, 4, 10.5 ],
			"to": [ 16, 5, 12.5 ],
			"faces": {
				"down": { "uv": [ 0, 3.5, 16, 5.5 ], "texture": "#texture" },
				"up": { "uv": [ 0, 10.5, 16, 12.5 ], "texture": "#texture" },
				"north": { "uv": [ 0, 11, 16, 12 ], "texture": "#texture" },
				"south": { "uv": [ 0, 11, 16, 12 ], "texture": "#texture" },
				"west": { "uv": [ 10.5, 11, 12.5, 12 ], "texture": "#texture" },
				"east": { "uv": [ 3.5, 11, 5.5, 12 ], "texture": "#texture" }
			}
		},
		{
			"__comment": "Box1",
			"from": [ 0, 5, 4.5 ],
			"to": [ 16, 6, 6.5 ],
			"rotation": { "origin": [ 0, 5, 4.5 ], "axis": "y", "angle": -22.5 },
			"faces": {
				"down": { "uv": [ 0, 7, 16, 9 ], "texture": "#texture" },
				"up": { "uv": [ 0, 7, 16, 9 ], "texture": "#texture" },
				"north": { "uv": [ 0, 10, 16, 11 ], "texture": "#texture" },
				"south": { "uv": [ 0, 10, 16, 11 ], "texture": "#texture" },
				"west": { "uv": [ 7, 10, 9, 11 ], "texture": "#texture" },
				"east": { "uv": [ 7, 10, 9, 11 ], "texture": "#texture" }
			}
		},
		{
			"__comment": "Box2",
			"from": [ 0, 6, 4.5 ],
			"to": [ 2, 8, 6.5 ],
			"rotation": { "origin": [ 0, 5, 4.5 ], "axis": "y", "angle": -22.5 },
			"faces": {
				"down": { "uv": [ 0, 7, 2, 9 ], "texture": "#texture" },
				"up": { "uv": [ 0, 7, 2, 9 ], "texture": "#texture" },
				"north": { "uv": [ 14, 13, 16, 15 ], "texture": "#texture" },
				"south": { "uv": [ 0, 13, 2, 15 ], "texture": "#texture" },
				"west": { "uv": [ 7, 13, 9, 15 ], "texture": "#texture" },
				"east": { "uv": [ 7, 13, 9, 15 ], "texture": "#texture" }
			}
		},
		{
			"__comment": "Box3",
			"from": [ 14, 6, 4.5 ],
			"to": [ 16, 8, 6.5 ],
			"rotation": { "origin": [ 0, 5, 4.5 ], "axis": "y", "angle": -22.5 },
			"faces": {
				"down": { "uv": [ 14, 7, 16, 9 ], "texture": "#texture" },
				"up": { "uv": [ 14, 7, 16, 9 ], "texture": "#texture" },
				"north": { "uv": [ 0, 13, 2, 15 ], "texture": "#texture" },
				"south": { "uv": [ 14, 13, 16, 15 ], "texture": "#texture" },
				"west": { "uv": [ 7, 13, 9, 15 ], "texture": "#texture" },
				"east": { "uv": [ 7, 13, 9, 15 ], "texture": "#texture" }
			}
		},
		{
			"__comment": "Box4",
			"from": [ 0, 9, 1 ],
			"to": [ 16, 10, 3 ],
			"rotation": { "origin": [ 0, 5, 4.5 ], "axis": "y", "angle": -22.5 },
			"faces": {
				"down": { "uv": [ 0, 10.5, 16, 12.5 ], "texture": "#texture" },
				"up": { "uv": [ 0, 3.5, 16, 5.5 ], "texture": "#texture" },
				"north": { "uv": [ 0, 11, 16, 12 ], "texture": "#texture" },
				"south": { "uv": [ 0, 11, 16, 12 ], "texture": "#texture" },
				"west": { "uv": [ 3.5, 11, 5.5, 12 ], "texture": "#texture" },
				"east": { "uv": [ 10.5, 11, 12.5, 12 ], "texture": "#texture" }
			}
		},
		{
			"__comment": "Box5",
			"from": [ 0, 8, -2.5 ],
			"to": [ 2, 9, 13.5 ],
			"rotation": { "origin": [ 0, 5, 4.5 ], "axis": "y", "angle": -22.5 },
			"faces": {
				"down": { "uv": [ 0, 0, 2, 16 ], "texture": "#texture" },
				"up": { "uv": [ 0, 0, 2, 16 ], "texture": "#texture" },
				"north": { "uv": [ 14, 12, 16, 13 ], "texture": "#texture" },
				"south": { "uv": [ 0, 12, 2, 13 ], "texture": "#texture" },
				"west": { "uv": [ 0, 12, 16, 13 ], "texture": "#texture" },
				"east": { "uv": [ 0, 12, 16, 13 ], "texture": "#texture" }
			}
		},
		{
			"__comment": "Box5",
			"from": [ 14, 8, -2.5001 ],
			"to": [ 16, 9, 13.4999 ],
			"rotation": { "origin": [ 0, 5, 4.5 ], "axis": "y", "angle": -22.5 },
			"faces": {
				"down": { "uv": [ 14, 0, 16, 16 ], "texture": "#texture" },
				"up": { "uv": [ 14, 0, 16, 16 ], "texture": "#texture" },
				"north": { "uv": [ 0, 12, 2, 13 ], "texture": "#texture" },
				"south": { "uv": [ 14, 12, 16, 13 ], "texture": "#texture" },
				"west": { "uv": [ 0, 12, 16, 13 ], "texture": "#texture" },
				"east": { "uv": [ 0, 12, 16, 13 ], "texture": "#texture" }
			}
		},
		{
			"__comment": "Box1",
			"from": [ 0, 5, 11.5 ],
			"to": [ 16, 6, 13.5 ],
			"rotation": { "origin": [ 0, 5, 4.5 ], "axis": "y", "angle": -22.5 },
			"faces": {
				"down": { "uv": [ 0, 0, 16, 2 ], "texture": "#texture" },
				"up": { "uv": [ 0, 14, 16, 16 ], "texture": "#texture" },
				"north": { "uv": [ 0, 15, 16, 16 ], "texture": "#texture" },
				"south": { "uv": [ 0, 15, 16, 16 ], "texture": "#texture" },
				"west": { "uv": [ 14, 15, 16, 16 ], "texture": "#texture" },
				"east": { "uv": [ 0, 15, 2, 16 ], "texture": "#texture" }
			}
		},
		{
			"__comment": "Box2",
			"from": [ 0, 6, 11.5 ],
			"to": [ 2, 8, 13.5 ],
			"rotation": { "origin": [ 0, 5, 4.5 ], "axis": "y", "angle": -22.5 },
			"faces": {
				"down": { "uv": [ 0, 0, 2, 2 ], "texture": "#texture" },
				"up": { "uv": [ 0, 14, 2, 16 ], "texture": "#texture" },
				"north": { "uv": [ 14, 13, 16, 15 ], "texture": "#texture" },
				"south": { "uv": [ 0, 13, 2, 15 ], "texture": "#texture" },
				"west": { "uv": [ 14, 13, 16, 15 ], "texture": "#texture" },
				"east": { "uv": [ 0, 13, 2, 15 ], "texture": "#texture" }
			}
		},
		{
			"__comment": "Box3",
			"from": [ 14, 6, 11.5 ],
			"to": [ 16, 8, 13.5 ],
			"rotation": { "origin": [ 0, 5, 4.5 ], "axis": "y", "angle": -22.5 },
			"faces": {
				"down": { "uv": [ 14, 0, 16, 2 ], "texture": "#texture" },
				"up": { "uv": [ 14, 14, 16, 16 ], "texture": "#texture" },
				"north": { "uv": [ 0, 13, 2, 15 ], "texture": "#texture" },
				"south": { "uv": [ 14, 13, 16, 15 ], "texture": "#texture" },
				"west": { "uv": [ 14, 13, 16, 15 ], "texture": "#texture" },
				"east": { "uv": [ 0, 13, 2, 15 ], "texture": "#texture" }
			}
		},
		{
			"__comment": "Box4",
			"from": [ 0, 9, 11.5 ],
			"to": [ 16, 10, 13.5 ],
			"rotation": { "origin": [ 0, 5, 4.5 ], "axis": "y", "angle": -22.5 },
			"faces": {
				"down": { "uv": [ 0, 0, 16, 2 ], "texture": "#texture" },
				"up": { "uv": [ 0, 14, 16, 16 ], "texture": "#texture" },
				"north": { "uv": [ 0, 11, 16, 12 ], "texture": "#texture" },
				"south": { "uv": [ 0, 11, 16, 12 ], "texture": "#texture" },
				"west": { "uv": [ 14, 11, 16, 12 ], "texture": "#texture" },
				"east": { "uv": [ 0, 11, 2, 12 ], "texture": "#texture" }
			}
		},
		{
			"__comment": "Box2",
			"from": [ 0, 6, -2.5 ],
			"to": [ 2, 8, -0.5 ],
			"rotation": { "origin": [ 0, 5, 4.5 ], "axis": "y", "angle": -22.5 },
			"faces": {
				"down": { "uv": [ 0, 14, 2, 16 ], "texture": "#texture" },
				"up": { "uv": [ 0, 0, 2, 2 ], "texture": "#texture" },
				"north": { "uv": [ 14, 13, 16, 15 ], "texture": "#texture" },
				"south": { "uv": [ 0, 13, 2, 15 ], "texture": "#texture" },
				"west": { "uv": [ 0, 13, 2, 15 ], "texture": "#texture" },
				"east": { "uv": [ 14, 13, 16, 15 ], "texture": "#texture" }
			}
		},
		{
			"__comment": "Box1",
			"from": [ 0, 5, -2.5 ],
			"to": [ 16, 6, -0.5 ],
			"rotation": { "origin": [ 0, 5, 4.5 ], "axis": "y", "angle": -22.5 },
			"faces": {
				"down": { "uv": [ 0, 14, 16, 16 ], "texture": "#texture" },
				"up": { "uv": [ 0, 0, 16, 2 ], "texture": "#texture" },
				"north": { "uv": [ 0, 15, 16, 16 ], "texture": "#texture" },
				"south": { "uv": [ 0, 15, 16, 16 ], "texture": "#texture" },
				"west": { "uv": [ 0, 15, 2, 16 ], "texture": "#texture" },
				"east": { "uv": [ 14, 15, 16, 16 ], "texture": "#texture" }
			}
		},
		{
			"__comment": "Box3",
			"from": [ 14, 6, -2.5001 ],
			"to": [ 16, 8, -0.5000999 ],
			"rotation": { "origin": [ 0, 5, 4.5 ], "axis": "y", "angle": -22.5 },
			"faces": {
				"down": { "uv": [ 14, 14, 16, 16 ], "texture": "#texture" },
				"up": { "uv": [ 14, 0, 16, 2 ], "texture": "#texture" },
				"north": { "uv": [ 0, 13, 2, 15 ], "texture": "#texture" },
				"south": { "uv": [ 14, 13, 16, 15 ], "texture": "#texture" },
				"west": { "uv": [ 0, 13, 2, 15 ], "texture": "#texture" },
				"east": { "uv": [ 14, 13, 16, 15 ], "texture": "#texture" }
			}
		},
		{
			"__comment": "Box4",
			"from": [ 0, 9, -2.5 ],
			"to": [ 16, 10, -0.5 ],
			"rotation": { "origin": [ 0, 5, 4.5 ], "axis": "y", "angle": -22.5 },
			"faces": {
				"down": { "uv": [ 0, 14, 16, 16 ], "texture": "#texture" },
				"up": { "uv": [ 0, 0, 16, 2 ], "texture": "#texture" },
				"north": { "uv": [ 0, 11, 16, 12 ], "texture": "#texture" },
				"south": { "uv": [ 0, 11, 16, 12 ], "texture": "#texture" },
				"west": { "uv": [ 0, 11, 2, 12 ], "texture": "#texture" },
				"east": { "uv": [ 14, 11, 16, 12 ], "texture": "#texture" }
			}
		},
		{
			"__comment": "Box4",
			"from": [ 0, 9, 4.5 ],
			"to": [ 16, 10, 6.5 ],
			"rotation": { "origin": [ 0, 5, 4.5 ], "axis": "y", "angle": -22.5 },
			"faces": {
				"down": { "uv": [ 0, 7, 16, 9 ], "texture": "#texture" },
				"up": { "uv": [ 0, 7, 16, 9 ], "texture": "#texture" },
				"north": { "uv": [ 0, 11, 16, 12 ], "texture": "#texture" },
				"south": { "uv": [ 0, 11, 16, 12 ], "texture": "#texture" },
				"west": { "uv": [ 7, 11, 9, 12 ], "texture": "#texture" },
				"east": { "uv": [ 7, 11, 9, 12 ], "texture": "#texture" }
			}
		},
		{
			"__comment": "Box4",
			"from": [ 0, 9, 8 ],
			"to": [ 16, 10, 10 ],
			"rotation": { "origin": [ 0, 5, 4.5 ], "axis": "y", "angle": -22.5 },
			"faces": {
				"down": { "uv": [ 0, 3.5, 16, 5.5 ], "texture": "#texture" },
				"up": { "uv": [ 0, 10.5, 16, 12.5 ], "texture": "#texture" },
				"north": { "uv": [ 0, 11, 16, 12 ], "texture": "#texture" },
				"south": { "uv": [ 0, 11, 16, 12 ], "texture": "#texture" },
				"west": { "uv": [ 10.5, 11, 12.5, 12 ], "texture": "#texture" },
				"east": { "uv": [ 3.5, 11, 5.5, 12 ], "texture": "#texture" }
			}
		}
	],
	"display": {
		"thirdperson_righthand": {
			"scale":  [ 1.2, 1.2, 1.2 ]
		},
		"gui": {
			"rotation":  [ 30, 225, 0 ],
			"scale":  [ 0.625, 0.625, 0.625 ]
		}
	}
}