{
	"__comment": "Designed by Tsunami67 with Cubik Studio - https://cubik.studio",
	"textures": {
		"poubelle": "tsunami67/sac_poubelle",
		"carton": "tsunami67/carton",
		"trash": "tsunami67/trash",
		"particle": "blocks/stone_granite_smooth"
	},
	"elements": [ 	 
		{
			"__comment": "Box1",
			"from": [ -6.5, 0, 0 ],
			"to": [ 3.5, 5.5, 5.5 ],
			"rotation": { "origin": [ -6.5, 0, 0 ], "axis": "y", "angle": 45 },
			"faces": {
				"down": { "uv": [ 0, 0, 16, 16 ], "texture": "#carton" },
				"up": { "uv": [ 0, 0, 16, 16 ], "texture": "#carton" },
				"north": { "uv": [ 0, 0, 16, 16 ], "texture": "#carton" },
				"south": { "uv": [ 0, 0, 16, 16 ], "texture": "#carton" },
				"west": { "uv": [ 0, 0, 16, 16 ], "texture": "#carton" },
				"east": { "uv": [ 0, 0, 16, 16 ], "texture": "#carton" }
			}
		},
		{
			"__comment": "Box2",
			"from": [ 12, 0, 17.5 ],
			"to": [ 18.5, 3, 20.5 ],
			"faces": {
				"down": { "uv": [ 0, 0, 16, 16 ], "texture": "#carton" },
				"up": { "uv": [ 0, 0, 16, 16 ], "texture": "#carton" },
				"north": { "uv": [ 0, 0, 16, 16 ], "texture": "#carton" },
				"south": { "uv": [ 0, 0, 16, 16 ], "texture": "#carton" },
				"west": { "uv": [ 0, 0, 16, 16 ], "texture": "#carton" },
				"east": { "uv": [ 0, 0, 16, 16 ], "texture": "#carton" }
			}
		},
		{
			"__comment": "Box3",
			"from": [ 12.5, 1, 18 ],
			"to": [ 18.5, 4, 20 ],
			"rotation": { "origin": [ 12.5, 1, 18 ], "axis": "z", "angle": 22.5 },
			"faces": {
				"down": { "uv": [ 0, 0, 16, 16 ], "texture": "#carton" },
				"up": { "uv": [ 0, 0, 16, 16 ], "texture": "#carton" },
				"north": { "uv": [ 4.5, 14, 9, 16 ], "texture": "#carton" },
				"south": { "uv": [ 16, 16, 0, 0 ], "texture": "#carton" },
				"west": { "uv": [ 0, 0, 16, 16 ], "texture": "#carton" },
				"east": { "uv": [ 0, 0, 16, 16 ], "texture": "#carton" }
			}
		},
		{
			"__comment": "Box4",
			"from": [ 7.5, 0, 3.5 ],
			"to": [ 12.5, 2.5, 5.5 ],
			"rotation": { "origin": [ 7.5, 0, 3.5 ], "axis": "y", "angle": 22.5 },
			"faces": {
				"down": { "uv": [ 0, 0, 16, 16 ], "texture": "#carton" },
				"up": { "uv": [ 16, 16, 0, 0 ], "texture": "#carton" },
				"north": { "uv": [ 0, 0, 16, 16 ], "texture": "#carton" },
				"south": { "uv": [ 16, 16, 0, 0 ], "texture": "#carton" },
				"west": { "uv": [ 16, 16, 0, 0 ], "texture": "#carton" },
				"east": { "uv": [ 16, 16, 0, 0 ], "texture": "#carton" }
			}
		},
		{
			"__comment": "Box5",
			"from": [ 2, 0, 1 ],
			"to": [ 7.5, 5, 12 ],
			"faces": {
				"down": { "uv": [ 0, 0, 16, 16 ], "texture": "#poubelle" },
				"up": { "uv": [ 16, 16, 0, 0 ], "texture": "#poubelle" },
				"north": { "uv": [ 16, 16, 0, 0 ], "texture": "#poubelle" },
				"south": { "uv": [ 0, 0, 16, 16 ], "texture": "#trash" },
				"west": { "uv": [ 0, 0, 16, 16 ], "texture": "#poubelle", "rotation": 90 },
				"east": { "uv": [ 0, 0, 16, 16 ], "texture": "#poubelle", "rotation": 270 }
			}
		},
		{
			"__comment": "Box5",
			"from": [ -6.5, 0, 4.9999 ],
			"to": [ 0, 6, 17.9999 ],
			"faces": {
				"down": { "uv": [ 0, 0, 16, 16 ], "texture": "#particle" },
				"up": { "uv": [ 16, 16, 0, 0 ], "texture": "#particle" },
				"north": { "uv": [ 10, 8.5, 7.5, 6 ], "texture": "#particle", "rotation": 90 },
				"south": { "uv": [ 0, 0, 16, 16 ], "texture": "#trash", "rotation": 270 },
				"west": { "uv": [ 0, 0, 16, 16 ], "texture": "#particle", "rotation": 90 },
				"east": { "uv": [ 0, 0, 16, 16 ], "texture": "#particle", "rotation": 270 }
			}
		},
		{
			"__comment": "Box5",
			"from": [ 4, 0, 14 ],
			"to": [ 9.5, 6.5, 19.5 ],
			"faces": {
				"down": { "uv": [ 11.5, 8.5, 14, 11 ], "texture": "#poubelle" },
				"up": { "uv": [ 0, 0, 16, 16 ], "texture": "#trash" },
				"north": { "uv": [ 0, 0, 16, 16 ], "texture": "#poubelle" },
				"south": { "uv": [ 0, 0, 16, 16 ], "texture": "#poubelle" },
				"west": { "uv": [ 0, 0, 16, 16 ], "texture": "#poubelle" },
				"east": { "uv": [ 0, 0, 16, 16 ], "texture": "#poubelle" }
			}
		},
		{
			"__comment": "Box5",
			"from": [ 5, 0, -7.5 ],
			"to": [ 10.5, 5, -2 ],
			"rotation": { "origin": [ 5, 0, -2 ], "axis": "y", "angle": -22.5 },
			"faces": {
				"down": { "uv": [ 7.5, 6, 10, 8.5 ], "texture": "#poubelle", "rotation": 90 },
				"up": { "uv": [ 0, 0, 16, 16 ], "texture": "#poubelle", "rotation": 270 },
				"north": { "uv": [ 0, 0, 16, 16 ], "texture": "#poubelle" },
				"south": { "uv": [ 0, 0, 16, 16 ], "texture": "#poubelle" },
				"west": { "uv": [ 0, 0, 16, 16 ], "texture": "#poubelle" },
				"east": { "uv": [ 0, 0, 16, 16 ], "texture": "#poubelle" }
			}
		},
		{
			"__comment": "Box5",
			"from": [ 13.6768, 0, -3.0732 ],
			"to": [ 21.1768, 11, 3.9268 ],
			"rotation": { "origin": [ 13.5, 0, 4 ], "axis": "y", "angle": -22.5 },
			"faces": {
				"down": { "uv": [ 7.5, 6, 10, 8.5 ], "texture": "#particle", "rotation": 90 },
				"up": { "uv": [ 0, 0, 16, 16 ], "texture": "#trash", "rotation": 270 },
				"north": { "uv": [ 0, 0, 16, 16 ], "texture": "#particle" },
				"south": { "uv": [ 0, 0, 16, 16 ], "texture": "#particle" },
				"west": { "uv": [ 0, 0, 16, 16 ], "texture": "#particle" },
				"east": { "uv": [ 0, 0, 16, 16 ], "texture": "#particle" }
			}
		},
		{
			"__comment": "Box10",
			"from": [ -6, 0, 18 ],
			"to": [ 0, 0.5, 21 ],
			"faces": {
				"down": { "uv": [ 0, 0, 16, 16 ], "texture": "#trash" },
				"up": { "uv": [ 0, 0, 16, 16 ], "texture": "#trash" },
				"north": { "uv": [ 4.5, 7.5, 14.5, 11 ], "texture": "#trash" },
				"south": { "uv": [ 2, 4.5, 12.5, 9 ], "texture": "#trash" },
				"west": { "uv": [ 4, 2.5, 16, 6 ], "texture": "#trash" },
				"east": { "uv": [ 4, 2, 14.5, 6.5 ], "texture": "#trash" }
			}
		},
		{
			"__comment": "Box10",
			"from": [ -4, 0, 18 ],
			"to": [ -0.5, 1, 20 ],
			"faces": {
				"down": { "uv": [ 0, 0, 16, 16 ], "texture": "#trash" },
				"up": { "uv": [ 0, 0, 16, 16 ], "texture": "#trash" },
				"north": { "uv": [ 4.5, 7.5, 14.5, 11 ], "texture": "#trash" },
				"south": { "uv": [ 2, 4.5, 12.5, 9 ], "texture": "#trash" },
				"west": { "uv": [ 4, 2.5, 16, 6 ], "texture": "#trash" },
				"east": { "uv": [ 4, 2, 14.5, 6.5 ], "texture": "#trash" }
			}
		},
		{
			"__comment": "Box5",
			"from": [ 7.5, 0, 8.5 ],
			"to": [ 13.5, 9.5, 14.5 ],
			"rotation": { "origin": [ 7.5, 0, 8.5 ], "axis": "y", "angle": 45 },
			"faces": {
				"down": { "uv": [ 7.5, 6, 10, 8.5 ], "texture": "#poubelle" },
				"up": { "uv": [ 0, 0, 16, 16 ], "texture": "#trash" },
				"north": { "uv": [ 0, 0, 16, 16 ], "texture": "#poubelle" },
				"south": { "uv": [ 0, 0, 16, 16 ], "texture": "#poubelle" },
				"west": { "uv": [ 0, 0, 16, 16 ], "texture": "#poubelle" },
				"east": { "uv": [ 0, 0, 16, 16 ], "texture": "#poubelle" }
			}
		},
		{
			"__comment": "Box5",
			"from": [ 15, 0, 12 ],
			"to": [ 22, 6.5, 18.5 ],
			"rotation": { "origin": [ 15, 0, 12 ], "axis": "y", "angle": 45 },
			"faces": {
				"down": { "uv": [ 7.5, 6, 10, 8.5 ], "texture": "#poubelle" },
				"up": { "uv": [ 0, 0, 16, 16 ], "texture": "#poubelle" },
				"north": { "uv": [ 0, 0, 16, 16 ], "texture": "#poubelle" },
				"south": { "uv": [ 0, 0, 16, 16 ], "texture": "#poubelle" },
				"west": { "uv": [ 0, 0, 16, 16 ], "texture": "#poubelle" },
				"east": { "uv": [ 0, 0, 16, 16 ], "texture": "#poubelle" }
			}
		}
	],
	"display": {
		"thirdperson_righthand": {
			"scale":  [ 1.7, 1.7, 1.7 ]
		},
		"gui": {
			"rotation":  [ 30, 225, 0 ],
			"scale":  [ 0.625, 0.625, 0.625 ]
		}
	}
}