{
	"__comment": "Designed by Tsunami67 with Cubik Studio - https://cubik.studio",
	"textures": {
		"particle": "blocks/e_particle",
		"texture": "tsunami67/echelle"
	},
	"elements": [ 	 
		{
			"__comment": "Box1",
			"from": [ 11, 0.3087, 13.5381 ],
			"to": [ 12, 16.3087, 14.0381 ],
			"rotation": { "origin": [ 11, 0.5, 14 ], "axis": "x", "angle": -22.5 },
			"faces": {
				"down": { "uv": [ 11, 7, 12, 9 ], "texture": "#texture" },
				"up": { "uv": [ 11, 7, 12, 9 ], "texture": "#texture" },
				"north": { "uv": [ 4, 0, 11, 16 ], "texture": "#texture" },
				"south": { "uv": [ 11, 0, 16, 16 ], "texture": "#texture" },
				"west": { "uv": [ 0, 0, 16, 16 ], "texture": "#texture" },
				"east": { "uv": [ 0, 0, 16, 16 ], "texture": "#texture" }
			}
		},
		{
			"__comment": "Box1",
			"from": [ 4, 0.3087, 13.5381 ],
			"to": [ 5, 16.3087, 14.0381 ],
			"rotation": { "origin": [ 11, 0.5, 14 ], "axis": "x", "angle": -22.5 },
			"faces": {
				"down": { "uv": [ 4, 7, 5, 9 ], "texture": "#texture" },
				"up": { "uv": [ 4, 7, 5, 9 ], "texture": "#texture" },
				"north": { "uv": [ 11, 0, 16, 16 ], "texture": "#texture" },
				"south": { "uv": [ 4, 0, 12, 16 ], "texture": "#texture" },
				"west": { "uv": [ 0, 0, 16, 16 ], "texture": "#texture" },
				"east": { "uv": [ 0, 0, 16, 16 ], "texture": "#texture" }
			}
		},
		{
			"__comment": "Box3",
			"from": [ 5, 9.153299, 13.6629 ],
			"to": [ 11, 10.1533, 14.1639 ],
			"rotation": { "origin": [ 11, 0.5, 14 ], "axis": "x", "angle": -22.5 },
			"faces": {
				"down": { "uv": [ 5, 7.5, 11, 8.5 ], "texture": "#texture" },
				"up": { "uv": [ 5, 7.5, 11, 8.5 ], "texture": "#texture" },
				"north": { "uv": [ 5, 13.5, 11, 14.5 ], "texture": "#texture" },
				"south": { "uv": [ 5, 13.5, 11, 14.5 ], "texture": "#texture" },
				"west": { "uv": [ 7.5, 13.5, 8.5, 14.5 ], "texture": "#texture" },
				"east": { "uv": [ 7.5, 13.5, 8.5, 14.5 ], "texture": "#texture" }
			}
		},
		{
			"__comment": "Box3",
			"from": [ 5, 11.6698, 13.7029 ],
			"to": [ 11, 12.6698, 14.2039 ],
			"rotation": { "origin": [ 11, 0.5, 14 ], "axis": "x", "angle": -22.5 },
			"faces": {
				"down": { "uv": [ 5, 7.5, 11, 8.5 ], "texture": "#texture" },
				"up": { "uv": [ 5, 7.5, 11, 8.5 ], "texture": "#texture" },
				"north": { "uv": [ 5, 11, 11, 12 ], "texture": "#texture" },
				"south": { "uv": [ 5, 11, 11, 12 ], "texture": "#texture" },
				"west": { "uv": [ 7.5, 11, 8.5, 12 ], "texture": "#texture" },
				"east": { "uv": [ 7.5, 11, 8.5, 12 ], "texture": "#texture" }
			}
		},
		{
			"__comment": "Box3",
			"from": [ 5, 14.1864, 13.743 ],
			"to": [ 11, 15.1864, 14.244 ],
			"rotation": { "origin": [ 11, 0.5, 14 ], "axis": "x", "angle": -22.5 },
			"faces": {
				"down": { "uv": [ 5, 7.5, 11, 8.5 ], "texture": "#texture" },
				"up": { "uv": [ 5, 7.5, 11, 8.5 ], "texture": "#texture" },
				"north": { "uv": [ 5, 1, 11, 2 ], "texture": "#texture" },
				"south": { "uv": [ 5, 1, 11, 2 ], "texture": "#texture" },
				"west": { "uv": [ 7.5, 1, 8.5, 2 ], "texture": "#texture" },
				"east": { "uv": [ 7.5, 1, 8.5, 2 ], "texture": "#texture" }
			}
		},
		{
			"__comment": "Box3",
			"from": [ 5, 6.6367, 13.6229 ],
			"to": [ 11, 7.6367, 14.1239 ],
			"rotation": { "origin": [ 11, 0.5, 14 ], "axis": "x", "angle": -22.5 },
			"faces": {
				"down": { "uv": [ 5, 7.5, 11, 8.5 ], "texture": "#texture" },
				"up": { "uv": [ 5, 7.5, 11, 8.5 ], "texture": "#texture" },
				"north": { "uv": [ 5, 8.5, 11, 9.5 ], "texture": "#texture" },
				"south": { "uv": [ 5, 8.5, 11, 9.5 ], "texture": "#texture" },
				"west": { "uv": [ 7.5, 8.5, 8.5, 9.5 ], "texture": "#texture" },
				"east": { "uv": [ 7.5, 8.5, 8.5, 9.5 ], "texture": "#texture" }
			}
		},
		{
			"__comment": "Box3",
			"from": [ 5, 4.1201, 13.5829 ],
			"to": [ 11, 5.1201, 14.0839 ],
			"rotation": { "origin": [ 11, 0.5, 14 ], "axis": "x", "angle": -22.5 },
			"faces": {
				"down": { "uv": [ 5, 7.5, 11, 8.5 ], "texture": "#texture" },
				"up": { "uv": [ 5, 7.5, 11, 8.5 ], "texture": "#texture" },
				"north": { "uv": [ 5, 11, 11, 12 ], "texture": "#texture" },
				"south": { "uv": [ 5, 11, 11, 12 ], "texture": "#texture" },
				"west": { "uv": [ 7.5, 11, 8.5, 12 ], "texture": "#texture" },
				"east": { "uv": [ 7.5, 11, 8.5, 12 ], "texture": "#texture" }
			}
		},
		{
			"__comment": "Box3",
			"from": [ 5, 1.6036, 13.5429 ],
			"to": [ 11, 2.6036, 14.0439 ],
			"rotation": { "origin": [ 11, 0.5, 14 ], "axis": "x", "angle": -22.5 },
			"faces": {
				"down": { "uv": [ 5, 7.5, 11, 8.5 ], "texture": "#texture" },
				"up": { "uv": [ 5, 7.5, 11, 8.5 ], "texture": "#texture" },
				"north": { "uv": [ 5, 13.5, 11, 14.5 ], "texture": "#texture" },
				"south": { "uv": [ 5, 13.5, 11, 14.5 ], "texture": "#texture" },
				"west": { "uv": [ 7.5, 13.5, 8.5, 14.5 ], "texture": "#texture" },
				"east": { "uv": [ 7.5, 13.5, 8.5, 14.5 ], "texture": "#texture" }
			}
		},
		{
			"__comment": "Box3",
			"from": [ 5, 1.6036, 1.0429 ],
			"to": [ 11, 2.6036, 1.5439 ],
			"rotation": { "origin": [ 11, 0.5, 1.5 ], "axis": "x", "angle": 22.5 },
			"faces": {
				"down": { "uv": [ 5, 7.5, 11, 8.5 ], "texture": "#texture" },
				"up": { "uv": [ 5, 7.5, 11, 8.5 ], "texture": "#texture" },
				"north": { "uv": [ 5, 13.5, 11, 14.5 ], "texture": "#texture" },
				"south": { "uv": [ 5, 13.5, 11, 14.5 ], "texture": "#texture" },
				"west": { "uv": [ 7.5, 13.5, 8.5, 14.5 ], "texture": "#texture" },
				"east": { "uv": [ 7.5, 13.5, 8.5, 14.5 ], "texture": "#texture" }
			}
		},
		{
			"__comment": "Box3",
			"from": [ 5, 3.7374, 1.159 ],
			"to": [ 11, 4.7374, 1.66 ],
			"rotation": { "origin": [ 11, 0.5, 2.5 ], "axis": "x", "angle": 22.5 },
			"faces": {
				"down": { "uv": [ 5, 7.5, 11, 8.5 ], "texture": "#texture" },
				"up": { "uv": [ 5, 7.5, 11, 8.5 ], "texture": "#texture" },
				"north": { "uv": [ 5, 11, 11, 12 ], "texture": "#texture" },
				"south": { "uv": [ 5, 11, 11, 12 ], "texture": "#texture" },
				"west": { "uv": [ 7.5, 11, 8.5, 12 ], "texture": "#texture" },
				"east": { "uv": [ 7.5, 11, 8.5, 12 ], "texture": "#texture" }
			}
		},
		{
			"__comment": "Box3",
			"from": [ 5, 5.8713, 1.2751 ],
			"to": [ 11, 6.8713, 1.7761 ],
			"rotation": { "origin": [ 11, 0.5, 3.5 ], "axis": "x", "angle": 22.5 },
			"faces": {
				"down": { "uv": [ 5, 7.5, 11, 8.5 ], "texture": "#texture" },
				"up": { "uv": [ 5, 7.5, 11, 8.5 ], "texture": "#texture" },
				"north": { "uv": [ 5, 8.5, 11, 9.5 ], "texture": "#texture" },
				"south": { "uv": [ 5, 8.5, 11, 9.5 ], "texture": "#texture" },
				"west": { "uv": [ 7.5, 8.5, 8.5, 9.5 ], "texture": "#texture" },
				"east": { "uv": [ 7.5, 8.5, 8.5, 9.5 ], "texture": "#texture" }
			}
		},
		{
			"__comment": "Box3",
			"from": [ 5, 12.273, 1.6235 ],
			"to": [ 11, 13.273, 2.1245 ],
			"rotation": { "origin": [ 11, 0.5, 6.5 ], "axis": "x", "angle": 22.5 },
			"faces": {
				"down": { "uv": [ 5, 7.5, 11, 8.5 ], "texture": "#texture" },
				"up": { "uv": [ 5, 7.5, 11, 8.5 ], "texture": "#texture" },
				"north": { "uv": [ 5, 1, 11, 2 ], "texture": "#texture" },
				"south": { "uv": [ 5, 1, 11, 2 ], "texture": "#texture" },
				"west": { "uv": [ 7.5, 1, 8.5, 2 ], "texture": "#texture" },
				"east": { "uv": [ 7.5, 1, 8.5, 2 ], "texture": "#texture" }
			}
		},
		{
			"__comment": "Box3",
			"from": [ 5, 8.005199, 1.3912 ],
			"to": [ 11, 9.005199, 1.8922 ],
			"rotation": { "origin": [ 11, 0.5, 4.5 ], "axis": "x", "angle": 22.5 },
			"faces": {
				"down": { "uv": [ 5, 7.5, 11, 8.5 ], "texture": "#texture" },
				"up": { "uv": [ 5, 7.5, 11, 8.5 ], "texture": "#texture" },
				"north": { "uv": [ 5, 13.5, 11, 14.5 ], "texture": "#texture" },
				"south": { "uv": [ 5, 13.5, 11, 14.5 ], "texture": "#texture" },
				"west": { "uv": [ 7.5, 13.5, 8.5, 14.5 ], "texture": "#texture" },
				"east": { "uv": [ 7.5, 13.5, 8.5, 14.5 ], "texture": "#texture" }
			}
		},
		{
			"__comment": "Box1",
			"from": [ 4, 0.5, 1 ],
			"to": [ 5, 16.5, 1.5 ],
			"rotation": { "origin": [ 11, 0.5, 1 ], "axis": "x", "angle": 22.5 },
			"faces": {
				"down": { "uv": [ 4, 7, 5, 9 ], "texture": "#texture" },
				"up": { "uv": [ 4, 7, 5, 9 ], "texture": "#texture" },
				"north": { "uv": [ 11, 0, 16, 16 ], "texture": "#texture" },
				"south": { "uv": [ 4, 0, 12, 16 ], "texture": "#texture" },
				"west": { "uv": [ 0, 0, 16, 16 ], "texture": "#texture" },
				"east": { "uv": [ 0, 0, 16, 16 ], "texture": "#texture" }
			}
		},
		{
			"__comment": "Box1",
			"from": [ 11, 0.5, 1 ],
			"to": [ 12, 16.5, 1.5 ],
			"rotation": { "origin": [ 11, 0.5, 1 ], "axis": "x", "angle": 22.5 },
			"faces": {
				"down": { "uv": [ 11, 7, 12, 9 ], "texture": "#texture" },
				"up": { "uv": [ 11, 7, 12, 9 ], "texture": "#texture" },
				"north": { "uv": [ 4, 0, 11, 16 ], "texture": "#texture" },
				"south": { "uv": [ 11, 0, 16, 16 ], "texture": "#texture" },
				"west": { "uv": [ 0, 0, 16, 16 ], "texture": "#texture" },
				"east": { "uv": [ 0, 0, 16, 16 ], "texture": "#texture" }
			}
		},
		{
			"__comment": "Box3",
			"from": [ 5, 10.1391, 1.5074 ],
			"to": [ 11, 11.1391, 2.0084 ],
			"rotation": { "origin": [ 11, 0.5, 5.5 ], "axis": "x", "angle": 22.5 },
			"faces": {
				"down": { "uv": [ 5, 7.5, 11, 8.5 ], "texture": "#texture" },
				"up": { "uv": [ 5, 7.5, 11, 8.5 ], "texture": "#texture" },
				"north": { "uv": [ 5, 11, 11, 12 ], "texture": "#texture" },
				"south": { "uv": [ 5, 11, 11, 12 ], "texture": "#texture" },
				"west": { "uv": [ 7.5, 11, 8.5, 12 ], "texture": "#texture" },
				"east": { "uv": [ 7.5, 11, 8.5, 12 ], "texture": "#texture" }
			}
		}
	],
	"display": {
		"thirdperson_righthand": {
			"rotation":  [ 90, 0, 0 ],
			"scale":  [ 2.5, 3.7, 3.5 ]
		},
		"gui": {
			"rotation":  [ 30, 225, 0 ],
			"scale":  [ 0.625, 0.625, 0.625 ]
		}
	}
}