{
	"__comment": "Designed by Tsunami67 with Cubik Studio - https://cubik.studio",
	"textures": {
		"particle": "tsunami67/trash1",
		"texture": "tsunami67/liege"
	},
	"elements": [ 	 
		{
			"__comment": "Box1",
			"from": [ 13.5, 0, 2.5 ],
			"to": [ 14, 10, 13.5 ],
			"faces": {
				"down": { "uv": [ 13.5, 2.5, 14, 13.5 ], "texture": "#texture" },
				"up": { "uv": [ 13.5, 2.5, 14, 13.5 ], "texture": "#texture" },
				"north": { "uv": [ 2, 6, 2.5, 16 ], "texture": "#texture" },
				"south": { "uv": [ 13.5, 6, 14, 16 ], "texture": "#texture" },
				"west": { "uv": [ 2.5, 6, 13.5, 16 ], "texture": "#texture" },
				"east": { "uv": [ 2.5, 6, 13.5, 16 ], "texture": "#texture" }
			}
		},
		{
			"__comment": "Box1",
			"from": [ 2, 0, 2 ],
			"to": [ 14, 10, 2.5 ],
			"faces": {
				"down": { "uv": [ 2, 13.5, 14, 14 ], "texture": "#texture" },
				"up": { "uv": [ 2, 2, 14, 2.5 ], "texture": "#texture" },
				"north": { "uv": [ 2, 6, 14, 16 ], "texture": "#texture" },
				"south": { "uv": [ 2, 6, 14, 16 ], "texture": "#texture" },
				"west": { "uv": [ 2, 6, 2.5, 16 ], "texture": "#texture" },
				"east": { "uv": [ 13.5, 6, 14, 16 ], "texture": "#texture" }
			}
		},
		{
			"__comment": "Box1",
			"from": [ 2, 0, 13.5 ],
			"to": [ 14, 10, 14 ],
			"faces": {
				"down": { "uv": [ 2, 2, 14, 2.5 ], "texture": "#texture" },
				"up": { "uv": [ 2, 13.5, 14, 14 ], "texture": "#texture" },
				"north": { "uv": [ 2, 6, 14, 16 ], "texture": "#texture" },
				"south": { "uv": [ 2, 6, 14, 16 ], "texture": "#texture" },
				"west": { "uv": [ 13.5, 6, 14, 16 ], "texture": "#texture" },
				"east": { "uv": [ 2, 6, 2.5, 16 ], "texture": "#texture" }
			}
		},
		{
			"__comment": "Box1",
			"from": [ 2, 0, 2.5 ],
			"to": [ 2.5, 10, 13.5 ],
			"faces": {
				"down": { "uv": [ 2, 2.5, 2.5, 13.5 ], "texture": "#texture" },
				"up": { "uv": [ 2, 2.5, 2.5, 13.5 ], "texture": "#texture" },
				"north": { "uv": [ 13.5, 6, 14, 16 ], "texture": "#texture" },
				"south": { "uv": [ 2, 6, 2.5, 16 ], "texture": "#texture" },
				"west": { "uv": [ 2.5, 6, 13.5, 16 ], "texture": "#texture" },
				"east": { "uv": [ 2.5, 6, 13.5, 16 ], "texture": "#texture" }
			}
		},
		{
			"__comment": "Box5",
			"from": [ 2.5, 7.5, 2.5 ],
			"to": [ 13.5, 8.5, 13.5 ],
			"faces": {
				"down": { "uv": [ 2.5, 2.5, 13.5, 13.5 ], "texture": "#texture" },
				"up": { "uv": [ 0, 0, 16, 16 ], "texture": "#particle" },
				"north": { "uv": [ 2.5, 7.5, 13.5, 8.5 ], "texture": "#texture" },
				"south": { "uv": [ 2.5, 7.5, 13.5, 8.5 ], "texture": "#texture" },
				"west": { "uv": [ 2.5, 7.5, 13.5, 8.5 ], "texture": "#texture" },
				"east": { "uv": [ 2.5, 7.5, 13.5, 8.5 ], "texture": "#texture" }
			}
		}
	],
	"display": {
		"gui": {
			"rotation":  [ 30, -52, 0 ],
			"scale":  [ 0.625, 0.625, 0.625 ]
		}
	}
}