{
	"__comment": "Designed by Tsunami67 with Cubik Studio - https://cubik.studio",
	"textures": {
		"particle": "blocks/stone_andesite",
		"texture": "blocks/planks_acacia"
	},
	"elements": [ 	 
		{
			"__comment": "Box1",
			"from": [ 4, 0, 6 ],
			"to": [ 12, 2, 10 ],
			"faces": {
				"down": { "uv": [ 4, 6, 12, 10 ], "texture": "#texture" },
				"up": { "uv": [ 4, 6, 12, 10 ], "texture": "#texture" },
				"north": { "uv": [ 4, 14, 12, 16 ], "texture": "#texture" },
				"south": { "uv": [ 4, 14, 12, 16 ], "texture": "#texture" },
				"west": { "uv": [ 6, 14, 10, 16 ], "texture": "#texture" },
				"east": { "uv": [ 6, 14, 10, 16 ], "texture": "#texture" }
			}
		},
		{
			"__comment": "Box2",
			"from": [ 6, 2, 6.5 ],
			"to": [ 10, 10, 9 ],
			"faces": {
				"down": { "uv": [ 6, 7, 10, 9.5 ], "texture": "#texture" },
				"up": { "uv": [ 6, 6.5, 10, 9 ], "texture": "#texture" },
				"north": { "uv": [ 6, 6, 10, 14 ], "texture": "#texture" },
				"south": { "uv": [ 6, 6, 10, 14 ], "texture": "#texture" },
				"west": { "uv": [ 6.5, 6, 9, 14 ], "texture": "#texture" },
				"east": { "uv": [ 7, 6, 9.5, 14 ], "texture": "#texture" }
			}
		},
		{
			"__comment": "Box3",
			"from": [ 4, 11.5, 5.5 ],
			"to": [ 12, 12, 10.5 ],
			"rotation": { "origin": [ 4, 11.5, 5.5 ], "axis": "x", "angle": 22.5 },
			"faces": {
				"down": { "uv": [ 3, 5, 13, 11 ], "texture": "#particle" },
				"up": { "uv": [ 3, 5, 13, 11 ], "texture": "#particle" },
				"north": { "uv": [ 3, 3, 13, 4 ], "texture": "#particle" },
				"south": { "uv": [ 3, 3, 13, 4 ], "texture": "#particle" },
				"west": { "uv": [ 5, 3, 11, 4 ], "texture": "#particle" },
				"east": { "uv": [ 5, 3, 11, 4 ], "texture": "#particle" }
			}
		},
		{
			"__comment": "Box3",
			"from": [ 3, 11, 4 ],
			"to": [ 13, 12, 11 ],
			"rotation": { "origin": [ 3, 11, 4 ], "axis": "x", "angle": 22.5 },
			"faces": {
				"down": { "uv": [ 3, 5, 13, 11 ], "texture": "#texture" },
				"up": { "uv": [ 3, 5, 13, 11 ], "texture": "#texture" },
				"north": { "uv": [ 3, 3, 13, 4 ], "texture": "#texture" },
				"south": { "uv": [ 3, 3, 13, 4 ], "texture": "#texture" },
				"west": { "uv": [ 5, 3, 11, 4 ], "texture": "#texture" },
				"east": { "uv": [ 5, 3, 11, 4 ], "texture": "#texture" }
			}
		}
	],
	"display": {
		"thirdperson_righthand": {
			"scale":  [ 1.8, 2, 1.8 ]
		},
		"gui": {
			"rotation":  [ 30, -44, 0 ],
			"scale":  [ 0.625, 0.625, 0.625 ]
		}
	}
}