{
	"__comment": "Designed by Tsunami67 with Cubik Studio - https://cubik.studio",
	"textures": {
		"particle": "tsunami67/horloge",
		"texture": "blocks/planks_acacia"
	},
	"elements": [ 	 
		{
			"__comment": "Box1",
			"from": [ 4.5, 0, 6 ],
			"to": [ 11.5, 3, 11 ],
			"faces": {
				"down": { "uv": [ 0, 0, 16, 16 ], "texture": "#texture" },
				"up": { "uv": [ 0, 0, 16, 16 ], "texture": "#texture" },
				"north": { "uv": [ 0, 0, 16, 16 ], "texture": "#texture" },
				"south": { "uv": [ 0, 0, 16, 16 ], "texture": "#texture" },
				"west": { "uv": [ 0, 0, 16, 16 ], "texture": "#texture" },
				"east": { "uv": [ 0, 0, 16, 16 ], "texture": "#texture" }
			}
		},
		{
			"__comment": "Box2",
			"from": [ 6, 3, 7 ],
			"to": [ 10, 11, 10 ],
			"faces": {
				"north": { "uv": [ 0, 0, 16, 16 ], "texture": "#texture" },
				"south": { "uv": [ 0, 0, 16, 16 ], "texture": "#texture" },
				"west": { "uv": [ 0, 0, 16, 16 ], "texture": "#texture" },
				"east": { "uv": [ 0, 0, 16, 16 ], "texture": "#texture" }
			}
		},
		{
			"__comment": "Box3",
			"from": [ 5, 11, 6.5 ],
			"to": [ 11, 15, 10.5 ],
			"faces": {
				"down": { "uv": [ 5, 5.5, 11, 9.5 ], "texture": "#texture" },
				"north": { "uv": [ 0, 0, 16, 16 ], "texture": "#texture" },
				"south": { "uv": [ 0, 0, 16, 16 ], "texture": "#texture" },
				"west": { "uv": [ 0, 0, 16, 16 ], "texture": "#texture" },
				"east": { "uv": [ 0, 0, 16, 16 ], "texture": "#texture" }
			}
		},
		{
			"__comment": "Box4",
			"from": [ 5, 15.5, 6.5 ],
			"to": [ 11, 16, 10.5 ],
			"faces": {
				"up": { "uv": [ 5, 6.5, 11, 10.5 ], "texture": "#texture" },
				"north": { "uv": [ 2, 0, 16, 8.5 ], "texture": "#texture" },
				"south": { "uv": [ 0.5, 0, 16, 9.5 ], "texture": "#texture" },
				"west": { "uv": [ 2, 0, 16, 5.5 ], "texture": "#texture" },
				"east": { "uv": [ 0.5, 0, 16, 6 ], "texture": "#texture" }
			}
		},
		{
			"__comment": "Box4",
			"from": [ 4.5, 15, 6 ],
			"to": [ 11.5, 15.5, 11 ],
			"faces": {
				"down": { "uv": [ 1, 1, 16, 16 ], "texture": "#texture" },
				"up": { "uv": [ 2, 2.5, 16, 11 ], "texture": "#texture" },
				"north": { "uv": [ 0, 0.5, 16, 8.5 ], "texture": "#texture" },
				"south": { "uv": [ 1, 0.5, 16, 6 ], "texture": "#texture" },
				"west": { "uv": [ 2.5, 0, 16, 3.5 ], "texture": "#texture" },
				"east": { "uv": [ 0.5, 0, 16, 4.5 ], "texture": "#texture" }
			}
		},
		{
			"__comment": "Box6",
			"from": [ 6.5, 12, 10.5 ],
			"to": [ 9.5, 14, 11 ],
			"faces": {
				"down": { "uv": [ 7.5, 0, 12, 0.5 ], "texture": "#particle" },
				"up": { "uv": [ 7, 0, 14.5, 0.5 ], "texture": "#particle" },
				"south": { "uv": [ 0, 0, 16, 16 ], "texture": "#particle" },
				"west": { "uv": [ 8.5, 0, 13.5, 0.5 ], "texture": "#particle" },
				"east": { "uv": [ 5.5, 0, 12.501, 0.5 ], "texture": "#particle" }
			}
		},
		{
			"__comment": "Box7",
			"from": [ 4.5, -1, 6 ],
			"to": [ 5.5, 0, 7 ],
			"faces": {
				"down": { "uv": [ 4.5, 9, 5.5, 10 ], "texture": "#texture" },
				"north": { "uv": [ 10.5, 0, 11.5, 1 ], "texture": "#texture" },
				"south": { "uv": [ 4.5, 0, 5.5, 1 ], "texture": "#texture" },
				"west": { "uv": [ 6, 0, 7, 1 ], "texture": "#texture" },
				"east": { "uv": [ 9, 0, 10, 1 ], "texture": "#texture" }
			}
		},
		{
			"__comment": "Box8",
			"from": [ 10.5, -1, 6 ],
			"to": [ 11.5, 0, 7 ],
			"faces": {
				"down": { "uv": [ 10.5, 9, 11.5, 10 ], "texture": "#texture" },
				"north": { "uv": [ 4.5, 0, 5.5, 1 ], "texture": "#texture" },
				"south": { "uv": [ 10.5, 0, 11.5, 1 ], "texture": "#texture" },
				"west": { "uv": [ 6, 0, 7, 1 ], "texture": "#texture" },
				"east": { "uv": [ 9, 0, 10, 1 ], "texture": "#texture" }
			}
		},
		{
			"__comment": "Box9",
			"from": [ 4.5, -1, 10 ],
			"to": [ 5.5, 0, 11 ],
			"faces": {
				"down": { "uv": [ 4.5, 5, 5.5, 6 ], "texture": "#texture" },
				"north": { "uv": [ 10.5, 0, 11.5, 1 ], "texture": "#texture" },
				"south": { "uv": [ 4.5, 0, 5.5, 1 ], "texture": "#texture" },
				"west": { "uv": [ 10, 0, 11, 1 ], "texture": "#texture" },
				"east": { "uv": [ 5, 0, 6, 1 ], "texture": "#texture" }
			}
		},
		{
			"__comment": "Box10",
			"from": [ 10.5, -1, 10 ],
			"to": [ 11.5, 0, 11 ],
			"faces": {
				"down": { "uv": [ 10.5, 5, 11.5, 6 ], "texture": "#texture" },
				"north": { "uv": [ 4.5, 0, 5.5, 1 ], "texture": "#texture" },
				"south": { "uv": [ 10.5, 0, 11.5, 1 ], "texture": "#texture" },
				"west": { "uv": [ 10, 0, 11, 1 ], "texture": "#texture" },
				"east": { "uv": [ 5, 0, 6, 1 ], "texture": "#texture" }
			}
		}
	],
	"display": {
		"thirdperson_righthand": {
			"scale":  [ 1.7, 2.5, 1.7 ]
		},
		"gui": {
			"rotation":  [ 30, -42, 0 ],
			"scale":  [ 0.6, 0.8, 0.6 ]
		}
	}
}