{
	"__comment": "Designed by Tsunami67 with Cubik Studio - https://cubik.studio",
	"textures": {
		"particle": "blocks/stone_andesite",
		"texture": "blocks/planks_big_oak",
		"texture1": "tsunami67/piano_keys",
		"texture2": "blocks/wool_colored_silver"
	},
	"elements": [ 	 
		{
			"__comment": "Box1",
			"from": [ 3, 6, 2 ],
			"to": [ 8.5, 7, 7 ],
			"rotation": { "origin": [ 3, 6, 2 ], "axis": "z", "angle": 45 },
			"faces": {
				"down": { "uv": [ 3, 9, 8.5, 14 ], "texture": "#texture" },
				"up": { "uv": [ 3, 2, 8.5, 7 ], "texture": "#texture" },
				"north": { "uv": [ 7.5, 7.5, 13, 8.5 ], "texture": "#texture" },
				"south": { "uv": [ 3, 7.5, 8.5, 8.5 ], "texture": "#texture" },
				"west": { "uv": [ 2, 7.5, 7, 8.5 ], "texture": "#texture" },
				"east": { "uv": [ 9, 7.5, 14, 8.5 ], "texture": "#texture" }
			}
		},
		{
			"__comment": "Box2",
			"from": [ 8.5, 6, 3.5 ],
			"to": [ 12, 7, 7 ],
			"rotation": { "origin": [ 3, 6, 2 ], "axis": "z", "angle": 45 },
			"faces": {
				"down": { "uv": [ 8.5, 9, 12, 12.5 ], "texture": "#texture" },
				"up": { "uv": [ 8.5, 3.5, 12, 7 ], "texture": "#texture" },
				"north": { "uv": [ 4, 11, 7.5, 12 ], "texture": "#texture" },
				"south": { "uv": [ 8.5, 11, 12, 12 ], "texture": "#texture" },
				"west": { "uv": [ 3.5, 11, 7, 12 ], "texture": "#texture" },
				"east": { "uv": [ 9, 11, 12.5, 12 ], "texture": "#texture" }
			}
		},
		{
			"__comment": "Box3",
			"from": [ 3, 6, 7 ],
			"to": [ 15, 7, 13.5 ],
			"rotation": { "origin": [ 3, 6, 2 ], "axis": "z", "angle": 45 },
			"faces": {
				"down": { "uv": [ 3, 2.5, 15, 9 ], "texture": "#texture" },
				"up": { "uv": [ 3, 7, 15, 13.5 ], "texture": "#texture" },
				"north": { "uv": [ 1, 11, 13, 12 ], "texture": "#texture" },
				"south": { "uv": [ 3, 11, 15, 12 ], "texture": "#texture" },
				"west": { "uv": [ 7, 11, 13.5, 12 ], "texture": "#texture" },
				"east": { "uv": [ 2.5, 11, 9, 12 ], "texture": "#texture" }
			}
		},
		{
			"__comment": "Box4",
			"from": [ 3, 5, 2 ],
			"to": [ 8.5, 6, 3 ],
			"faces": {
				"down": { "uv": [ 3, 13, 8.5, 14 ], "texture": "#texture" },
				"up": { "uv": [ 3, 2, 8.5, 3 ], "texture": "#texture" },
				"north": { "uv": [ 7.5, 10, 13, 11 ], "texture": "#texture" },
				"south": { "uv": [ 3, 10, 8.5, 11 ], "texture": "#texture" },
				"west": { "uv": [ 2, 10, 3, 11 ], "texture": "#texture" },
				"east": { "uv": [ 13, 10, 14, 11 ], "texture": "#texture" }
			}
		},
		{
			"__comment": "Box5",
			"from": [ 3, 5, 3 ],
			"to": [ 4, 6, 13.5 ],
			"faces": {
				"down": { "uv": [ 3, 2.5, 4, 13 ], "texture": "#texture" },
				"up": { "uv": [ 3, 3, 4, 13.5 ], "texture": "#texture" },
				"north": { "uv": [ 12, 10, 13, 11 ], "texture": "#texture" },
				"south": { "uv": [ 3, 10, 4, 11 ], "texture": "#texture" },
				"west": { "uv": [ 3, 10, 13.5, 11 ], "texture": "#texture" },
				"east": { "uv": [ 2.5, 10, 13, 11 ], "texture": "#texture" }
			}
		},
		{
			"__comment": "Box6",
			"from": [ 4, 5, 12.5 ],
			"to": [ 15, 6, 13.5 ],
			"faces": {
				"down": { "uv": [ 4, 2.5, 15, 3.5 ], "texture": "#texture" },
				"up": { "uv": [ 4, 12.5, 15, 13.5 ], "texture": "#texture" },
				"north": { "uv": [ 1, 10, 12, 11 ], "texture": "#texture" },
				"south": { "uv": [ 4, 10, 15, 11 ], "texture": "#texture" },
				"west": { "uv": [ 12.5, 10, 13.5, 11 ], "texture": "#texture" },
				"east": { "uv": [ 2.5, 10, 3.5, 11 ], "texture": "#texture" }
			}
		},
		{
			"__comment": "Box7",
			"from": [ 14, 5, 7 ],
			"to": [ 15, 6, 12.5 ],
			"faces": {
				"down": { "uv": [ 14, 3.5, 15, 9 ], "texture": "#texture" },
				"up": { "uv": [ 14, 7, 15, 12.5 ], "texture": "#texture" },
				"north": { "uv": [ 1, 10, 2, 11 ], "texture": "#texture" },
				"south": { "uv": [ 14, 10, 15, 11 ], "texture": "#texture" },
				"west": { "uv": [ 7, 10, 12.5, 11 ], "texture": "#texture" },
				"east": { "uv": [ 3.5, 10, 9, 11 ], "texture": "#texture" }
			}
		},
		{
			"__comment": "Box8",
			"from": [ 11, 5, 7 ],
			"to": [ 14, 6, 8 ],
			"faces": {
				"down": { "uv": [ 11, 8, 14, 9 ], "texture": "#texture" },
				"up": { "uv": [ 11, 7, 14, 8 ], "texture": "#texture" },
				"north": { "uv": [ 2, 10, 5, 11 ], "texture": "#texture" },
				"south": { "uv": [ 11, 10, 14, 11 ], "texture": "#texture" },
				"west": { "uv": [ 7, 10, 8, 11 ], "texture": "#texture" },
				"east": { "uv": [ 8, 10, 9, 11 ], "texture": "#texture" }
			}
		},
		{
			"__comment": "Box9",
			"from": [ 11, 5, 3.5 ],
			"to": [ 12, 6, 7 ],
			"faces": {
				"down": { "uv": [ 11, 9, 12, 12.5 ], "texture": "#texture" },
				"up": { "uv": [ 11, 3.5, 12, 7 ], "texture": "#texture" },
				"north": { "uv": [ 4, 10, 5, 11 ], "texture": "#texture" },
				"south": { "uv": [ 11, 10, 12, 11 ], "texture": "#texture" },
				"west": { "uv": [ 3.5, 10, 7, 11 ], "texture": "#texture" },
				"east": { "uv": [ 9, 10, 12.5, 11 ], "texture": "#texture" }
			}
		},
		{
			"__comment": "Box10",
			"from": [ 7.5, 5, 3.5 ],
			"to": [ 11, 6, 4.5 ],
			"faces": {
				"down": { "uv": [ 7.5, 11.5, 11, 12.5 ], "texture": "#texture" },
				"up": { "uv": [ 7.5, 3.5, 11, 4.5 ], "texture": "#texture" },
				"north": { "uv": [ 5, 10, 8.5, 11 ], "texture": "#texture" },
				"south": { "uv": [ 7.5, 10, 11, 11 ], "texture": "#texture" },
				"west": { "uv": [ 3.5, 10, 4.5, 11 ], "texture": "#texture" },
				"east": { "uv": [ 11.5, 10, 12.5, 11 ], "texture": "#texture" }
			}
		},
		{
			"__comment": "Box11",
			"from": [ 7.5, 5, 3 ],
			"to": [ 8.5, 6, 3.5 ],
			"faces": {
				"down": { "uv": [ 7.5, 12.5, 8.5, 13 ], "texture": "#texture" },
				"up": { "uv": [ 7.5, 3, 8.5, 3.5 ], "texture": "#texture" },
				"north": { "uv": [ 7.5, 10, 8.5, 11 ], "texture": "#texture" },
				"south": { "uv": [ 7.5, 10, 8.5, 11 ], "texture": "#texture" },
				"west": { "uv": [ 3, 10, 3.5, 11 ], "texture": "#texture" },
				"east": { "uv": [ 12.5, 10, 13, 11 ], "texture": "#texture" }
			}
		},
		{
			"__comment": "Box1",
			"from": [ 3, 4, 2 ],
			"to": [ 8.5, 5, 7 ],
			"faces": {
				"down": { "uv": [ 3, 9, 8.5, 14 ], "texture": "#texture" },
				"up": { "uv": [ 3, 2, 8.5, 7 ], "texture": "#particle" },
				"north": { "uv": [ 7.5, 11, 13, 12 ], "texture": "#texture" },
				"south": { "uv": [ 3, 11, 8.5, 12 ], "texture": "#texture" },
				"west": { "uv": [ 2, 11, 7, 12 ], "texture": "#texture" },
				"east": { "uv": [ 9, 11, 14, 12 ], "texture": "#texture" }
			}
		},
		{
			"__comment": "Box2",
			"from": [ 8.5, 4, 3.5 ],
			"to": [ 12, 5, 7 ],
			"faces": {
				"down": { "uv": [ 8.5, 9, 12, 12.5 ], "texture": "#texture" },
				"up": { "uv": [ 8.5, 3.5, 12, 7 ], "texture": "#particle" },
				"north": { "uv": [ 4, 11, 7.5, 12 ], "texture": "#texture" },
				"south": { "uv": [ 8.5, 11, 12, 12 ], "texture": "#texture" },
				"west": { "uv": [ 3.5, 11, 7, 12 ], "texture": "#texture" },
				"east": { "uv": [ 9, 11, 12.5, 12 ], "texture": "#texture" }
			}
		},
		{
			"__comment": "Box3",
			"from": [ 3, 4, 7 ],
			"to": [ 15, 5, 13.5 ],
			"faces": {
				"down": { "uv": [ 3, 2.5, 15, 9 ], "texture": "#texture" },
				"up": { "uv": [ 3, 7, 15, 13.5 ], "texture": "#particle" },
				"north": { "uv": [ 1, 11, 13, 12 ], "texture": "#texture" },
				"south": { "uv": [ 3, 11, 15, 12 ], "texture": "#texture" },
				"west": { "uv": [ 7, 11, 13.5, 12 ], "texture": "#texture" },
				"east": { "uv": [ 2.5, 11, 9, 12 ], "texture": "#texture" }
			}
		},
		{
			"__comment": "Box15",
			"from": [ 3.5, 4, 13.5 ],
			"to": [ 14.5, 5, 15 ],
			"faces": {
				"down": { "uv": [ 3.5, 1, 14.5, 2.5 ], "texture": "#texture" },
				"up": { "uv": [ 0, 0, 16, 16 ], "texture": "#texture1" },
				"north": { "uv": [ 1.5, 11, 12.5, 12 ], "texture": "#texture" },
				"south": { "uv": [ 3.5, 11, 14.5, 12 ], "texture": "#texture" },
				"west": { "uv": [ 13.5, 11, 15, 12 ], "texture": "#texture" },
				"east": { "uv": [ 1, 11, 2.5, 12 ], "texture": "#texture" }
			}
		},
		{
			"__comment": "Box16",
			"from": [ 14.5, 4, 13.5 ],
			"to": [ 15, 6, 15 ],
			"faces": {
				"down": { "uv": [ 14.5, 1, 15, 2.5 ], "texture": "#texture" },
				"up": { "uv": [ 14.5, 13.5, 15, 15 ], "texture": "#texture" },
				"north": { "uv": [ 1, 10, 1.5, 12 ], "texture": "#texture" },
				"south": { "uv": [ 14.5, 10, 15, 12 ], "texture": "#texture" },
				"west": { "uv": [ 13.5, 10, 15, 12 ], "texture": "#texture" },
				"east": { "uv": [ 1, 10, 2.5, 12 ], "texture": "#texture" }
			}
		},
		{
			"__comment": "Box16",
			"from": [ 3, 4, 13.5 ],
			"to": [ 3.5, 6, 15 ],
			"faces": {
				"down": { "uv": [ 3, 1, 3.5, 2.5 ], "texture": "#texture" },
				"up": { "uv": [ 3, 13.5, 3.5, 15 ], "texture": "#texture" },
				"north": { "uv": [ 12.5, 10, 13, 12 ], "texture": "#texture" },
				"south": { "uv": [ 3, 10, 3.5, 12 ], "texture": "#texture" },
				"west": { "uv": [ 13.5, 10, 15, 12 ], "texture": "#texture" },
				"east": { "uv": [ 1, 10, 2.5, 12 ], "texture": "#texture" }
			}
		},
		{
			"__comment": "Box18",
			"from": [ 4, 0, 11 ],
			"to": [ 5, 4, 12 ],
			"faces": {
				"down": { "uv": [ 4, 4, 5, 5 ], "texture": "#texture" },
				"up": { "uv": [ 4, 11, 5, 12 ], "texture": "#texture" },
				"north": { "uv": [ 11, 12, 12, 16 ], "texture": "#texture" },
				"south": { "uv": [ 4, 12, 5, 16 ], "texture": "#texture" },
				"west": { "uv": [ 11, 12, 12, 16 ], "texture": "#texture" },
				"east": { "uv": [ 4, 12, 5, 16 ], "texture": "#texture" }
			}
		},
		{
			"__comment": "Box19",
			"from": [ 12.5, 0, 11 ],
			"to": [ 13.5, 4, 12 ],
			"faces": {
				"down": { "uv": [ 12.5, 4, 13.5, 5 ], "texture": "#texture" },
				"up": { "uv": [ 12.5, 11, 13.5, 12 ], "texture": "#texture" },
				"north": { "uv": [ 2.5, 12, 3.5, 16 ], "texture": "#texture" },
				"south": { "uv": [ 12.5, 12, 13.5, 16 ], "texture": "#texture" },
				"west": { "uv": [ 11, 12, 12, 16 ], "texture": "#texture" },
				"east": { "uv": [ 4, 12, 5, 16 ], "texture": "#texture" }
			}
		},
		{
			"__comment": "Box20",
			"from": [ 5, 0, 4 ],
			"to": [ 6, 4, 5 ],
			"faces": {
				"down": { "uv": [ 5, 11, 6, 12 ], "texture": "#texture" },
				"up": { "uv": [ 5, 4, 6, 5 ], "texture": "#texture" },
				"north": { "uv": [ 10, 12, 11, 16 ], "texture": "#texture" },
				"south": { "uv": [ 5, 12, 6, 16 ], "texture": "#texture" },
				"west": { "uv": [ 4, 12, 5, 16 ], "texture": "#texture" },
				"east": { "uv": [ 11, 12, 12, 16 ], "texture": "#texture" }
			}
		},
		{
			"__comment": "Box21",
			"from": [ 14, 5.5, 12 ],
			"to": [ 14.5, 14, 12.5 ],
			"rotation": { "origin": [ 14, 5.5, 12 ], "axis": "z", "angle": 45 },
			"faces": {
				"down": { "uv": [ 12, 4, 13, 5 ], "texture": "#texture" },
				"up": { "uv": [ 12, 11, 13, 12 ], "texture": "#texture" },
				"north": { "uv": [ 3, 1, 4, 9 ], "texture": "#texture" },
				"south": { "uv": [ 12, 1, 13, 9 ], "texture": "#texture" },
				"west": { "uv": [ 11, 1, 12, 9 ], "texture": "#texture" },
				"east": { "uv": [ 4, 1, 5, 9 ], "texture": "#texture" }
			}
		},
		{
			"__comment": "Box22",
			"from": [ 6, 0, 16 ],
			"to": [ 7, 2, 17 ],
			"faces": {
				"down": { "uv": [ 6, 15, 7, 16 ], "texture": "#texture" },
				"up": { "uv": [ 6, 0, 7, 1 ], "texture": "#texture" },
				"north": { "uv": [ 9, 14, 10, 16 ], "texture": "#texture" },
				"south": { "uv": [ 6, 14, 7, 16 ], "texture": "#texture" },
				"west": { "uv": [ 0, 14, 1, 16 ], "texture": "#texture" },
				"east": { "uv": [ 15, 14, 16, 16 ], "texture": "#texture" }
			}
		},
		{
			"__comment": "Box23",
			"from": [ 10, 0, 16 ],
			"to": [ 11, 2, 17 ],
			"faces": {
				"down": { "uv": [ 10, 15, 11, 16 ], "texture": "#texture" },
				"up": { "uv": [ 10, 0, 11, 1 ], "texture": "#texture" },
				"north": { "uv": [ 5, 14, 6, 16 ], "texture": "#texture" },
				"south": { "uv": [ 10, 14, 11, 16 ], "texture": "#texture" },
				"west": { "uv": [ 0, 14, 1, 16 ], "texture": "#texture" },
				"east": { "uv": [ 15, 14, 16, 16 ], "texture": "#texture" }
			}
		},
		{
			"__comment": "Box24",
			"from": [ 6, 0, 18 ],
			"to": [ 7, 2, 19 ],
			"faces": {
				"down": { "uv": [ 6, 13, 7, 14 ], "texture": "#texture" },
				"up": { "uv": [ 6, 2, 7, 3 ], "texture": "#texture" },
				"north": { "uv": [ 9, 14, 10, 16 ], "texture": "#texture" },
				"south": { "uv": [ 6, 14, 7, 16 ], "texture": "#texture" },
				"west": { "uv": [ 2, 14, 3, 16 ], "texture": "#texture" },
				"east": { "uv": [ 13, 14, 14, 16 ], "texture": "#texture" }
			}
		},
		{
			"__comment": "Box25",
			"from": [ 10, 0, 18 ],
			"to": [ 11, 2, 19 ],
			"faces": {
				"down": { "uv": [ 10, 13, 11, 14 ], "texture": "#texture" },
				"up": { "uv": [ 10, 2, 11, 3 ], "texture": "#texture" },
				"north": { "uv": [ 5, 14, 6, 16 ], "texture": "#texture" },
				"south": { "uv": [ 10, 14, 11, 16 ], "texture": "#texture" },
				"west": { "uv": [ 2, 14, 3, 16 ], "texture": "#texture" },
				"east": { "uv": [ 13, 14, 14, 16 ], "texture": "#texture" }
			}
		},
		{
			"__comment": "Box26",
			"from": [ 6, 2, 16 ],
			"to": [ 11, 2.5, 19 ],
			"faces": {
				"down": { "uv": [ 6, 13, 11, 16 ], "texture": "#texture" },
				"up": { "uv": [ 6, 0, 11, 3 ], "texture": "#texture" },
				"north": { "uv": [ 5, 13.5, 10, 14 ], "texture": "#texture" },
				"south": { "uv": [ 6, 13.5, 11, 14 ], "texture": "#texture" },
				"west": { "uv": [ 0, 13.5, 3, 14 ], "texture": "#texture" },
				"east": { "uv": [ 13, 13.5, 16, 14 ], "texture": "#texture" }
			}
		},
		{
			"__comment": "Box27",
			"from": [ 6, 2.5, 16 ],
			"to": [ 11, 3.5, 19 ],
			"faces": {
				"down": { "uv": [ 6, 13, 11, 16 ], "texture": "#texture2" },
				"up": { "uv": [ 0, 0, 16, 16 ], "texture": "#texture2" },
				"north": { "uv": [ 0, 9.5, 16, 12 ], "texture": "#texture2" },
				"south": { "uv": [ 0, 9.5, 16, 12 ], "texture": "#texture2" },
				"west": { "uv": [ 0, 9.5, 16, 12 ], "texture": "#texture2" },
				"east": { "uv": [ 0, 9.5, 16, 12 ], "texture": "#texture2" }
			}
		}
	],
	"display": {
		"thirdperson_righthand": {
			"scale":  [ 3.2, 2.9, 3.2 ]
		},
		"gui": {
			"rotation":  [ 30, -44, 0 ],
			"translation":  [ 0.6956, 2.0869, 0 ],
			"scale":  [ 0.8, 0.8, 0.8 ]
		}
	}
}