{
	"__comment": "Designed by Tsunami67 with Cubik Studio - https://cubik.studio",
	"textures": {
		"poubelle": "tsunami67/sac_poubelle",
		"carton": "tsunami67/carton",
		"trash": "tsunami67/trash",
		"particle": "blocks/stone_granite_smooth"
	},
	"elements": [ 	 
		{
			"__comment": "Box1",
			"from": [ -3, 0, 5.5 ],
			"to": [ 7, 5.5, 11 ],
			"rotation": { "origin": [ -3, 0, 5.5 ], "axis": "y", "angle": 45 },
			"faces": {
				"down": { "uv": [ 0, 0, 16, 16 ], "texture": "#carton" },
				"up": { "uv": [ 0, 0, 16, 16 ], "texture": "#carton" },
				"north": { "uv": [ 0, 0, 16, 16 ], "texture": "#carton" },
				"south": { "uv": [ 0, 0, 16, 16 ], "texture": "#carton" },
				"west": { "uv": [ 0, 0, 16, 16 ], "texture": "#carton" },
				"east": { "uv": [ 0, 0, 16, 16 ], "texture": "#carton" }
			}
		},
		{
			"__comment": "Box2",
			"from": [ 12, 0, 17.5 ],
			"to": [ 18.5, 3, 20.5 ],
			"faces": {
				"down": { "uv": [ 0, 0, 16, 16 ], "texture": "#carton" },
				"up": { "uv": [ 0, 0, 16, 16 ], "texture": "#carton" },
				"north": { "uv": [ 0, 0, 16, 16 ], "texture": "#carton" },
				"south": { "uv": [ 0, 0, 16, 16 ], "texture": "#carton" },
				"west": { "uv": [ 0, 0, 16, 16 ], "texture": "#carton" },
				"east": { "uv": [ 0, 0, 16, 16 ], "texture": "#carton" }
			}
		},
		{
			"__comment": "Box3",
			"from": [ 12.5, 1, 18 ],
			"to": [ 18.5, 4, 20 ],
			"rotation": { "origin": [ 12.5, 1, 18 ], "axis": "z", "angle": 22.5 },
			"faces": {
				"down": { "uv": [ 0, 0, 16, 16 ], "texture": "#carton" },
				"up": { "uv": [ 0, 0, 16, 16 ], "texture": "#carton" },
				"north": { "uv": [ 4.5, 14, 9, 16 ], "texture": "#carton" },
				"south": { "uv": [ 16, 16, 0, 0 ], "texture": "#carton" },
				"west": { "uv": [ 0, 0, 16, 16 ], "texture": "#carton" },
				"east": { "uv": [ 0, 0, 16, 16 ], "texture": "#carton" }
			}
		},
		{
			"__comment": "Box4",
			"from": [ 7.5, 0, 5 ],
			"to": [ 12.5, 2.5, 7 ],
			"rotation": { "origin": [ 7.5, 0, 5 ], "axis": "y", "angle": 22.5 },
			"faces": {
				"down": { "uv": [ 0, 0, 16, 16 ], "texture": "#carton" },
				"up": { "uv": [ 16, 16, 0, 0 ], "texture": "#carton" },
				"north": { "uv": [ 0, 0, 16, 16 ], "texture": "#carton" },
				"south": { "uv": [ 16, 16, 0, 0 ], "texture": "#carton" },
				"west": { "uv": [ 16, 16, 0, 0 ], "texture": "#carton" },
				"east": { "uv": [ 16, 16, 0, 0 ], "texture": "#carton" }
			}
		},
		{
			"__comment": "Box5",
			"from": [ 1, 0, 10.5 ],
			"to": [ 6.5, 6.5, 16 ],
			"faces": {
				"down": { "uv": [ 11.5, 8.5, 14, 11 ], "texture": "#poubelle" },
				"up": { "uv": [ 0, 0, 16, 16 ], "texture": "#trash" },
				"north": { "uv": [ 0, 0, 16, 16 ], "texture": "#poubelle" },
				"south": { "uv": [ 0, 0, 16, 16 ], "texture": "#poubelle" },
				"west": { "uv": [ 0, 0, 16, 16 ], "texture": "#poubelle" },
				"east": { "uv": [ 0, 0, 16, 16 ], "texture": "#poubelle" }
			}
		},
		{
			"__comment": "Box5",
			"from": [ 7.5, 0, 11.5 ],
			"to": [ 13.5, 11.5, 17.5 ],
			"rotation": { "origin": [ 7.5, 0, 11.5 ], "axis": "y", "angle": 45 },
			"faces": {
				"down": { "uv": [ 7.5, 6, 10, 8.5 ], "texture": "#poubelle" },
				"up": { "uv": [ 0, 0, 16, 16 ], "texture": "#trash" },
				"north": { "uv": [ 0, 0, 16, 16 ], "texture": "#poubelle" },
				"south": { "uv": [ 0, 0, 16, 16 ], "texture": "#poubelle" },
				"west": { "uv": [ 0, 0, 16, 16 ], "texture": "#poubelle" },
				"east": { "uv": [ 0, 0, 16, 16 ], "texture": "#poubelle" }
			}
		},
		{
			"__comment": "Box5",
			"from": [ 16, 0, 2 ],
			"to": [ 22.5, 6.5, 9 ],
			"rotation": { "origin": [ 16, 0, 9 ], "axis": "y", "angle": 22.5 },
			"faces": {
				"down": { "uv": [ 7.5, 6, 10, 8.5 ], "texture": "#poubelle", "rotation": 90 },
				"up": { "uv": [ 0, 0, 16, 16 ], "texture": "#poubelle", "rotation": 270 },
				"north": { "uv": [ 0, 0, 16, 16 ], "texture": "#poubelle" },
				"south": { "uv": [ 0, 0, 16, 16 ], "texture": "#poubelle" },
				"west": { "uv": [ 0, 0, 16, 16 ], "texture": "#poubelle" },
				"east": { "uv": [ 0, 0, 16, 16 ], "texture": "#poubelle" }
			}
		}
	],
	"display": {
		"thirdperson_righthand": {
			"scale":  [ 1.7, 1.7, 1.7 ]
		},
		"gui": {
			"rotation":  [ 30, 225, 0 ],
			"scale":  [ 0.625, 0.625, 0.625 ]
		}
	}
}