{
	"__comment": "Designed by Tsunami67 with Cubik Studio - https://cubik.studio",
	"textures": {
		"particle": "blocks/e_particle",
		"texture": "blocks/planks_big_oak"
	},
	"elements": [ 	 
		{
			"__comment": "Box1",
			"from": [ 3, 7, 7 ],
			"to": [ 13, 9.5, 8 ],
			"faces": {
				"down": { "uv": [ 0, 2.5, 16, 10 ], "texture": "#texture" },
				"up": { "uv": [ 0, 1.5, 16, 11 ], "texture": "#texture" },
				"north": { "uv": [ 0, 0, 16, 12 ], "texture": "#texture" },
				"south": { "uv": [ 0, 0.5, 16, 15.5 ], "texture": "#texture" },
				"west": { "uv": [ 1.5, 0, 14, 8.5 ], "texture": "#texture" },
				"east": { "uv": [ 8, 6.5, 16, 16 ], "texture": "#texture" }
			}
		},
		{
			"__comment": "Box2",
			"from": [ 10.5, 0.5, 3 ],
			"to": [ 13, 10, 4 ],
			"rotation": { "origin": [ 10.5, 0.5, 3 ], "axis": "x", "angle": 22.5 },
			"faces": {
				"down": { "uv": [ 0, 2, 16, 7 ], "texture": "#texture" },
				"up": { "uv": [ 3, 8, 16, 13.5 ], "texture": "#texture" },
				"north": { "uv": [ 0.5, 0, 16, 16 ], "texture": "#texture" },
				"south": { "uv": [ 0, 0, 16, 16 ], "texture": "#texture" },
				"west": { "uv": [ 3, 0, 15, 16 ], "texture": "#texture" },
				"east": { "uv": [ 3, 0, 16, 16 ], "texture": "#texture" }
			}
		},
		{
			"__comment": "Box2",
			"from": [ 3, 0.5, 3 ],
			"to": [ 5.5, 10, 4 ],
			"rotation": { "origin": [ 10.5, 0.5, 3 ], "axis": "x", "angle": 22.5 },
			"faces": {
				"down": { "uv": [ 3, 7, 15, 14.5 ], "texture": "#texture" },
				"up": { "uv": [ 3, 8, 16, 14.5 ], "texture": "#texture" },
				"north": { "uv": [ 0, 0, 16, 16 ], "texture": "#texture" },
				"south": { "uv": [ 0.5, 0, 16, 16 ], "texture": "#texture" },
				"west": { "uv": [ 4, 0, 16, 16 ], "texture": "#texture" },
				"east": { "uv": [ 5, 1, 16, 16 ], "texture": "#texture" }
			}
		},
		{
			"__comment": "Box2",
			"from": [ 10.5, 0, 11.5 ],
			"to": [ 13, 9.5, 12.5 ],
			"rotation": { "origin": [ 10.5, 0, 11.5 ], "axis": "x", "angle": -22.5 },
			"faces": {
				"down": { "uv": [ 3, 7, 15.5, 14.5 ], "texture": "#texture" },
				"up": { "uv": [ 3, 8, 16, 13.5 ], "texture": "#texture" },
				"north": { "uv": [ 0, 0, 16, 16 ], "texture": "#texture" },
				"south": { "uv": [ 2.5, 0, 16, 16 ], "texture": "#texture" },
				"west": { "uv": [ 2, 1.5, 16, 16 ], "texture": "#texture" },
				"east": { "uv": [ 3, 0, 16, 16 ], "texture": "#texture" }
			}
		},
		{
			"__comment": "Box2",
			"from": [ 3, 0, 11.5 ],
			"to": [ 5.5, 9.5, 12.5 ],
			"rotation": { "origin": [ 3, 0, 11.5 ], "axis": "x", "angle": -22.5 },
			"faces": {
				"down": { "uv": [ 1.5, 2.5, 16, 16 ], "texture": "#texture" },
				"up": { "uv": [ 3, 8, 16, 16 ], "texture": "#texture" },
				"north": { "uv": [ 3, 1.5, 16, 16 ], "texture": "#texture" },
				"south": { "uv": [ 1, 0, 16, 16 ], "texture": "#texture" },
				"west": { "uv": [ 4, 0, 16, 16 ], "texture": "#texture" },
				"east": { "uv": [ 4, 0, 16, 16 ], "texture": "#texture" }
			}
		}
	],
	"display": {
		"thirdperson_righthand": {
			"scale":  [ 2, 2.5, 2 ]
		},
		"gui": {
			"rotation":  [ 30, 225, 0 ],
			"scale":  [ 0.625, 0.625, 0.625 ]
		}
	}
}