{
	"__comment": "Designed by Tsunami67 with Cubik Studio - https://cubik.studio",
	"textures": {
		"particle": "blocks/e_particle",
		"texture": "blocks/sponge"
	},
	"elements": [ 	 
		{
			"__comment": "Box1",
			"from": [ 6, 0, 2 ],
			"to": [ 11, 6, 12 ],
			"faces": {
				"down": { "uv": [ 5, 0.5, 11, 14 ], "texture": "#texture" },
				"up": { "uv": [ 5, 2, 10, 12 ], "texture": "#texture" },
				"north": { "uv": [ 4, 10, 11, 16 ], "texture": "#texture" },
				"south": { "uv": [ 4, 10, 11, 16 ], "texture": "#texture" },
				"west": { "uv": [ 11, 10, 4.5, 16 ], "texture": "#texture" },
				"east": { "uv": [ 11, 10, 4.5, 16 ], "texture": "#texture" }
			}
		},
		{
			"__comment": "Box2",
			"from": [ 5, 6, 1 ],
			"to": [ 12, 8, 12 ],
			"faces": {
				"down": { "uv": [ 5, 4, 12, 15 ], "texture": "#texture" },
				"up": { "uv": [ 5, 1, 12, 12 ], "texture": "#texture" },
				"north": { "uv": [ 4.5, 8, 11, 10 ], "texture": "#texture" },
				"south": { "uv": [ 4.5, 8, 11, 10 ], "texture": "#texture" },
				"west": { "uv": [ 11, 8, 4.5, 10 ], "texture": "#texture" },
				"east": { "uv": [ 11, 8, 4.5, 10 ], "texture": "#texture" }
			}
		},
		{
			"__comment": "Box3",
			"from": [ 5, 8, 1 ],
			"to": [ 12, 15, 3 ],
			"faces": {
				"down": { "uv": [ 5, 13, 12, 15 ], "texture": "#texture" },
				"up": { "uv": [ 5, 1, 12, 3 ], "texture": "#texture" },
				"north": { "uv": [ 4, 1, 11, 8 ], "texture": "#texture" },
				"south": { "uv": [ 5, 1, 12, 8 ], "texture": "#texture" },
				"west": { "uv": [ 1, 1, 3, 8 ], "texture": "#texture" },
				"east": { "uv": [ 13, 1, 15, 8 ], "texture": "#texture" }
			}
		},
		{
			"__comment": "Box4",
			"from": [ 5.5, 8, 3 ],
			"to": [ 11.5, 8.5, 11.5 ],
			"faces": {
				"down": { "uv": [ 5.5, 4.5, 11.5, 13 ], "texture": "#texture" },
				"up": { "uv": [ 5.5, 3, 11.5, 11.5 ], "texture": "#texture" },
				"north": { "uv": [ 4.5, 7.5, 10.5, 8 ], "texture": "#texture" },
				"south": { "uv": [ 5.5, 7.5, 11.5, 8 ], "texture": "#texture" },
				"west": { "uv": [ 3, 7.5, 11.5, 8 ], "texture": "#texture" },
				"east": { "uv": [ 4.5, 7.5, 13, 8 ], "texture": "#texture" }
			}
		}
	],
	"display": {
		"thirdperson_righthand": {
			"scale":  [ 1.813, 1.5, 1.5 ]
		},
		"gui": {
			"rotation":  [ 30, -44, 0 ],
			"translation":  [ -0.695, 0, 4.1739 ],
			"scale":  [ 0.625, 0.625, 0.625 ]
		}
	}
}