{
	"__comment": "Designed by Tsunami67 with Cubik Studio - https://cubik.studio",
	"textures": {
		"particle": "blocks/glass_white",
		"texture": "blocks/stone_granite_smooth"
	},
	"elements": [ 	 
		{
			"__comment": "Box1",
			"from": [ 8, 8, 7 ],
			"to": [ 9, 16, 8 ],
			"faces": {
				"down": { "uv": [ 8, 8, 9, 9 ], "texture": "#texture" },
				"up": { "uv": [ 8, 7, 9, 8 ], "texture": "#texture" },
				"north": { "uv": [ 7, 0, 8, 8 ], "texture": "#texture" },
				"south": { "uv": [ 8, 0, 9, 8 ], "texture": "#texture" },
				"west": { "uv": [ 7, 0, 8, 8 ], "texture": "#texture" },
				"east": { "uv": [ 8, 0, 9, 8 ], "texture": "#texture" }
			}
		},
		{
			"__comment": "Box2",
			"from": [ 7, 9, 6 ],
			"to": [ 10, 10, 9 ],
			"faces": {
				"down": { "uv": [ 7, 7, 10, 10 ], "texture": "#texture" },
				"up": { "uv": [ 7, 6, 10, 9 ], "texture": "#texture" },
				"north": { "uv": [ 6, 6, 9, 7 ], "texture": "#texture" },
				"south": { "uv": [ 7, 6, 10, 7 ], "texture": "#texture" },
				"west": { "uv": [ 6, 6, 9, 7 ], "texture": "#texture" },
				"east": { "uv": [ 7, 6, 10, 7 ], "texture": "#texture" }
			}
		},
		{
			"__comment": "Box3",
			"from": [ 7, 15, 6 ],
			"to": [ 10, 16, 9 ],
			"faces": {
				"down": { "uv": [ 7, 7, 10, 10 ], "texture": "#texture" },
				"up": { "uv": [ 7, 6, 10, 9 ], "texture": "#texture" },
				"north": { "uv": [ 6, 0, 9, 1 ], "texture": "#texture" },
				"south": { "uv": [ 7, 0, 10, 1 ], "texture": "#texture" },
				"west": { "uv": [ 6, 0, 9, 1 ], "texture": "#texture" },
				"east": { "uv": [ 7, 0, 10, 1 ], "texture": "#texture" }
			}
		},
		{
			"__comment": "Box4",
			"from": [ 4, 10.5, 7 ],
			"to": [ 8, 11, 8 ],
			"faces": {
				"down": { "uv": [ 4, 8, 8, 9 ], "texture": "#texture" },
				"up": { "uv": [ 4, 7, 8, 8 ], "texture": "#texture" },
				"north": { "uv": [ 8, 5, 12, 5.5 ], "texture": "#texture" },
				"south": { "uv": [ 4, 5, 8, 5.5 ], "texture": "#texture" },
				"west": { "uv": [ 7, 5, 8, 5.5 ], "texture": "#texture" },
				"east": { "uv": [ 8, 5, 9, 5.5 ], "texture": "#texture" }
			}
		},
		{
			"__comment": "Box5",
			"from": [ 8, 10.5, 3 ],
			"to": [ 9, 11, 7 ],
			"faces": {
				"down": { "uv": [ 8, 9, 9, 13 ], "texture": "#texture" },
				"up": { "uv": [ 8, 3, 9, 7 ], "texture": "#texture" },
				"north": { "uv": [ 7, 5, 8, 5.5 ], "texture": "#texture" },
				"south": { "uv": [ 8, 5, 9, 5.5 ], "texture": "#texture" },
				"west": { "uv": [ 3, 5, 7, 5.5 ], "texture": "#texture" },
				"east": { "uv": [ 9, 5, 13, 5.5 ], "texture": "#texture" }
			}
		},
		{
			"__comment": "Box6",
			"from": [ 8, 10.5, 8 ],
			"to": [ 9, 11, 12 ],
			"faces": {
				"down": { "uv": [ 8, 4, 9, 8 ], "texture": "#texture" },
				"up": { "uv": [ 8, 8, 9, 12 ], "texture": "#texture" },
				"north": { "uv": [ 7, 5, 8, 5.5 ], "texture": "#texture" },
				"south": { "uv": [ 8, 5, 9, 5.5 ], "texture": "#texture" },
				"west": { "uv": [ 8, 5, 12, 5.5 ], "texture": "#texture" },
				"east": { "uv": [ 4, 5, 8, 5.5 ], "texture": "#texture" }
			}
		},
		{
			"__comment": "Box7",
			"from": [ 9, 10.5, 7 ],
			"to": [ 13, 11, 8 ],
			"faces": {
				"down": { "uv": [ 9, 8, 13, 9 ], "texture": "#texture" },
				"up": { "uv": [ 9, 7, 13, 8 ], "texture": "#texture" },
				"north": { "uv": [ 3, 5, 7, 5.5 ], "texture": "#texture" },
				"south": { "uv": [ 9, 5, 13, 5.5 ], "texture": "#texture" },
				"west": { "uv": [ 7, 5, 8, 5.5 ], "texture": "#texture" },
				"east": { "uv": [ 8, 5, 9, 5.5 ], "texture": "#texture" }
			}
		},
		{
			"__comment": "Box11",
			"from": [ 4, 11, 7 ],
			"to": [ 5, 12, 8 ],
			"faces": {
				"down": { "uv": [ 0, 0, 16, 16 ], "texture": "#particle" },
				"up": { "uv": [ 0, 0, 16, 16 ], "texture": "#particle" },
				"north": { "uv": [ 0, 0, 16, 16 ], "texture": "#particle" },
				"south": { "uv": [ 0, 0, 16, 16 ], "texture": "#particle" },
				"west": { "uv": [ 0, 0, 16, 16 ], "texture": "#particle" },
				"east": { "uv": [ 0, 0, 16, 16 ], "texture": "#particle" }
			}
		},
		{
			"__comment": "Box11",
			"from": [ 8, 11, 11 ],
			"to": [ 9, 12, 12 ],
			"faces": {
				"down": { "uv": [ 0, 0, 16, 16 ], "texture": "#particle" },
				"up": { "uv": [ 0, 0, 16, 16 ], "texture": "#particle" },
				"north": { "uv": [ 0, 0, 16, 16 ], "texture": "#particle" },
				"south": { "uv": [ 0, 0, 16, 16 ], "texture": "#particle" },
				"west": { "uv": [ 0, 0, 16, 16 ], "texture": "#particle" },
				"east": { "uv": [ 0, 0, 16, 16 ], "texture": "#particle" }
			}
		},
		{
			"__comment": "Box11",
			"from": [ 8, 11, 3 ],
			"to": [ 9, 12, 4 ],
			"faces": {
				"down": { "uv": [ 0, 0, 16, 16 ], "texture": "#particle" },
				"up": { "uv": [ 0, 0, 16, 16 ], "texture": "#particle" },
				"north": { "uv": [ 0, 0, 16, 16 ], "texture": "#particle" },
				"south": { "uv": [ 0, 0, 16, 16 ], "texture": "#particle" },
				"west": { "uv": [ 0, 0, 16, 16 ], "texture": "#particle" },
				"east": { "uv": [ 0, 0, 16, 16 ], "texture": "#particle" }
			}
		},
		{
			"__comment": "Box11",
			"from": [ 12, 11, 7 ],
			"to": [ 13, 12, 8 ],
			"faces": {
				"down": { "uv": [ 0, 0, 16, 16 ], "texture": "#particle" },
				"up": { "uv": [ 0, 0, 16, 16 ], "texture": "#particle" },
				"north": { "uv": [ 0, 0, 16, 16 ], "texture": "#particle" },
				"south": { "uv": [ 0, 0, 16, 16 ], "texture": "#particle" },
				"west": { "uv": [ 0, 0, 16, 16 ], "texture": "#particle" },
				"east": { "uv": [ 0, 0, 16, 16 ], "texture": "#particle" }
			}
		}
	],
	"display": {
		"thirdperson_righthand": {
			"scale":  [ 2, 2, 2 ]
		},
		"gui": {
			"rotation":  [ 30, 225, 0 ],
			"translation":  [ 0, -2.782, 0 ]
		}
	}
}