{
	"__comment": "Designed by Tsunami67 with Cubik Studio - https://cubik.studio",
	"textures": {
		"particle": "tsunami67/tele_1",
		"texture": "tsunami67/tele",
		"texture1": "tsunami67/tele_ecran",
		"texture2": "blocks/anvil_base"
	},
	"elements": [ 	 
		{
			"__comment": "Box1",
			"from": [ 1, 1, 5 ],
			"to": [ 15, 10, 12 ],
			"faces": {
				"down": { "uv": [ 1, 4, 15, 11 ], "texture": "#texture" },
				"up": { "uv": [ 1, 5, 15, 12 ], "texture": "#texture" },
				"north": { "uv": [ 1, 6, 15, 15 ], "texture": "#texture" },
				"south": { "uv": [ 0, 0, 16, 16 ], "texture": "#texture" },
				"west": { "uv": [ 5, 6, 12, 15 ], "texture": "#texture" },
				"east": { "uv": [ 4, 6, 11, 15 ], "texture": "#texture" }
			}
		},
		{
			"__comment": "Box2",
			"from": [ 1, 1, 12 ],
			"to": [ 2, 10, 13 ],
			"faces": {
				"down": { "uv": [ 1, 3, 2, 4 ], "texture": "#texture" },
				"up": { "uv": [ 1, 12, 2, 13 ], "texture": "#texture" },
				"north": { "uv": [ 14, 6, 15, 15 ], "texture": "#texture" },
				"south": { "uv": [ 1, 6, 2, 15 ], "texture": "#texture" },
				"west": { "uv": [ 12, 6, 13, 15 ], "texture": "#texture" },
				"east": { "uv": [ 3, 6, 4, 15 ], "texture": "#texture" }
			}
		},
		{
			"__comment": "Box3",
			"from": [ 10.5, 1, 12 ],
			"to": [ 11.5, 10, 13 ],
			"faces": {
				"down": { "uv": [ 10.5, 3, 11.5, 4 ], "texture": "#texture" },
				"up": { "uv": [ 10.5, 12, 11.5, 13 ], "texture": "#texture" },
				"north": { "uv": [ 4.5, 6, 5.5, 15 ], "texture": "#texture" },
				"south": { "uv": [ 10.5, 6, 11.5, 15 ], "texture": "#texture" },
				"west": { "uv": [ 12, 6, 13, 15 ], "texture": "#texture" },
				"east": { "uv": [ 3, 6, 4, 15 ], "texture": "#texture" }
			}
		},
		{
			"__comment": "Box4",
			"from": [ 2, 1, 12 ],
			"to": [ 10.5, 2, 13 ],
			"faces": {
				"down": { "uv": [ 2, 3, 10.5, 4 ], "texture": "#texture" },
				"up": { "uv": [ 2, 12, 10.5, 13 ], "texture": "#texture" },
				"north": { "uv": [ 5.5, 14, 14, 15 ], "texture": "#texture" },
				"south": { "uv": [ 2, 14, 10.5, 15 ], "texture": "#texture" },
				"west": { "uv": [ 12, 14, 13, 15 ], "texture": "#texture" },
				"east": { "uv": [ 3, 14, 4, 15 ], "texture": "#texture" }
			}
		},
		{
			"__comment": "Box5",
			"from": [ 2, 9, 12 ],
			"to": [ 10.5, 10, 13 ],
			"faces": {
				"down": { "uv": [ 2, 3, 10.5, 4 ], "texture": "#texture" },
				"up": { "uv": [ 2, 12, 10.5, 13 ], "texture": "#texture" },
				"north": { "uv": [ 5.5, 6, 14, 7 ], "texture": "#texture" },
				"south": { "uv": [ 2, 6, 10.5, 7 ], "texture": "#texture" },
				"west": { "uv": [ 12, 6, 13, 7 ], "texture": "#texture" },
				"east": { "uv": [ 3, 6, 4, 7 ], "texture": "#texture" }
			}
		},
		{
			"__comment": "Box6",
			"from": [ 11.5, 1, 12 ],
			"to": [ 15, 10, 13 ],
			"faces": {
				"down": { "uv": [ 11.5, 3, 15, 4 ], "texture": "#texture" },
				"up": { "uv": [ 11.5, 12, 15, 13 ], "texture": "#texture" },
				"north": { "uv": [ 1, 6, 4.5, 15 ], "texture": "#texture" },
				"south": { "uv": [ 2, 0, 16, 16 ], "texture": "#particle" },
				"west": { "uv": [ 12, 6, 13, 15 ], "texture": "#texture" },
				"east": { "uv": [ 3, 6, 4, 15 ], "texture": "#texture" }
			}
		},
		{
			"__comment": "Box7",
			"from": [ 2, 0, 6 ],
			"to": [ 3, 1, 7 ],
			"faces": {
				"down": { "uv": [ 2, 9, 3, 10 ], "texture": "#texture2" },
				"up": { "uv": [ 2, 6, 3, 7 ], "texture": "#texture2" },
				"north": { "uv": [ 13, 15, 14, 16 ], "texture": "#texture2" },
				"south": { "uv": [ 2, 15, 3, 16 ], "texture": "#texture2" },
				"west": { "uv": [ 6, 15, 7, 16 ], "texture": "#texture2" },
				"east": { "uv": [ 9, 15, 10, 16 ], "texture": "#texture2" }
			}
		},
		{
			"__comment": "Box8",
			"from": [ 12.5, 0, 6 ],
			"to": [ 13.5, 1, 7 ],
			"faces": {
				"down": { "uv": [ 12.5, 9, 13.5, 10 ], "texture": "#texture2" },
				"up": { "uv": [ 12.5, 6, 13.5, 7 ], "texture": "#texture2" },
				"north": { "uv": [ 2.5, 15, 3.5, 16 ], "texture": "#texture2" },
				"south": { "uv": [ 12.5, 15, 13.5, 16 ], "texture": "#texture2" },
				"west": { "uv": [ 6, 15, 7, 16 ], "texture": "#texture2" },
				"east": { "uv": [ 9, 15, 10, 16 ], "texture": "#texture2" }
			}
		},
		{
			"__comment": "Box9",
			"from": [ 2, 0, 11 ],
			"to": [ 3, 1, 12 ],
			"faces": {
				"down": { "uv": [ 2, 4, 3, 5 ], "texture": "#texture2" },
				"up": { "uv": [ 2, 11, 3, 12 ], "texture": "#texture2" },
				"north": { "uv": [ 13, 15, 14, 16 ], "texture": "#texture2" },
				"south": { "uv": [ 2, 15, 3, 16 ], "texture": "#texture2" },
				"west": { "uv": [ 11, 15, 12, 16 ], "texture": "#texture2" },
				"east": { "uv": [ 4, 15, 5, 16 ], "texture": "#texture2" }
			}
		},
		{
			"__comment": "Box10",
			"from": [ 12.5, 0, 11 ],
			"to": [ 13.5, 1, 12 ],
			"faces": {
				"down": { "uv": [ 12.5, 4, 13.5, 5 ], "texture": "#texture2" },
				"up": { "uv": [ 12.5, 11, 13.5, 12 ], "texture": "#texture2" },
				"north": { "uv": [ 2.5, 15, 3.5, 16 ], "texture": "#texture2" },
				"south": { "uv": [ 12.5, 15, 13.5, 16 ], "texture": "#texture2" },
				"west": { "uv": [ 11, 15, 12, 16 ], "texture": "#texture2" },
				"east": { "uv": [ 4, 15, 5, 16 ], "texture": "#texture2" }
			}
		},
		{
			"__comment": "Box11",
			"from": [ 2, 2, 12 ],
			"to": [ 10.5, 9, 12.5 ],
			"faces": {
				"down": { "uv": [ 2, 3.5, 10.5, 4 ], "texture": "#texture" },
				"up": { "uv": [ 2, 12, 10.5, 12.5 ], "texture": "#texture" },
				"north": { "uv": [ 5.5, 7, 14, 14 ], "texture": "#texture" },
				"south": { "uv": [ 0, 0, 16, 16 ], "texture": "#texture1" },
				"west": { "uv": [ 12, 7, 12.5, 14 ], "texture": "#texture" },
				"east": { "uv": [ 3.5, 7, 4, 14 ], "texture": "#texture" }
			}
		}
	],
	"display": {
		"thirdperson_righthand": {
			"scale":  [ 1.5, 1.3, 1.3 ]
		}
	}
}