{
	"credit": "Made by MILENARY",
	"textures": {
		"0": "block/culpture_in",
		"1": "block/culpture_in_2",
		"2": "block/culpture",
		"3": "block/culpture_2",
		"4": "block/g_cloth",
		"5": "block/culpture_in_01",
		"particle": "block/culpture_in"
	},
	"elements": [
		{
			"from": [1, 0, 1],
			"to": [15, 1, 15],
			"faces": {
				"north": {"uv": [0, 0, 14, 1], "texture": "#0"},
				"east": {"uv": [0, 0, 14, 1], "texture": "#0"},
				"south": {"uv": [0, 0, 14, 1], "texture": "#0"},
				"west": {"uv": [0, 0, 14, 1], "texture": "#0"},
				"up": {"uv": [0.5, 0, 14.5, 14], "texture": "#0"},
				"down": {"uv": [0, 0, 14, 14], "texture": "#0"}
			}
		},
		{
			"from": [2, 0, 2],
			"to": [14, 1.75, 14],
			"faces": {
				"north": {"uv": [0, 0, 12, 1.75], "texture": "#0"},
				"east": {"uv": [0, 0, 12, 1.75], "texture": "#0"},
				"south": {"uv": [0, 0, 12, 1.75], "texture": "#0"},
				"west": {"uv": [0, 0, 12, 1.75], "texture": "#0"},
				"up": {"uv": [0, 0, 12, 12], "texture": "#0"},
				"down": {"uv": [0, 0, 12, 12], "texture": "#0"}
			}
		},
		{
			"from": [9.25, 6, 10.5],
			"to": [12, 10, 13.25],
			"rotation": {"angle": 0, "axis": "y", "origin": [8, 8, 9.75]},
			"faces": {
				"north": {"uv": [0, 0, 2.75, 4], "texture": "#0"},
				"east": {"uv": [2.5, 7.5, 5.25, 11.5], "rotation": 180, "texture": "#0"},
				"south": {"uv": [1, 7.5, 3.75, 11.5], "rotation": 180, "texture": "#0"},
				"west": {"uv": [0, 0, 2.75, 4], "texture": "#0"},
				"up": {"uv": [2, 13, 4.75, 15.75], "texture": "#0"},
				"down": {"uv": [0, 0, 2.75, 2.75], "texture": "#0"}
			}
		},
		{
			"from": [9.75, 2.5, 11],
			"to": [11.5, 6, 12.75],
			"rotation": {"angle": 0, "axis": "y", "origin": [8, 8, 9.75]},
			"faces": {
				"north": {"uv": [0, 0, 1.75, 3.5], "texture": "#0"},
				"east": {"uv": [2.5, 7.5, 4.25, 11], "rotation": 180, "texture": "#0"},
				"south": {"uv": [1, 7.5, 2.75, 11], "rotation": 180, "texture": "#0"},
				"west": {"uv": [0, 0, 1.75, 3.5], "texture": "#0"},
				"up": {"uv": [2, 13, 3.75, 14.75], "texture": "#0"},
				"down": {"uv": [0, 0, 1.75, 1.75], "texture": "#0"}
			}
		},
		{
			"from": [9.75, 1.75, 11],
			"to": [12, 2.5, 13],
			"rotation": {"angle": 0, "axis": "y", "origin": [8, 8, 9.75]},
			"faces": {
				"north": {"uv": [0, 0, 2.25, 0.75], "texture": "#0"},
				"east": {"uv": [2.5, 7.5, 4.5, 8.25], "rotation": 180, "texture": "#0"},
				"south": {"uv": [1, 7.5, 3.25, 8.25], "rotation": 180, "texture": "#0"},
				"west": {"uv": [0, 0, 2, 0.75], "texture": "#0"},
				"up": {"uv": [2, 13, 4.25, 15], "texture": "#0"},
				"down": {"uv": [0, 0, 2.25, 2], "texture": "#0"}
			}
		},
		{
			"from": [10, 1.5, 13],
			"to": [10.5, 2, 14],
			"rotation": {"angle": 22.5, "axis": "x", "origin": [10.25, 1.75, 13.75]},
			"faces": {
				"north": {"uv": [0, 0, 0.5, 0.5], "texture": "#0"},
				"east": {"uv": [2.5, 7.5, 3.5, 8], "rotation": 180, "texture": "#0"},
				"south": {"uv": [1, 7.5, 1.5, 8], "rotation": 180, "texture": "#0"},
				"west": {"uv": [0, 0, 1, 0.5], "texture": "#0"},
				"up": {"uv": [2, 13, 2.5, 14], "texture": "#0"},
				"down": {"uv": [0, 0, 0.5, 1], "texture": "#0"}
			}
		},
		{
			"from": [11, 1.60641, 12.90864],
			"to": [11.5, 2.10641, 13.90864],
			"rotation": {"angle": 0, "axis": "x", "origin": [11.25, 1.69856, 14.06527]},
			"faces": {
				"north": {"uv": [0, 0, 0.5, 0.5], "texture": "#0"},
				"east": {"uv": [2.5, 7.5, 3.5, 8], "rotation": 180, "texture": "#0"},
				"south": {"uv": [1, 7.5, 1.5, 8], "rotation": 180, "texture": "#0"},
				"west": {"uv": [0, 0, 1, 0.5], "texture": "#0"},
				"up": {"uv": [2, 13, 2.5, 14], "texture": "#0"},
				"down": {"uv": [0, 0, 0.5, 1], "texture": "#0"}
			}
		},
		{
			"from": [12.0135, 1.70641, 12.41181],
			"to": [13.0135, 2.20641, 12.91181],
			"rotation": {"angle": -22.5, "axis": "y", "origin": [13.13333, 1.58547, 12.52847]},
			"faces": {
				"north": {"uv": [2.5, 7.5, 3.5, 8], "rotation": 180, "texture": "#0"},
				"east": {"uv": [1, 7.5, 1.5, 8], "rotation": 180, "texture": "#0"},
				"south": {"uv": [0, 0, 1, 0.5], "texture": "#0"},
				"west": {"uv": [0, 0, 0.5, 0.5], "texture": "#0"},
				"up": {"uv": [2, 13, 2.5, 14], "rotation": 270, "texture": "#0"},
				"down": {"uv": [0, 0, 0.5, 1], "rotation": 90, "texture": "#0"}
			}
		},
		{
			"from": [10, 1, 13.5],
			"to": [10.5, 1.5, 14.5],
			"rotation": {"angle": 45, "axis": "x", "origin": [10.25, 1.25, 14.25]},
			"faces": {
				"north": {"uv": [0, 0, 0.5, 0.5], "texture": "#0"},
				"east": {"uv": [2.5, 7.5, 3.5, 8], "rotation": 180, "texture": "#0"},
				"south": {"uv": [1, 7.5, 1.5, 8], "rotation": 180, "texture": "#0"},
				"west": {"uv": [0, 0, 1, 0.5], "texture": "#0"},
				"up": {"uv": [2, 13, 2.5, 14], "texture": "#0"},
				"down": {"uv": [0, 0, 0.5, 1], "texture": "#0"}
			}
		},
		{
			"from": [10, 4.25, 12.5],
			"to": [10.5, 4.75, 13.5],
			"rotation": {"angle": 45, "axis": "x", "origin": [10.25, 4.5, 13.25]},
			"faces": {
				"north": {"uv": [0, 0, 0.5, 0.5], "texture": "#0"},
				"east": {"uv": [2.5, 7.5, 3.5, 8], "rotation": 180, "texture": "#0"},
				"south": {"uv": [1, 7.5, 1.5, 8], "rotation": 180, "texture": "#0"},
				"west": {"uv": [0, 0, 1, 0.5], "texture": "#0"},
				"up": {"uv": [2, 13, 2.5, 14], "texture": "#0"},
				"down": {"uv": [0, 0, 0.5, 1], "texture": "#0"}
			}
		},
		{
			"from": [11.1, 3.65, 12.7],
			"to": [11.6, 4.65, 13.2],
			"rotation": {"angle": -22.5, "axis": "x", "origin": [11.35, 3.9, 12.95]},
			"faces": {
				"north": {"uv": [0, 0, 0.5, 1], "rotation": 180, "texture": "#0"},
				"east": {"uv": [2.5, 7.5, 3.5, 8], "rotation": 90, "texture": "#0"},
				"south": {"uv": [2, 13, 2.5, 14], "texture": "#0"},
				"west": {"uv": [0, 0, 1, 0.5], "rotation": 90, "texture": "#0"},
				"up": {"uv": [0, 0, 0.5, 0.5], "rotation": 180, "texture": "#0"},
				"down": {"uv": [1, 7.5, 1.5, 8], "rotation": 180, "texture": "#0"}
			}
		},
		{
			"from": [11.55, 4.4, 11.7],
			"to": [12.05, 5.4, 12.2],
			"rotation": {"angle": 22.5, "axis": "z", "origin": [11.8, 4.65, 11.95]},
			"faces": {
				"north": {"uv": [2.5, 7.5, 3.5, 8], "rotation": 90, "texture": "#0"},
				"east": {"uv": [2, 13, 2.5, 14], "texture": "#0"},
				"south": {"uv": [0, 0, 1, 0.5], "rotation": 90, "texture": "#0"},
				"west": {"uv": [0, 0, 0.5, 1], "rotation": 180, "texture": "#0"},
				"up": {"uv": [0, 0, 0.5, 0.5], "rotation": 90, "texture": "#0"},
				"down": {"uv": [1, 7.5, 1.5, 8], "rotation": 270, "texture": "#0"}
			}
		},
		{
			"from": [11.25, 2.75, 12.25],
			"to": [12.25, 3.25, 12.75],
			"rotation": {"angle": 22.5, "axis": "y", "origin": [12, 3, 12.5]},
			"faces": {
				"north": {"uv": [0, 0, 0.5, 1], "rotation": 270, "texture": "#0"},
				"east": {"uv": [1, 7.5, 1.5, 8], "rotation": 90, "texture": "#0"},
				"south": {"uv": [2, 13, 2.5, 14], "rotation": 270, "texture": "#0"},
				"west": {"uv": [0, 0, 0.5, 0.5], "rotation": 90, "texture": "#0"},
				"up": {"uv": [2.5, 7.5, 3.5, 8], "texture": "#0"},
				"down": {"uv": [0, 0, 1, 0.5], "texture": "#0"}
			}
		},
		{
			"from": [11.15, 1.23878, 13.58629],
			"to": [11.65, 1.73878, 14.58629],
			"rotation": {"angle": 45, "axis": "x", "origin": [11.4, 1.49856, 14.06527]},
			"faces": {
				"north": {"uv": [0, 0, 0.5, 0.5], "texture": "#0"},
				"east": {"uv": [2.5, 7.5, 3.5, 8], "rotation": 180, "texture": "#0"},
				"south": {"uv": [1, 7.5, 1.5, 8], "rotation": 180, "texture": "#0"},
				"west": {"uv": [0, 0, 1, 0.5], "texture": "#0"},
				"up": {"uv": [2, 13, 2.5, 14], "texture": "#0"},
				"down": {"uv": [0, 0, 0.5, 1], "texture": "#0"}
			}
		},
		{
			"from": [12.67112, 1.51097, 12.36181],
			"to": [13.67112, 2.01097, 12.86181],
			"rotation": {"angle": 0, "axis": "y", "origin": [13.13333, 1.73547, 12.62847]},
			"faces": {
				"north": {"uv": [2.5, 7.5, 3.5, 8], "rotation": 180, "texture": "#0"},
				"east": {"uv": [1, 7.5, 1.5, 8], "rotation": 180, "texture": "#0"},
				"south": {"uv": [0, 0, 1, 0.5], "texture": "#0"},
				"west": {"uv": [0, 0, 0.5, 0.5], "texture": "#0"},
				"up": {"uv": [2, 13, 2.5, 14], "rotation": 270, "texture": "#0"},
				"down": {"uv": [0, 0, 0.5, 1], "rotation": 90, "texture": "#0"}
			}
		},
		{
			"from": [10.1, 1.35, 14.5],
			"to": [10.4, 1.4, 14.75],
			"rotation": {"angle": 45, "axis": "x", "origin": [10.25, 1.25, 14.25]},
			"faces": {
				"north": {"uv": [2.5, 7.5, 2.8, 7.55], "rotation": 180, "texture": "#4"},
				"east": {"uv": [2.5, 7.5, 2.75, 7.55], "rotation": 180, "texture": "#4"},
				"south": {"uv": [2.5, 7.5, 2.8, 7.55], "rotation": 180, "texture": "#4"},
				"west": {"uv": [2.5, 7.5, 2.75, 7.55], "rotation": 180, "texture": "#4"},
				"up": {"uv": [2.5, 7.5, 2.8, 7.75], "rotation": 180, "texture": "#4"},
				"down": {"uv": [2.5, 7.5, 2.8, 7.75], "rotation": 180, "texture": "#4"}
			}
		},
		{
			"from": [10.1, 4.6, 13.5],
			"to": [10.4, 4.65, 13.75],
			"rotation": {"angle": 45, "axis": "x", "origin": [10.25, 4.5, 13.25]},
			"faces": {
				"north": {"uv": [2.5, 7.5, 2.8, 7.55], "rotation": 180, "texture": "#4"},
				"east": {"uv": [2.5, 7.5, 2.75, 7.55], "rotation": 180, "texture": "#4"},
				"south": {"uv": [2.5, 7.5, 2.8, 7.55], "rotation": 180, "texture": "#4"},
				"west": {"uv": [2.5, 7.5, 2.75, 7.55], "rotation": 180, "texture": "#4"},
				"up": {"uv": [2.5, 7.5, 2.8, 7.75], "rotation": 180, "texture": "#4"},
				"down": {"uv": [2.5, 7.5, 2.8, 7.75], "rotation": 180, "texture": "#4"}
			}
		},
		{
			"from": [11.2, 3.4, 13.05],
			"to": [11.5, 3.65, 13.1],
			"rotation": {"angle": -22.5, "axis": "x", "origin": [11.35, 3.9, 12.95]},
			"faces": {
				"north": {"uv": [2.5, 7.5, 2.8, 7.75], "texture": "#4"},
				"east": {"uv": [2.5, 7.5, 2.75, 7.55], "rotation": 90, "texture": "#4"},
				"south": {"uv": [2.5, 7.5, 2.8, 7.75], "rotation": 180, "texture": "#4"},
				"west": {"uv": [2.5, 7.5, 2.75, 7.55], "rotation": 270, "texture": "#4"},
				"up": {"uv": [2.5, 7.5, 2.8, 7.55], "texture": "#4"},
				"down": {"uv": [2.5, 7.5, 2.8, 7.55], "rotation": 180, "texture": "#4"}
			}
		},
		{
			"from": [11.9, 4.15, 11.8],
			"to": [11.95, 4.4, 12.1],
			"rotation": {"angle": 22.5, "axis": "z", "origin": [11.8, 4.65, 11.95]},
			"faces": {
				"north": {"uv": [2.5, 7.5, 2.75, 7.55], "rotation": 90, "texture": "#4"},
				"east": {"uv": [2.5, 7.5, 2.8, 7.75], "rotation": 180, "texture": "#4"},
				"south": {"uv": [2.5, 7.5, 2.75, 7.55], "rotation": 270, "texture": "#4"},
				"west": {"uv": [2.5, 7.5, 2.8, 7.75], "texture": "#4"},
				"up": {"uv": [2.5, 7.5, 2.8, 7.55], "rotation": 270, "texture": "#4"},
				"down": {"uv": [2.5, 7.5, 2.8, 7.55], "rotation": 270, "texture": "#4"}
			}
		},
		{
			"from": [12.25, 2.85, 12.6],
			"to": [12.5, 3.15, 12.65],
			"rotation": {"angle": 22.5, "axis": "y", "origin": [12, 3, 12.5]},
			"faces": {
				"north": {"uv": [2.5, 7.5, 2.8, 7.75], "rotation": 90, "texture": "#4"},
				"east": {"uv": [2.5, 7.5, 2.8, 7.55], "rotation": 90, "texture": "#4"},
				"south": {"uv": [2.5, 7.5, 2.8, 7.75], "rotation": 90, "texture": "#4"},
				"west": {"uv": [2.5, 7.5, 2.8, 7.55], "rotation": 270, "texture": "#4"},
				"up": {"uv": [2.5, 7.5, 2.75, 7.55], "texture": "#4"},
				"down": {"uv": [2.5, 7.5, 2.75, 7.55], "rotation": 180, "texture": "#4"}
			}
		},
		{
			"from": [11.25, 1.58878, 14.58629],
			"to": [11.55, 1.63878, 14.83629],
			"rotation": {"angle": 45, "axis": "x", "origin": [11.4, 1.49856, 14.06527]},
			"faces": {
				"north": {"uv": [2.5, 7.5, 2.8, 7.55], "rotation": 180, "texture": "#4"},
				"east": {"uv": [2.5, 7.5, 2.75, 7.55], "rotation": 180, "texture": "#4"},
				"south": {"uv": [2.5, 7.5, 2.8, 7.55], "rotation": 180, "texture": "#4"},
				"west": {"uv": [2.5, 7.5, 2.75, 7.55], "rotation": 180, "texture": "#4"},
				"up": {"uv": [2.5, 7.5, 2.8, 7.75], "rotation": 180, "texture": "#4"},
				"down": {"uv": [2.5, 7.5, 2.8, 7.75], "rotation": 180, "texture": "#4"}
			}
		},
		{
			"from": [13.67112, 1.86097, 12.41181],
			"to": [13.92112, 1.91097, 12.71181],
			"rotation": {"angle": 0, "axis": "y", "origin": [13.13333, 1.73547, 12.67847]},
			"faces": {
				"north": {"uv": [2.5, 7.5, 2.75, 7.55], "rotation": 180, "texture": "#4"},
				"east": {"uv": [2.5, 7.5, 2.8, 7.55], "rotation": 180, "texture": "#4"},
				"south": {"uv": [2.5, 7.5, 2.75, 7.55], "rotation": 180, "texture": "#4"},
				"west": {"uv": [2.5, 7.5, 2.8, 7.55], "rotation": 180, "texture": "#4"},
				"up": {"uv": [2.5, 7.5, 2.8, 7.75], "rotation": 90, "texture": "#4"},
				"down": {"uv": [2.5, 7.5, 2.8, 7.75], "rotation": 270, "texture": "#4"}
			}
		},
		{
			"from": [10, 3.75, 3.5],
			"to": [12.75, 6.5, 10.5],
			"rotation": {"angle": -22.5, "axis": "x", "origin": [8.75, 7.25, 9.75]},
			"faces": {
				"north": {"uv": [4, 13, 6.75, 15.75], "rotation": 180, "texture": "#2"},
				"east": {"uv": [4, 13, 11, 15.75], "rotation": 180, "texture": "#2"},
				"south": {"uv": [1, 13, 3.75, 15.75], "texture": "#2"},
				"west": {"uv": [0, 0, 2.75, 7], "rotation": 90, "texture": "#2"},
				"up": {"uv": [6.5, 13, 13.5, 15.75], "rotation": 90, "texture": "#2"},
				"down": {"uv": [0, 0, 2.75, 7], "texture": "#2"}
			}
		},
		{
			"from": [2.5, 2.5, 2.25],
			"to": [9, 9.25, 9],
			"rotation": {"angle": -22.5, "axis": "x", "origin": [8.75, 7.25, 9.75]},
			"faces": {
				"north": {"uv": [9.5, 7.5, 16, 14.25], "texture": "#5"},
				"east": {"uv": [9, 0, 15.75, 6.75], "rotation": 90, "texture": "#5"},
				"south": {"uv": [0, 0, 6.5, 6.75], "rotation": 180, "texture": "#0"},
				"west": {"uv": [9, 0, 15.75, 6.75], "rotation": 180, "texture": "#5"},
				"up": {"uv": [0, 0, 6.5, 6.75], "texture": "#0"},
				"down": {"uv": [0, 0, 6.5, 6.75], "texture": "#0"}
			}
		},
		{
			"from": [5.6, 1.75, 1.25],
			"to": [8.35, 6.25, 9],
			"rotation": {"angle": 45, "axis": "y", "origin": [8.85, 7.25, 9.75]},
			"faces": {
				"north": {"uv": [4.5, 13, 9, 15.75], "rotation": 90, "texture": "#1"},
				"east": {"uv": [0, 0, 7.75, 4.5], "rotation": 180, "texture": "#1"},
				"south": {"uv": [0, 0, 2.75, 4.5], "rotation": 180, "texture": "#1"},
				"west": {"uv": [5, 11.5, 12.75, 16], "rotation": 180, "texture": "#1"},
				"up": {"uv": [0, 0, 2.75, 7.75], "texture": "#1"},
				"down": {"uv": [0, 0, 2.75, 7.75], "texture": "#1"}
			}
		},
		{
			"from": [2.5, 2.5, 2.25],
			"to": [9, 9.25, 9],
			"rotation": {"angle": -22.5, "axis": "x", "origin": [8.75, 7.25, 9.75]},
			"color": 0,
			"faces": {
				"north": {"uv": [0, 0, 6.5, 6.75], "rotation": 180, "texture": "#missing"},
				"east": {"uv": [0, 0, 6.75, 6.75], "rotation": 180, "texture": "#missing"},
				"south": {"uv": [0, 0, 6.5, 6.75], "rotation": 180, "texture": "#missing"},
				"west": {"uv": [0, 0, 6.75, 6.75], "rotation": 180, "texture": "#missing"},
				"up": {"uv": [0, 0, 6.5, 6.75], "texture": "#missing"},
				"down": {"uv": [0, 0, 6.5, 6.75], "texture": "#missing"}
			}
		},
		{
			"from": [3, 7.75, 9.5],
			"to": [7, 10.75, 13.25],
			"rotation": {"angle": 22.5, "axis": "x", "origin": [8.75, 4.75, 15.5]},
			"faces": {
				"north": {"uv": [8, 5, 12, 8], "rotation": 180, "texture": "#1"},
				"east": {"uv": [0, 5, 3.75, 8], "rotation": 180, "texture": "#1"},
				"south": {"uv": [12, 5, 16, 8], "rotation": 180, "texture": "#1"},
				"west": {"uv": [6, 5, 9.75, 8], "rotation": 180, "texture": "#1"},
				"up": {"uv": [0, 0, 4, 3.75], "texture": "#1"},
				"down": {"uv": [0, 0, 4, 3.75], "texture": "#1"}
			}
		},
		{
			"from": [3.5, 0, 10],
			"to": [5.5, 6.5, 12.75],
			"rotation": {"angle": 22.5, "axis": "x", "origin": [8.75, 4.75, 15.5]},
			"faces": {
				"north": {"uv": [8, 5, 10, 11.5], "rotation": 180, "texture": "#0"},
				"east": {"uv": [0, 5, 2.75, 11.5], "rotation": 180, "texture": "#0"},
				"south": {"uv": [12, 5, 14, 11.5], "rotation": 180, "texture": "#0"},
				"west": {"uv": [6, 5, 8.75, 11.5], "rotation": 180, "texture": "#0"},
				"up": {"uv": [0, 0, 2, 2.75], "texture": "#0"},
				"down": {"uv": [0, 0, 2, 2.75], "texture": "#0"}
			}
		},
		{
			"from": [3, 6.5, 10],
			"to": [5.75, 7.75, 13.25],
			"rotation": {"angle": 22.5, "axis": "x", "origin": [8.75, 4.75, 15.5]},
			"faces": {
				"north": {"uv": [8, 5, 10.75, 6.25], "rotation": 180, "texture": "#0"},
				"east": {"uv": [0, 5, 3.25, 6.25], "rotation": 180, "texture": "#0"},
				"south": {"uv": [9.5, 4.5, 12.25, 5.75], "rotation": 180, "texture": "#0"},
				"west": {"uv": [6, 5, 9.25, 6.25], "rotation": 180, "texture": "#0"},
				"up": {"uv": [0, 0, 2.75, 3.25], "texture": "#0"},
				"down": {"uv": [0, 0, 2.75, 3.25], "texture": "#0"}
			}
		},
		{
			"from": [4.85, 8, 13.25],
			"to": [6, 9.75, 14],
			"rotation": {"angle": 22.5, "axis": "x", "origin": [8.75, 4.75, 15.5]},
			"faces": {
				"north": {"uv": [8, 5, 9.15, 6.75], "rotation": 180, "texture": "#0"},
				"east": {"uv": [2, 5, 2.75, 6.75], "rotation": 180, "texture": "#0"},
				"south": {"uv": [9.5, 4.5, 10.65, 6.25], "rotation": 180, "texture": "#0"},
				"west": {"uv": [6, 5, 6.75, 6.75], "rotation": 180, "texture": "#0"},
				"up": {"uv": [2.5, 5, 3.65, 5.75], "texture": "#0"},
				"down": {"uv": [1.5, 6, 2.65, 6.75], "texture": "#0"}
			}
		},
		{
			"from": [5, 9.75, 13.75],
			"to": [5.75, 10.75, 13.95],
			"rotation": {"angle": 22.5, "axis": "x", "origin": [8.75, 4.75, 15.5]},
			"faces": {
				"north": {"uv": [9.5, 4.5, 10.25, 5.5], "rotation": 180, "texture": "#4"},
				"east": {"uv": [9.5, 4.5, 10.25, 5.5], "rotation": 180, "texture": "#4"},
				"south": {"uv": [9.5, 4.5, 10.25, 5.5], "rotation": 180, "texture": "#4"},
				"west": {"uv": [9.5, 4.5, 10.25, 5.5], "rotation": 180, "texture": "#4"},
				"up": {"uv": [9.5, 4.5, 10.25, 5.5], "rotation": 180, "texture": "#4"},
				"down": {"uv": [9.5, 4.5, 10.25, 5.5], "rotation": 180, "texture": "#4"}
			}
		},
		{
			"from": [4, 7, 12],
			"to": [6.25, 8.5, 13.75],
			"rotation": {"angle": 22.5, "axis": "x", "origin": [8.75, 4.75, 15.5]},
			"faces": {
				"north": {"uv": [8, 5, 10.25, 6.5], "rotation": 180, "texture": "#0"},
				"east": {"uv": [2, 5, 3.75, 6.5], "rotation": 180, "texture": "#0"},
				"south": {"uv": [9.5, 4.5, 11.75, 6], "rotation": 180, "texture": "#0"},
				"west": {"uv": [6, 5, 7.75, 6.5], "rotation": 180, "texture": "#0"},
				"up": {"uv": [2.5, 5, 4.75, 6.75], "texture": "#0"},
				"down": {"uv": [1.5, 6, 3.75, 7.75], "texture": "#0"}
			}
		},
		{
			"from": [1, 9.10842, 12.41395],
			"to": [3.25, 9.85842, 13.16395],
			"rotation": {"angle": -45, "axis": "z", "origin": [2.5, 9.35842, 12.66395]},
			"faces": {
				"north": {"uv": [7, 6.5, 9.25, 7.25], "rotation": 180, "texture": "#0"},
				"east": {"uv": [2, 4, 2.75, 4.75], "rotation": 180, "texture": "#0"},
				"south": {"uv": [6.5, 4.5, 8.75, 5.25], "rotation": 180, "texture": "#0"},
				"west": {"uv": [6, 7, 6.75, 7.75], "rotation": 180, "texture": "#0"},
				"up": {"uv": [3.5, 9, 5.75, 9.75], "texture": "#0"},
				"down": {"uv": [2, 4, 4.25, 4.75], "texture": "#0"}
			}
		},
		{
			"from": [0.25, 9.60842, 11.41395],
			"to": [3.25, 10.35842, 12.16395],
			"rotation": {"angle": -45, "axis": "z", "origin": [2.5, 9.85842, 11.66395]},
			"faces": {
				"north": {"uv": [7, 6.5, 10, 7.25], "rotation": 180, "texture": "#0"},
				"east": {"uv": [2, 4, 2.75, 4.75], "rotation": 180, "texture": "#0"},
				"south": {"uv": [6.5, 4.5, 9.5, 5.25], "rotation": 180, "texture": "#0"},
				"west": {"uv": [6, 7, 6.75, 7.75], "rotation": 180, "texture": "#0"},
				"up": {"uv": [3.5, 9, 6.5, 9.75], "texture": "#0"},
				"down": {"uv": [2, 4, 5, 4.75], "texture": "#0"}
			}
		},
		{
			"from": [1.75, 11.35842, 11.41395],
			"to": [2.5, 14.10842, 12.16395],
			"rotation": {"angle": -45, "axis": "z", "origin": [2, 11.85842, 11.66395]},
			"faces": {
				"north": {"uv": [7, 6.5, 10, 7.25], "rotation": 90, "texture": "#0"},
				"east": {"uv": [3.5, 9, 6.5, 9.75], "rotation": 90, "texture": "#0"},
				"south": {"uv": [6.5, 4.5, 9.5, 5.25], "rotation": 270, "texture": "#0"},
				"west": {"uv": [2, 4, 5, 4.75], "rotation": 90, "texture": "#0"},
				"up": {"uv": [6, 7, 6.75, 7.75], "rotation": 270, "texture": "#0"},
				"down": {"uv": [2, 4, 2.75, 4.75], "rotation": 270, "texture": "#0"}
			}
		},
		{
			"from": [0, 8.35842, 13.41395],
			"to": [3.25, 9.10842, 14.16395],
			"rotation": {"angle": -45, "axis": "z", "origin": [2.5, 8.60842, 13.66395]},
			"faces": {
				"north": {"uv": [7, 6.5, 9.25, 7.25], "rotation": 180, "texture": "#0"},
				"east": {"uv": [2, 4, 2.75, 4.75], "rotation": 180, "texture": "#0"},
				"south": {"uv": [6.5, 4.5, 9.75, 5.25], "rotation": 180, "texture": "#0"},
				"west": {"uv": [6, 7, 6.75, 7.75], "rotation": 180, "texture": "#0"},
				"up": {"uv": [3.5, 9, 6.75, 9.75], "texture": "#0"},
				"down": {"uv": [2, 4, 4.25, 4.75], "texture": "#0"}
			}
		},
		{
			"from": [1.5, 9.85842, 14.16395],
			"to": [2.25, 13.10842, 14.91395],
			"rotation": {"angle": -45, "axis": "z", "origin": [1.75, 10.60842, 14.41395]},
			"faces": {
				"north": {"uv": [7, 6.5, 10.25, 7.25], "rotation": 90, "texture": "#0"},
				"east": {"uv": [3.5, 9, 6.75, 9.75], "rotation": 90, "texture": "#0"},
				"south": {"uv": [6.5, 4.5, 9.75, 5.25], "rotation": 270, "texture": "#0"},
				"west": {"uv": [2, 4, 5.25, 4.75], "rotation": 90, "texture": "#0"},
				"up": {"uv": [6, 7, 6.75, 7.75], "rotation": 270, "texture": "#0"},
				"down": {"uv": [2, 4, 2.75, 4.75], "rotation": 270, "texture": "#0"}
			}
		},
		{
			"from": [1.5, 10.35842, 12.91395],
			"to": [2.25, 13.35842, 13.66395],
			"rotation": {"angle": -45, "axis": "z", "origin": [1.75, 11.10842, 13.16395]},
			"faces": {
				"north": {"uv": [7, 6.5, 10, 7.25], "rotation": 90, "texture": "#0"},
				"east": {"uv": [3.5, 9, 6.5, 9.75], "rotation": 90, "texture": "#0"},
				"south": {"uv": [6.5, 4.5, 9.5, 5.25], "rotation": 270, "texture": "#0"},
				"west": {"uv": [2, 4, 5, 4.75], "rotation": 90, "texture": "#0"},
				"up": {"uv": [6, 7, 6.75, 7.75], "rotation": 270, "texture": "#0"},
				"down": {"uv": [2, 4, 2.75, 4.75], "rotation": 270, "texture": "#0"}
			}
		},
		{
			"from": [3.25, 12.05842, 12.96395],
			"to": [4.75, 12.80842, 13.61395],
			"rotation": {"angle": 0, "axis": "z", "origin": [4, 12.55842, 13.16395]},
			"faces": {
				"north": {"uv": [7, 6.5, 8.5, 7.25], "texture": "#0"},
				"east": {"uv": [6, 7, 6.65, 7.75], "texture": "#0"},
				"south": {"uv": [6.5, 4.5, 8, 5.25], "texture": "#0"},
				"west": {"uv": [2, 4, 2.65, 4.75], "texture": "#0"},
				"up": {"uv": [2, 4, 3.5, 4.65], "rotation": 180, "texture": "#0"},
				"down": {"uv": [3.5, 9, 5, 9.65], "rotation": 180, "texture": "#0"}
			}
		},
		{
			"from": [3.25, 11.30842, 14.21395],
			"to": [4.75, 12.05842, 14.86395],
			"rotation": {"angle": 0, "axis": "z", "origin": [4, 11.80842, 14.41395]},
			"faces": {
				"north": {"uv": [7, 6.5, 8.5, 7.25], "texture": "#0"},
				"east": {"uv": [6, 7, 6.65, 7.75], "texture": "#0"},
				"south": {"uv": [6.5, 4.5, 8, 5.25], "texture": "#0"},
				"west": {"uv": [2, 4, 2.65, 4.75], "texture": "#0"},
				"up": {"uv": [2, 4, 3.5, 4.65], "rotation": 180, "texture": "#0"},
				"down": {"uv": [3.5, 9, 5, 9.65], "rotation": 180, "texture": "#0"}
			}
		},
		{
			"from": [4.75, 11.60842, 14.31395],
			"to": [5.25, 11.80842, 14.81395],
			"rotation": {"angle": 0, "axis": "z", "origin": [4, 11.80842, 14.41395]},
			"faces": {
				"north": {"uv": [6, 7, 6.5, 7.2], "texture": "#4"},
				"east": {"uv": [6, 7, 6.5, 7.2], "texture": "#4"},
				"south": {"uv": [6, 7, 6.5, 7.2], "texture": "#4"},
				"west": {"uv": [6, 7, 6.5, 7.2], "texture": "#4"},
				"up": {"uv": [6, 7, 6.5, 7.2], "texture": "#4"},
				"down": {"uv": [6, 7, 6.5, 7.2], "texture": "#4"}
			}
		},
		{
			"from": [4.75, 12.30842, 12.96395],
			"to": [5.25, 12.50842, 13.46395],
			"rotation": {"angle": 0, "axis": "z", "origin": [4, 12.50842, 13.06395]},
			"faces": {
				"north": {"uv": [6, 7, 6.5, 7.2], "texture": "#4"},
				"east": {"uv": [6, 7, 6.5, 7.2], "texture": "#4"},
				"south": {"uv": [6, 7, 6.5, 7.2], "texture": "#4"},
				"west": {"uv": [6, 7, 6.5, 7.2], "texture": "#4"},
				"up": {"uv": [6, 7, 6.5, 7.2], "texture": "#4"},
				"down": {"uv": [6, 7, 6.5, 7.2], "texture": "#4"}
			}
		},
		{
			"from": [3.65, 12.90842, 11.56395],
			"to": [4.15, 13.10842, 12.06395],
			"rotation": {"angle": 22.5, "axis": "z", "origin": [2.9, 13.10842, 11.66395]},
			"faces": {
				"north": {"uv": [6, 7, 6.5, 7.2], "texture": "#4"},
				"east": {"uv": [6, 7, 6.5, 7.2], "texture": "#4"},
				"south": {"uv": [6, 7, 6.5, 7.2], "texture": "#4"},
				"west": {"uv": [6, 7, 6.5, 7.2], "texture": "#4"},
				"up": {"uv": [6, 7, 6.5, 7.2], "texture": "#4"},
				"down": {"uv": [6, 7, 6.5, 7.2], "texture": "#4"}
			}
		},
		{
			"from": [3.5, 4.25, 4.25],
			"to": [8, 12.25, 7.75],
			"rotation": {"angle": 22.5, "axis": "x", "origin": [8.75, 7.25, 9.75]},
			"faces": {
				"north": {"uv": [0, 0, 4.5, 8], "rotation": 180, "texture": "#2"},
				"east": {"uv": [0, 0, 3.5, 8], "rotation": 180, "texture": "#2"},
				"south": {"uv": [0, 0, 4.5, 8], "rotation": 180, "texture": "#2"},
				"west": {"uv": [0, 0, 3.5, 8], "rotation": 180, "texture": "#2"},
				"up": {"uv": [0, 0, 4.5, 3.5], "texture": "#2"},
				"down": {"uv": [0, 0, 4.5, 3.5], "texture": "#2"}
			}
		},
		{
			"from": [4.75, 11.5, 6.25],
			"to": [7, 17.5, 8.5],
			"rotation": {"angle": -45, "axis": "x", "origin": [8.75, 7.25, 9.75]},
			"faces": {
				"north": {"uv": [0, 10, 2.25, 16], "rotation": 180, "texture": "#0"},
				"east": {"uv": [1, 10, 3.25, 16], "rotation": 180, "texture": "#0"},
				"south": {"uv": [0, 10, 2.25, 16], "rotation": 180, "texture": "#0"},
				"west": {"uv": [0, 10, 2.25, 16], "rotation": 180, "texture": "#0"},
				"up": {"uv": [13, 4, 15.25, 6.25], "texture": "#0"},
				"down": {"uv": [0, 0, 2.25, 2.25], "texture": "#0"}
			}
		},
		{
			"from": [6.85, 12.27392, 1.28521],
			"to": [8.35, 12.87392, 2.03521],
			"rotation": {"angle": -22.5, "axis": "z", "origin": [7.6, 12.57392, 1.66021]},
			"faces": {
				"north": {"uv": [0, 10, 1.5, 10.6], "rotation": 180, "texture": "#0"},
				"east": {"uv": [1, 10, 1.75, 10.6], "rotation": 180, "texture": "#0"},
				"south": {"uv": [0, 10, 1.5, 10.6], "rotation": 180, "texture": "#0"},
				"west": {"uv": [0, 10, 0.75, 10.6], "rotation": 180, "texture": "#0"},
				"up": {"uv": [13, 4, 14.5, 4.75], "texture": "#0"},
				"down": {"uv": [0, 0, 1.5, 0.75], "texture": "#0"}
			}
		},
		{
			"from": [7.3325, 10.98314, 2.53521],
			"to": [7.9325, 12.48314, 3.28521],
			"rotation": {"angle": -22.5, "axis": "z", "origin": [8.11164, 12.64478, 2.91021]},
			"faces": {
				"north": {"uv": [0, 10, 1.5, 10.6], "rotation": 270, "texture": "#0"},
				"east": {"uv": [0, 0, 1.5, 0.75], "rotation": 270, "texture": "#0"},
				"south": {"uv": [0, 10, 1.5, 10.6], "rotation": 90, "texture": "#0"},
				"west": {"uv": [13, 4, 14.5, 4.75], "rotation": 270, "texture": "#0"},
				"up": {"uv": [1, 10, 1.75, 10.6], "rotation": 90, "texture": "#0"},
				"down": {"uv": [0, 10, 0.75, 10.6], "rotation": 90, "texture": "#0"}
			}
		},
		{
			"from": [7.3325, 9.48314, 3.53521],
			"to": [7.9325, 10.98314, 4.28521],
			"rotation": {"angle": -22.5, "axis": "z", "origin": [8.11164, 11.14478, 3.91021]},
			"faces": {
				"north": {"uv": [0, 10, 1.5, 10.6], "rotation": 270, "texture": "#0"},
				"east": {"uv": [0, 0, 1.5, 0.75], "rotation": 270, "texture": "#0"},
				"south": {"uv": [0, 10, 1.5, 10.6], "rotation": 90, "texture": "#0"},
				"west": {"uv": [13, 4, 14.5, 4.75], "rotation": 270, "texture": "#0"},
				"up": {"uv": [1, 10, 1.75, 10.6], "rotation": 90, "texture": "#0"},
				"down": {"uv": [0, 10, 0.75, 10.6], "rotation": 90, "texture": "#0"}
			}
		},
		{
			"from": [8.1, 11.97392, 1.28521],
			"to": [9.35, 12.57392, 2.03521],
			"rotation": {"angle": -45, "axis": "z", "origin": [8.225, 12.27392, 1.66021]},
			"faces": {
				"north": {"uv": [0, 10, 1.25, 10.6], "rotation": 180, "texture": "#0"},
				"east": {"uv": [1, 10, 1.75, 10.6], "rotation": 180, "texture": "#0"},
				"south": {"uv": [0, 10, 1.25, 10.6], "rotation": 180, "texture": "#0"},
				"west": {"uv": [0, 10, 0.75, 10.6], "rotation": 180, "texture": "#0"},
				"up": {"uv": [13, 4, 14.25, 4.75], "texture": "#0"},
				"down": {"uv": [0, 0, 1.25, 0.75], "texture": "#0"}
			}
		},
		{
			"from": [7.51586, 12.41019, 2.53521],
			"to": [8.76586, 13.01019, 3.28521],
			"rotation": {"angle": 22.5, "axis": "z", "origin": [8.11164, 12.64478, 2.91021]},
			"faces": {
				"north": {"uv": [0, 10, 1.25, 10.6], "rotation": 180, "texture": "#0"},
				"east": {"uv": [1, 10, 1.75, 10.6], "rotation": 180, "texture": "#0"},
				"south": {"uv": [0, 10, 1.25, 10.6], "rotation": 180, "texture": "#0"},
				"west": {"uv": [0, 10, 0.75, 10.6], "rotation": 180, "texture": "#0"},
				"up": {"uv": [13, 4, 14.25, 4.75], "texture": "#0"},
				"down": {"uv": [0, 0, 1.25, 0.75], "texture": "#0"}
			}
		},
		{
			"from": [7.51586, 10.91019, 3.53521],
			"to": [8.76586, 11.51019, 4.28521],
			"rotation": {"angle": 0, "axis": "z", "origin": [8.11164, 11.14478, 3.91021]},
			"faces": {
				"north": {"uv": [0, 10, 1.25, 10.6], "rotation": 180, "texture": "#0"},
				"east": {"uv": [1, 10, 1.75, 10.6], "rotation": 180, "texture": "#0"},
				"south": {"uv": [0, 10, 1.25, 10.6], "rotation": 180, "texture": "#0"},
				"west": {"uv": [0, 10, 0.75, 10.6], "rotation": 180, "texture": "#0"},
				"up": {"uv": [13, 4, 14.25, 4.75], "texture": "#0"},
				"down": {"uv": [0, 0, 1.25, 0.75], "texture": "#0"}
			}
		},
		{
			"from": [9.35, 12.37392, 1.38521],
			"to": [9.95, 12.52392, 1.93521],
			"rotation": {"angle": -45, "axis": "z", "origin": [8.225, 12.27392, 1.66021]},
			"faces": {
				"north": {"uv": [0, 10, 0.6, 10.15], "rotation": 180, "texture": "#4"},
				"east": {"uv": [1, 10, 1.55, 10.15], "rotation": 180, "texture": "#4"},
				"south": {"uv": [0, 10, 0.6, 10.15], "rotation": 180, "texture": "#4"},
				"west": {"uv": [0, 10, 0.55, 10.15], "rotation": 180, "texture": "#4"},
				"up": {"uv": [13, 4, 13.6, 4.55], "texture": "#4"},
				"down": {"uv": [0, 0, 0.6, 0.55], "texture": "#4"}
			}
		},
		{
			"from": [8.76586, 12.81019, 2.63521],
			"to": [9.36586, 12.96019, 3.18521],
			"rotation": {"angle": 22.5, "axis": "z", "origin": [8.11164, 12.64478, 2.91021]},
			"faces": {
				"north": {"uv": [0, 10, 0.6, 10.15], "rotation": 180, "texture": "#4"},
				"east": {"uv": [1, 10, 1.55, 10.15], "rotation": 180, "texture": "#4"},
				"south": {"uv": [0, 10, 0.6, 10.15], "rotation": 180, "texture": "#4"},
				"west": {"uv": [0, 10, 0.55, 10.15], "rotation": 180, "texture": "#4"},
				"up": {"uv": [13, 4, 13.6, 4.55], "texture": "#4"},
				"down": {"uv": [0, 0, 0.6, 0.55], "texture": "#4"}
			}
		},
		{
			"from": [8.76586, 11.31019, 3.63521],
			"to": [9.36586, 11.46019, 4.18521],
			"rotation": {"angle": 0, "axis": "z", "origin": [8.11164, 11.14478, 3.91021]},
			"faces": {
				"north": {"uv": [0, 10, 0.6, 10.15], "rotation": 180, "texture": "#4"},
				"east": {"uv": [1, 10, 1.55, 10.15], "rotation": 180, "texture": "#4"},
				"south": {"uv": [0, 10, 0.6, 10.15], "rotation": 180, "texture": "#4"},
				"west": {"uv": [0, 10, 0.55, 10.15], "rotation": 180, "texture": "#4"},
				"up": {"uv": [13, 4, 13.6, 4.55], "texture": "#4"},
				"down": {"uv": [0, 0, 0.6, 0.55], "texture": "#4"}
			}
		},
		{
			"from": [4.5, 12.56218, -1.37805],
			"to": [7, 13.81218, 1.37195],
			"rotation": {"angle": 0, "axis": "x", "origin": [5.875, 13.18718, -0.00305]},
			"faces": {
				"north": {"uv": [13, 4, 15.5, 5.25], "rotation": 180, "texture": "#0"},
				"east": {"uv": [1, 10, 2.25, 12.75], "rotation": 270, "texture": "#0"},
				"south": {"uv": [0, 0, 2.5, 1.25], "texture": "#0"},
				"west": {"uv": [0, 10, 1.25, 12.75], "rotation": 90, "texture": "#0"},
				"up": {"uv": [10, 10, 12.5, 12.75], "rotation": 180, "texture": "#0"},
				"down": {"uv": [0, 10, 2.5, 12.75], "texture": "#0"}
			}
		},
		{
			"from": [4.8, 13.06218, -2.62805],
			"to": [5.2, 13.56218, -1.37805],
			"rotation": {"angle": 0, "axis": "x", "origin": [5.875, 13.43718, -0.00305]},
			"faces": {
				"north": {"uv": [13, 4, 13.4, 4.5], "rotation": 180, "texture": "#0"},
				"east": {"uv": [1, 10, 1.5, 11.25], "rotation": 270, "texture": "#0"},
				"south": {"uv": [0, 0, 0.4, 0.5], "texture": "#0"},
				"west": {"uv": [0, 10, 0.5, 11.25], "rotation": 90, "texture": "#0"},
				"up": {"uv": [10, 10, 10.4, 11.25], "rotation": 180, "texture": "#0"},
				"down": {"uv": [0, 10, 0.4, 11.25], "texture": "#0"}
			}
		},
		{
			"from": [5.35, 13.66218, -2.62805],
			"to": [5.75, 14.16218, -1.37805],
			"rotation": {"angle": 22.5, "axis": "x", "origin": [5.55, 13.48035, -2.75643]},
			"faces": {
				"north": {"uv": [13, 4, 13.4, 4.5], "rotation": 180, "texture": "#0"},
				"east": {"uv": [1, 10, 1.5, 11.25], "rotation": 270, "texture": "#0"},
				"south": {"uv": [2, 4, 2.4, 4.5], "texture": "#0"},
				"west": {"uv": [0, 10, 0.5, 11.25], "rotation": 90, "texture": "#0"},
				"up": {"uv": [10, 10, 10.4, 11.25], "rotation": 180, "texture": "#0"},
				"down": {"uv": [1.5, 10.5, 1.9, 11.75], "texture": "#0"}
			}
		},
		{
			"from": [5.85, 14.06218, -2.57805],
			"to": [6.25, 14.56218, -1.32805],
			"rotation": {"angle": 45, "axis": "x", "origin": [6.05, 13.88035, -2.70643]},
			"faces": {
				"north": {"uv": [13, 4, 13.4, 4.5], "rotation": 180, "texture": "#0"},
				"east": {"uv": [1, 10, 1.5, 11.25], "rotation": 270, "texture": "#0"},
				"south": {"uv": [0, 0, 0.4, 0.5], "texture": "#0"},
				"west": {"uv": [0, 10, 0.5, 11.25], "rotation": 90, "texture": "#0"},
				"up": {"uv": [10, 10, 10.4, 11.25], "rotation": 180, "texture": "#0"},
				"down": {"uv": [0, 10, 0.4, 11.25], "texture": "#0"}
			}
		},
		{
			"from": [6.4, 13.21218, -2.57805],
			"to": [6.8, 13.71218, -1.32805],
			"rotation": {"angle": 0, "axis": "x", "origin": [6.6, 13.03035, -2.70643]},
			"faces": {
				"north": {"uv": [13, 4, 13.4, 4.5], "rotation": 180, "texture": "#0"},
				"east": {"uv": [1, 10, 1.5, 11.25], "rotation": 270, "texture": "#0"},
				"south": {"uv": [0, 0, 0.4, 0.5], "texture": "#0"},
				"west": {"uv": [0, 10, 0.5, 11.25], "rotation": 90, "texture": "#0"},
				"up": {"uv": [10, 10, 10.4, 11.25], "rotation": 180, "texture": "#0"},
				"down": {"uv": [0, 10, 0.4, 11.25], "texture": "#0"}
			}
		},
		{
			"from": [4.85, 12.81218, -3.37805],
			"to": [5.15, 13.21218, -2.32805],
			"rotation": {"angle": -45, "axis": "x", "origin": [5, 13.06218, -2.75305]},
			"faces": {
				"north": {"uv": [13, 4, 13.3, 4.4], "rotation": 180, "texture": "#0"},
				"east": {"uv": [1, 10, 1.4, 11.05], "rotation": 270, "texture": "#0"},
				"south": {"uv": [0, 0, 0.3, 0.4], "texture": "#0"},
				"west": {"uv": [0, 10, 0.4, 11.05], "rotation": 90, "texture": "#0"},
				"up": {"uv": [10, 10, 10.3, 11.05], "rotation": 180, "texture": "#0"},
				"down": {"uv": [0, 10, 0.3, 11.05], "texture": "#0"}
			}
		},
		{
			"from": [5.4, 13.35654, -3.25046],
			"to": [5.7, 13.75654, -2.20046],
			"rotation": {"angle": -45, "axis": "x", "origin": [5.55, 13.48035, -2.75643]},
			"faces": {
				"north": {"uv": [13, 4, 13.3, 4.4], "rotation": 180, "texture": "#0"},
				"east": {"uv": [1, 10, 1.4, 11.05], "rotation": 270, "texture": "#0"},
				"south": {"uv": [0, 0, 0.3, 0.4], "texture": "#0"},
				"west": {"uv": [0, 10, 0.4, 11.05], "rotation": 90, "texture": "#0"},
				"up": {"uv": [10, 10, 10.3, 11.05], "rotation": 180, "texture": "#0"},
				"down": {"uv": [0, 10, 0.3, 11.05], "texture": "#0"}
			}
		},
		{
			"from": [5.9, 13.75654, -3.20046],
			"to": [6.2, 14.15654, -2.15046],
			"rotation": {"angle": -22.5, "axis": "x", "origin": [6.05, 13.88035, -2.70643]},
			"faces": {
				"north": {"uv": [13, 4, 13.3, 4.4], "rotation": 180, "texture": "#0"},
				"east": {"uv": [1, 10, 1.4, 11.05], "rotation": 270, "texture": "#0"},
				"south": {"uv": [0, 0, 0.3, 0.4], "texture": "#0"},
				"west": {"uv": [0, 10, 0.4, 11.05], "rotation": 90, "texture": "#0"},
				"up": {"uv": [10, 10, 10.3, 11.05], "rotation": 180, "texture": "#0"},
				"down": {"uv": [0, 10, 0.3, 11.05], "texture": "#0"}
			}
		},
		{
			"from": [6.45, 13.05654, -3.20046],
			"to": [6.75, 13.45654, -2.15046],
			"rotation": {"angle": -22.5, "axis": "x", "origin": [6.6, 13.18035, -2.70643]},
			"faces": {
				"north": {"uv": [13, 4, 13.3, 4.4], "rotation": 180, "texture": "#0"},
				"east": {"uv": [1, 10, 1.4, 11.05], "rotation": 270, "texture": "#0"},
				"south": {"uv": [0, 0, 0.3, 0.4], "texture": "#0"},
				"west": {"uv": [0, 10, 0.4, 11.05], "rotation": 90, "texture": "#0"},
				"up": {"uv": [10, 10, 10.3, 11.05], "rotation": 180, "texture": "#0"},
				"down": {"uv": [0, 10, 0.3, 11.05], "texture": "#0"}
			}
		},
		{
			"from": [4.9, 13.06218, -4.12805],
			"to": [5.1, 13.11218, -3.37805],
			"rotation": {"angle": -45, "axis": "x", "origin": [5, 13.06218, -2.75305]},
			"faces": {
				"north": {"uv": [13, 4, 13.2, 4.05], "rotation": 180, "texture": "#4"},
				"east": {"uv": [1, 10, 1.05, 10.75], "rotation": 270, "texture": "#4"},
				"south": {"uv": [0, 0, 0.2, 0.05], "texture": "#4"},
				"west": {"uv": [0, 10, 0.05, 10.75], "rotation": 90, "texture": "#4"},
				"up": {"uv": [10, 10, 10.2, 10.75], "rotation": 180, "texture": "#4"},
				"down": {"uv": [0, 10, 0.2, 10.75], "texture": "#4"}
			}
		},
		{
			"from": [5.45, 13.60654, -4.00046],
			"to": [5.65, 13.65654, -3.25046],
			"rotation": {"angle": -45, "axis": "x", "origin": [5.55, 13.48035, -2.75643]},
			"faces": {
				"north": {"uv": [13, 4, 13.2, 4.05], "rotation": 180, "texture": "#4"},
				"east": {"uv": [1, 10, 1.05, 10.75], "rotation": 270, "texture": "#4"},
				"south": {"uv": [0, 0, 0.2, 0.05], "texture": "#4"},
				"west": {"uv": [0, 10, 0.05, 10.75], "rotation": 90, "texture": "#4"},
				"up": {"uv": [10, 10, 10.2, 10.75], "rotation": 180, "texture": "#4"},
				"down": {"uv": [0, 10, 0.2, 10.75], "texture": "#4"}
			}
		},
		{
			"from": [5.95, 14.00654, -3.95046],
			"to": [6.15, 14.05654, -3.20046],
			"rotation": {"angle": -22.5, "axis": "x", "origin": [6.05, 13.88035, -2.70643]},
			"faces": {
				"north": {"uv": [13, 4, 13.2, 4.05], "rotation": 180, "texture": "#4"},
				"east": {"uv": [1, 10, 1.05, 10.75], "rotation": 270, "texture": "#4"},
				"south": {"uv": [0, 0, 0.2, 0.05], "texture": "#4"},
				"west": {"uv": [0, 10, 0.05, 10.75], "rotation": 90, "texture": "#4"},
				"up": {"uv": [10, 10, 10.2, 10.75], "rotation": 180, "texture": "#4"},
				"down": {"uv": [0, 10, 0.2, 10.75], "texture": "#4"}
			}
		},
		{
			"from": [6.5, 13.30654, -3.95046],
			"to": [6.7, 13.35654, -3.20046],
			"rotation": {"angle": -22.5, "axis": "x", "origin": [6.6, 13.18035, -2.70643]},
			"faces": {
				"north": {"uv": [13, 4, 13.2, 4.05], "rotation": 180, "texture": "#4"},
				"east": {"uv": [1, 10, 1.05, 10.75], "rotation": 270, "texture": "#4"},
				"south": {"uv": [0, 0, 0.2, 0.05], "texture": "#4"},
				"west": {"uv": [0, 10, 0.05, 10.75], "rotation": 90, "texture": "#4"},
				"up": {"uv": [10, 10, 10.2, 10.75], "rotation": 180, "texture": "#4"},
				"down": {"uv": [0, 10, 0.2, 10.75], "texture": "#4"}
			}
		},
		{
			"from": [3.04686, 12.43034, -1.12805],
			"to": [4.79686, 13.18034, -0.12805],
			"rotation": {"angle": 22.5, "axis": "z", "origin": [3.30403, 12.60004, -0.61555]},
			"faces": {
				"north": {"uv": [13, 4, 14.75, 4.75], "rotation": 180, "texture": "#0"},
				"east": {"uv": [1, 10, 1.75, 11], "rotation": 270, "texture": "#0"},
				"south": {"uv": [0, 0, 1.75, 0.75], "texture": "#0"},
				"west": {"uv": [0, 10, 0.75, 11], "rotation": 90, "texture": "#0"},
				"up": {"uv": [10, 10, 11.75, 11], "rotation": 180, "texture": "#0"},
				"down": {"uv": [0, 10, 1.75, 11], "texture": "#0"}
			}
		},
		{
			"from": [3.04686, 12.43034, 0.12195],
			"to": [4.79686, 13.18034, 1.12195],
			"rotation": {"angle": 0, "axis": "z", "origin": [3.30403, 12.60004, 0.63445]},
			"faces": {
				"north": {"uv": [13, 4, 14.75, 4.75], "rotation": 180, "texture": "#0"},
				"east": {"uv": [1, 10, 1.75, 11], "rotation": 270, "texture": "#0"},
				"south": {"uv": [0, 0, 1.75, 0.75], "texture": "#0"},
				"west": {"uv": [0, 10, 0.75, 11], "rotation": 90, "texture": "#0"},
				"up": {"uv": [10, 10, 11.75, 11], "rotation": 180, "texture": "#0"},
				"down": {"uv": [0, 10, 1.75, 11], "texture": "#0"}
			}
		},
		{
			"from": [2.63733, 11.268, -0.97805],
			"to": [3.38733, 12.768, -0.12805],
			"rotation": {"angle": 0, "axis": "z", "origin": [3.30403, 12.60004, -0.56555]},
			"faces": {
				"north": {"uv": [13, 4, 14.5, 4.75], "rotation": 270, "texture": "#0"},
				"east": {"uv": [0, 10, 1.5, 10.85], "rotation": 270, "texture": "#0"},
				"south": {"uv": [0, 0, 1.5, 0.75], "rotation": 270, "texture": "#0"},
				"west": {"uv": [10, 10, 11.5, 10.85], "rotation": 90, "texture": "#0"},
				"up": {"uv": [1, 10, 1.75, 10.85], "rotation": 180, "texture": "#0"},
				"down": {"uv": [0, 10, 0.75, 10.85], "texture": "#0"}
			}
		},
		{
			"from": [1.972, 12.51675, 0.02195],
			"to": [3.472, 13.26675, 0.87195],
			"rotation": {"angle": 45, "axis": "z", "origin": [3.30403, 12.60004, 0.43445]},
			"faces": {
				"north": {"uv": [13, 4, 14.5, 4.75], "rotation": 180, "texture": "#0"},
				"east": {"uv": [1, 10, 1.75, 10.85], "rotation": 270, "texture": "#0"},
				"south": {"uv": [0, 0, 1.5, 0.75], "texture": "#0"},
				"west": {"uv": [0, 10, 0.75, 10.85], "rotation": 90, "texture": "#0"},
				"up": {"uv": [10, 10, 11.5, 10.85], "rotation": 180, "texture": "#0"},
				"down": {"uv": [0, 10, 1.5, 10.85], "texture": "#0"}
			}
		},
		{
			"from": [2.73733, 10.768, -0.87805],
			"to": [2.88733, 11.268, -0.22805],
			"rotation": {"angle": 0, "axis": "z", "origin": [3.30403, 12.60004, -0.56555]},
			"faces": {
				"north": {"uv": [13, 4, 13.5, 4.15], "rotation": 270, "texture": "#4"},
				"east": {"uv": [0, 10, 0.5, 10.8], "rotation": 270, "texture": "#4"},
				"south": {"uv": [0, 0, 0.5, 0.15], "rotation": 270, "texture": "#4"},
				"west": {"uv": [10, 10, 10.5, 10.8], "rotation": 90, "texture": "#4"},
				"up": {"uv": [1, 10, 1.15, 10.8], "rotation": 180, "texture": "#4"},
				"down": {"uv": [0, 10, 0.15, 10.8], "texture": "#4"}
			}
		},
		{
			"from": [1.472, 13.01675, 0.12195],
			"to": [1.972, 13.16675, 0.77195],
			"rotation": {"angle": 45, "axis": "z", "origin": [3.30403, 12.60004, 0.43445]},
			"faces": {
				"north": {"uv": [13, 4, 13.5, 4.15], "rotation": 180, "texture": "#4"},
				"east": {"uv": [1, 10, 1.15, 10.8], "rotation": 270, "texture": "#4"},
				"south": {"uv": [0, 0, 0.5, 0.15], "texture": "#4"},
				"west": {"uv": [0, 10, 0.15, 10.8], "rotation": 90, "texture": "#4"},
				"up": {"uv": [10, 10, 10.5, 10.8], "rotation": 180, "texture": "#4"},
				"down": {"uv": [0, 10, 0.5, 10.8], "texture": "#4"}
			}
		},
		{
			"from": [6.75, 8.25, 5.25],
			"to": [14, 11.25, 8.25],
			"rotation": {"angle": 45, "axis": "z", "origin": [11, 9.75, 6.75]},
			"faces": {
				"north": {"uv": [1, 4.5, 4, 11.75], "rotation": 90, "texture": "#0"},
				"east": {"uv": [0, 3.5, 3, 6.5], "rotation": 180, "texture": "#0"},
				"south": {"uv": [0, 2.5, 3, 9.75], "rotation": 270, "texture": "#0"},
				"west": {"uv": [0, 6, 3, 9], "texture": "#0"},
				"up": {"uv": [1, 4, 4, 11.25], "rotation": 270, "texture": "#0"},
				"down": {"uv": [0, 5.5, 3, 12.75], "rotation": 270, "texture": "#0"}
			}
		},
		{
			"from": [11.75, 8.5, 5.5],
			"to": [19, 10.75, 8],
			"rotation": {"angle": -45, "axis": "z", "origin": [16, 9.25, 6.75]},
			"faces": {
				"north": {"uv": [1, 4.5, 3.25, 11.75], "rotation": 90, "texture": "#0"},
				"east": {"uv": [0, 3.5, 2.5, 5.75], "rotation": 180, "texture": "#0"},
				"south": {"uv": [0, 2.5, 2.25, 9.75], "rotation": 270, "texture": "#0"},
				"west": {"uv": [0, 6, 3, 9], "texture": "#0"},
				"up": {"uv": [1, 4, 3.5, 11.25], "rotation": 270, "texture": "#0"},
				"down": {"uv": [0, 5.5, 2.5, 12.75], "rotation": 270, "texture": "#0"}
			}
		},
		{
			"from": [18, 6.75, 5],
			"to": [21.25, 8.25, 8.25],
			"rotation": {"angle": -22.5, "axis": "z", "origin": [19.625, 7.5, 6.625]},
			"faces": {
				"north": {"uv": [1, 4.5, 3.25, 11.75], "rotation": 90, "texture": "#0"},
				"east": {"uv": [0, 3.5, 2.5, 5.75], "rotation": 180, "texture": "#0"},
				"south": {"uv": [0, 2.5, 2.25, 9.75], "rotation": 270, "texture": "#0"},
				"west": {"uv": [0, 6, 3, 9], "texture": "#0"},
				"up": {"uv": [1, 4, 3.5, 11.25], "rotation": 270, "texture": "#0"},
				"down": {"uv": [0, 5.5, 2.5, 12.75], "rotation": 270, "texture": "#0"}
			}
		},
		{
			"from": [20.61731, 7.33292, 7],
			"to": [23.36731, 8.33292, 8],
			"rotation": {"angle": 22.5, "axis": "z", "origin": [21.99231, 7.83292, 7.5]},
			"faces": {
				"north": {"uv": [1, 4.5, 2, 7.25], "rotation": 90, "texture": "#0"},
				"east": {"uv": [0, 3.5, 1, 4.5], "rotation": 180, "texture": "#0"},
				"south": {"uv": [0, 2.5, 1, 5.25], "rotation": 270, "texture": "#0"},
				"west": {"uv": [0, 6, 1, 7], "texture": "#0"},
				"up": {"uv": [1, 4, 2, 6.75], "rotation": 270, "texture": "#0"},
				"down": {"uv": [0, 5.5, 1, 8.25], "rotation": 270, "texture": "#0"}
			}
		},
		{
			"from": [20.61731, 7.08292, 5.9],
			"to": [23.36731, 8.08292, 6.9],
			"rotation": {"angle": 0, "axis": "z", "origin": [21.99231, 7.58292, 6.4]},
			"faces": {
				"north": {"uv": [1, 4.5, 2, 7.25], "rotation": 90, "texture": "#0"},
				"east": {"uv": [0, 3.5, 1, 4.5], "rotation": 180, "texture": "#0"},
				"south": {"uv": [0, 2.5, 1, 5.25], "rotation": 270, "texture": "#0"},
				"west": {"uv": [0, 6, 1, 7], "texture": "#0"},
				"up": {"uv": [1, 4, 2, 6.75], "rotation": 270, "texture": "#0"},
				"down": {"uv": [0, 5.5, 1, 8.25], "rotation": 270, "texture": "#0"}
			}
		},
		{
			"from": [21.76257, 6.26469, 4.8],
			"to": [22.76257, 9.01469, 5.8],
			"rotation": {"angle": -22.5, "axis": "z", "origin": [23.58157, 8.81354, 5.30833]},
			"faces": {
				"north": {"uv": [1, 4.5, 2, 7.25], "rotation": 180, "texture": "#0"},
				"east": {"uv": [0, 5.5, 1, 8.25], "rotation": 180, "texture": "#0"},
				"south": {"uv": [0, 2.5, 1, 5.25], "rotation": 180, "texture": "#0"},
				"west": {"uv": [1, 4, 2, 6.75], "rotation": 180, "texture": "#0"},
				"up": {"uv": [0, 3.5, 1, 4.5], "rotation": 90, "texture": "#0"},
				"down": {"uv": [0, 6, 1, 7], "rotation": 270, "texture": "#0"}
			}
		},
		{
			"from": [22.11731, 6.83292, 7.1],
			"to": [24.86731, 7.83292, 7.9],
			"rotation": {"angle": -45, "axis": "z", "origin": [23.49231, 7.33292, 7.5]},
			"faces": {
				"north": {"uv": [1, 4.5, 2, 7.25], "rotation": 90, "texture": "#0"},
				"east": {"uv": [0, 3.5, 0.8, 4.5], "rotation": 180, "texture": "#0"},
				"south": {"uv": [0, 2.5, 1, 5.25], "rotation": 270, "texture": "#0"},
				"west": {"uv": [0, 6, 0.8, 7], "texture": "#0"},
				"up": {"uv": [1, 4, 1.8, 6.75], "rotation": 270, "texture": "#0"},
				"down": {"uv": [0, 5.5, 0.8, 8.25], "rotation": 270, "texture": "#0"}
			}
		},
		{
			"from": [22.99231, 5.30792, 6],
			"to": [23.99231, 8.05792, 6.8],
			"rotation": {"angle": -22.5, "axis": "z", "origin": [23.49231, 6.68292, 6.4]},
			"faces": {
				"north": {"uv": [1, 4.5, 2, 7.25], "texture": "#0"},
				"east": {"uv": [1, 4, 1.8, 6.75], "texture": "#0"},
				"south": {"uv": [0, 2.5, 1, 5.25], "texture": "#0"},
				"west": {"uv": [0, 5.5, 0.8, 8.25], "texture": "#0"},
				"up": {"uv": [0, 6, 0.8, 7], "rotation": 90, "texture": "#0"},
				"down": {"uv": [0, 3.5, 0.8, 4.5], "rotation": 270, "texture": "#0"}
			}
		},
		{
			"from": [21.95297, 8.44091, 4.9],
			"to": [24.70297, 9.44091, 5.7],
			"rotation": {"angle": -22.5, "axis": "z", "origin": [23.58157, 8.81354, 5.30833]},
			"faces": {
				"north": {"uv": [1, 4.5, 2, 7.25], "rotation": 90, "texture": "#0"},
				"east": {"uv": [0, 3.5, 0.8, 4.5], "rotation": 180, "texture": "#0"},
				"south": {"uv": [0, 2.5, 1, 5.25], "rotation": 270, "texture": "#0"},
				"west": {"uv": [0, 6, 0.8, 7], "texture": "#0"},
				"up": {"uv": [1, 4, 1.8, 6.75], "rotation": 270, "texture": "#0"},
				"down": {"uv": [0, 5.5, 0.8, 8.25], "rotation": 270, "texture": "#0"}
			}
		},
		{
			"from": [24.86731, 7.58292, 7.25],
			"to": [26.46731, 7.73292, 7.8],
			"rotation": {"angle": -45, "axis": "z", "origin": [23.49231, 7.33292, 7.5]},
			"faces": {
				"north": {"uv": [1, 4.5, 3.25, 11.75], "rotation": 90, "texture": "#4"},
				"east": {"uv": [0, 3.5, 2.5, 5.75], "rotation": 180, "texture": "#4"},
				"south": {"uv": [0, 2.5, 2.25, 9.75], "rotation": 270, "texture": "#4"},
				"west": {"uv": [0, 6, 3, 9], "texture": "#4"},
				"up": {"uv": [1, 4, 3.5, 11.25], "rotation": 270, "texture": "#4"},
				"down": {"uv": [0, 5.5, 2.5, 12.75], "rotation": 270, "texture": "#4"}
			}
		},
		{
			"from": [23.74231, 3.70792, 6.15],
			"to": [23.89231, 5.30792, 6.7],
			"rotation": {"angle": -22.5, "axis": "z", "origin": [23.49231, 6.68292, 6.4]},
			"faces": {
				"north": {"uv": [1, 4.5, 3.25, 11.75], "texture": "#4"},
				"east": {"uv": [1, 4, 3.5, 11.25], "texture": "#4"},
				"south": {"uv": [0, 2.5, 2.25, 9.75], "texture": "#4"},
				"west": {"uv": [0, 5.5, 2.5, 12.75], "texture": "#4"},
				"up": {"uv": [0, 6, 3, 9], "rotation": 90, "texture": "#4"},
				"down": {"uv": [0, 3.5, 2.5, 5.75], "rotation": 270, "texture": "#4"}
			}
		},
		{
			"from": [24.70297, 9.19091, 5.05],
			"to": [26.30297, 9.34091, 5.6],
			"rotation": {"angle": -22.5, "axis": "z", "origin": [23.58157, 8.81354, 5.30833]},
			"faces": {
				"north": {"uv": [1, 4.5, 3.25, 11.75], "rotation": 90, "texture": "#4"},
				"east": {"uv": [0, 3.5, 2.5, 5.75], "rotation": 180, "texture": "#4"},
				"south": {"uv": [0, 2.5, 2.25, 9.75], "rotation": 270, "texture": "#4"},
				"west": {"uv": [0, 6, 3, 9], "texture": "#4"},
				"up": {"uv": [1, 4, 3.5, 11.25], "rotation": 270, "texture": "#4"},
				"down": {"uv": [0, 5.5, 2.5, 12.75], "rotation": 270, "texture": "#4"}
			}
		},
		{
			"from": [18.82119, 5.48019, 9.225],
			"to": [19.87119, 7.23019, 10.375],
			"rotation": {"angle": -22.5, "axis": "x", "origin": [19.34619, 6.48019, 9.75]},
			"faces": {
				"north": {"uv": [0, 5.5, 1.75, 6.55], "rotation": 90, "texture": "#0"},
				"east": {"uv": [0, 3.5, 1.75, 4.65], "rotation": 90, "texture": "#0"},
				"south": {"uv": [1, 4, 2.75, 5.05], "rotation": 270, "texture": "#0"},
				"west": {"uv": [0, 6, 1.75, 7.15], "rotation": 90, "texture": "#0"},
				"up": {"uv": [1, 4.5, 2.15, 5.55], "rotation": 270, "texture": "#0"},
				"down": {"uv": [0, 2.5, 1.15, 3.55], "rotation": 270, "texture": "#0"}
			}
		},
		{
			"from": [19.07119, 4.23019, 9.825],
			"to": [19.62119, 5.48019, 10.125],
			"rotation": {"angle": -22.5, "axis": "x", "origin": [19.34619, 6.48019, 9.75]},
			"faces": {
				"north": {"uv": [0, 5.5, 1.25, 6.05], "rotation": 90, "texture": "#4"},
				"east": {"uv": [0, 3.5, 1.25, 3.8], "rotation": 90, "texture": "#4"},
				"south": {"uv": [1, 4, 2.25, 4.55], "rotation": 270, "texture": "#4"},
				"west": {"uv": [0, 6, 1.25, 6.3], "rotation": 90, "texture": "#4"},
				"up": {"uv": [1, 4.5, 1.3, 5.05], "rotation": 270, "texture": "#4"},
				"down": {"uv": [0, 2.5, 0.3, 3.05], "rotation": 270, "texture": "#4"}
			}
		},
		{
			"from": [18.72119, 6.85519, 8.25],
			"to": [19.97119, 8.10519, 9.75],
			"rotation": {"angle": 22.5, "axis": "x", "origin": [19.34619, 7.48019, 9]},
			"faces": {
				"north": {"uv": [1, 4.5, 2.25, 5.75], "rotation": 90, "texture": "#0"},
				"east": {"uv": [0, 3.5, 1.5, 4.75], "rotation": 180, "texture": "#0"},
				"south": {"uv": [0, 2.5, 1.25, 3.75], "rotation": 270, "texture": "#0"},
				"west": {"uv": [0, 6, 1.5, 7.25], "texture": "#0"},
				"up": {"uv": [1, 4, 2.5, 5.25], "rotation": 270, "texture": "#0"},
				"down": {"uv": [0, 5.5, 1.5, 6.75], "rotation": 270, "texture": "#0"}
			}
		},
		{
			"from": [10, 7.5, 8.25],
			"to": [12.75, 10.5, 12.25],
			"rotation": {"angle": 0, "axis": "y", "origin": [8.75, 7.25, 9.75]},
			"faces": {
				"north": {"uv": [0, 0, 3, 2.75], "rotation": 90, "texture": "#2"},
				"east": {"uv": [0.5, 13, 4.5, 16], "rotation": 180, "texture": "#2"},
				"south": {"uv": [1.5, 13, 4.5, 15.75], "rotation": 270, "texture": "#2"},
				"west": {"uv": [3, 13, 7, 16], "texture": "#2"},
				"up": {"uv": [0, 13, 4, 15.75], "rotation": 270, "texture": "#2"},
				"down": {"uv": [1.5, 13, 5.5, 15.75], "rotation": 270, "texture": "#2"}
			}
		},
		{
			"from": [5.5, 10, 10.75],
			"to": [9.5, 12.75, 13.5],
			"rotation": {"angle": -22.5, "axis": "z", "origin": [3.25, 8.75, 14.75]},
			"faces": {
				"north": {"uv": [3, 13, 7, 15.75], "texture": "#3"},
				"east": {"uv": [0, 0, 2.75, 2.75], "texture": "#3"},
				"south": {"uv": [3.5, 13, 7.5, 15.75], "texture": "#3"},
				"west": {"uv": [0, 0, 2.75, 2.75], "rotation": 180, "texture": "#3"},
				"up": {"uv": [4.5, 13, 8.5, 15.75], "texture": "#3"},
				"down": {"uv": [2, 13, 6, 15.75], "texture": "#3"}
			}
		}
	],
	"display": {
		"head": {
			"translation": [0, -27.25, 0],
			"scale": [2, 2, 2]
		}
	}
}