{
	"credit": "Made by MILENARY",
	"textures": {
		"0": "block/culpture",
		"1": "block/culpture_2",
		"particle": "block/culpture"
	},
	"elements": [
		{
			"from": [2, 0, 2],
			"to": [14, 1, 14],
			"rotation": {"angle": 0, "axis": "y", "origin": [25, 8, 8]},
			"faces": {
				"north": {"uv": [0, 0, 12, 1], "texture": "#0"},
				"east": {"uv": [0, 0, 12, 1], "texture": "#0"},
				"south": {"uv": [0, 0, 12, 1], "texture": "#0"},
				"west": {"uv": [0, 0, 12, 1], "texture": "#0"},
				"up": {"uv": [0, 0, 12, 12], "texture": "#0"},
				"down": {"uv": [0, 0, 12, 12], "texture": "#0"}
			}
		},
		{
			"from": [3, 1, 4],
			"to": [13, 1.75, 13],
			"faces": {
				"north": {"uv": [0, 0, 10, 0.75], "texture": "#0"},
				"east": {"uv": [0, 0, 9, 0.75], "texture": "#0"},
				"south": {"uv": [0, 0, 10, 0.75], "texture": "#0"},
				"west": {"uv": [0, 0, 9, 0.75], "texture": "#0"},
				"up": {"uv": [0, 0, 10, 9], "texture": "#0"},
				"down": {"uv": [0, 0, 10, 9], "texture": "#0"}
			}
		},
		{
			"from": [5.5, 1.75, 6.75],
			"to": [10.5, 4.75, 12],
			"faces": {
				"north": {"uv": [0, 0, 5, 3], "texture": "#0"},
				"east": {"uv": [0, 0, 5.25, 3], "texture": "#0"},
				"south": {"uv": [0, 0, 5, 3], "texture": "#0"},
				"west": {"uv": [0, 0, 5.25, 3], "texture": "#0"},
				"up": {"uv": [0, 0, 5, 5.25], "texture": "#0"},
				"down": {"uv": [0, 0, 5, 5.25], "texture": "#0"}
			}
		},
		{
			"from": [5, 4.75, 4.75],
			"to": [11, 9.25, 12.75],
			"rotation": {"angle": 0, "axis": "y", "origin": [8, 12, 8]},
			"faces": {
				"north": {"uv": [0, 0, 6, 4.5], "texture": "#0"},
				"east": {"uv": [0, 0, 8, 4.5], "texture": "#0"},
				"south": {"uv": [0, 0, 6, 4.5], "texture": "#0"},
				"west": {"uv": [0, 0, 8, 4.5], "texture": "#0"},
				"up": {"uv": [0, 0, 6, 8], "texture": "#0"},
				"down": {"uv": [0, 0, 6, 8], "texture": "#0"}
			}
		},
		{
			"from": [3.75, 9.25, 4.75],
			"to": [12.25, 12.5, 13.25],
			"rotation": {"angle": 0, "axis": "y", "origin": [8, 12, 8]},
			"faces": {
				"north": {"uv": [0, 0, 8.5, 3.25], "texture": "#0"},
				"east": {"uv": [0, 0, 8.5, 3.25], "texture": "#0"},
				"south": {"uv": [0, 0, 8.5, 3.25], "texture": "#0"},
				"west": {"uv": [0, 0, 8.5, 3.25], "texture": "#0"},
				"up": {"uv": [0, 0, 8.5, 8.5], "texture": "#0"},
				"down": {"uv": [0, 0, 8.5, 8.5], "texture": "#0"}
			}
		},
		{
			"from": [9, 10, 4.5],
			"to": [11.25, 10.5, 4.75],
			"rotation": {"angle": 0, "axis": "y", "origin": [8, 12, 8]},
			"faces": {
				"north": {"uv": [6, 13.5, 8.25, 14], "texture": "#1"},
				"east": {"uv": [0, 0, 0.25, 0.5], "texture": "#1"},
				"south": {"uv": [0, 0, 2.25, 0.5], "texture": "#1"},
				"west": {"uv": [0, 0, 0.25, 0.5], "texture": "#1"},
				"up": {"uv": [0, 0, 2.25, 0.25], "texture": "#1"},
				"down": {"uv": [0, 0, 2.25, 0.25], "texture": "#1"}
			}
		},
		{
			"from": [4.75, 10, 4.5],
			"to": [7, 10.5, 4.75],
			"rotation": {"angle": 0, "axis": "y", "origin": [8, 12, 8]},
			"faces": {
				"north": {"uv": [9.75, 15, 7.5, 15.5], "texture": "#1"},
				"east": {"uv": [0.25, 0, 0, 0.5], "texture": "#1"},
				"south": {"uv": [2.25, 0, 0, 0.5], "texture": "#1"},
				"west": {"uv": [0.25, 0, 0, 0.5], "texture": "#1"},
				"up": {"uv": [2.25, 0, 0, 0.25], "texture": "#1"},
				"down": {"uv": [2.25, 0, 0, 0.25], "texture": "#1"}
			}
		},
		{
			"from": [4.5, 12.5, 4.75],
			"to": [11.5, 14, 12.75],
			"rotation": {"angle": 0, "axis": "y", "origin": [8, 12, 8]},
			"faces": {
				"north": {"uv": [0, 0, 7, 1.5], "texture": "#0"},
				"east": {"uv": [0, 0, 8, 1.5], "texture": "#0"},
				"south": {"uv": [0, 0, 7, 1.5], "texture": "#0"},
				"west": {"uv": [0, 0, 8, 1.5], "texture": "#0"},
				"up": {"uv": [0, 0, 7, 8], "texture": "#0"},
				"down": {"uv": [0, 0, 7, 8], "texture": "#0"}
			}
		},
		{
			"from": [11, 5.25, 5.75],
			"to": [12, 9.25, 11.75],
			"rotation": {"angle": 0, "axis": "y", "origin": [8, 12, 8]},
			"faces": {
				"north": {"uv": [0, 0, 1, 4], "texture": "#0"},
				"east": {"uv": [0, 0, 6, 4], "texture": "#0"},
				"south": {"uv": [0, 0, 1, 4], "texture": "#0"},
				"west": {"uv": [0, 0, 6, 4], "texture": "#0"},
				"up": {"uv": [0, 0, 1, 6], "texture": "#0"},
				"down": {"uv": [0, 0, 1, 6], "texture": "#0"}
			}
		},
		{
			"from": [4, 5.25, 5.75],
			"to": [5, 9.25, 11.75],
			"rotation": {"angle": 0, "axis": "y", "origin": [1, 12, 8]},
			"faces": {
				"north": {"uv": [0, 0, 1, 4], "texture": "#0"},
				"east": {"uv": [0, 0, 6, 4], "texture": "#0"},
				"south": {"uv": [0, 0, 1, 4], "texture": "#0"},
				"west": {"uv": [0, 0, 6, 4], "texture": "#0"},
				"up": {"uv": [0, 0, 1, 6], "texture": "#0"},
				"down": {"uv": [0, 0, 1, 6], "texture": "#0"}
			}
		},
		{
			"from": [3.25, 6.75, 7.25],
			"to": [4, 11.5, 10.75],
			"rotation": {"angle": 0, "axis": "y", "origin": [1, 12, 8]},
			"faces": {
				"north": {"uv": [0, 0, 0.75, 4.75], "texture": "#0"},
				"east": {"uv": [0, 0, 3.5, 4.75], "texture": "#0"},
				"south": {"uv": [0, 0, 0.75, 4.75], "texture": "#0"},
				"west": {"uv": [0, 0, 3.5, 4.75], "texture": "#0"},
				"up": {"uv": [0, 0, 0.75, 3.5], "texture": "#0"},
				"down": {"uv": [0, 0, 0.75, 3.5], "texture": "#0"}
			}
		},
		{
			"from": [12, 6.75, 7.25],
			"to": [12.75, 11.5, 10.75],
			"rotation": {"angle": 0, "axis": "y", "origin": [15, 12, 8]},
			"faces": {
				"north": {"uv": [0.75, 0, 0, 4.75], "texture": "#0"},
				"east": {"uv": [3.5, 0, 0, 4.75], "texture": "#0"},
				"south": {"uv": [0.75, 0, 0, 4.75], "texture": "#0"},
				"west": {"uv": [3.5, 0, 0, 4.75], "texture": "#0"},
				"up": {"uv": [0.75, 0, 0, 3.5], "texture": "#0"},
				"down": {"uv": [0.75, 0, 0, 3.5], "texture": "#0"}
			}
		},
		{
			"from": [3, 7.25, 7.75],
			"to": [3.25, 11, 10.25],
			"rotation": {"angle": 0, "axis": "y", "origin": [1, 12, 8]},
			"faces": {
				"north": {"uv": [0, 0, 0.25, 3.75], "texture": "#1"},
				"east": {"uv": [0, 0, 2.5, 3.75], "texture": "#1"},
				"south": {"uv": [0, 0, 0.25, 3.75], "texture": "#1"},
				"west": {"uv": [6.5, 13.5, 10.25, 16], "rotation": 90, "texture": "#1"},
				"up": {"uv": [0, 0, 0.25, 2.5], "texture": "#1"},
				"down": {"uv": [0, 0, 0.25, 2.5], "texture": "#1"}
			}
		},
		{
			"from": [12.75, 7.25, 7.75],
			"to": [13, 11, 10.25],
			"rotation": {"angle": 0, "axis": "y", "origin": [15, 12, 8]},
			"faces": {
				"north": {"uv": [0.25, 0, 0, 3.75], "texture": "#1"},
				"east": {"uv": [8.75, 13.5, 5, 16], "rotation": 90, "texture": "#1"},
				"south": {"uv": [0.25, 0, 0, 3.75], "texture": "#1"},
				"west": {"uv": [2.5, 0, 0, 3.75], "texture": "#1"},
				"up": {"uv": [0.25, 0, 0, 2.5], "texture": "#1"},
				"down": {"uv": [0.25, 0, 0, 2.5], "texture": "#1"}
			}
		},
		{
			"from": [6, 4.25, 4.75],
			"to": [10, 4.75, 6.75],
			"rotation": {"angle": 0, "axis": "y", "origin": [8, 12, 8]},
			"faces": {
				"north": {"uv": [0, 0, 4, 0.5], "texture": "#0"},
				"east": {"uv": [0, 0, 2, 0.5], "texture": "#0"},
				"south": {"uv": [0, 0, 4, 0.5], "texture": "#0"},
				"west": {"uv": [0, 0, 2, 0.5], "texture": "#0"},
				"up": {"uv": [0, 0, 4, 2], "texture": "#0"},
				"down": {"uv": [0, 0, 4, 2], "texture": "#0"}
			}
		},
		{
			"from": [7, 7.25, 4],
			"to": [9, 8.25, 4.75],
			"rotation": {"angle": 0, "axis": "y", "origin": [8, 12, 8]},
			"faces": {
				"north": {"uv": [7.5, 15, 9.5, 16], "texture": "#1"},
				"east": {"uv": [0, 0, 0.75, 1], "texture": "#1"},
				"south": {"uv": [0, 0, 2, 1], "texture": "#1"},
				"west": {"uv": [0, 0, 0.75, 1], "texture": "#1"},
				"up": {"uv": [0, 0, 2, 0.75], "texture": "#1"},
				"down": {"uv": [0, 0, 2, 0.75], "texture": "#1"}
			}
		},
		{
			"from": [6.75, 5.75, 4.5],
			"to": [9.25, 6.5, 4.75],
			"rotation": {"angle": 0, "axis": "y", "origin": [8, 12, 8]},
			"faces": {
				"north": {"uv": [10.5, 14.5, 13, 15.25], "texture": "#1"},
				"east": {"uv": [0, 0, 0.25, 0.75], "texture": "#1"},
				"south": {"uv": [0, 0, 2.5, 0.75], "texture": "#1"},
				"west": {"uv": [0, 0, 0.25, 0.75], "texture": "#1"},
				"up": {"uv": [0, 0, 2.5, 0.25], "texture": "#1"},
				"down": {"uv": [0, 0, 2.5, 0.25], "texture": "#1"}
			}
		},
		{
			"from": [7.5, 8.25, 4.25],
			"to": [8.5, 10.25, 4.75],
			"rotation": {"angle": 0, "axis": "y", "origin": [8, 12, 8]},
			"faces": {
				"north": {"uv": [6.5, 14, 7.5, 16], "texture": "#1"},
				"east": {"uv": [0, 0, 0.5, 2], "texture": "#1"},
				"south": {"uv": [0, 0, 1, 2], "texture": "#1"},
				"west": {"uv": [0, 0, 0.5, 2], "texture": "#1"},
				"up": {"uv": [0, 0, 1, 0.5], "texture": "#1"},
				"down": {"uv": [0, 0, 1, 0.5], "texture": "#1"}
			}
		}
	],
	"display": {
		"gui": {
			"rotation": [0, 90, 0]
		},
		"head": {
			"translation": [0, -27.25, 0],
			"scale": [2, 2, 2]
		}
	}
}