{
	"credit": "Made by MILENARY",
	"textures": {
		"1": "block/culpture_2",
		"2": "block/culpture"
	},
	"elements": [
		{
			"from": [1, 0, 1],
			"to": [15, 1, 15],
			"faces": {
				"north": {"uv": [0, 0, 14, 1], "texture": "#2"},
				"east": {"uv": [0, 0, 14, 1], "texture": "#2"},
				"south": {"uv": [0, 0, 14, 1], "texture": "#2"},
				"west": {"uv": [0, 0, 14, 1], "texture": "#2"},
				"up": {"uv": [0.5, 0, 14.5, 14], "texture": "#2"},
				"down": {"uv": [0, 0, 14, 14], "texture": "#2"}
			}
		},
		{
			"from": [2, 0, 2],
			"to": [14, 1.75, 14],
			"faces": {
				"north": {"uv": [0, 0, 12, 1.75], "texture": "#2"},
				"east": {"uv": [0, 0, 12, 1.75], "texture": "#2"},
				"south": {"uv": [0, 0, 12, 1.75], "texture": "#2"},
				"west": {"uv": [0, 0, 12, 1.75], "texture": "#2"},
				"up": {"uv": [0, 0, 12, 12], "texture": "#2"},
				"down": {"uv": [0, 0, 12, 12], "texture": "#2"}
			}
		},
		{
			"from": [9.25, 1.75, 10.5],
			"to": [12, 10, 13.25],
			"rotation": {"angle": 0, "axis": "y", "origin": [8, 8, 9.75]},
			"faces": {
				"north": {"uv": [0, 0, 2.75, 8.25], "texture": "#1"},
				"east": {"uv": [2.5, 7.5, 5.25, 15.75], "rotation": 180, "texture": "#1"},
				"south": {"uv": [1, 7.5, 3.75, 15.75], "rotation": 180, "texture": "#1"},
				"west": {"uv": [0, 0, 2.75, 8.25], "texture": "#1"},
				"up": {"uv": [2, 13, 4.75, 15.75], "texture": "#1"},
				"down": {"uv": [0, 0, 2.75, 2.75], "texture": "#1"}
			}
		},
		{
			"from": [10, 3.75, 3.5],
			"to": [12.75, 6.5, 10.5],
			"rotation": {"angle": -22.5, "axis": "x", "origin": [8.75, 7.25, 9.75]},
			"faces": {
				"north": {"uv": [4, 13, 6.75, 15.75], "rotation": 180, "texture": "#1"},
				"east": {"uv": [4, 13, 11, 15.75], "rotation": 180, "texture": "#1"},
				"south": {"uv": [1, 13, 3.75, 15.75], "texture": "#1"},
				"west": {"uv": [0, 0, 2.75, 7], "rotation": 90, "texture": "#1"},
				"up": {"uv": [6.5, 13, 13.5, 15.75], "rotation": 90, "texture": "#1"},
				"down": {"uv": [0, 0, 2.75, 7], "texture": "#1"}
			}
		},
		{
			"from": [2.5, 2.5, 2.25],
			"to": [9, 9.25, 9],
			"rotation": {"angle": -22.5, "axis": "x", "origin": [8.75, 7.25, 9.75]},
			"faces": {
				"north": {"uv": [0, 0, 6.5, 6.75], "rotation": 180, "texture": "#2"},
				"east": {"uv": [0, 0, 6.75, 6.75], "rotation": 180, "texture": "#2"},
				"south": {"uv": [0, 0, 6.5, 6.75], "rotation": 180, "texture": "#2"},
				"west": {"uv": [0, 0, 6.75, 6.75], "rotation": 180, "texture": "#2"},
				"up": {"uv": [0, 0, 6.5, 6.75], "texture": "#2"},
				"down": {"uv": [0, 0, 6.5, 6.75], "texture": "#2"}
			}
		},
		{
			"from": [5.6, 1.75, 1.25],
			"to": [8.35, 6.25, 9],
			"rotation": {"angle": 45, "axis": "y", "origin": [8.85, 7.25, 9.75]},
			"faces": {
				"north": {"uv": [4.5, 13, 9, 15.75], "rotation": 90, "texture": "#2"},
				"east": {"uv": [0, 0, 7.75, 4.5], "rotation": 180, "texture": "#2"},
				"south": {"uv": [0, 0, 2.75, 4.5], "rotation": 180, "texture": "#2"},
				"west": {"uv": [5, 11.5, 12.75, 16], "rotation": 180, "texture": "#2"},
				"up": {"uv": [0, 0, 2.75, 7.75], "texture": "#2"},
				"down": {"uv": [0, 0, 2.75, 7.75], "texture": "#2"}
			}
		},
		{
			"from": [2.5, 2.5, 2.25],
			"to": [9, 9.25, 9],
			"rotation": {"angle": -22.5, "axis": "x", "origin": [8.75, 7.25, 9.75]},
			"faces": {
				"north": {"uv": [0, 0, 6.5, 6.75], "rotation": 180, "texture": "#2"},
				"east": {"uv": [0, 0, 6.75, 6.75], "rotation": 180, "texture": "#2"},
				"south": {"uv": [0, 0, 6.5, 6.75], "rotation": 180, "texture": "#2"},
				"west": {"uv": [0, 0, 6.75, 6.75], "rotation": 180, "texture": "#2"},
				"up": {"uv": [0, 0, 6.5, 6.75], "texture": "#2"},
				"down": {"uv": [0, 0, 6.5, 6.75], "texture": "#2"}
			}
		},
		{
			"from": [3, 0, 9.5],
			"to": [7, 10.75, 13.25],
			"rotation": {"angle": 22.5, "axis": "x", "origin": [8.75, 4.75, 15.5]},
			"faces": {
				"north": {"uv": [8, 5, 12, 15.75], "rotation": 180, "texture": "#1"},
				"east": {"uv": [0, 5, 3.75, 15.75], "rotation": 180, "texture": "#1"},
				"south": {"uv": [12, 5, 16, 15.75], "rotation": 180, "texture": "#1"},
				"west": {"uv": [6, 5, 9.75, 15.75], "rotation": 180, "texture": "#1"},
				"up": {"uv": [0, 0, 4, 3.75], "texture": "#1"},
				"down": {"uv": [0, 0, 4, 3.75], "texture": "#1"}
			}
		},
		{
			"from": [3.5, 4.25, 4.25],
			"to": [8, 12.25, 7.75],
			"rotation": {"angle": 22.5, "axis": "x", "origin": [8.75, 7.25, 9.75]},
			"faces": {
				"north": {"uv": [0, 0, 4.5, 8], "rotation": 180, "texture": "#1"},
				"east": {"uv": [0, 0, 3.5, 8], "rotation": 180, "texture": "#1"},
				"south": {"uv": [0, 0, 4.5, 8], "rotation": 180, "texture": "#1"},
				"west": {"uv": [0, 0, 3.5, 8], "rotation": 180, "texture": "#1"},
				"up": {"uv": [0, 0, 4.5, 3.5], "texture": "#1"},
				"down": {"uv": [0, 0, 4.5, 3.5], "texture": "#1"}
			}
		},
		{
			"from": [4.25, 11.5, 6.25],
			"to": [7.25, 17.5, 9.5],
			"rotation": {"angle": -45, "axis": "x", "origin": [8.75, 7.25, 9.75]},
			"faces": {
				"north": {"uv": [0, 10, 3, 16], "rotation": 180, "texture": "#2"},
				"east": {"uv": [1, 10, 4.25, 16], "rotation": 180, "texture": "#2"},
				"south": {"uv": [10, 10, 13, 16], "rotation": 180, "texture": "#2"},
				"west": {"uv": [0, 10, 3.25, 16], "rotation": 180, "texture": "#2"},
				"up": {"uv": [13, 4, 16, 7.25], "texture": "#2"},
				"down": {"uv": [0, 0, 3, 3.25], "texture": "#2"}
			}
		},
		{
			"from": [8, 6.75, 5.25],
			"to": [14, 11.25, 8.25],
			"rotation": {"angle": 0, "axis": "y", "origin": [8.75, 7.25, 9.75]},
			"faces": {
				"north": {"uv": [0, 0, 4.5, 6], "rotation": 90, "texture": "#2"},
				"east": {"uv": [0, 0, 3, 4.5], "rotation": 180, "texture": "#2"},
				"south": {"uv": [0, 0, 4.5, 6], "rotation": 270, "texture": "#2"},
				"west": {"uv": [0, 0, 3, 4.5], "texture": "#2"},
				"up": {"uv": [0, 0, 3, 6], "rotation": 270, "texture": "#2"},
				"down": {"uv": [0, 0, 3, 6], "rotation": 270, "texture": "#2"}
			}
		},
		{
			"from": [10, 7.5, 8.25],
			"to": [12.75, 10.5, 12.25],
			"rotation": {"angle": 0, "axis": "y", "origin": [8.75, 7.25, 9.75]},
			"faces": {
				"north": {"uv": [0, 0, 3, 2.75], "rotation": 90, "texture": "#2"},
				"east": {"uv": [0.5, 13, 4.5, 16], "rotation": 180, "texture": "#2"},
				"south": {"uv": [1.5, 13, 4.5, 15.75], "rotation": 270, "texture": "#2"},
				"west": {"uv": [3, 13, 7, 16], "texture": "#2"},
				"up": {"uv": [0, 13, 4, 15.75], "rotation": 270, "texture": "#2"},
				"down": {"uv": [1.5, 13, 5.5, 15.75], "rotation": 270, "texture": "#2"}
			}
		},
		{
			"from": [5.5, 10, 10.75],
			"to": [9.5, 12.75, 13.5],
			"rotation": {"angle": -22.5, "axis": "z", "origin": [3.25, 8.75, 14.75]},
			"faces": {
				"north": {"uv": [3, 13, 7, 15.75], "texture": "#2"},
				"east": {"uv": [0, 0, 2.75, 2.75], "texture": "#2"},
				"south": {"uv": [3.5, 13, 7.5, 15.75], "texture": "#2"},
				"west": {"uv": [0, 0, 2.75, 2.75], "rotation": 180, "texture": "#2"},
				"up": {"uv": [4.5, 13, 8.5, 15.75], "texture": "#2"},
				"down": {"uv": [2, 13, 6, 15.75], "texture": "#2"}
			}
		}
	],
	"display": {
		"head": {
			"translation": [0, -27.25, 0],
			"scale": [2, 2, 2]
		}
	}
}