{
	"credit": "Made by MILENARY",
	"textures": {
		"0": "block/culpture_in",
		"1": "block/culpture_in_2",
		"2": "block/g_cloth",
		"3": "block/culpture_in_01",
		"particle": "block/culpture_in"
	},
	"elements": [
		{
			"from": [2, 0, 2],
			"to": [14, 1, 14],
			"rotation": {"angle": 0, "axis": "y", "origin": [25, 8, 8]},
			"faces": {
				"north": {"uv": [0, 0, 12, 1], "texture": "#0"},
				"east": {"uv": [0, 0, 12, 1], "texture": "#0"},
				"south": {"uv": [0, 0, 12, 1], "texture": "#0"},
				"west": {"uv": [0, 0, 12, 1], "texture": "#0"},
				"up": {"uv": [0, 0, 12, 12], "texture": "#0"},
				"down": {"uv": [0, 0, 12, 12], "texture": "#0"}
			}
		},
		{
			"from": [3, 1, 4],
			"to": [13, 1.75, 13],
			"faces": {
				"north": {"uv": [0, 0, 10, 0.75], "texture": "#0"},
				"east": {"uv": [0, 0, 9, 0.75], "texture": "#0"},
				"south": {"uv": [0, 0, 10, 0.75], "texture": "#0"},
				"west": {"uv": [0, 0, 9, 0.75], "texture": "#0"},
				"up": {"uv": [0, 0, 10, 9], "texture": "#0"},
				"down": {"uv": [0, 0, 10, 9], "texture": "#0"}
			}
		},
		{
			"from": [3.25, 1, 9.75],
			"to": [5, 3.25, 11.5],
			"rotation": {"angle": 22.5, "axis": "y", "origin": [4.125, 2.125, 10.625]},
			"faces": {
				"north": {"uv": [0, 0, 1.75, 2.25], "texture": "#0"},
				"east": {"uv": [0, 0, 1.75, 2.25], "texture": "#0"},
				"south": {"uv": [0, 0, 1.75, 2.25], "texture": "#0"},
				"west": {"uv": [0, 0, 1.75, 2.25], "texture": "#0"},
				"up": {"uv": [0, 0, 1.75, 1.75], "texture": "#0"},
				"down": {"uv": [0, 0, 1.75, 1.75], "texture": "#0"}
			}
		},
		{
			"from": [5.5, 3.75, 6.75],
			"to": [10.5, 4.75, 12],
			"faces": {
				"north": {"uv": [0, 0, 5, 1], "texture": "#0"},
				"east": {"uv": [0, 0, 5.25, 1], "texture": "#0"},
				"south": {"uv": [0, 0, 5, 1], "texture": "#0"},
				"west": {"uv": [0, 0, 5.25, 1], "texture": "#0"},
				"up": {"uv": [0, 0, 5, 5.25], "texture": "#0"},
				"down": {"uv": [0, 0, 5, 5.25], "texture": "#0"}
			}
		},
		{
			"from": [6.5, 1.75, 7.5],
			"to": [9.5, 3.75, 10.25],
			"rotation": {"angle": 0, "axis": "y", "origin": [8, 8, 7]},
			"faces": {
				"north": {"uv": [0, 0, 3, 2], "texture": "#0"},
				"east": {"uv": [0, 0, 2.75, 2], "texture": "#0"},
				"south": {"uv": [0, 0, 3, 2], "texture": "#0"},
				"west": {"uv": [0, 0, 2.75, 2], "texture": "#0"},
				"up": {"uv": [0, 0, 5, 5.25], "texture": "#0"},
				"down": {"uv": [0, 0, 5, 5.25], "texture": "#0"}
			}
		},
		{
			"from": [8.25, 1.75, 5.25],
			"to": [9.5, 3, 6.5],
			"rotation": {"angle": 22.5, "axis": "y", "origin": [8.875, 2.375, 5.875]},
			"faces": {
				"north": {"uv": [0, 0, 1.25, 1.25], "texture": "#1"},
				"east": {"uv": [0, 0, 1.25, 1.25], "texture": "#1"},
				"south": {"uv": [0, 0, 1.25, 1.25], "texture": "#1"},
				"west": {"uv": [0, 0, 1.25, 1.25], "texture": "#1"},
				"up": {"uv": [0, 0, 1.25, 1.25], "texture": "#1"},
				"down": {"uv": [0, 0, 1.25, 1.25], "texture": "#1"}
			}
		},
		{
			"from": [5.25, 1.5, 7],
			"to": [6.5, 3, 9.25],
			"rotation": {"angle": -22.5, "axis": "y", "origin": [5.875, 2.375, 8.625]},
			"faces": {
				"north": {"uv": [0, 0, 1.25, 1.5], "texture": "#0"},
				"east": {"uv": [0, 0, 2.25, 1.5], "texture": "#0"},
				"south": {"uv": [0, 0, 1.25, 1.5], "texture": "#0"},
				"west": {"uv": [0, 0, 2.25, 1.5], "texture": "#0"},
				"up": {"uv": [0, 0, 2.25, 1.25], "rotation": 270, "texture": "#0"},
				"down": {"uv": [0, 0, 1.25, 1.25], "rotation": 90, "texture": "#0"}
			}
		},
		{
			"from": [5, 1.5, 4.75],
			"to": [8.5, 2.25, 9.5],
			"rotation": {"angle": -22.5, "axis": "y", "origin": [5.875, 2.375, 8.625]},
			"faces": {
				"north": {"uv": [0, 0, 3.5, 0.75], "texture": "#1"},
				"east": {"uv": [0, 0, 4.5, 0.75], "texture": "#1"},
				"south": {"uv": [0, 0, 3.5, 0.75], "texture": "#1"},
				"west": {"uv": [0, 0, 4.5, 0.75], "texture": "#1"},
				"up": {"uv": [0, 0, 4.5, 3.5], "rotation": 270, "texture": "#1"},
				"down": {"uv": [0, 0, 4.75, 3.5], "rotation": 90, "texture": "#1"}
			}
		},
		{
			"from": [7.25, 1.75, 10.5],
			"to": [9.5, 3, 12],
			"rotation": {"angle": -22.5, "axis": "y", "origin": [8.875, 2.375, 11.125]},
			"faces": {
				"north": {"uv": [0, 0, 1.25, 1.25], "texture": "#1"},
				"east": {"uv": [0, 0, 1.5, 1.25], "texture": "#1"},
				"south": {"uv": [0, 0, 2.25, 1.25], "texture": "#1"},
				"west": {"uv": [0, 0, 1.5, 1.25], "texture": "#1"},
				"up": {"uv": [0, 0, 1.5, 2.25], "rotation": 270, "texture": "#1"},
				"down": {"uv": [0, 0, 1.25, 1.25], "rotation": 90, "texture": "#1"}
			}
		},
		{
			"from": [10.5, 1.75, 7],
			"to": [11.75, 3, 10.25],
			"rotation": {"angle": 22.5, "axis": "z", "origin": [11.625, 2.375, 9.625]},
			"faces": {
				"north": {"uv": [0, 0, 1.25, 1.25], "texture": "#0"},
				"east": {"uv": [0, 0, 3.25, 1.25], "texture": "#0"},
				"south": {"uv": [0, 0, 1.25, 1.25], "texture": "#0"},
				"west": {"uv": [0, 0, 1.25, 1.25], "texture": "#0"},
				"up": {"uv": [0, 0, 1.25, 3.25], "texture": "#0"},
				"down": {"uv": [0, 0, 1.25, 3.25], "texture": "#0"}
			}
		},
		{
			"from": [8.5, 1.75, 9],
			"to": [11.75, 2.25, 12.5],
			"rotation": {"angle": 0, "axis": "z", "origin": [11.625, 2.375, 9.625]},
			"faces": {
				"north": {"uv": [0, 0, 3.25, 0.5], "texture": "#0"},
				"east": {"uv": [0, 0, 3.5, 0.5], "texture": "#0"},
				"south": {"uv": [0, 0, 3.25, 0.5], "texture": "#0"},
				"west": {"uv": [0, 0, 3.5, 0.5], "texture": "#0"},
				"up": {"uv": [0, 0, 3.25, 3.5], "texture": "#0"},
				"down": {"uv": [0, 0, 3.25, 3.5], "texture": "#0"}
			}
		},
		{
			"from": [6, 9.25, 5.5],
			"to": [10, 11, 10.75],
			"rotation": {"angle": 0, "axis": "y", "origin": [8, 12, 8]},
			"faces": {
				"north": {"uv": [0, 0, 4, 1.75], "texture": "#1"},
				"east": {"uv": [0, 0, 5.25, 1.75], "texture": "#1"},
				"south": {"uv": [0, 0, 4, 1.75], "texture": "#1"},
				"west": {"uv": [0, 0, 5.25, 1.75], "texture": "#1"},
				"up": {"uv": [0, 0, 4, 5.25], "texture": "#1"},
				"down": {"uv": [0, 0, 4, 5.25], "texture": "#1"}
			}
		},
		{
			"from": [6.5, 11, 6],
			"to": [9.5, 11.75, 10.25],
			"rotation": {"angle": 0, "axis": "y", "origin": [8, 12, 8]},
			"faces": {
				"north": {"uv": [0, 0, 3, 0.75], "texture": "#1"},
				"east": {"uv": [0, 0, 4.25, 0.75], "texture": "#1"},
				"south": {"uv": [0, 0, 3, 0.75], "texture": "#1"},
				"west": {"uv": [0, 0, 4.25, 0.75], "texture": "#1"},
				"up": {"uv": [0, 0, 3, 4.25], "texture": "#1"},
				"down": {"uv": [0, 0, 3, 4.25], "texture": "#1"}
			}
		},
		{
			"from": [5, 4.75, 4.75],
			"to": [11, 9.25, 12.75],
			"rotation": {"angle": 0, "axis": "y", "origin": [8, 12, 8]},
			"faces": {
				"north": {"uv": [0, 0, 6, 4.5], "texture": "#3"},
				"east": {"uv": [0, 0, 8, 4.5], "texture": "#0"},
				"south": {"uv": [0, 0, 6, 4.5], "texture": "#0"},
				"west": {"uv": [0, 0, 8, 4.5], "texture": "#0"},
				"up": {"uv": [0, 0, 6, 8], "texture": "#0"},
				"down": {"uv": [0, 0, 6, 8], "texture": "#0"}
			}
		},
		{
			"from": [8.75, 5.25, 4.65],
			"to": [9, 5.85, 4.75],
			"rotation": {"angle": 0, "axis": "z", "origin": [8.875, 5.475, 4.625]},
			"faces": {
				"north": {"uv": [0, 0, 0.25, 1.25], "texture": "#2"},
				"east": {"uv": [0, 0, 0.25, 1.25], "texture": "#2"},
				"south": {"uv": [0, 0, 0.25, 1.25], "texture": "#2"},
				"west": {"uv": [0, 0, 0.25, 1.25], "texture": "#2"},
				"up": {"uv": [0, 0, 0.25, 0.25], "texture": "#2"},
				"down": {"uv": [0, 0, 0.25, 0.25], "texture": "#2"}
			}
		},
		{
			"from": [7, 5.25, 4.65],
			"to": [7.25, 5.85, 4.75],
			"rotation": {"angle": 0, "axis": "z", "origin": [7.125, 5.475, 4.625]},
			"faces": {
				"north": {"uv": [0.25, 0, 0, 1.25], "texture": "#2"},
				"east": {"uv": [0.25, 0, 0, 1.25], "texture": "#2"},
				"south": {"uv": [0.25, 0, 0, 1.25], "texture": "#2"},
				"west": {"uv": [0.25, 0, 0, 1.25], "texture": "#2"},
				"up": {"uv": [0.25, 0, 0, 0.25], "texture": "#2"},
				"down": {"uv": [0.25, 0, 0, 0.25], "texture": "#2"}
			}
		},
		{
			"from": [8.4, 5.25, 4.65],
			"to": [8.65, 5.85, 4.75],
			"rotation": {"angle": 0, "axis": "z", "origin": [8.525, 5.475, 4.625]},
			"faces": {
				"north": {"uv": [0, 0, 0.25, 1.25], "texture": "#2"},
				"east": {"uv": [0, 0, 0.25, 1.25], "texture": "#2"},
				"south": {"uv": [0, 0, 0.25, 1.25], "texture": "#2"},
				"west": {"uv": [0, 0, 0.25, 1.25], "texture": "#2"},
				"up": {"uv": [0, 0, 0.25, 0.25], "texture": "#2"},
				"down": {"uv": [0, 0, 0.25, 0.25], "texture": "#2"}
			}
		},
		{
			"from": [8.4, 4.3, 4.65],
			"to": [8.65, 4.9, 4.75],
			"rotation": {"angle": 0, "axis": "z", "origin": [8.525, 4.675, 4.625]},
			"faces": {
				"north": {"uv": [0, 1.25, 0.25, 0], "texture": "#2"},
				"east": {"uv": [0, 1.25, 0.25, 0], "texture": "#2"},
				"south": {"uv": [0, 1.25, 0.25, 0], "texture": "#2"},
				"west": {"uv": [0, 1.25, 0.25, 0], "texture": "#2"},
				"up": {"uv": [0, 0.25, 0.25, 0], "texture": "#2"},
				"down": {"uv": [0, 0.25, 0.25, 0], "texture": "#2"}
			}
		},
		{
			"from": [7.35, 5.25, 4.65],
			"to": [7.6, 5.85, 4.75],
			"rotation": {"angle": 0, "axis": "z", "origin": [7.475, 5.475, 4.625]},
			"faces": {
				"north": {"uv": [0.25, 0, 0, 1.25], "texture": "#2"},
				"east": {"uv": [0.25, 0, 0, 1.25], "texture": "#2"},
				"south": {"uv": [0.25, 0, 0, 1.25], "texture": "#2"},
				"west": {"uv": [0.25, 0, 0, 1.25], "texture": "#2"},
				"up": {"uv": [0.25, 0, 0, 0.25], "texture": "#2"},
				"down": {"uv": [0.25, 0, 0, 0.25], "texture": "#2"}
			}
		},
		{
			"from": [7.35, 4.3, 4.65],
			"to": [7.6, 4.9, 4.75],
			"rotation": {"angle": 0, "axis": "z", "origin": [7.475, 4.675, 4.625]},
			"faces": {
				"north": {"uv": [0.25, 1.25, 0, 0], "texture": "#2"},
				"east": {"uv": [0.25, 1.25, 0, 0], "texture": "#2"},
				"south": {"uv": [0.25, 1.25, 0, 0], "texture": "#2"},
				"west": {"uv": [0.25, 1.25, 0, 0], "texture": "#2"},
				"up": {"uv": [0.25, 0.25, 0, 0], "texture": "#2"},
				"down": {"uv": [0.25, 0.25, 0, 0], "texture": "#2"}
			}
		},
		{
			"from": [8.05, 5.15, 4.65],
			"to": [8.3, 5.75, 4.75],
			"rotation": {"angle": 0, "axis": "z", "origin": [8.175, 5.375, 4.625]},
			"faces": {
				"north": {"uv": [0, 0, 0.25, 1.25], "texture": "#2"},
				"east": {"uv": [0, 0, 0.25, 1.25], "texture": "#2"},
				"south": {"uv": [0, 0, 0.25, 1.25], "texture": "#2"},
				"west": {"uv": [0, 0, 0.25, 1.25], "texture": "#2"},
				"up": {"uv": [0, 0, 0.25, 0.25], "texture": "#2"},
				"down": {"uv": [0, 0, 0.25, 0.25], "texture": "#2"}
			}
		},
		{
			"from": [8.05, 4.2, 4.65],
			"to": [8.3, 4.8, 4.75],
			"rotation": {"angle": 0, "axis": "z", "origin": [8.175, 4.575, 4.625]},
			"faces": {
				"north": {"uv": [0, 1.25, 0.25, 0], "texture": "#2"},
				"east": {"uv": [0, 1.25, 0.25, 0], "texture": "#2"},
				"south": {"uv": [0, 1.25, 0.25, 0], "texture": "#2"},
				"west": {"uv": [0, 1.25, 0.25, 0], "texture": "#2"},
				"up": {"uv": [0, 0.25, 0.25, 0], "texture": "#2"},
				"down": {"uv": [0, 0.25, 0.25, 0], "texture": "#2"}
			}
		},
		{
			"from": [7.7, 5.15, 4.65],
			"to": [7.95, 5.75, 4.75],
			"rotation": {"angle": 0, "axis": "z", "origin": [7.825, 5.375, 4.625]},
			"faces": {
				"north": {"uv": [0.25, 0, 0, 1.25], "texture": "#2"},
				"east": {"uv": [0.25, 0, 0, 1.25], "texture": "#2"},
				"south": {"uv": [0.25, 0, 0, 1.25], "texture": "#2"},
				"west": {"uv": [0.25, 0, 0, 1.25], "texture": "#2"},
				"up": {"uv": [0.25, 0, 0, 0.25], "texture": "#2"},
				"down": {"uv": [0.25, 0, 0, 0.25], "texture": "#2"}
			}
		},
		{
			"from": [7.7, 4.2, 4.65],
			"to": [7.95, 4.8, 4.75],
			"rotation": {"angle": 0, "axis": "z", "origin": [7.825, 4.575, 4.625]},
			"faces": {
				"north": {"uv": [0.25, 1.25, 0, 0], "texture": "#2"},
				"east": {"uv": [0.25, 1.25, 0, 0], "texture": "#2"},
				"south": {"uv": [0.25, 1.25, 0, 0], "texture": "#2"},
				"west": {"uv": [0.25, 1.25, 0, 0], "texture": "#2"},
				"up": {"uv": [0.25, 0.25, 0, 0], "texture": "#2"},
				"down": {"uv": [0.25, 0.25, 0, 0], "texture": "#2"}
			}
		},
		{
			"from": [5, 9.25, 10.75],
			"to": [11, 12.25, 12.75],
			"rotation": {"angle": 0, "axis": "y", "origin": [8, 12, 8]},
			"faces": {
				"north": {"uv": [0, 0, 6, 3], "texture": "#0"},
				"east": {"uv": [0, 0, 2, 3], "texture": "#0"},
				"south": {"uv": [0, 0, 6, 3], "texture": "#0"},
				"west": {"uv": [0, 0, 2, 3], "texture": "#0"},
				"up": {"uv": [0, 0, 6, 2], "texture": "#0"},
				"down": {"uv": [0, 0, 6, 8], "texture": "#0"}
			}
		},
		{
			"from": [10, 9.25, 8.75],
			"to": [11.75, 11.25, 10.75],
			"rotation": {"angle": 0, "axis": "y", "origin": [8, 12, 8]},
			"faces": {
				"north": {"uv": [0, 0, 1.75, 2], "texture": "#0"},
				"east": {"uv": [0, 0, 2, 2], "texture": "#0"},
				"south": {"uv": [0, 0, 1.75, 2], "texture": "#0"},
				"west": {"uv": [0, 0, 2, 2], "texture": "#0"},
				"up": {"uv": [0, 0, 1.75, 2], "texture": "#0"},
				"down": {"uv": [0, 0, 1.75, 2], "texture": "#0"}
			}
		},
		{
			"from": [4.25, 9.25, 8.75],
			"to": [6, 11.25, 10.75],
			"rotation": {"angle": 0, "axis": "y", "origin": [8, 12, 8]},
			"faces": {
				"north": {"uv": [1.75, 0, 0, 2], "texture": "#0"},
				"east": {"uv": [2, 0, 0, 2], "texture": "#0"},
				"south": {"uv": [1.75, 0, 0, 2], "texture": "#0"},
				"west": {"uv": [2, 0, 0, 2], "texture": "#0"},
				"up": {"uv": [1.75, 0, 0, 2], "texture": "#0"},
				"down": {"uv": [1.75, 0, 0, 2], "texture": "#0"}
			}
		},
		{
			"from": [10.75, 9.25, 6],
			"to": [12, 10.5, 8.75],
			"rotation": {"angle": 0, "axis": "y", "origin": [8, 12, 8]},
			"faces": {
				"north": {"uv": [0, 0, 1.25, 1.25], "texture": "#0"},
				"east": {"uv": [0, 0, 2.75, 1.25], "texture": "#0"},
				"south": {"uv": [0, 0, 1.25, 1.25], "texture": "#0"},
				"west": {"uv": [0, 0, 2.75, 1.25], "texture": "#0"},
				"up": {"uv": [0, 0, 1.25, 2.75], "texture": "#0"},
				"down": {"uv": [0, 0, 1.25, 2.75], "texture": "#0"}
			}
		},
		{
			"from": [4, 9.25, 6],
			"to": [5.25, 10.5, 8.75],
			"rotation": {"angle": 0, "axis": "y", "origin": [8, 12, 8]},
			"faces": {
				"north": {"uv": [1.25, 0, 0, 1.25], "texture": "#0"},
				"east": {"uv": [2.75, 0, 0, 1.25], "texture": "#0"},
				"south": {"uv": [1.25, 0, 0, 1.25], "texture": "#0"},
				"west": {"uv": [2.75, 0, 0, 1.25], "texture": "#0"},
				"up": {"uv": [1.25, 0, 0, 2.75], "texture": "#0"},
				"down": {"uv": [1.25, 0, 0, 2.75], "texture": "#0"}
			}
		},
		{
			"from": [11, 5.25, 5.75],
			"to": [12, 9.25, 11.75],
			"rotation": {"angle": 0, "axis": "y", "origin": [8, 12, 8]},
			"faces": {
				"north": {"uv": [0, 0, 1, 4], "texture": "#0"},
				"east": {"uv": [0, 11.5, 6, 15.5], "texture": "#3"},
				"south": {"uv": [0, 0, 1, 4], "texture": "#0"},
				"west": {"uv": [0, 0, 6, 4], "texture": "#0"},
				"up": {"uv": [0, 0, 1, 6], "texture": "#0"},
				"down": {"uv": [0, 0, 1, 6], "texture": "#0"}
			}
		},
		{
			"from": [4, 5.25, 5.75],
			"to": [5, 9.25, 11.75],
			"rotation": {"angle": 0, "axis": "y", "origin": [1, 12, 8]},
			"faces": {
				"north": {"uv": [0, 0, 1, 4], "texture": "#0"},
				"east": {"uv": [0, 0, 6, 4], "texture": "#0"},
				"south": {"uv": [0, 0, 1, 4], "texture": "#0"},
				"west": {"uv": [6, 11.5, 0, 15.5], "texture": "#3"},
				"up": {"uv": [0, 0, 1, 6], "texture": "#0"},
				"down": {"uv": [0, 0, 1, 6], "texture": "#0"}
			}
		},
		{
			"from": [6, 4.25, 4.75],
			"to": [10, 4.75, 6.75],
			"rotation": {"angle": 0, "axis": "y", "origin": [8, 12, 8]},
			"faces": {
				"north": {"uv": [0, 0, 4, 0.5], "texture": "#0"},
				"east": {"uv": [0, 0, 2, 0.5], "texture": "#0"},
				"south": {"uv": [0, 0, 4, 0.5], "texture": "#0"},
				"west": {"uv": [0, 0, 2, 0.5], "texture": "#0"},
				"up": {"uv": [0, 0, 4, 2], "texture": "#0"},
				"down": {"uv": [0, 0, 4, 2], "texture": "#0"}
			}
		}
	],
	"display": {
		"gui": {
			"rotation": [0, 90, 0]
		},
		"head": {
			"translation": [0, -27.25, 0],
			"scale": [2, 2, 2]
		}
	}
}