{
	"credit": "Made by MILENARY",
	"textures": {
		"0": "block/culpture",
		"1": "block/culpture_2",
		"2": "block/culpture_in",
		"particle": "block/culpture"
	},
	"elements": [
		{
			"from": [0, 0, 0],
			"to": [16, 1, 16],
			"faces": {
				"north": {"uv": [0, 0, 16, 1], "texture": "#2"},
				"east": {"uv": [0, 0, 16, 1], "texture": "#2"},
				"south": {"uv": [0, 0, 16, 1], "texture": "#2"},
				"west": {"uv": [0, 0, 16, 1], "texture": "#2"},
				"up": {"uv": [0, 0, 16, 16], "texture": "#2"},
				"down": {"uv": [0, 0, 16, 16], "texture": "#2"}
			}
		},
		{
			"from": [2, 1, 2],
			"to": [14, 1.75, 14],
			"faces": {
				"north": {"uv": [0, 0, 12, 1.75], "texture": "#2"},
				"east": {"uv": [0, 0, 12, 1.75], "texture": "#2"},
				"south": {"uv": [0, 0, 12, 1.75], "texture": "#2"},
				"west": {"uv": [0, 0, 12, 1.75], "texture": "#2"},
				"up": {"uv": [0, 0, 12, 12], "texture": "#2"},
				"down": {"uv": [0, 0, 12, 12], "texture": "#2"}
			}
		},
		{
			"from": [5, 1.75, 5],
			"to": [11, 2.75, 11],
			"rotation": {"angle": 0, "axis": "y", "origin": [8, 7.75, 8]},
			"faces": {
				"north": {"uv": [0, 0, 6, 1], "texture": "#1"},
				"east": {"uv": [0, 0, 6, 1], "texture": "#1"},
				"south": {"uv": [0, 0, 6, 1], "texture": "#1"},
				"west": {"uv": [0, 0, 6, 1], "texture": "#1"},
				"up": {"uv": [0, 0, 6, 6], "texture": "#1"},
				"down": {"uv": [0, 0, 6, 6], "texture": "#1"}
			}
		},
		{
			"from": [5, 2.75, 4],
			"to": [11, 4, 12],
			"rotation": {"angle": 0, "axis": "y", "origin": [8, 7.75, 8]},
			"faces": {
				"north": {"uv": [0, 0, 6, 1.25], "texture": "#1"},
				"east": {"uv": [0, 0, 8, 1.25], "texture": "#1"},
				"south": {"uv": [0, 0, 6, 1.25], "texture": "#1"},
				"west": {"uv": [0, 0, 8, 1.25], "texture": "#1"},
				"up": {"uv": [0, 0, 6, 8], "texture": "#1"},
				"down": {"uv": [0, 0, 6, 8], "texture": "#1"}
			}
		},
		{
			"from": [4, 4, 11],
			"to": [12, 10.75, 13],
			"rotation": {"angle": 0, "axis": "y", "origin": [8, 7.75, 8]},
			"faces": {
				"north": {"uv": [0, 0, 8, 6.75], "texture": "#0"},
				"east": {"uv": [0, 0, 2, 6.75], "texture": "#0"},
				"south": {"uv": [0, 0, 8, 6.75], "texture": "#0"},
				"west": {"uv": [0, 0, 2, 6.75], "texture": "#0"},
				"up": {"uv": [0, 0, 8, 2], "texture": "#0"},
				"down": {"uv": [0, 0, 8, 2], "texture": "#0"}
			}
		},
		{
			"from": [10, 4, 3],
			"to": [12, 10.75, 5],
			"rotation": {"angle": 0, "axis": "y", "origin": [8, 7.75, 8]},
			"faces": {
				"north": {"uv": [2, 0, 0, 6.75], "texture": "#0"},
				"east": {"uv": [2, 0, 0, 6.75], "texture": "#0"},
				"south": {"uv": [2, 0, 0, 6.75], "texture": "#0"},
				"west": {"uv": [2, 0, 0, 6.75], "texture": "#0"},
				"up": {"uv": [0, 2, 2, 0], "texture": "#0"},
				"down": {"uv": [0, 2, 2, 0], "texture": "#0"}
			}
		},
		{
			"from": [4, 4, 3],
			"to": [6, 10.75, 5],
			"rotation": {"angle": 0, "axis": "y", "origin": [2, 7.75, 8]},
			"faces": {
				"north": {"uv": [2, 0, 0, 6.75], "texture": "#0"},
				"east": {"uv": [2, 0, 0, 6.75], "texture": "#0"},
				"south": {"uv": [2, 0, 0, 6.75], "texture": "#0"},
				"west": {"uv": [2, 0, 0, 6.75], "texture": "#0"},
				"up": {"uv": [0, 2, 2, 0], "texture": "#0"},
				"down": {"uv": [0, 2, 2, 0], "texture": "#0"}
			}
		},
		{
			"from": [6, 4, 3],
			"to": [10, 8.75, 5],
			"rotation": {"angle": 0, "axis": "y", "origin": [4, 7.75, 8]},
			"faces": {
				"north": {"uv": [4, 0, 0, 4.75], "texture": "#0"},
				"east": {"uv": [2, 0, 0, 6.75], "texture": "#0"},
				"south": {"uv": [4, 0, 0, 4.75], "texture": "#0"},
				"west": {"uv": [2, 0, 0, 6.75], "texture": "#0"},
				"up": {"uv": [0, 2, 4, 0], "texture": "#0"},
				"down": {"uv": [0, 2, 4, 0], "texture": "#0"}
			}
		},
		{
			"from": [5, 8.4, 5],
			"to": [11, 8.4, 11],
			"rotation": {"angle": 0, "axis": "y", "origin": [4, 7.75, 8]},
			"faces": {
				"north": {"uv": [4, 0, 0, 4.75], "texture": "#2"},
				"east": {"uv": [2, 0, 0, 6.75], "texture": "#2"},
				"south": {"uv": [4, 0, 0, 4.75], "texture": "#2"},
				"west": {"uv": [2, 0, 0, 6.75], "texture": "#2"},
				"up": {"uv": [9.5, 13, 15.5, 7], "rotation": 180, "texture": "#2"},
				"down": {"uv": [0, 2, 4, 0], "texture": "#2"}
			}
		},
		{
			"from": [7.6, 8.4, 5],
			"to": [11, 8.55, 6.8],
			"rotation": {"angle": 0, "axis": "y", "origin": [4, 7.75, 8]},
			"faces": {
				"north": {"uv": [3.4, 0, 0, 0.15], "texture": "#2"},
				"east": {"uv": [1.8, 0, 0, 0.15], "texture": "#2"},
				"south": {"uv": [3.4, 0, 0, 0.15], "texture": "#2"},
				"west": {"uv": [1.8, 0, 0, 0.15], "texture": "#2"},
				"up": {"uv": [9.5, 8.8, 12.9, 7], "rotation": 180, "texture": "#2"},
				"down": {"uv": [0, 1.8, 3.4, 0], "texture": "#2"}
			}
		},
		{
			"from": [5, 8.4, 7.5],
			"to": [9, 8.65, 11],
			"rotation": {"angle": 0, "axis": "y", "origin": [4, 7.75, 8]},
			"faces": {
				"north": {"uv": [4, 0, 0, 0.25], "texture": "#2"},
				"east": {"uv": [3.5, 0, 0, 0.25], "texture": "#2"},
				"south": {"uv": [4, 0, 0, 0.25], "texture": "#2"},
				"west": {"uv": [3.5, 0, 0, 0.25], "texture": "#2"},
				"up": {"uv": [0, 8, 4, 4.5], "rotation": 180, "texture": "#2"},
				"down": {"uv": [0, 3.5, 4, 0], "texture": "#2"}
			}
		},
		{
			"from": [6, 10.75, 12],
			"to": [10, 12.75, 12.75],
			"rotation": {"angle": 0, "axis": "y", "origin": [8, 7.75, 8]},
			"faces": {
				"north": {"uv": [0, 0, 4, 2], "texture": "#1"},
				"east": {"uv": [0, 0, 0.75, 2], "texture": "#1"},
				"south": {"uv": [0, 0, 4, 2], "texture": "#1"},
				"west": {"uv": [0, 0, 0.75, 2], "texture": "#1"},
				"up": {"uv": [0, 0, 4, 0.75], "texture": "#1"},
				"down": {"uv": [0, 0, 4, 0.75], "texture": "#1"}
			}
		},
		{
			"from": [3.25, 10.75, 6],
			"to": [4, 12.75, 10],
			"rotation": {"angle": 0, "axis": "y", "origin": [8, 7.75, 8]},
			"faces": {
				"north": {"uv": [0.75, 0, 1.5, 2], "texture": "#1"},
				"east": {"uv": [4, 0, 8, 2], "texture": "#1"},
				"south": {"uv": [0.75, 0, 1.5, 2], "texture": "#1"},
				"west": {"uv": [4, 0, 8, 2], "texture": "#1"},
				"up": {"uv": [0, 0.75, 4, 1.5], "rotation": 270, "texture": "#1"},
				"down": {"uv": [0, 0.75, 4, 1.5], "rotation": 90, "texture": "#1"}
			}
		},
		{
			"from": [12, 10.75, 6],
			"to": [12.75, 12.75, 10],
			"rotation": {"angle": 0, "axis": "y", "origin": [8, 7.75, 8]},
			"faces": {
				"north": {"uv": [0, 0, 0.75, 2], "texture": "#1"},
				"east": {"uv": [0, 0, 4, 2], "texture": "#1"},
				"south": {"uv": [0, 0, 0.75, 2], "texture": "#1"},
				"west": {"uv": [0, 0, 4, 2], "texture": "#1"},
				"up": {"uv": [0, 0, 4, 0.75], "rotation": 270, "texture": "#1"},
				"down": {"uv": [0, 0, 4, 0.75], "rotation": 90, "texture": "#1"}
			}
		},
		{
			"from": [5, 10.75, 11],
			"to": [11, 14.75, 12],
			"rotation": {"angle": 0, "axis": "y", "origin": [8, 7.75, 8]},
			"faces": {
				"north": {"uv": [0, 0, 6, 4], "texture": "#0"},
				"east": {"uv": [0, 0, 1, 4], "texture": "#0"},
				"south": {"uv": [0, 0, 6, 4], "texture": "#0"},
				"west": {"uv": [0, 0, 1, 4], "texture": "#0"},
				"up": {"uv": [0, 0, 6, 1], "texture": "#0"},
				"down": {"uv": [0, 0, 6, 1], "texture": "#0"}
			}
		},
		{
			"from": [5, 14.75, 5],
			"to": [11, 16.25, 11],
			"rotation": {"angle": 0, "axis": "y", "origin": [8, 7.75, 8]},
			"faces": {
				"north": {"uv": [0, 0, 6, 1.5], "texture": "#0"},
				"east": {"uv": [0, 0, 6, 1.5], "texture": "#0"},
				"south": {"uv": [0, 0, 6, 1.5], "texture": "#0"},
				"west": {"uv": [0, 0, 6, 1.5], "texture": "#0"},
				"up": {"uv": [0, 0, 6, 6], "texture": "#0"},
				"down": {"uv": [0, 0, 6, 6], "texture": "#0"}
			}
		},
		{
			"from": [4, 2.75, 5],
			"to": [12, 4, 11],
			"rotation": {"angle": 0, "axis": "y", "origin": [8, 7.75, 8]},
			"faces": {
				"north": {"uv": [0, 0, 8, 1.25], "texture": "#1"},
				"east": {"uv": [0, 0, 6, 1.25], "texture": "#1"},
				"south": {"uv": [0, 0, 8, 1.25], "texture": "#1"},
				"west": {"uv": [0, 0, 6, 1.25], "texture": "#1"},
				"up": {"uv": [0, 0, 8, 6], "texture": "#1"},
				"down": {"uv": [0, 0, 8, 6], "texture": "#1"}
			}
		},
		{
			"from": [12, 4, 4],
			"to": [13, 10.75, 12],
			"rotation": {"angle": 0, "axis": "y", "origin": [8, 7.75, 8]},
			"faces": {
				"north": {"uv": [0, 0, 1, 6.75], "texture": "#0"},
				"east": {"uv": [0, 0, 8, 6.75], "texture": "#0"},
				"south": {"uv": [0, 0, 1, 6.75], "texture": "#0"},
				"west": {"uv": [0, 0, 8, 6.75], "texture": "#0"},
				"up": {"uv": [0, 0, 1, 8], "texture": "#0"},
				"down": {"uv": [0, 0, 1, 8], "texture": "#0"}
			}
		},
		{
			"from": [3, 4, 4],
			"to": [4, 10.75, 12],
			"rotation": {"angle": 0, "axis": "y", "origin": [-1, 7.75, 8]},
			"faces": {
				"north": {"uv": [0, 0, 1, 6.75], "texture": "#0"},
				"east": {"uv": [0, 0, 8, 6.75], "texture": "#0"},
				"south": {"uv": [0, 0, 1, 6.75], "texture": "#0"},
				"west": {"uv": [0, 0, 8, 6.75], "texture": "#0"},
				"up": {"uv": [0, 0, 1, 8], "texture": "#0"},
				"down": {"uv": [0, 0, 1, 8], "texture": "#0"}
			}
		},
		{
			"from": [4, 4, 5],
			"to": [5, 14.75, 11],
			"rotation": {"angle": 0, "axis": "y", "origin": [8, 7.75, 8]},
			"faces": {
				"north": {"uv": [0, 0, 1, 10.75], "texture": "#0"},
				"east": {"uv": [0, 0, 6, 10.75], "texture": "#0"},
				"south": {"uv": [0, 0, 1, 10.75], "texture": "#0"},
				"west": {"uv": [0, 0, 6, 10.75], "texture": "#0"},
				"up": {"uv": [0, 0, 1, 6], "texture": "#0"},
				"down": {"uv": [0, 0, 1, 6], "texture": "#0"}
			}
		},
		{
			"from": [11, 4, 5],
			"to": [12, 14.75, 11],
			"rotation": {"angle": 0, "axis": "y", "origin": [15, 7.75, 8]},
			"faces": {
				"north": {"uv": [0, 0, 1, 10.75], "texture": "#0"},
				"east": {"uv": [0, 0, 6, 10.75], "texture": "#0"},
				"south": {"uv": [0, 0, 1, 10.75], "texture": "#0"},
				"west": {"uv": [0, 0, 6, 10.75], "texture": "#0"},
				"up": {"uv": [0, 0, 1, 6], "texture": "#0"},
				"down": {"uv": [0, 0, 1, 6], "texture": "#0"}
			}
		}
	],
	"display": {
		"head": {
			"translation": [0, -27.25, 0],
			"scale": [2, 2, 2]
		}
	}
}