{
	"credit": "Made by MILENARY",
	"textures": {
		"0": "block/culpture_in",
		"1": "block/culpture_in_2",
		"2": "block/culpture",
		"3": "block/culpture_2",
		"4": "block/g_cloth",
		"5": "block/culpture_in_01",
		"particle": "block/culpture_in"
	},
	"elements": [
		{
			"from": [1, 0, 1],
			"to": [15, 1, 15],
			"faces": {
				"north": {"uv": [0, 0, 14, 1], "texture": "#0"},
				"east": {"uv": [0, 0, 14, 1], "texture": "#0"},
				"south": {"uv": [0, 0, 14, 1], "texture": "#0"},
				"west": {"uv": [0, 0, 14, 1], "texture": "#0"},
				"up": {"uv": [0.5, 0, 14.5, 14], "texture": "#0"},
				"down": {"uv": [0, 0, 14, 14], "texture": "#0"}
			}
		},
		{
			"from": [2, 1, 2],
			"to": [14, 1.75, 14],
			"faces": {
				"north": {"uv": [0, 0, 12, 1.75], "texture": "#0"},
				"east": {"uv": [0, 0, 12, 1.75], "texture": "#0"},
				"south": {"uv": [0, 0, 12, 1.75], "texture": "#0"},
				"west": {"uv": [0, 0, 12, 1.75], "texture": "#0"},
				"up": {"uv": [0, 0, 12, 12], "texture": "#0"},
				"down": {"uv": [0, 0, 12, 12], "texture": "#0"}
			}
		},
		{
			"from": [9.25, 6, 10.5],
			"to": [12, 10, 13.25],
			"rotation": {"angle": 0, "axis": "y", "origin": [8, 8, 9.75]},
			"faces": {
				"north": {"uv": [0, 0, 2.75, 4], "texture": "#0"},
				"east": {"uv": [2.5, 7.5, 5.25, 11.5], "rotation": 180, "texture": "#0"},
				"south": {"uv": [1, 7.5, 3.75, 11.5], "rotation": 180, "texture": "#0"},
				"west": {"uv": [0, 0, 2.75, 4], "texture": "#0"},
				"up": {"uv": [2, 13, 4.75, 15.75], "texture": "#0"},
				"down": {"uv": [0, 0, 2.75, 2.75], "texture": "#0"}
			}
		},
		{
			"from": [10.25, 2.5, 11],
			"to": [12, 6, 12.75],
			"rotation": {"angle": 22.5, "axis": "y", "origin": [11.80574, 4.02386, 12.62031]},
			"faces": {
				"north": {"uv": [0, 0, 1.75, 3.5], "texture": "#0"},
				"east": {"uv": [2.5, 7.5, 4.25, 11], "rotation": 180, "texture": "#0"},
				"south": {"uv": [1, 7.5, 2.75, 11], "rotation": 180, "texture": "#0"},
				"west": {"uv": [0, 0, 1.75, 3.5], "texture": "#0"},
				"up": {"uv": [2, 13, 3.75, 14.75], "texture": "#0"},
				"down": {"uv": [0, 0, 1.75, 1.75], "texture": "#0"}
			}
		},
		{
			"from": [9.75, 1.75, 11],
			"to": [12, 2.5, 13],
			"rotation": {"angle": 0, "axis": "y", "origin": [8, 8, 9.75]},
			"faces": {
				"north": {"uv": [0, 0, 2.25, 0.75], "texture": "#0"},
				"east": {"uv": [2.5, 7.5, 4.5, 8.25], "rotation": 180, "texture": "#0"},
				"south": {"uv": [1, 7.5, 3.25, 8.25], "rotation": 180, "texture": "#0"},
				"west": {"uv": [0, 0, 2, 0.75], "texture": "#0"},
				"up": {"uv": [2, 13, 4.25, 15], "texture": "#0"},
				"down": {"uv": [0, 0, 2.25, 2], "texture": "#0"}
			}
		},
		{
			"from": [11, 1.95641, 12.90864],
			"to": [11.5, 2.45641, 13.90864],
			"rotation": {"angle": -22.5, "axis": "x", "origin": [11.25, 2.04856, 14.06527]},
			"faces": {
				"north": {"uv": [0, 0, 0.5, 0.5], "texture": "#0"},
				"east": {"uv": [2.5, 7.5, 3.5, 8], "rotation": 180, "texture": "#0"},
				"south": {"uv": [1, 7.5, 1.5, 8], "rotation": 180, "texture": "#0"},
				"west": {"uv": [0, 0, 1, 0.5], "texture": "#0"},
				"up": {"uv": [2, 13, 2.5, 14], "texture": "#0"},
				"down": {"uv": [0, 0, 0.5, 1], "texture": "#0"}
			}
		},
		{
			"from": [10.4, 2.10641, 12.90864],
			"to": [10.9, 2.60641, 13.90864],
			"rotation": {"angle": -22.5, "axis": "x", "origin": [10.65, 2.19856, 14.06527]},
			"faces": {
				"north": {"uv": [0, 0, 0.5, 0.5], "texture": "#0"},
				"east": {"uv": [2.5, 7.5, 3.5, 8], "rotation": 180, "texture": "#0"},
				"south": {"uv": [1, 7.5, 1.5, 8], "rotation": 180, "texture": "#0"},
				"west": {"uv": [0, 0, 1, 0.5], "texture": "#0"},
				"up": {"uv": [2, 13, 2.5, 14], "texture": "#0"},
				"down": {"uv": [0, 0, 0.5, 1], "texture": "#0"}
			}
		},
		{
			"from": [11.6, 1.60641, 12.90864],
			"to": [12.1, 2.10641, 13.90864],
			"rotation": {"angle": 0, "axis": "x", "origin": [11.85, 1.69856, 14.06527]},
			"faces": {
				"north": {"uv": [0, 0, 0.5, 0.5], "texture": "#0"},
				"east": {"uv": [2.5, 7.5, 3.5, 8], "rotation": 180, "texture": "#0"},
				"south": {"uv": [1, 7.5, 1.5, 8], "rotation": 180, "texture": "#0"},
				"west": {"uv": [0, 0, 1, 0.5], "texture": "#0"},
				"up": {"uv": [2, 13, 2.5, 14], "texture": "#0"},
				"down": {"uv": [0, 0, 0.5, 1], "texture": "#0"}
			}
		},
		{
			"from": [12.0135, 1.70641, 12.76181],
			"to": [13.0135, 2.20641, 13.26181],
			"rotation": {"angle": -22.5, "axis": "y", "origin": [13.13333, 1.58547, 12.87847]},
			"faces": {
				"north": {"uv": [2.5, 7.5, 3.5, 8], "rotation": 180, "texture": "#0"},
				"east": {"uv": [1, 7.5, 1.5, 8], "rotation": 180, "texture": "#0"},
				"south": {"uv": [0, 0, 1, 0.5], "texture": "#0"},
				"west": {"uv": [0, 0, 0.5, 0.5], "texture": "#0"},
				"up": {"uv": [2, 13, 2.5, 14], "rotation": 270, "texture": "#0"},
				"down": {"uv": [0, 0, 0.5, 1], "rotation": 90, "texture": "#0"}
			}
		},
		{
			"from": [10.5, 3.66528, 13.15225],
			"to": [11, 4.66528, 13.65225],
			"rotation": {"angle": -22.5, "axis": "x", "origin": [11.80574, 4.02386, 12.62031]},
			"faces": {
				"north": {"uv": [0, 0, 0.5, 1], "rotation": 180, "texture": "#0"},
				"east": {"uv": [2.5, 7.5, 3.5, 8], "rotation": 90, "texture": "#0"},
				"south": {"uv": [2, 13, 2.5, 14], "texture": "#0"},
				"west": {"uv": [0, 0, 1, 0.5], "rotation": 90, "texture": "#0"},
				"up": {"uv": [0, 0, 0.5, 0.5], "rotation": 180, "texture": "#0"},
				"down": {"uv": [1, 7.5, 1.5, 8], "rotation": 180, "texture": "#0"}
			}
		},
		{
			"from": [11.35, 3.53326, 12.62751],
			"to": [11.85, 4.53326, 13.12751],
			"rotation": {"angle": 45, "axis": "y", "origin": [11.55574, 4.02386, 12.62031]},
			"faces": {
				"north": {"uv": [0, 0, 0.5, 1], "rotation": 180, "texture": "#0"},
				"east": {"uv": [2.5, 7.5, 3.5, 8], "rotation": 90, "texture": "#0"},
				"south": {"uv": [2, 13, 2.5, 14], "texture": "#0"},
				"west": {"uv": [0, 0, 1, 0.5], "rotation": 90, "texture": "#0"},
				"up": {"uv": [0, 0, 0.5, 0.5], "rotation": 180, "texture": "#0"},
				"down": {"uv": [1, 7.5, 1.5, 8], "rotation": 180, "texture": "#0"}
			}
		},
		{
			"from": [11.80199, 4.16319, 12.1],
			"to": [12.30199, 5.16319, 12.6],
			"rotation": {"angle": -22.5, "axis": "y", "origin": [12.11449, 4.35069, 12.35]},
			"faces": {
				"north": {"uv": [2.5, 7.5, 3.5, 8], "rotation": 90, "texture": "#0"},
				"east": {"uv": [2, 13, 2.5, 14], "texture": "#0"},
				"south": {"uv": [0, 0, 1, 0.5], "rotation": 90, "texture": "#0"},
				"west": {"uv": [0, 0, 0.5, 1], "rotation": 180, "texture": "#0"},
				"up": {"uv": [0, 0, 0.5, 0.5], "rotation": 90, "texture": "#0"},
				"down": {"uv": [1, 7.5, 1.5, 8], "rotation": 270, "texture": "#0"}
			}
		},
		{
			"from": [11.14319, 2.75, 12.87484],
			"to": [12.14319, 3.25, 13.37484],
			"rotation": {"angle": -22.5, "axis": "y", "origin": [11.20574, 4.02386, 12.97031]},
			"faces": {
				"north": {"uv": [0, 0, 0.5, 1], "rotation": 270, "texture": "#0"},
				"east": {"uv": [1, 7.5, 1.5, 8], "rotation": 90, "texture": "#0"},
				"south": {"uv": [2, 13, 2.5, 14], "rotation": 270, "texture": "#0"},
				"west": {"uv": [0, 0, 0.5, 0.5], "rotation": 90, "texture": "#0"},
				"up": {"uv": [2.5, 7.5, 3.5, 8], "texture": "#0"},
				"down": {"uv": [0, 0, 1, 0.5], "texture": "#0"}
			}
		},
		{
			"from": [11.15, 1.32754, 13.80549],
			"to": [11.65, 2.32754, 14.30549],
			"rotation": {"angle": -22.5, "axis": "x", "origin": [11.4, 1.84856, 14.06527]},
			"faces": {
				"north": {"uv": [0, 0, 0.5, 1], "rotation": 180, "texture": "#0"},
				"east": {"uv": [2.5, 7.5, 3.5, 8], "rotation": 90, "texture": "#0"},
				"south": {"uv": [2, 13, 2.5, 14], "texture": "#0"},
				"west": {"uv": [0, 0, 1, 0.5], "rotation": 90, "texture": "#0"},
				"up": {"uv": [0, 0, 0.5, 0.5], "rotation": 180, "texture": "#0"},
				"down": {"uv": [1, 7.5, 1.5, 8], "rotation": 180, "texture": "#0"}
			}
		},
		{
			"from": [10.55, 1.72754, 13.80549],
			"to": [11.05, 2.72754, 14.30549],
			"rotation": {"angle": -45, "axis": "x", "origin": [10.8, 2.24856, 14.06527]},
			"faces": {
				"north": {"uv": [0, 0, 0.5, 1], "rotation": 180, "texture": "#0"},
				"east": {"uv": [2.5, 7.5, 3.5, 8], "rotation": 90, "texture": "#0"},
				"south": {"uv": [2, 13, 2.5, 14], "texture": "#0"},
				"west": {"uv": [0, 0, 1, 0.5], "rotation": 90, "texture": "#0"},
				"up": {"uv": [0, 0, 0.5, 0.5], "rotation": 180, "texture": "#0"},
				"down": {"uv": [1, 7.5, 1.5, 8], "rotation": 180, "texture": "#0"}
			}
		},
		{
			"from": [11.75, 1.07754, 13.80549],
			"to": [12.25, 2.07754, 14.30549],
			"rotation": {"angle": -22.5, "axis": "x", "origin": [12, 1.59856, 14.06527]},
			"faces": {
				"north": {"uv": [0, 0, 0.5, 1], "rotation": 180, "texture": "#0"},
				"east": {"uv": [2.5, 7.5, 3.5, 8], "rotation": 90, "texture": "#0"},
				"south": {"uv": [2, 13, 2.5, 14], "texture": "#0"},
				"west": {"uv": [0, 0, 1, 0.5], "rotation": 90, "texture": "#0"},
				"up": {"uv": [0, 0, 0.5, 0.5], "rotation": 180, "texture": "#0"},
				"down": {"uv": [1, 7.5, 1.5, 8], "rotation": 180, "texture": "#0"}
			}
		},
		{
			"from": [12.67112, 1.51097, 12.51181],
			"to": [13.67112, 2.01097, 13.01181],
			"rotation": {"angle": 45, "axis": "y", "origin": [13.13333, 1.73547, 12.77847]},
			"faces": {
				"north": {"uv": [2.5, 7.5, 3.5, 8], "rotation": 180, "texture": "#0"},
				"east": {"uv": [1, 7.5, 1.5, 8], "rotation": 180, "texture": "#0"},
				"south": {"uv": [0, 0, 1, 0.5], "texture": "#0"},
				"west": {"uv": [0, 0, 0.5, 0.5], "texture": "#0"},
				"up": {"uv": [2, 13, 2.5, 14], "rotation": 270, "texture": "#0"},
				"down": {"uv": [0, 0, 0.5, 1], "rotation": 90, "texture": "#0"}
			}
		},
		{
			"from": [10.6, 3.41528, 13.50225],
			"to": [10.9, 3.66528, 13.55225],
			"rotation": {"angle": -22.5, "axis": "x", "origin": [11.80574, 4.02386, 12.62031]},
			"faces": {
				"north": {"uv": [2.5, 7.5, 2.8, 7.75], "texture": "#4"},
				"east": {"uv": [2.5, 7.5, 2.75, 7.55], "rotation": 90, "texture": "#4"},
				"south": {"uv": [2.5, 7.5, 2.8, 7.75], "rotation": 180, "texture": "#4"},
				"west": {"uv": [2.5, 7.5, 2.75, 7.55], "rotation": 270, "texture": "#4"},
				"up": {"uv": [2.5, 7.5, 2.8, 7.55], "texture": "#4"},
				"down": {"uv": [2.5, 7.5, 2.8, 7.55], "rotation": 180, "texture": "#4"}
			}
		},
		{
			"from": [11.45, 3.28326, 12.97751],
			"to": [11.75, 3.53326, 13.02751],
			"rotation": {"angle": 45, "axis": "y", "origin": [11.55574, 4.02386, 12.62031]},
			"faces": {
				"north": {"uv": [2.5, 7.5, 2.8, 7.75], "texture": "#4"},
				"east": {"uv": [2.5, 7.5, 2.75, 7.55], "rotation": 90, "texture": "#4"},
				"south": {"uv": [2.5, 7.5, 2.8, 7.75], "rotation": 180, "texture": "#4"},
				"west": {"uv": [2.5, 7.5, 2.75, 7.55], "rotation": 270, "texture": "#4"},
				"up": {"uv": [2.5, 7.5, 2.8, 7.55], "texture": "#4"},
				"down": {"uv": [2.5, 7.5, 2.8, 7.55], "rotation": 180, "texture": "#4"}
			}
		},
		{
			"from": [12.15199, 3.91319, 12.2],
			"to": [12.20199, 4.16319, 12.5],
			"rotation": {"angle": -22.5, "axis": "y", "origin": [12.11449, 4.35069, 12.35]},
			"faces": {
				"north": {"uv": [2.5, 7.5, 2.75, 7.55], "rotation": 90, "texture": "#4"},
				"east": {"uv": [2.5, 7.5, 2.8, 7.75], "rotation": 180, "texture": "#4"},
				"south": {"uv": [2.5, 7.5, 2.75, 7.55], "rotation": 270, "texture": "#4"},
				"west": {"uv": [2.5, 7.5, 2.8, 7.75], "texture": "#4"},
				"up": {"uv": [2.5, 7.5, 2.8, 7.55], "rotation": 270, "texture": "#4"},
				"down": {"uv": [2.5, 7.5, 2.8, 7.55], "rotation": 270, "texture": "#4"}
			}
		},
		{
			"from": [12.14319, 2.85, 13.22484],
			"to": [12.39319, 3.15, 13.27484],
			"rotation": {"angle": -22.5, "axis": "y", "origin": [11.20574, 4.02386, 12.97031]},
			"faces": {
				"north": {"uv": [2.5, 7.5, 2.8, 7.75], "rotation": 90, "texture": "#4"},
				"east": {"uv": [2.5, 7.5, 2.8, 7.55], "rotation": 90, "texture": "#4"},
				"south": {"uv": [2.5, 7.5, 2.8, 7.75], "rotation": 90, "texture": "#4"},
				"west": {"uv": [2.5, 7.5, 2.8, 7.55], "rotation": 270, "texture": "#4"},
				"up": {"uv": [2.5, 7.5, 2.75, 7.55], "texture": "#4"},
				"down": {"uv": [2.5, 7.5, 2.75, 7.55], "rotation": 180, "texture": "#4"}
			}
		},
		{
			"from": [11.25, 1.07754, 14.15549],
			"to": [11.55, 1.32754, 14.20549],
			"rotation": {"angle": -22.5, "axis": "x", "origin": [11.4, 1.84856, 14.06527]},
			"faces": {
				"north": {"uv": [2.5, 7.5, 2.8, 7.75], "texture": "#4"},
				"east": {"uv": [2.5, 7.5, 2.75, 7.55], "rotation": 90, "texture": "#4"},
				"south": {"uv": [2.5, 7.5, 2.8, 7.75], "rotation": 180, "texture": "#4"},
				"west": {"uv": [2.5, 7.5, 2.75, 7.55], "rotation": 270, "texture": "#4"},
				"up": {"uv": [2.5, 7.5, 2.8, 7.55], "texture": "#4"},
				"down": {"uv": [2.5, 7.5, 2.8, 7.55], "rotation": 180, "texture": "#4"}
			}
		},
		{
			"from": [10.65, 1.47754, 14.15549],
			"to": [10.95, 1.72754, 14.20549],
			"rotation": {"angle": -45, "axis": "x", "origin": [10.8, 2.24856, 14.06527]},
			"faces": {
				"north": {"uv": [2.5, 7.5, 2.8, 7.75], "texture": "#4"},
				"east": {"uv": [2.5, 7.5, 2.75, 7.55], "rotation": 90, "texture": "#4"},
				"south": {"uv": [2.5, 7.5, 2.8, 7.75], "rotation": 180, "texture": "#4"},
				"west": {"uv": [2.5, 7.5, 2.75, 7.55], "rotation": 270, "texture": "#4"},
				"up": {"uv": [2.5, 7.5, 2.8, 7.55], "texture": "#4"},
				"down": {"uv": [2.5, 7.5, 2.8, 7.55], "rotation": 180, "texture": "#4"}
			}
		},
		{
			"from": [11.85, 0.82754, 14.15549],
			"to": [12.15, 1.07754, 14.20549],
			"rotation": {"angle": -22.5, "axis": "x", "origin": [12, 1.59856, 14.06527]},
			"faces": {
				"north": {"uv": [2.5, 7.5, 2.8, 7.75], "texture": "#4"},
				"east": {"uv": [2.5, 7.5, 2.75, 7.55], "rotation": 90, "texture": "#4"},
				"south": {"uv": [2.5, 7.5, 2.8, 7.75], "rotation": 180, "texture": "#4"},
				"west": {"uv": [2.5, 7.5, 2.75, 7.55], "rotation": 270, "texture": "#4"},
				"up": {"uv": [2.5, 7.5, 2.8, 7.55], "texture": "#4"},
				"down": {"uv": [2.5, 7.5, 2.8, 7.55], "rotation": 180, "texture": "#4"}
			}
		},
		{
			"from": [13.67112, 1.86097, 12.56181],
			"to": [13.92112, 1.91097, 12.86181],
			"rotation": {"angle": 45, "axis": "y", "origin": [13.13333, 1.73547, 12.82847]},
			"faces": {
				"north": {"uv": [2.5, 7.5, 2.75, 7.55], "rotation": 180, "texture": "#4"},
				"east": {"uv": [2.5, 7.5, 2.8, 7.55], "rotation": 180, "texture": "#4"},
				"south": {"uv": [2.5, 7.5, 2.75, 7.55], "rotation": 180, "texture": "#4"},
				"west": {"uv": [2.5, 7.5, 2.8, 7.55], "rotation": 180, "texture": "#4"},
				"up": {"uv": [2.5, 7.5, 2.8, 7.75], "rotation": 90, "texture": "#4"},
				"down": {"uv": [2.5, 7.5, 2.8, 7.75], "rotation": 270, "texture": "#4"}
			}
		},
		{
			"from": [10, 1.85938, 4.52253],
			"to": [12.75, 4.60938, 11.52253],
			"rotation": {"angle": 0, "axis": "x", "origin": [11.375, 3.23438, 8.02253]},
			"faces": {
				"north": {"uv": [4, 13, 6.75, 15.75], "rotation": 180, "texture": "#2"},
				"east": {"uv": [4, 13, 11, 15.75], "rotation": 180, "texture": "#2"},
				"south": {"uv": [1, 13, 3.75, 15.75], "texture": "#2"},
				"west": {"uv": [0, 0, 2.75, 7], "rotation": 90, "texture": "#2"},
				"up": {"uv": [6.5, 13, 13.5, 15.75], "rotation": 90, "texture": "#2"},
				"down": {"uv": [0, 0, 2.75, 7], "texture": "#2"}
			}
		},
		{
			"from": [2.5, 2.5, 2.25],
			"to": [5, 9.25, 9],
			"rotation": {"angle": -22.5, "axis": "x", "origin": [8.75, 7.25, 9.75]},
			"faces": {
				"north": {"uv": [9.5, 7.5, 16, 14.25], "texture": "#2"},
				"east": {"uv": [9, 0, 15.75, 6.75], "rotation": 90, "texture": "#2"},
				"south": {"uv": [0, 0, 6.5, 6.75], "rotation": 180, "texture": "#2"},
				"west": {"uv": [9, 0, 15.75, 6.75], "rotation": 180, "texture": "#2"},
				"up": {"uv": [0, 0, 6.5, 6.75], "texture": "#2"},
				"down": {"uv": [0, 0, 6.5, 6.75], "texture": "#2"}
			}
		},
		{
			"from": [5, 1.75, 5],
			"to": [9.5, 7, 9],
			"rotation": {"angle": 0, "axis": "x", "origin": [8.75, 7.25, 9.75]},
			"faces": {
				"north": {"uv": [4.5, 3.5, 9, 8.25], "texture": "#5"},
				"east": {"uv": [10, 6, 14.75, 10], "rotation": 90, "texture": "#5"},
				"south": {"uv": [0, 0, 6.5, 6.75], "rotation": 180, "texture": "#5"},
				"west": {"uv": [9, 0, 15.75, 6.75], "rotation": 180, "texture": "#5"},
				"up": {"uv": [0, 0, 6.5, 6.75], "texture": "#5"},
				"down": {"uv": [0, 0, 6.5, 6.75], "texture": "#5"}
			}
		},
		{
			"from": [3.1, 1.75, 12],
			"to": [8.1, 6.25, 15],
			"rotation": {"angle": -22.5, "axis": "y", "origin": [8.85, 7.25, 11.5]},
			"faces": {
				"north": {"uv": [0, 0, 7.75, 4.5], "rotation": 180, "texture": "#5"},
				"east": {"uv": [0, 0, 2.75, 4.5], "rotation": 180, "texture": "#5"},
				"south": {"uv": [10.5, 8, 15.5, 12.5], "rotation": 180, "texture": "#5"},
				"west": {"uv": [4.5, 13, 9, 15.75], "rotation": 90, "texture": "#5"},
				"up": {"uv": [0, 0, 2.75, 7.75], "rotation": 270, "texture": "#5"},
				"down": {"uv": [0, 0, 2.75, 7.75], "rotation": 90, "texture": "#5"}
			}
		},
		{
			"from": [3.5, 0, 10],
			"to": [5.5, 6.5, 12.75],
			"rotation": {"angle": 22.5, "axis": "x", "origin": [8.75, 4.75, 15.5]},
			"faces": {
				"north": {"uv": [8, 5, 10, 11.5], "rotation": 180, "texture": "#0"},
				"east": {"uv": [0, 5, 2.75, 11.5], "rotation": 180, "texture": "#0"},
				"south": {"uv": [12, 5, 14, 11.5], "rotation": 180, "texture": "#0"},
				"west": {"uv": [6, 5, 8.75, 11.5], "rotation": 180, "texture": "#0"},
				"up": {"uv": [0, 0, 2, 2.75], "texture": "#0"},
				"down": {"uv": [0, 0, 2, 2.75], "texture": "#0"}
			}
		},
		{
			"from": [3, 6.5, 10],
			"to": [5.75, 7.75, 13.25],
			"rotation": {"angle": 22.5, "axis": "x", "origin": [8.75, 4.75, 15.5]},
			"faces": {
				"north": {"uv": [8, 5, 10.75, 6.25], "rotation": 180, "texture": "#0"},
				"east": {"uv": [0, 5, 3.25, 6.25], "rotation": 180, "texture": "#0"},
				"south": {"uv": [9.5, 4.5, 12.25, 5.75], "rotation": 180, "texture": "#0"},
				"west": {"uv": [6, 5, 9.25, 6.25], "rotation": 180, "texture": "#0"},
				"up": {"uv": [0, 0, 2.75, 3.25], "texture": "#0"},
				"down": {"uv": [0, 0, 2.75, 3.25], "texture": "#0"}
			}
		},
		{
			"from": [1.64822, 9.08697, 12.41395],
			"to": [3.89822, 9.83697, 13.16395],
			"rotation": {"angle": -45, "axis": "z", "origin": [2.77322, 9.46197, 12.78895]},
			"faces": {
				"north": {"uv": [7, 6.5, 9.25, 7.25], "rotation": 180, "texture": "#0"},
				"east": {"uv": [2, 4, 2.75, 4.75], "rotation": 180, "texture": "#0"},
				"south": {"uv": [6.5, 4.5, 8.75, 5.25], "rotation": 180, "texture": "#0"},
				"west": {"uv": [6, 7, 6.75, 7.75], "rotation": 180, "texture": "#0"},
				"up": {"uv": [3.5, 9, 5.75, 9.75], "texture": "#0"},
				"down": {"uv": [2, 4, 4.25, 4.75], "texture": "#0"}
			}
		},
		{
			"from": [0.28193, 8.53624, 11.41395],
			"to": [3.28193, 9.28624, 12.16395],
			"rotation": {"angle": 0, "axis": "z", "origin": [0.04244, 9.92153, 11.79728]},
			"faces": {
				"north": {"uv": [7, 6.5, 10, 7.25], "rotation": 180, "texture": "#0"},
				"east": {"uv": [2, 4, 2.75, 4.75], "rotation": 180, "texture": "#0"},
				"south": {"uv": [6.5, 4.5, 9.5, 5.25], "rotation": 180, "texture": "#0"},
				"west": {"uv": [6, 7, 6.75, 7.75], "rotation": 180, "texture": "#0"},
				"up": {"uv": [3.5, 9, 6.5, 9.75], "texture": "#0"},
				"down": {"uv": [2, 4, 5, 4.75], "texture": "#0"}
			}
		},
		{
			"from": [-0.64166, 8.75329, 11.41395],
			"to": [0.10834, 11.50329, 12.16395],
			"rotation": {"angle": 45, "axis": "z", "origin": [0.04244, 9.92153, 11.79728]},
			"faces": {
				"north": {"uv": [7, 6.5, 10, 7.25], "rotation": 90, "texture": "#0"},
				"east": {"uv": [3.5, 9, 6.5, 9.75], "rotation": 90, "texture": "#0"},
				"south": {"uv": [6.5, 4.5, 9.5, 5.25], "rotation": 270, "texture": "#0"},
				"west": {"uv": [2, 4, 5, 4.75], "rotation": 90, "texture": "#0"},
				"up": {"uv": [6, 7, 6.75, 7.75], "rotation": 270, "texture": "#0"},
				"down": {"uv": [2, 4, 2.75, 4.75], "rotation": 270, "texture": "#0"}
			}
		},
		{
			"from": [2.09467, 7.69053, 13.41395],
			"to": [2.84467, 10.94053, 14.16395],
			"rotation": {"angle": 22.5, "axis": "z", "origin": [2.46967, 9.31553, 13.78895]},
			"faces": {
				"north": {"uv": [7, 6.5, 9.25, 7.25], "rotation": 90, "texture": "#0"},
				"east": {"uv": [3.5, 9, 6.75, 9.75], "rotation": 90, "texture": "#0"},
				"south": {"uv": [6.5, 4.5, 9.75, 5.25], "rotation": 270, "texture": "#0"},
				"west": {"uv": [2, 4, 4.25, 4.75], "rotation": 90, "texture": "#0"},
				"up": {"uv": [6, 7, 6.75, 7.75], "rotation": 270, "texture": "#0"},
				"down": {"uv": [2, 4, 2.75, 4.75], "rotation": 270, "texture": "#0"}
			}
		},
		{
			"from": [0.74366, 10.15952, 13.91395],
			"to": [1.49366, 13.40952, 14.66395],
			"rotation": {"angle": 0, "axis": "z", "origin": [1.81904, 13.0102, 14.29728]},
			"faces": {
				"north": {"uv": [7, 6.5, 10.25, 7.25], "rotation": 90, "texture": "#0"},
				"east": {"uv": [3.5, 9, 6.75, 9.75], "rotation": 90, "texture": "#0"},
				"south": {"uv": [6.5, 4.5, 9.75, 5.25], "rotation": 270, "texture": "#0"},
				"west": {"uv": [2, 4, 5.25, 4.75], "rotation": 90, "texture": "#0"},
				"up": {"uv": [6, 7, 6.75, 7.75], "rotation": 270, "texture": "#0"},
				"down": {"uv": [2, 4, 2.75, 4.75], "rotation": 270, "texture": "#0"}
			}
		},
		{
			"from": [2.82026, 9.21565, 12.91395],
			"to": [3.57026, 12.21565, 13.66395],
			"rotation": {"angle": -22.5, "axis": "z", "origin": [3.78957, 12.13073, 13.26395]},
			"faces": {
				"north": {"uv": [7, 6.5, 10, 7.25], "rotation": 90, "texture": "#0"},
				"east": {"uv": [3.5, 9, 6.5, 9.75], "rotation": 90, "texture": "#0"},
				"south": {"uv": [6.5, 4.5, 9.5, 5.25], "rotation": 270, "texture": "#0"},
				"west": {"uv": [2, 4, 5, 4.75], "rotation": 90, "texture": "#0"},
				"up": {"uv": [6, 7, 6.75, 7.75], "rotation": 270, "texture": "#0"},
				"down": {"uv": [2, 4, 2.75, 4.75], "rotation": 270, "texture": "#0"}
			}
		},
		{
			"from": [3.25, 12.05842, 12.96395],
			"to": [4.75, 12.80842, 13.61395],
			"rotation": {"angle": 22.5, "axis": "z", "origin": [3.78957, 12.13073, 13.26395]},
			"faces": {
				"north": {"uv": [7, 6.5, 8.5, 7.25], "texture": "#0"},
				"east": {"uv": [6, 7, 6.65, 7.75], "texture": "#0"},
				"south": {"uv": [6.5, 4.5, 8, 5.25], "texture": "#0"},
				"west": {"uv": [2, 4, 2.65, 4.75], "texture": "#0"},
				"up": {"uv": [2, 4, 3.5, 4.65], "rotation": 180, "texture": "#0"},
				"down": {"uv": [3.5, 9, 5, 9.65], "rotation": 180, "texture": "#0"}
			}
		},
		{
			"from": [1.25, 12.80842, 13.96395],
			"to": [2.75, 13.55842, 14.61395],
			"rotation": {"angle": 45, "axis": "z", "origin": [1.81904, 13.0102, 14.29728]},
			"faces": {
				"north": {"uv": [7, 6.5, 8.5, 7.25], "texture": "#0"},
				"east": {"uv": [6, 7, 6.65, 7.75], "texture": "#0"},
				"south": {"uv": [6.5, 4.5, 8, 5.25], "texture": "#0"},
				"west": {"uv": [2, 4, 2.65, 4.75], "texture": "#0"},
				"up": {"uv": [2, 4, 3.5, 4.65], "rotation": 180, "texture": "#0"},
				"down": {"uv": [3.5, 9, 5, 9.65], "rotation": 180, "texture": "#0"}
			}
		},
		{
			"from": [2.75, 13.10842, 14.06395],
			"to": [3.25, 13.30842, 14.56395],
			"rotation": {"angle": 45, "axis": "z", "origin": [1.81904, 13.0102, 14.29728]},
			"faces": {
				"north": {"uv": [6, 7, 6.5, 7.2], "texture": "#4"},
				"east": {"uv": [6, 7, 6.5, 7.2], "texture": "#4"},
				"south": {"uv": [6, 7, 6.5, 7.2], "texture": "#4"},
				"west": {"uv": [6, 7, 6.5, 7.2], "texture": "#4"},
				"up": {"uv": [6, 7, 6.5, 7.2], "texture": "#4"},
				"down": {"uv": [6, 7, 6.5, 7.2], "texture": "#4"}
			}
		},
		{
			"from": [4.75, 12.30842, 12.96395],
			"to": [5.25, 12.50842, 13.46395],
			"rotation": {"angle": 22.5, "axis": "z", "origin": [3.78957, 12.13073, 13.26395]},
			"faces": {
				"north": {"uv": [6, 7, 6.5, 7.2], "texture": "#4"},
				"east": {"uv": [6, 7, 6.5, 7.2], "texture": "#4"},
				"south": {"uv": [6, 7, 6.5, 7.2], "texture": "#4"},
				"west": {"uv": [6, 7, 6.5, 7.2], "texture": "#4"},
				"up": {"uv": [6, 7, 6.5, 7.2], "texture": "#4"},
				"down": {"uv": [6, 7, 6.5, 7.2], "texture": "#4"}
			}
		},
		{
			"from": [-0.91333, 11.19788, 11.56395],
			"to": [-0.71333, 11.69788, 12.06395],
			"rotation": {"angle": 22.5, "axis": "z", "origin": [0.04244, 9.92153, 11.79728]},
			"faces": {
				"north": {"uv": [6, 7, 6.5, 7.2], "rotation": 90, "texture": "#4"},
				"east": {"uv": [6, 7, 6.5, 7.2], "rotation": 270, "texture": "#4"},
				"south": {"uv": [6, 7, 6.5, 7.2], "rotation": 270, "texture": "#4"},
				"west": {"uv": [6, 7, 6.5, 7.2], "rotation": 270, "texture": "#4"},
				"up": {"uv": [6, 7, 6.5, 7.2], "rotation": 270, "texture": "#4"},
				"down": {"uv": [6, 7, 6.5, 7.2], "rotation": 270, "texture": "#4"}
			}
		},
		{
			"from": [3.5, 8.75, 4.25],
			"to": [8, 12.75, 7.75],
			"rotation": {"angle": -22.5, "axis": "x", "origin": [8.75, 11.75, 9.75]},
			"faces": {
				"north": {"uv": [0, 0, 4.5, 4], "rotation": 180, "texture": "#1"},
				"east": {"uv": [0, 0, 3.5, 4], "rotation": 180, "texture": "#1"},
				"south": {"uv": [0, 1.5, 4.5, 5.5], "rotation": 180, "texture": "#1"},
				"west": {"uv": [0, 0, 3.5, 4], "rotation": 180, "texture": "#1"},
				"up": {"uv": [0, 0, 4.5, 3.5], "texture": "#1"},
				"down": {"uv": [0, 0, 4.5, 3.5], "texture": "#1"}
			}
		},
		{
			"from": [4.75, 11.5, 6.25],
			"to": [7, 17.5, 8.5],
			"rotation": {"angle": -45, "axis": "x", "origin": [8.75, 7.25, 9.75]},
			"faces": {
				"north": {"uv": [0, 10, 2.25, 16], "rotation": 180, "texture": "#0"},
				"east": {"uv": [1, 10, 3.25, 16], "rotation": 180, "texture": "#0"},
				"south": {"uv": [0, 10, 2.25, 16], "rotation": 180, "texture": "#0"},
				"west": {"uv": [0, 10, 2.25, 16], "rotation": 180, "texture": "#0"},
				"up": {"uv": [13, 4, 15.25, 6.25], "texture": "#0"},
				"down": {"uv": [0, 0, 2.25, 2.25], "texture": "#0"}
			}
		},
		{
			"from": [2.25, 8.40036, -0.4312],
			"to": [4.5, 10.65036, 5.5688],
			"rotation": {"angle": 22.5, "axis": "x", "origin": [3.29167, 6.7529, -0.28251]},
			"faces": {
				"north": {"uv": [13, 4, 15.25, 6.25], "rotation": 180, "texture": "#0"},
				"east": {"uv": [1, 10, 3.25, 16], "rotation": 270, "texture": "#0"},
				"south": {"uv": [0, 0, 2.25, 2.25], "texture": "#0"},
				"west": {"uv": [0, 10, 2.25, 16], "rotation": 90, "texture": "#0"},
				"up": {"uv": [0, 10, 2.25, 16], "rotation": 180, "texture": "#0"},
				"down": {"uv": [0, 10, 2.25, 16], "texture": "#0"}
			}
		},
		{
			"from": [5, 11.96828, -4.45832],
			"to": [6.5, 13.96828, 0.79168],
			"rotation": {"angle": 0, "axis": "x", "origin": [5.75, 13.28078, -4.02082]},
			"faces": {
				"north": {"uv": [8.5, 3, 10, 4.5], "rotation": 180, "texture": "#0"},
				"east": {"uv": [1.5, 6.5, 3, 9.75], "rotation": 270, "texture": "#0"},
				"south": {"uv": [0, 0, 1.5, 1.5], "texture": "#0"},
				"west": {"uv": [1.5, 8, 3, 11.25], "rotation": 90, "texture": "#0"},
				"up": {"uv": [0, 6.5, 1.5, 9.75], "rotation": 180, "texture": "#0"},
				"down": {"uv": [1, 7, 2.5, 10.25], "texture": "#0"}
			}
		},
		{
			"from": [2.5, 4.92917, -2.39567],
			"to": [4, 10.17917, -0.39567],
			"rotation": {"angle": 22.5, "axis": "x", "origin": [3.29167, 6.7529, -0.28251]},
			"faces": {
				"north": {"uv": [0, 6.5, 1.5, 9.75], "texture": "#0"},
				"east": {"uv": [1.5, 6.5, 3, 9.75], "texture": "#0"},
				"south": {"uv": [1, 7, 2.5, 10.25], "texture": "#0"},
				"west": {"uv": [1.5, 8, 3, 11.25], "texture": "#0"},
				"up": {"uv": [0, 0, 1.5, 1.5], "texture": "#0"},
				"down": {"uv": [8.5, 3, 10, 4.5], "texture": "#0"}
			}
		},
		{
			"from": [5.25, 13.46828, -7.95832],
			"to": [6.25, 13.71828, -4.45832],
			"rotation": {"angle": 0, "axis": "x", "origin": [5.75, 13.28078, -4.02082]},
			"faces": {
				"north": {"uv": [8.5, 3, 9.5, 3.25], "rotation": 180, "texture": "#4"},
				"east": {"uv": [1.5, 6.5, 1.75, 9.25], "rotation": 270, "texture": "#4"},
				"south": {"uv": [1, 2.5, 2, 2.75], "texture": "#4"},
				"west": {"uv": [1.5, 8, 1.75, 10.75], "rotation": 90, "texture": "#4"},
				"up": {"uv": [1.5, 6.5, 2.5, 9.25], "rotation": 180, "texture": "#4"},
				"down": {"uv": [1, 7, 2, 9.75], "texture": "#4"}
			}
		},
		{
			"from": [2.75, 1.42917, -2.14567],
			"to": [3.75, 4.92917, -1.89567],
			"rotation": {"angle": 22.5, "axis": "x", "origin": [3.29167, 6.7529, -0.28251]},
			"faces": {
				"north": {"uv": [1.5, 6.5, 2.5, 9.25], "texture": "#4"},
				"east": {"uv": [1.5, 6.5, 1.75, 9.25], "texture": "#4"},
				"south": {"uv": [1, 7, 2, 9.75], "texture": "#4"},
				"west": {"uv": [1.5, 8, 1.75, 10.75], "texture": "#4"},
				"up": {"uv": [1, 2.5, 2, 2.75], "texture": "#4"},
				"down": {"uv": [8.5, 3, 9.5, 3.25], "texture": "#4"}
			}
		},
		{
			"from": [6.85, 12.27392, 1.28521],
			"to": [8.35, 12.87392, 2.03521],
			"rotation": {"angle": -22.5, "axis": "z", "origin": [7.6, 12.57392, 1.66021]},
			"faces": {
				"north": {"uv": [0, 10, 1.5, 10.6], "rotation": 180, "texture": "#0"},
				"east": {"uv": [1, 10, 1.75, 10.6], "rotation": 180, "texture": "#0"},
				"south": {"uv": [0, 10, 1.5, 10.6], "rotation": 180, "texture": "#0"},
				"west": {"uv": [0, 10, 0.75, 10.6], "rotation": 180, "texture": "#0"},
				"up": {"uv": [13, 4, 14.5, 4.75], "texture": "#0"},
				"down": {"uv": [0, 0, 1.5, 0.75], "texture": "#0"}
			}
		},
		{
			"from": [7.3325, 10.98314, 2.53521],
			"to": [7.9325, 12.48314, 3.28521],
			"rotation": {"angle": -22.5, "axis": "z", "origin": [8.11164, 12.64478, 2.91021]},
			"faces": {
				"north": {"uv": [0, 10, 1.5, 10.6], "rotation": 270, "texture": "#0"},
				"east": {"uv": [0, 0, 1.5, 0.75], "rotation": 270, "texture": "#0"},
				"south": {"uv": [0, 10, 1.5, 10.6], "rotation": 90, "texture": "#0"},
				"west": {"uv": [13, 4, 14.5, 4.75], "rotation": 270, "texture": "#0"},
				"up": {"uv": [1, 10, 1.75, 10.6], "rotation": 90, "texture": "#0"},
				"down": {"uv": [0, 10, 0.75, 10.6], "rotation": 90, "texture": "#0"}
			}
		},
		{
			"from": [7.3325, 9.48314, 3.53521],
			"to": [7.9325, 10.98314, 4.28521],
			"rotation": {"angle": -22.5, "axis": "z", "origin": [8.11164, 11.14478, 3.91021]},
			"faces": {
				"north": {"uv": [0, 10, 1.5, 10.6], "rotation": 270, "texture": "#0"},
				"east": {"uv": [0, 0, 1.5, 0.75], "rotation": 270, "texture": "#0"},
				"south": {"uv": [0, 10, 1.5, 10.6], "rotation": 90, "texture": "#0"},
				"west": {"uv": [13, 4, 14.5, 4.75], "rotation": 270, "texture": "#0"},
				"up": {"uv": [1, 10, 1.75, 10.6], "rotation": 90, "texture": "#0"},
				"down": {"uv": [0, 10, 0.75, 10.6], "rotation": 90, "texture": "#0"}
			}
		},
		{
			"from": [8.1, 11.97392, 1.28521],
			"to": [9.35, 12.57392, 2.03521],
			"rotation": {"angle": -45, "axis": "z", "origin": [8.225, 12.27392, 1.66021]},
			"faces": {
				"north": {"uv": [0, 10, 1.25, 10.6], "rotation": 180, "texture": "#0"},
				"east": {"uv": [1, 10, 1.75, 10.6], "rotation": 180, "texture": "#0"},
				"south": {"uv": [0, 10, 1.25, 10.6], "rotation": 180, "texture": "#0"},
				"west": {"uv": [0, 10, 0.75, 10.6], "rotation": 180, "texture": "#0"},
				"up": {"uv": [13, 4, 14.25, 4.75], "texture": "#0"},
				"down": {"uv": [0, 0, 1.25, 0.75], "texture": "#0"}
			}
		},
		{
			"from": [7.51586, 12.41019, 2.53521],
			"to": [8.76586, 13.01019, 3.28521],
			"rotation": {"angle": 22.5, "axis": "z", "origin": [8.11164, 12.64478, 2.91021]},
			"faces": {
				"north": {"uv": [0, 10, 1.25, 10.6], "rotation": 180, "texture": "#0"},
				"east": {"uv": [1, 10, 1.75, 10.6], "rotation": 180, "texture": "#0"},
				"south": {"uv": [0, 10, 1.25, 10.6], "rotation": 180, "texture": "#0"},
				"west": {"uv": [0, 10, 0.75, 10.6], "rotation": 180, "texture": "#0"},
				"up": {"uv": [13, 4, 14.25, 4.75], "texture": "#0"},
				"down": {"uv": [0, 0, 1.25, 0.75], "texture": "#0"}
			}
		},
		{
			"from": [7.51586, 10.91019, 3.53521],
			"to": [8.76586, 11.51019, 4.28521],
			"rotation": {"angle": 0, "axis": "z", "origin": [8.11164, 11.14478, 3.91021]},
			"faces": {
				"north": {"uv": [0, 10, 1.25, 10.6], "rotation": 180, "texture": "#0"},
				"east": {"uv": [1, 10, 1.75, 10.6], "rotation": 180, "texture": "#0"},
				"south": {"uv": [0, 10, 1.25, 10.6], "rotation": 180, "texture": "#0"},
				"west": {"uv": [0, 10, 0.75, 10.6], "rotation": 180, "texture": "#0"},
				"up": {"uv": [13, 4, 14.25, 4.75], "texture": "#0"},
				"down": {"uv": [0, 0, 1.25, 0.75], "texture": "#0"}
			}
		},
		{
			"from": [9.35, 12.37392, 1.38521],
			"to": [9.95, 12.52392, 1.93521],
			"rotation": {"angle": -45, "axis": "z", "origin": [8.225, 12.27392, 1.66021]},
			"faces": {
				"north": {"uv": [0, 10, 0.6, 10.15], "rotation": 180, "texture": "#4"},
				"east": {"uv": [1, 10, 1.55, 10.15], "rotation": 180, "texture": "#4"},
				"south": {"uv": [0, 10, 0.6, 10.15], "rotation": 180, "texture": "#4"},
				"west": {"uv": [0, 10, 0.55, 10.15], "rotation": 180, "texture": "#4"},
				"up": {"uv": [13, 4, 13.6, 4.55], "texture": "#4"},
				"down": {"uv": [0, 0, 0.6, 0.55], "texture": "#4"}
			}
		},
		{
			"from": [8.76586, 12.81019, 2.63521],
			"to": [9.36586, 12.96019, 3.18521],
			"rotation": {"angle": 22.5, "axis": "z", "origin": [8.11164, 12.64478, 2.91021]},
			"faces": {
				"north": {"uv": [0, 10, 0.6, 10.15], "rotation": 180, "texture": "#4"},
				"east": {"uv": [1, 10, 1.55, 10.15], "rotation": 180, "texture": "#4"},
				"south": {"uv": [0, 10, 0.6, 10.15], "rotation": 180, "texture": "#4"},
				"west": {"uv": [0, 10, 0.55, 10.15], "rotation": 180, "texture": "#4"},
				"up": {"uv": [13, 4, 13.6, 4.55], "texture": "#4"},
				"down": {"uv": [0, 0, 0.6, 0.55], "texture": "#4"}
			}
		},
		{
			"from": [8.76586, 11.31019, 3.63521],
			"to": [9.36586, 11.46019, 4.18521],
			"rotation": {"angle": 0, "axis": "z", "origin": [8.11164, 11.14478, 3.91021]},
			"faces": {
				"north": {"uv": [0, 10, 0.6, 10.15], "rotation": 180, "texture": "#4"},
				"east": {"uv": [1, 10, 1.55, 10.15], "rotation": 180, "texture": "#4"},
				"south": {"uv": [0, 10, 0.6, 10.15], "rotation": 180, "texture": "#4"},
				"west": {"uv": [0, 10, 0.55, 10.15], "rotation": 180, "texture": "#4"},
				"up": {"uv": [13, 4, 13.6, 4.55], "texture": "#4"},
				"down": {"uv": [0, 0, 0.6, 0.55], "texture": "#4"}
			}
		},
		{
			"from": [6.75, 8.25, 5.25],
			"to": [14, 11.25, 8.25],
			"rotation": {"angle": 45, "axis": "z", "origin": [11, 9.75, 6.75]},
			"faces": {
				"north": {"uv": [1, 4.5, 4, 11.75], "rotation": 90, "texture": "#0"},
				"east": {"uv": [0, 3.5, 3, 6.5], "rotation": 180, "texture": "#0"},
				"south": {"uv": [0, 2.5, 3, 9.75], "rotation": 270, "texture": "#0"},
				"west": {"uv": [0, 6, 3, 9], "texture": "#0"},
				"up": {"uv": [1, 4, 4, 11.25], "rotation": 270, "texture": "#0"},
				"down": {"uv": [0, 5.5, 3, 12.75], "rotation": 270, "texture": "#0"}
			}
		},
		{
			"from": [12.03447, 12.76022, 5],
			"to": [15.28447, 14.26022, 8.25],
			"rotation": {"angle": 22.5, "axis": "z", "origin": [16.13021, 14.09176, 7.20952]},
			"faces": {
				"north": {"uv": [1, 4.5, 3.25, 11.75], "rotation": 90, "texture": "#0"},
				"east": {"uv": [0, 3.5, 2.5, 5.75], "rotation": 180, "texture": "#0"},
				"south": {"uv": [0, 2.5, 2.25, 9.75], "rotation": 270, "texture": "#0"},
				"west": {"uv": [0, 6, 3, 9], "texture": "#0"},
				"up": {"uv": [1, 4, 3.5, 11.25], "rotation": 270, "texture": "#0"},
				"down": {"uv": [0, 5.5, 2.5, 12.75], "rotation": 270, "texture": "#0"}
			}
		},
		{
			"from": [14.89269, 12.37298, 7],
			"to": [15.89269, 15.12298, 8],
			"rotation": {"angle": -45, "axis": "z", "origin": [16.13021, 13.59176, 7.20952]},
			"faces": {
				"north": {"uv": [1, 4.5, 2, 7.25], "rotation": 180, "texture": "#0"},
				"east": {"uv": [0, 5.5, 1, 8.25], "rotation": 180, "texture": "#0"},
				"south": {"uv": [0, 2.5, 1, 5.25], "rotation": 180, "texture": "#0"},
				"west": {"uv": [1, 4, 2, 6.75], "rotation": 180, "texture": "#0"},
				"up": {"uv": [0, 3.5, 1, 4.5], "rotation": 90, "texture": "#0"},
				"down": {"uv": [0, 6, 1, 7], "rotation": 270, "texture": "#0"}
			}
		},
		{
			"from": [14.61731, 13.08292, 5.9],
			"to": [17.36731, 14.08292, 6.9],
			"rotation": {"angle": 0, "axis": "z", "origin": [16.13021, 13.09176, 7.20952]},
			"faces": {
				"north": {"uv": [1, 4.5, 2, 7.25], "rotation": 90, "texture": "#0"},
				"east": {"uv": [0, 3.5, 1, 4.5], "rotation": 180, "texture": "#0"},
				"south": {"uv": [0, 2.5, 1, 5.25], "rotation": 270, "texture": "#0"},
				"west": {"uv": [0, 6, 1, 7], "texture": "#0"},
				"up": {"uv": [1, 4, 2, 6.75], "rotation": 270, "texture": "#0"},
				"down": {"uv": [0, 5.5, 1, 8.25], "rotation": 270, "texture": "#0"}
			}
		},
		{
			"from": [15.43693, 12.59623, 4.8],
			"to": [16.43693, 15.34623, 5.8],
			"rotation": {"angle": -22.5, "axis": "z", "origin": [17.37219, 14.94704, 5.30833]},
			"faces": {
				"north": {"uv": [1, 4.5, 2, 7.25], "rotation": 180, "texture": "#0"},
				"east": {"uv": [0, 5.5, 1, 8.25], "rotation": 180, "texture": "#0"},
				"south": {"uv": [0, 2.5, 1, 5.25], "rotation": 180, "texture": "#0"},
				"west": {"uv": [1, 4, 2, 6.75], "rotation": 180, "texture": "#0"},
				"up": {"uv": [0, 3.5, 1, 4.5], "rotation": 90, "texture": "#0"},
				"down": {"uv": [0, 6, 1, 7], "rotation": 270, "texture": "#0"}
			}
		},
		{
			"from": [15.54783, 14.22544, 7.1],
			"to": [18.29783, 15.22544, 7.9],
			"rotation": {"angle": -22.5, "axis": "z", "origin": [16.13021, 13.59176, 7.20952]},
			"faces": {
				"north": {"uv": [1, 4.5, 2, 7.25], "rotation": 90, "texture": "#0"},
				"east": {"uv": [0, 3.5, 0.8, 4.5], "rotation": 180, "texture": "#0"},
				"south": {"uv": [0, 2.5, 1, 5.25], "rotation": 270, "texture": "#0"},
				"west": {"uv": [0, 6, 0.8, 7], "texture": "#0"},
				"up": {"uv": [1, 4, 1.8, 6.75], "rotation": 270, "texture": "#0"},
				"down": {"uv": [0, 5.5, 0.8, 8.25], "rotation": 270, "texture": "#0"}
			}
		},
		{
			"from": [17.29508, 10.86029, 6],
			"to": [18.29508, 13.61029, 6.8],
			"rotation": {"angle": 22.5, "axis": "z", "origin": [16.38021, 12.09176, 7.20952]},
			"faces": {
				"north": {"uv": [1, 4.5, 2, 7.25], "texture": "#0"},
				"east": {"uv": [1, 4, 1.8, 6.75], "texture": "#0"},
				"south": {"uv": [0, 2.5, 1, 5.25], "texture": "#0"},
				"west": {"uv": [0, 5.5, 0.8, 8.25], "texture": "#0"},
				"up": {"uv": [0, 6, 0.8, 7], "rotation": 90, "texture": "#0"},
				"down": {"uv": [0, 3.5, 0.8, 4.5], "rotation": 270, "texture": "#0"}
			}
		},
		{
			"from": [15.62733, 14.77245, 4.9],
			"to": [18.37733, 15.77245, 5.7],
			"rotation": {"angle": -45, "axis": "z", "origin": [17.37219, 14.94704, 5.30833]},
			"faces": {
				"north": {"uv": [1, 4.5, 2, 7.25], "rotation": 90, "texture": "#0"},
				"east": {"uv": [0, 3.5, 0.8, 4.5], "rotation": 180, "texture": "#0"},
				"south": {"uv": [0, 2.5, 1, 5.25], "rotation": 270, "texture": "#0"},
				"west": {"uv": [0, 6, 0.8, 7], "texture": "#0"},
				"up": {"uv": [1, 4, 1.8, 6.75], "rotation": 270, "texture": "#0"},
				"down": {"uv": [0, 5.5, 0.8, 8.25], "rotation": 270, "texture": "#0"}
			}
		},
		{
			"from": [18.29783, 14.97544, 7.25],
			"to": [19.89783, 15.12544, 7.8],
			"rotation": {"angle": -22.5, "axis": "z", "origin": [16.13021, 13.59176, 7.20952]},
			"faces": {
				"north": {"uv": [1, 4.5, 3.25, 11.75], "rotation": 90, "texture": "#4"},
				"east": {"uv": [0, 3.5, 2.5, 5.75], "rotation": 180, "texture": "#4"},
				"south": {"uv": [0, 2.5, 2.25, 9.75], "rotation": 270, "texture": "#4"},
				"west": {"uv": [0, 6, 3, 9], "texture": "#4"},
				"up": {"uv": [1, 4, 3.5, 11.25], "rotation": 270, "texture": "#4"},
				"down": {"uv": [0, 5.5, 2.5, 12.75], "rotation": 270, "texture": "#4"}
			}
		},
		{
			"from": [18.04508, 9.26029, 6.15],
			"to": [18.19508, 10.86029, 6.7],
			"rotation": {"angle": 22.5, "axis": "z", "origin": [16.38021, 12.09176, 7.20952]},
			"faces": {
				"north": {"uv": [1, 4.5, 3.25, 11.75], "texture": "#4"},
				"east": {"uv": [1, 4, 3.5, 11.25], "texture": "#4"},
				"south": {"uv": [0, 2.5, 2.25, 9.75], "texture": "#4"},
				"west": {"uv": [0, 5.5, 2.5, 12.75], "texture": "#4"},
				"up": {"uv": [0, 6, 3, 9], "rotation": 90, "texture": "#4"},
				"down": {"uv": [0, 3.5, 2.5, 5.75], "rotation": 270, "texture": "#4"}
			}
		},
		{
			"from": [18.37733, 15.52245, 5.05],
			"to": [19.97733, 15.67245, 5.6],
			"rotation": {"angle": -45, "axis": "z", "origin": [17.37219, 14.94704, 5.30833]},
			"faces": {
				"north": {"uv": [1, 4.5, 3.25, 11.75], "rotation": 90, "texture": "#4"},
				"east": {"uv": [0, 3.5, 2.5, 5.75], "rotation": 180, "texture": "#4"},
				"south": {"uv": [0, 2.5, 2.25, 9.75], "rotation": 270, "texture": "#4"},
				"west": {"uv": [0, 6, 3, 9], "texture": "#4"},
				"up": {"uv": [1, 4, 3.5, 11.25], "rotation": 270, "texture": "#4"},
				"down": {"uv": [0, 5.5, 2.5, 12.75], "rotation": 270, "texture": "#4"}
			}
		},
		{
			"from": [13.35622, 12.52276, 8.79758],
			"to": [15.10622, 13.57276, 9.94758],
			"rotation": {"angle": 0, "axis": "z", "origin": [14.98122, 13.04776, 9.46008]},
			"faces": {
				"north": {"uv": [0, 5.5, 1.75, 6.55], "rotation": 180, "texture": "#0"},
				"east": {"uv": [0, 2.5, 1.15, 3.55], "rotation": 180, "texture": "#0"},
				"south": {"uv": [1, 4, 2.75, 5.05], "rotation": 180, "texture": "#0"},
				"west": {"uv": [1, 4.5, 2.15, 5.55], "rotation": 180, "texture": "#0"},
				"up": {"uv": [0, 3.5, 1.75, 4.65], "texture": "#0"},
				"down": {"uv": [0, 6, 1.75, 7.15], "texture": "#0"}
			}
		},
		{
			"from": [15.10622, 12.77276, 9.39758],
			"to": [16.35622, 13.32276, 9.69758],
			"rotation": {"angle": 0, "axis": "z", "origin": [14.98122, 13.04776, 9.46008]},
			"faces": {
				"north": {"uv": [0, 5.5, 1.25, 6.05], "rotation": 180, "texture": "#4"},
				"east": {"uv": [0, 2.5, 0.3, 3.05], "rotation": 180, "texture": "#4"},
				"south": {"uv": [1, 4, 2.25, 4.55], "rotation": 180, "texture": "#4"},
				"west": {"uv": [1, 4.5, 1.3, 5.05], "rotation": 180, "texture": "#4"},
				"up": {"uv": [0, 3.5, 1.25, 3.8], "texture": "#4"},
				"down": {"uv": [0, 6, 1.25, 6.3], "texture": "#4"}
			}
		},
		{
			"from": [12.72119, 14.51081, 7.96506],
			"to": [13.97119, 15.76081, 9.46506],
			"rotation": {"angle": 45, "axis": "z", "origin": [16.13021, 14.09176, 7.20952]},
			"faces": {
				"north": {"uv": [1, 4.5, 2.25, 5.75], "rotation": 90, "texture": "#0"},
				"east": {"uv": [0, 3.5, 1.5, 4.75], "rotation": 180, "texture": "#0"},
				"south": {"uv": [0, 2.5, 1.25, 3.75], "rotation": 270, "texture": "#0"},
				"west": {"uv": [0, 6, 1.5, 7.25], "texture": "#0"},
				"up": {"uv": [1, 4, 2.5, 5.25], "rotation": 270, "texture": "#0"},
				"down": {"uv": [0, 5.5, 1.5, 6.75], "rotation": 270, "texture": "#0"}
			}
		},
		{
			"from": [10, 7.5, 8.25],
			"to": [12.75, 10.5, 12.25],
			"rotation": {"angle": 0, "axis": "y", "origin": [8.75, 7.25, 9.75]},
			"faces": {
				"north": {"uv": [0, 0, 3, 2.75], "rotation": 90, "texture": "#2"},
				"east": {"uv": [0.5, 13, 4.5, 16], "rotation": 180, "texture": "#2"},
				"south": {"uv": [1.5, 13, 4.5, 15.75], "rotation": 270, "texture": "#2"},
				"west": {"uv": [3, 13, 7, 16], "texture": "#2"},
				"up": {"uv": [0, 13, 4, 15.75], "rotation": 270, "texture": "#2"},
				"down": {"uv": [1.5, 13, 5.5, 15.75], "rotation": 270, "texture": "#2"}
			}
		},
		{
			"from": [5.5, 10, 10.75],
			"to": [9.5, 12.75, 13.5],
			"rotation": {"angle": -22.5, "axis": "z", "origin": [3.25, 8.75, 14.75]},
			"faces": {
				"north": {"uv": [3, 13, 7, 15.75], "texture": "#3"},
				"east": {"uv": [0, 0, 2.75, 2.75], "texture": "#3"},
				"south": {"uv": [3.5, 13, 7.5, 15.75], "texture": "#3"},
				"west": {"uv": [0, 0, 2.75, 2.75], "rotation": 180, "texture": "#3"},
				"up": {"uv": [4.5, 13, 8.5, 15.75], "texture": "#3"},
				"down": {"uv": [2, 13, 6, 15.75], "texture": "#3"}
			}
		}
	],
	"display": {
		"head": {
			"translation": [0, -27.25, 0],
			"scale": [2, 2, 2]
		}
	}
}