{
	"credit": "Made by MILENARY",
	"texture_size": [6, 6],
	"textures": {
		"0": "block/doll_1",
		"1": "block/doll_2",
		"3": "block/g_cloth_2",
		"4": "block/culpture_in_2",
		"5": "block/doll_3",
		"particle": "block/doll_3"
	},
	"elements": [
		{
			"from": [7.25, 0, 9],
			"to": [8.75, 10, 10.5],
			"rotation": {"angle": 0, "axis": "y", "origin": [14, 8, 16.75]},
			"faces": {
				"north": {"uv": [0, 0, 4, 16], "texture": "#5"},
				"east": {"uv": [0, 0, 4, 16], "texture": "#5"},
				"south": {"uv": [0, 0, 4, 16], "texture": "#5"},
				"west": {"uv": [0, 0, 4, 16], "texture": "#5"},
				"up": {"uv": [0, 0, 4, 4], "texture": "#5"},
				"down": {"uv": [0, 0, 4, 4], "texture": "#5"}
			}
		},
		{
			"from": [8.05, 8.5, 7.05],
			"to": [8.15, 9, 7.15],
			"rotation": {"angle": 22.5, "axis": "z", "origin": [7.75, 9.25, 8.275]},
			"faces": {
				"north": {"uv": [2, 7, 2.53333, 8.33333], "texture": "#3"},
				"east": {"uv": [0, 0, 5.33333, 8], "texture": "#3"},
				"south": {"uv": [0, 0, 6.66667, 8], "texture": "#3"},
				"west": {"uv": [4, 7, 9.5, 15], "texture": "#3"},
				"up": {"uv": [9, 8.5, 15.5, 14], "texture": "#3"},
				"down": {"uv": [0, 0, 6.66667, 5.33333], "texture": "#3"}
			}
		},
		{
			"from": [7.6, 8.55, 7.05],
			"to": [7.7, 8.7, 7.15],
			"rotation": {"angle": 22.5, "axis": "z", "origin": [7.3, 9.05, 8.275]},
			"faces": {
				"north": {"uv": [2, 7, 2.53333, 8.33333], "texture": "#3"},
				"east": {"uv": [0, 0, 5.33333, 8], "texture": "#3"},
				"south": {"uv": [0, 0, 6.66667, 8], "texture": "#3"},
				"west": {"uv": [4, 7, 9.5, 15], "texture": "#3"},
				"up": {"uv": [9, 8.5, 15.5, 14], "texture": "#3"},
				"down": {"uv": [0, 0, 6.66667, 5.33333], "texture": "#3"}
			}
		},
		{
			"from": [7.9, 8.75, 7.05],
			"to": [8, 8.95, 7.15],
			"rotation": {"angle": 22.5, "axis": "z", "origin": [7.75, 9.25, 8.275]},
			"faces": {
				"north": {"uv": [2, 7, 2.53333, 8.33333], "texture": "#3"},
				"east": {"uv": [0, 0, 5.33333, 8], "texture": "#3"},
				"south": {"uv": [0, 0, 6.66667, 8], "texture": "#3"},
				"west": {"uv": [4, 7, 9.5, 15], "texture": "#3"},
				"up": {"uv": [9, 8.5, 15.5, 14], "texture": "#3"},
				"down": {"uv": [0, 0, 6.66667, 5.33333], "texture": "#3"}
			}
		},
		{
			"from": [7.45, 8.5, 7.05],
			"to": [7.55, 8.7, 7.15],
			"rotation": {"angle": 22.5, "axis": "z", "origin": [7.3, 9.05, 8.275]},
			"faces": {
				"north": {"uv": [2, 7, 2.53333, 8.33333], "texture": "#3"},
				"east": {"uv": [0, 0, 5.33333, 8], "texture": "#3"},
				"south": {"uv": [0, 0, 6.66667, 8], "texture": "#3"},
				"west": {"uv": [4, 7, 9.5, 15], "texture": "#3"},
				"up": {"uv": [9, 8.5, 15.5, 14], "texture": "#3"},
				"down": {"uv": [0, 0, 6.66667, 5.33333], "texture": "#3"}
			}
		},
		{
			"from": [7.75, 8.6, 7.05],
			"to": [7.85, 9, 7.15],
			"rotation": {"angle": 22.5, "axis": "z", "origin": [7.75, 9.25, 8.275]},
			"faces": {
				"north": {"uv": [2, 7, 2.53333, 8.33333], "texture": "#3"},
				"east": {"uv": [0, 0, 5.33333, 8], "texture": "#3"},
				"south": {"uv": [0, 0, 6.66667, 8], "texture": "#3"},
				"west": {"uv": [4, 7, 9.5, 15], "texture": "#3"},
				"up": {"uv": [9, 8.5, 15.5, 14], "texture": "#3"},
				"down": {"uv": [0, 0, 6.66667, 5.33333], "texture": "#3"}
			}
		},
		{
			"from": [7.3, 8.6, 7.05],
			"to": [7.4, 8.8, 7.15],
			"rotation": {"angle": 22.5, "axis": "z", "origin": [7.3, 9.05, 8.275]},
			"faces": {
				"north": {"uv": [2, 7, 2.53333, 8.33333], "texture": "#3"},
				"east": {"uv": [0, 0, 5.33333, 8], "texture": "#3"},
				"south": {"uv": [0, 0, 6.66667, 8], "texture": "#3"},
				"west": {"uv": [4, 7, 9.5, 15], "texture": "#3"},
				"up": {"uv": [9, 8.5, 15.5, 14], "texture": "#3"},
				"down": {"uv": [0, 0, 6.66667, 5.33333], "texture": "#3"}
			}
		},
		{
			"from": [6.5, 7.75, 7.15],
			"to": [9, 10.75, 9.15],
			"rotation": {"angle": 22.5, "axis": "z", "origin": [7.75, 9.25, 8.275]},
			"faces": {
				"north": {"uv": [2, 7, 8.5, 15], "texture": "#1"},
				"east": {"uv": [0, 0, 5.33333, 8], "texture": "#0"},
				"south": {"uv": [0, 0, 6.66667, 8], "texture": "#0"},
				"west": {"uv": [4, 7, 9.5, 15], "texture": "#1"},
				"up": {"uv": [9, 8.5, 15.5, 14], "texture": "#1"},
				"down": {"uv": [0, 0, 6.66667, 5.33333], "texture": "#0"}
			}
		},
		{
			"from": [7, 3.25, 6.9],
			"to": [9.25, 7.25, 8.9],
			"rotation": {"angle": 0, "axis": "y", "origin": [7.75, 9.25, 8.275]},
			"faces": {
				"north": {"uv": [3, 5, 9, 15.5], "texture": "#1"},
				"east": {"uv": [0, 0, 5.5, 10.5], "texture": "#0"},
				"south": {"uv": [0, 0, 6, 10.66667], "texture": "#0"},
				"west": {"uv": [10.5, 5, 16, 15.5], "texture": "#1"},
				"up": {"uv": [0, 0, 6, 5.33333], "texture": "#0"},
				"down": {"uv": [0, 0, 6, 5.33333], "texture": "#0"}
			}
		},
		{
			"from": [6.65, 5.1, 6.7],
			"to": [8.25, 5.5, 7.05],
			"rotation": {"angle": 22.5, "axis": "x", "origin": [7.5, 5.25, 6.875]},
			"faces": {
				"north": {"uv": [3, 5, 7, 6.33333], "texture": "#4"},
				"east": {"uv": [0, 0, 0.93333, 1.33333], "texture": "#4"},
				"south": {"uv": [0, 0, 4, 1.33333], "texture": "#4"},
				"west": {"uv": [10.5, 5, 11.43333, 6.33333], "texture": "#4"},
				"up": {"uv": [0, 0, 4, 0.93333], "texture": "#4"},
				"down": {"uv": [0, 0, 4, 0.93333], "texture": "#4"}
			}
		},
		{
			"from": [6.4, 4.85, 6.7],
			"to": [6.8, 5.65, 7.05],
			"rotation": {"angle": -22.5, "axis": "z", "origin": [6.65, 5.25, 6.875]},
			"faces": {
				"north": {"uv": [3, 5, 7, 6.33333], "rotation": 90, "texture": "#4"},
				"east": {"uv": [0, 0, 4, 0.93333], "rotation": 270, "texture": "#4"},
				"south": {"uv": [0, 0, 4, 1.33333], "rotation": 270, "texture": "#4"},
				"west": {"uv": [0, 0, 4, 0.93333], "rotation": 270, "texture": "#4"},
				"up": {"uv": [0, 0, 0.93333, 1.33333], "rotation": 270, "texture": "#4"},
				"down": {"uv": [10.5, 5, 11.43333, 6.33333], "rotation": 270, "texture": "#4"}
			}
		},
		{
			"from": [6.15, 3.65, 6.6],
			"to": [6.55, 5.2, 6.95],
			"rotation": {"angle": 0, "axis": "z", "origin": [6.4, 4.8, 6.775]},
			"faces": {
				"north": {"uv": [3, 5, 7, 6.33333], "rotation": 90, "texture": "#4"},
				"east": {"uv": [0, 0, 4, 0.93333], "rotation": 270, "texture": "#4"},
				"south": {"uv": [0, 0, 4, 1.33333], "rotation": 270, "texture": "#4"},
				"west": {"uv": [0, 0, 4, 0.93333], "rotation": 270, "texture": "#4"},
				"up": {"uv": [0, 0, 0.93333, 1.33333], "rotation": 270, "texture": "#4"},
				"down": {"uv": [10.5, 5, 11.43333, 6.33333], "rotation": 270, "texture": "#4"}
			}
		},
		{
			"from": [6.05, 3.3, 6.6],
			"to": [6.45, 3.85, 6.95],
			"rotation": {"angle": -45, "axis": "x", "origin": [6.25, 3.575, 6.775]},
			"faces": {
				"north": {"uv": [3, 5, 7, 6.33333], "rotation": 90, "texture": "#4"},
				"east": {"uv": [0, 0, 4, 0.93333], "rotation": 270, "texture": "#4"},
				"south": {"uv": [0, 0, 4, 1.33333], "rotation": 270, "texture": "#4"},
				"west": {"uv": [0, 0, 4, 0.93333], "rotation": 270, "texture": "#4"},
				"up": {"uv": [0, 0, 0.93333, 1.33333], "rotation": 270, "texture": "#4"},
				"down": {"uv": [10.5, 5, 11.43333, 6.33333], "rotation": 270, "texture": "#4"}
			}
		},
		{
			"from": [6.2, 3.35, 7.3],
			"to": [6.6, 4.75, 7.65],
			"rotation": {"angle": 22.5, "axis": "x", "origin": [6.4, 3.675, 7.475]},
			"faces": {
				"north": {"uv": [0, 0, 4, 1.33333], "rotation": 90, "texture": "#4"},
				"east": {"uv": [0, 0, 4, 0.93333], "rotation": 90, "texture": "#4"},
				"south": {"uv": [3, 5, 7, 6.33333], "rotation": 270, "texture": "#4"},
				"west": {"uv": [0, 0, 4, 0.93333], "rotation": 90, "texture": "#4"},
				"up": {"uv": [10.5, 5, 11.43333, 6.33333], "rotation": 270, "texture": "#4"},
				"down": {"uv": [0, 0, 0.93333, 1.33333], "rotation": 270, "texture": "#4"}
			}
		},
		{
			"from": [5.9, 3.25, 6.9],
			"to": [6.3, 3.6, 7.55],
			"rotation": {"angle": 0, "axis": "x", "origin": [6.1, 3.425, 6.775]},
			"faces": {
				"north": {"uv": [0, 0, 0.93333, 1.33333], "rotation": 90, "texture": "#4"},
				"east": {"uv": [0, 0, 4, 0.93333], "texture": "#4"},
				"south": {"uv": [10.5, 5, 11.43333, 6.33333], "rotation": 270, "texture": "#4"},
				"west": {"uv": [0, 0, 4, 0.93333], "rotation": 180, "texture": "#4"},
				"up": {"uv": [0, 0, 4, 1.33333], "rotation": 270, "texture": "#4"},
				"down": {"uv": [3, 5, 7, 6.33333], "rotation": 270, "texture": "#4"}
			}
		},
		{
			"from": [6.55, 4.625, 6.975],
			"to": [7.4, 4.975, 7.375],
			"rotation": {"angle": 22.5, "axis": "y", "origin": [6.65, 4.8, 7.125]},
			"faces": {
				"north": {"uv": [0, 0, 4, 0.93333], "rotation": 180, "texture": "#4"},
				"east": {"uv": [0, 0, 0.93333, 1.33333], "rotation": 270, "texture": "#4"},
				"south": {"uv": [0, 0, 4, 0.93333], "texture": "#4"},
				"west": {"uv": [10.5, 5, 11.43333, 6.33333], "rotation": 90, "texture": "#4"},
				"up": {"uv": [3, 5, 7, 6.33333], "rotation": 180, "texture": "#4"},
				"down": {"uv": [0, 0, 4, 1.33333], "texture": "#4"}
			}
		},
		{
			"from": [6.5, 4.375, 7.175],
			"to": [6.9, 4.725, 7.925],
			"rotation": {"angle": 0, "axis": "y", "origin": [6.65, 4.55, 7.925]},
			"faces": {
				"north": {"uv": [0, 0, 0.93333, 1.33333], "rotation": 270, "texture": "#4"},
				"east": {"uv": [0, 0, 4, 0.93333], "texture": "#4"},
				"south": {"uv": [10.5, 5, 11.43333, 6.33333], "rotation": 90, "texture": "#4"},
				"west": {"uv": [0, 0, 4, 0.93333], "rotation": 180, "texture": "#4"},
				"up": {"uv": [3, 5, 7, 6.33333], "rotation": 90, "texture": "#4"},
				"down": {"uv": [0, 0, 4, 1.33333], "rotation": 90, "texture": "#4"}
			}
		},
		{
			"from": [7, 4.725, 6.625],
			"to": [8.1, 5.075, 7.125],
			"rotation": {"angle": -22.5, "axis": "x", "origin": [7.35, 4.9, 6.875]},
			"faces": {
				"north": {"uv": [0, 0, 4, 0.93333], "rotation": 180, "texture": "#4"},
				"east": {"uv": [0, 0, 0.93333, 1.33333], "rotation": 270, "texture": "#4"},
				"south": {"uv": [0, 0, 4, 0.93333], "texture": "#4"},
				"west": {"uv": [10.5, 5, 11.43333, 6.33333], "rotation": 90, "texture": "#4"},
				"up": {"uv": [3, 5, 7, 6.33333], "rotation": 180, "texture": "#4"},
				"down": {"uv": [0, 0, 4, 1.33333], "texture": "#4"}
			}
		},
		{
			"from": [6.5, 1, 7.4],
			"to": [7.75, 3.5, 8.65],
			"rotation": {"angle": 22.5, "axis": "y", "origin": [7.125, 2.125, 8.025]},
			"faces": {
				"north": {"uv": [0, 0, 3.33333, 6.66667], "texture": "#0"},
				"east": {"uv": [0, 0, 3.33333, 6.66667], "texture": "#0"},
				"south": {"uv": [0, 0, 3.33333, 6.66667], "texture": "#0"},
				"west": {"uv": [0, 0, 3.33333, 6.66667], "texture": "#0"},
				"up": {"uv": [0, 0, 3.33333, 3.33333], "texture": "#0"},
				"down": {"uv": [0, 0, 3.33333, 3.33333], "texture": "#0"}
			}
		},
		{
			"from": [8.75, 1, 7.4],
			"to": [10, 3.5, 8.65],
			"rotation": {"angle": 22.5, "axis": "z", "origin": [9.375, 2.125, 8.025]},
			"faces": {
				"north": {"uv": [0, 0, 3.33333, 6.66667], "texture": "#0"},
				"east": {"uv": [0, 0, 3.33333, 6.66667], "texture": "#0"},
				"south": {"uv": [0, 0, 3.33333, 6.66667], "texture": "#0"},
				"west": {"uv": [0, 0, 3.33333, 6.66667], "texture": "#0"},
				"up": {"uv": [0, 0, 3.33333, 3.33333], "texture": "#0"},
				"down": {"uv": [0, 0, 3.33333, 3.33333], "texture": "#0"}
			}
		},
		{
			"from": [7.5, 7.25, 7.65],
			"to": [8.75, 8, 8.65],
			"rotation": {"angle": 0, "axis": "y", "origin": [7.75, 9.25, 8.275]},
			"faces": {
				"north": {"uv": [1, 1, 4.5, 3], "texture": "#1"},
				"east": {"uv": [0, 0, 2.66667, 2], "texture": "#1"},
				"south": {"uv": [0, 0, 3.33333, 2], "texture": "#1"},
				"west": {"uv": [0, 0, 2.66667, 2], "texture": "#1"},
				"up": {"uv": [0, 0, 3.33333, 2.66667], "texture": "#1"},
				"down": {"uv": [1, 2.5, 4.5, 5], "texture": "#1"}
			}
		},
		{
			"from": [9.25, 6.5, 7.4],
			"to": [12, 7.5, 8.4],
			"rotation": {"angle": 22.5, "axis": "y", "origin": [10.625, 6.75, 7.9]},
			"faces": {
				"north": {"uv": [0, 0, 2.66667, 7.33333], "rotation": 90, "texture": "#0"},
				"east": {"uv": [0, 0, 2.66667, 2.66667], "rotation": 90, "texture": "#0"},
				"south": {"uv": [0, 0, 2.66667, 7.33333], "rotation": 90, "texture": "#0"},
				"west": {"uv": [0, 0, 2.66667, 2.66667], "texture": "#0"},
				"up": {"uv": [0, 0, 2.5, 7.5], "rotation": 90, "texture": "#0"},
				"down": {"uv": [0, 0, 2.66667, 7.33333], "rotation": 90, "texture": "#0"}
			}
		},
		{
			"from": [4.75, 6.5, 7.4],
			"to": [7.5, 7.5, 8.4],
			"rotation": {"angle": -45, "axis": "y", "origin": [6.125, 6.75, 7.9]},
			"faces": {
				"north": {"uv": [0, 0, 2.66667, 7.33333], "rotation": 90, "texture": "#0"},
				"east": {"uv": [0, 0, 2.66667, 2.66667], "rotation": 90, "texture": "#0"},
				"south": {"uv": [0, 0, 2.66667, 7.33333], "rotation": 90, "texture": "#0"},
				"west": {"uv": [0, 0, 2.66667, 2.66667], "rotation": 90, "texture": "#0"},
				"up": {"uv": [0, 0, 2.66667, 7.33333], "rotation": 90, "texture": "#0"},
				"down": {"uv": [0, 0, 2.66667, 7.33333], "rotation": 90, "texture": "#0"}
			}
		},
		{
			"from": [3.75, 6.5, 9],
			"to": [7.25, 7.75, 10.5],
			"rotation": {"angle": 0, "axis": "y", "origin": [14, 8, 16.75]},
			"faces": {
				"north": {"uv": [0, 0, 3.33333, 9.33333], "rotation": 90, "texture": "#5"},
				"east": {"uv": [0, 0, 3.33333, 4], "rotation": 90, "texture": "#5"},
				"south": {"uv": [0, 0, 3.33333, 9.33333], "rotation": 90, "texture": "#5"},
				"west": {"uv": [0, 0, 3.33333, 4], "rotation": 90, "texture": "#5"},
				"up": {"uv": [0, 0, 4, 9.33333], "rotation": 90, "texture": "#5"},
				"down": {"uv": [0, 0, 4, 9.33333], "rotation": 90, "texture": "#5"}
			}
		},
		{
			"from": [8.75, 6.5, 9],
			"to": [12.25, 7.75, 10.5],
			"rotation": {"angle": 0, "axis": "y", "origin": [19, 8, 16.75]},
			"faces": {
				"north": {"uv": [0, 0, 3.33333, 9.33333], "rotation": 90, "texture": "#5"},
				"east": {"uv": [0, 0, 3.33333, 4], "rotation": 90, "texture": "#5"},
				"south": {"uv": [0, 0, 3.33333, 9.33333], "rotation": 90, "texture": "#5"},
				"west": {"uv": [0, 0, 3.33333, 4], "rotation": 90, "texture": "#5"},
				"up": {"uv": [0, 0, 4, 9.33333], "rotation": 90, "texture": "#5"},
				"down": {"uv": [0, 0, 4, 9.33333], "rotation": 90, "texture": "#5"}
			}
		}
	],
	"display": {
		"thirdperson_righthand": {
			"translation": [0, 2.75, 0]
		},
		"thirdperson_lefthand": {
			"translation": [0, 2.75, 0]
		},
		"firstperson_righthand": {
			"rotation": [0, -180, 0],
			"translation": [0, 15, 0]
		},
		"firstperson_lefthand": {
			"rotation": [0, -180, 0],
			"translation": [0, 15, 0]
		},
		"gui": {
			"rotation": [0, -180, 0],
			"translation": [0, 4.25, 0],
			"scale": [1.5, 1.5, 1.5]
		},
		"head": {
			"translation": [0, -31.25, 0],
			"scale": [1.5, 1.5, 1.5]
		},
		"fixed": {
			"translation": [0, 3.5, -3.5],
			"scale": [1.5, 1.5, 1.5]
		}
	}
}