{
	"credit": "Made by MILENARY",
	"textures": {
		"0": "block/item_1",
		"particle": "block/item_1"
	},
	"elements": [
		{
			"from": [5, 0, 5],
			"to": [11, 0.5, 11],
			"rotation": {"angle": 0, "axis": "y", "origin": [15, 8, 8]},
			"faces": {
				"north": {"uv": [0, 0, 6, 0.5], "texture": "#0"},
				"east": {"uv": [0, 0, 6, 0.5], "texture": "#0"},
				"south": {"uv": [0, 0, 6, 0.5], "texture": "#0"},
				"west": {"uv": [0, 0, 6, 0.5], "texture": "#0"},
				"up": {"uv": [0, 0, 6, 6], "texture": "#0"},
				"down": {"uv": [0, 0, 6, 6], "texture": "#0"}
			}
		},
		{
			"from": [4.5, 0.5, 4.25],
			"to": [11.5, 4.5, 11.5],
			"rotation": {"angle": 0, "axis": "y", "origin": [15, 8, 8]},
			"faces": {
				"north": {"uv": [0, 0, 4.25, 4], "texture": "#0"},
				"east": {"uv": [0, 0, 4.25, 4], "texture": "#0"},
				"south": {"uv": [0, 0, 4.25, 4], "texture": "#0"},
				"west": {"uv": [0, 0, 4.25, 4], "texture": "#0"},
				"up": {"uv": [0, 0, 7, 7.25], "texture": "#0"},
				"down": {"uv": [0, 0, 7, 7.25], "texture": "#0"}
			}
		},
		{
			"from": [5.75, 4.5, 5.75],
			"to": [10.25, 9.25, 10.25],
			"rotation": {"angle": 0, "axis": "y", "origin": [15, 8, 8]},
			"faces": {
				"north": {"uv": [0, 0, 4.5, 4.75], "texture": "#0"},
				"east": {"uv": [0, 0, 4.5, 4.75], "texture": "#0"},
				"south": {"uv": [0, 0, 4.5, 4.75], "texture": "#0"},
				"west": {"uv": [0, 0, 4.5, 4.75], "texture": "#0"},
				"up": {"uv": [0, 5, 4.5, 9.5], "texture": "#0"},
				"down": {"uv": [0, 0, 4.5, 4.5], "texture": "#0"}
			}
		},
		{
			"from": [5.75, 9, 5.5],
			"to": [10.25, 9.75, 6.25],
			"rotation": {"angle": 0, "axis": "y", "origin": [15, 8, 8]},
			"faces": {
				"north": {"uv": [0, 0, 4.5, 0.75], "texture": "#0"},
				"east": {"uv": [0, 0, 0.75, 0.75], "texture": "#0"},
				"south": {"uv": [0, 0, 4.5, 0.75], "texture": "#0"},
				"west": {"uv": [0, 0, 0.75, 0.75], "texture": "#0"},
				"up": {"uv": [0, 0, 4.5, 0.75], "texture": "#0"},
				"down": {"uv": [0, 0, 4.5, 0.75], "texture": "#0"}
			}
		},
		{
			"from": [5.75, 9, 10],
			"to": [10.25, 9.75, 10.75],
			"rotation": {"angle": 0, "axis": "y", "origin": [15, 8, 12.5]},
			"faces": {
				"north": {"uv": [0, 0, 4.5, 0.75], "texture": "#0"},
				"east": {"uv": [0, 0, 0.75, 0.75], "texture": "#0"},
				"south": {"uv": [0, 0, 4.5, 0.75], "texture": "#0"},
				"west": {"uv": [0, 0, 0.75, 0.75], "texture": "#0"},
				"up": {"uv": [0, 0, 4.5, 0.75], "texture": "#0"},
				"down": {"uv": [0, 0, 4.5, 0.75], "texture": "#0"}
			}
		},
		{
			"from": [5.125, 9, 5.875],
			"to": [5.875, 9.8, 10.375],
			"rotation": {"angle": 0, "axis": "y", "origin": [5.5, 9.375, 8.125]},
			"faces": {
				"north": {"uv": [0, 0, 0.75, 0.8], "texture": "#0"},
				"east": {"uv": [0, 0, 4.5, 0.8], "texture": "#0"},
				"south": {"uv": [0, 0, 0.75, 0.8], "texture": "#0"},
				"west": {"uv": [0, 0, 4.5, 0.8], "texture": "#0"},
				"up": {"uv": [0, 0, 4.5, 0.75], "rotation": 270, "texture": "#0"},
				"down": {"uv": [0, 0, 4.5, 0.75], "rotation": 90, "texture": "#0"}
			}
		},
		{
			"from": [9.875, 9, 5.875],
			"to": [10.625, 9.8, 10.375],
			"rotation": {"angle": 0, "axis": "y", "origin": [10.25, 9.375, 8.125]},
			"faces": {
				"north": {"uv": [0, 0, 0.75, 0.8], "texture": "#0"},
				"east": {"uv": [0, 0, 4.5, 0.8], "texture": "#0"},
				"south": {"uv": [0, 0, 0.75, 0.8], "texture": "#0"},
				"west": {"uv": [0, 0, 4.5, 0.8], "texture": "#0"},
				"up": {"uv": [0, 0, 4.5, 0.75], "rotation": 270, "texture": "#0"},
				"down": {"uv": [0, 0, 4.5, 0.75], "rotation": 90, "texture": "#0"}
			}
		}
	],
	"display": {
		"head": {
			"translation": [0, -35, 0]
		}
	}
}