{"gui_light":"front","textures":{"1":"block/furnace_side","2":"block/coal_block","4":"block/coal_ore","9":"block/redstone_torch","particle":"block/redstone_torch","1_2":"block/cauldron_inner"},"elements":[{"from":[5.45783,8.653,7.7855],"to":[7.61283,9.5285,8.2145],"rotation":{"angle":0,"axis":"y","origin":[13.375,6.925,9]},"faces":{"north":{"uv":[0,13,1,14],"rotation":180,"texture":"#2"},"south":{"uv":[1,13,2,14],"texture":"#2"},"west":{"uv":[0,1,7,2],"texture":"#2"}}},{"from":[7.60783,8.653,7.7855],"to":[8.51283,9.3285,8.2145],"rotation":{"angle":0,"axis":"y","origin":[12.875,6.925,9]},"faces":{"north":{"uv":[1,13,2,14],"rotation":180,"texture":"#2"},"south":{"uv":[1,13,2,14],"texture":"#2"}}},{"from":[4.28467,10.72984,7.77796],"to":[4.83967,10.93751,8.22204],"rotation":{"angle":0,"axis":"y","origin":[2.819,10.113,8]},"faces":{"north":{"uv":[0,0,1,1],"rotation":180,"texture":"#2"},"east":{"uv":[8,7,9,8],"texture":"#1_2"},"south":{"uv":[0,0,1,1],"texture":"#2"},"west":{"uv":[10,10,14,11],"rotation":90,"texture":"#2"},"up":{"uv":[6,8,11,9],"rotation":90,"texture":"#2"}}},{"from":[4.28467,9.28849,7.77796],"to":[4.83967,9.49616,8.22204],"rotation":{"angle":0,"axis":"x","origin":[2.819,10.113,8]},"faces":{"north":{"uv":[0,0,1,1],"rotation":180,"texture":"#2"},"east":{"uv":[8,7,9,8],"rotation":180,"texture":"#1_2"},"south":{"uv":[0,0,1,1],"texture":"#2"},"west":{"uv":[10,10,14,11],"rotation":270,"texture":"#2"},"down":{"uv":[6,8,11,9],"rotation":90,"texture":"#2"}}},{"from":[4.28467,9.89096,7.17549],"to":[4.83967,10.33504,7.38316],"rotation":{"angle":0,"axis":"x","origin":[2.819,10.113,8]},"faces":{"north":{"uv":[6,8,11,9],"rotation":270,"texture":"#2"},"east":{"uv":[8,7,9,8],"rotation":90,"texture":"#1_2"},"west":{"uv":[10,10,14,11],"texture":"#2"},"up":{"uv":[0,0,1,1],"texture":"#2"},"down":{"uv":[0,0,1,1],"texture":"#2"}}},{"from":[4.28467,9.89096,8.61684],"to":[4.83967,10.33504,8.82451],"rotation":{"angle":0,"axis":"x","origin":[2.819,10.113,8]},"faces":{"east":{"uv":[8,7,9,8],"rotation":270,"texture":"#1_2"},"south":{"uv":[6,8,11,9],"rotation":90,"texture":"#2"},"west":{"uv":[10,10,14,11],"rotation":180,"texture":"#2"},"up":{"uv":[0,0,1,1],"texture":"#2"},"down":{"uv":[0,0,1,1],"texture":"#2"}}},{"from":[5.305,10.708,7.51546],"to":[6.035,10.84067,8.48454],"rotation":{"angle":0,"axis":"x","origin":[1.719,10.113,8]},"faces":{"north":{"uv":[0,0,1,1],"rotation":180,"texture":"#2"},"east":{"uv":[8,7,9,8],"texture":"#1_2"},"south":{"uv":[0,0,1,1],"texture":"#2"},"west":{"uv":[10,10,14,11],"rotation":90,"texture":"#2"},"up":{"uv":[6,8,11,9],"rotation":90,"texture":"#2"}}},{"from":[5.305,9.62846,8.595],"to":[6.035,10.59754,8.72767],"rotation":{"angle":0,"axis":"x","origin":[1.719,10.113,8]},"faces":{"east":{"uv":[8,7,9,8],"rotation":270,"texture":"#1_2"},"south":{"uv":[6,8,11,9],"rotation":90,"texture":"#2"},"west":{"uv":[10,10,14,11],"rotation":180,"texture":"#2"},"up":{"uv":[0,0,1,1],"texture":"#2"},"down":{"uv":[0,0,1,1],"texture":"#2"}}},{"from":[5.305,9.62846,7.27233],"to":[6.035,10.59754,7.405],"rotation":{"angle":0,"axis":"x","origin":[1.719,10.113,8]},"faces":{"north":{"uv":[6,9,11,8],"rotation":90,"texture":"#2"},"east":{"uv":[8,8,9,7],"rotation":270,"texture":"#1_2"},"west":{"uv":[14,10,10,11],"rotation":180,"texture":"#2"},"up":{"uv":[0,1,1,0],"texture":"#2"},"down":{"uv":[0,1,1,0],"texture":"#2"}}},{"from":[5.25,8.25,7.5],"to":[9.275,8.73,8.5],"rotation":{"angle":0,"axis":"y","origin":[7.26165,8.48871,8.00214]},"faces":{"north":{"uv":[1,14,5,15],"rotation":270,"texture":"#2"},"east":{"uv":[1,13,2,14],"texture":"#2"},"south":{"uv":[1,14,5,15],"rotation":270,"texture":"#2"},"west":{"uv":[1,13,2,14],"texture":"#2"},"up":{"uv":[0.01,0.01,0.01,0.01],"texture":"#2"},"down":{"uv":[0.01,0.01,0.01,0.01],"texture":"#2"}}},{"from":[8.48983,8.728,7.5605],"to":[9.21983,9.40368,8.4395],"rotation":{"angle":0,"axis":"y","origin":[12.175,6.925,8]},"faces":{"north":{"uv":[7,12,11,13],"texture":"#2"},"east":{"uv":[1,13,2,14],"texture":"#2"},"south":{"uv":[7,12,11,13],"rotation":180,"texture":"#2"},"west":{"uv":[0,1,7,2],"texture":"#2"},"up":{"uv":[0.01,0.01,0.01,0.01],"texture":"#2"},"down":{"uv":[0.01,0.01,0.01,0.01],"texture":"#2"}}},{"from":[5.28983,8.728,7.6855],"to":[5.71983,9.52868,8.3145],"rotation":{"angle":0,"axis":"y","origin":[12.675,6.925,8]},"faces":{"north":{"uv":[7,12,11,13],"rotation":180,"texture":"#2","cullface":"north"},"east":{"uv":[9,9,12,10],"texture":"#2"},"south":{"uv":[7,12,11,13],"texture":"#2"},"west":{"uv":[0,2,5,3],"rotation":270,"texture":"#2"},"up":{"uv":[0.01,0.01,0.01,0.01],"texture":"#2"},"down":{"uv":[0.01,0.01,0.01,0.01],"texture":"#2"}}},{"from":[5.5931,9.82295,8.6851],"to":[5.73234,10.52295,9.0851],"rotation":{"angle":0,"axis":"z","origin":[5.66272,10.17295,8.8851]},"faces":{"south":{"uv":[4,0,8,16],"texture":"#1_2"},"up":{"uv":[9,8,10,16],"rotation":270,"texture":"#4"},"down":{"uv":[9,8,10,16],"rotation":90,"texture":"#4"}}},{"from":[5.31272,10.798,7.9304],"to":[6.01272,11.198,8.06964],"rotation":{"angle":0,"axis":"y","origin":[5.66272,10.9981,8]},"faces":{"east":{"uv":[9,8,10,16],"rotation":90,"texture":"#4"},"west":{"uv":[9,8,10,16],"rotation":90,"texture":"#4"},"up":{"uv":[6,0,10,16],"rotation":90,"texture":"#1_2"}}},{"from":[5.59312,10.798,7.65],"to":[5.73236,11.198,8.35],"rotation":{"angle":0,"axis":"y","origin":[5.66272,10.9981,8]},"faces":{"north":{"uv":[9,8,10,16],"rotation":90,"texture":"#4"},"south":{"uv":[9,8,10,16],"rotation":90,"texture":"#4"},"up":{"uv":[5,0,9,16],"texture":"#1_2"}}},{"from":[5.31272,10.7981,7.93038],"to":[6.01272,11.1981,8.06962],"rotation":{"angle":-22.5,"axis":"y","origin":[5.66272,10.9981,8]},"faces":{"east":{"uv":[9,8,10,16],"rotation":90,"texture":"#4"},"west":{"uv":[9,8,10,16],"rotation":90,"texture":"#4"},"up":{"uv":[4,0,8,16],"rotation":270,"texture":"#1_2"}}},{"from":[5.31272,10.7981,7.93038],"to":[6.01272,11.1981,8.06962],"rotation":{"angle":22.5,"axis":"y","origin":[5.66272,10.9981,8]},"faces":{"east":{"uv":[9,8,10,16],"rotation":90,"texture":"#4"},"west":{"uv":[9,8,10,16],"rotation":90,"texture":"#4"},"up":{"uv":[4,0,8,16],"rotation":90,"texture":"#1_2"}}},{"from":[5.5931,10.7982,7.65],"to":[5.73234,11.1982,8.35],"rotation":{"angle":45,"axis":"y","origin":[5.66272,10.9981,8]},"faces":{"north":{"uv":[9,8,10,16],"rotation":90,"texture":"#4"},"south":{"uv":[9,8,10,16],"rotation":90,"texture":"#4"},"up":{"uv":[5,0,9,16],"texture":"#1_2"}}},{"from":[5.5931,10.7982,7.65],"to":[5.73234,11.1982,8.35],"rotation":{"angle":-45,"axis":"y","origin":[5.66272,10.9981,8]},"faces":{"north":{"uv":[9,8,10,16],"rotation":90,"texture":"#4"},"south":{"uv":[9,8,10,16],"rotation":90,"texture":"#4"},"up":{"uv":[6,0,10,16],"texture":"#1_2"}}},{"from":[5.5931,10.7981,7.65],"to":[5.73234,11.1981,8.35],"rotation":{"angle":22.5,"axis":"y","origin":[5.66272,10.9981,8]},"faces":{"north":{"uv":[9,8,10,16],"rotation":90,"texture":"#4"},"south":{"uv":[9,8,10,16],"rotation":90,"texture":"#4"},"up":{"uv":[4,0,8,16],"texture":"#1_2"}}},{"from":[5.5931,10.7981,7.65],"to":[5.73234,11.1981,8.35],"rotation":{"angle":-22.5,"axis":"y","origin":[5.66272,10.9981,8]},"faces":{"north":{"uv":[9,8,10,16],"rotation":90,"texture":"#4"},"south":{"uv":[9,8,10,16],"rotation":90,"texture":"#4"},"up":{"uv":[4,0,8,16],"texture":"#1_2"}}},{"from":[5.31272,10.10333,8.685],"to":[6.01272,10.24257,9.085],"rotation":{"angle":0,"axis":"z","origin":[5.66272,10.17295,8.8851]},"faces":{"east":{"uv":[9,8,10,16],"texture":"#4"},"south":{"uv":[4,0,8,16],"rotation":90,"texture":"#1_2"},"west":{"uv":[9,8,10,16],"rotation":180,"texture":"#4"}}},{"from":[5.31272,10.10333,8.6851],"to":[6.01272,10.24257,9.0851],"rotation":{"angle":22.5,"axis":"z","origin":[5.66272,10.17295,8.8851]},"faces":{"east":{"uv":[9,8,10,16],"texture":"#4"},"south":{"uv":[4,0,8,16],"rotation":90,"texture":"#1_2"},"west":{"uv":[9,8,10,16],"rotation":180,"texture":"#4"}}},{"from":[5.31272,10.10333,8.6849],"to":[6.01272,10.24257,9.0849],"rotation":{"angle":45,"axis":"z","origin":[5.66272,10.17295,8.8851]},"faces":{"east":{"uv":[9,8,10,16],"texture":"#4"},"south":{"uv":[4,0,8,16],"rotation":90,"texture":"#1_2"},"west":{"uv":[9,8,10,16],"rotation":180,"texture":"#4"}}},{"from":[5.31272,10.10333,8.6851],"to":[6.01272,10.24257,9.0851],"rotation":{"angle":-22.5,"axis":"z","origin":[5.66272,10.17295,8.8851]},"faces":{"east":{"uv":[9,8,10,16],"texture":"#4"},"south":{"uv":[5,0,9,16],"rotation":270,"texture":"#1_2"},"west":{"uv":[9,8,10,16],"rotation":180,"texture":"#4"}}},{"from":[5.5931,9.82295,8.6849],"to":[5.73234,10.52295,9.0849],"rotation":{"angle":45,"axis":"z","origin":[5.66272,10.17295,8.8851]},"faces":{"south":{"uv":[4,0,8,16],"texture":"#1_2"},"up":{"uv":[9,8,10,16],"rotation":270,"texture":"#4"},"down":{"uv":[9,8,10,16],"rotation":90,"texture":"#4"}}},{"from":[5.5931,9.82295,8.685],"to":[5.73234,10.52295,9.085],"rotation":{"angle":-22.5,"axis":"z","origin":[5.66272,10.17295,8.8851]},"faces":{"south":{"uv":[8,0,12,16],"texture":"#1_2"},"up":{"uv":[9,8,10,16],"rotation":270,"texture":"#4"},"down":{"uv":[9,8,10,16],"rotation":90,"texture":"#4"}}},{"from":[5.5931,9.82295,8.685],"to":[5.73234,10.52295,9.085],"rotation":{"angle":22.5,"axis":"z","origin":[5.66272,10.17295,8.8851]},"faces":{"south":{"uv":[5,0,9,16],"texture":"#1_2"},"up":{"uv":[9,8,10,16],"rotation":270,"texture":"#4"},"down":{"uv":[9,8,10,16],"rotation":90,"texture":"#4"}}},{"from":[5.575,9.97294,7.0149],"to":[5.74069,10.37294,7.4149],"rotation":{"angle":0,"axis":"z","origin":[5.65785,10.17294,7.2149]},"faces":{"north":{"uv":[1,0,0,1],"rotation":180,"texture":"#1"},"up":{"uv":[1,0,0,1],"rotation":270,"texture":"#2"},"down":{"uv":[1,0,0,1],"rotation":90,"texture":"#2"}}},{"from":[5.45785,10.0901,7.0149],"to":[5.85785,10.25579,7.4149],"rotation":{"angle":0,"axis":"z","origin":[5.65785,10.17294,7.2149]},"faces":{"north":{"uv":[1,0,0,1],"rotation":90,"texture":"#1"},"east":{"uv":[1,0,0,1],"texture":"#2"},"west":{"uv":[1,0,0,1],"rotation":180,"texture":"#2"}}},{"from":[5.575,9.97294,7.0149],"to":[5.74069,10.37294,7.4149],"rotation":{"angle":45,"axis":"z","origin":[5.65785,10.17294,7.2149]},"faces":{"north":{"uv":[1,0,0,1],"rotation":180,"texture":"#1"},"up":{"uv":[1,0,0,1],"rotation":270,"texture":"#2"},"down":{"uv":[1,0,0,1],"rotation":90,"texture":"#2"}}},{"from":[5.575,9.97294,7.0149],"to":[5.74069,10.37294,7.4149],"rotation":{"angle":-45,"axis":"z","origin":[5.65785,10.17294,7.2149]},"faces":{"north":{"uv":[1,0,0,1],"rotation":180,"texture":"#1"},"up":{"uv":[1,0,0,1],"rotation":270,"texture":"#2"},"down":{"uv":[1,0,0,1],"rotation":90,"texture":"#2"}}},{"from":[3.025,10.777,7.8349],"to":[4.153,10.943,8.1651],"rotation":{"angle":-22.5,"axis":"x","origin":[3.489,10.113,8]},"faces":{"east":{"uv":[14,12,16,13],"rotation":90,"texture":"#1"},"west":{"uv":[10,10,16,11],"rotation":90,"texture":"#2"},"up":{"uv":[13,5,14,6],"rotation":90,"texture":"#1"},"down":{"uv":[15.99,6,15.99,7],"texture":"#1"}}},{"from":[3.025,10.777,7.8349],"to":[4.153,10.943,8.1651],"rotation":{"angle":-45,"axis":"x","origin":[3.489,10.113,8]},"faces":{"east":{"uv":[0.01,0.01,0.01,0.01],"rotation":270,"texture":"#1"},"west":{"uv":[10,10,16,11],"rotation":90,"texture":"#2"},"up":{"uv":[14,5,16,6],"rotation":270,"texture":"#1"},"down":{"uv":[15.99,6,15.99,7],"texture":"#1"}}},{"from":[3.025,9.9479,7.17],"to":[4.153,10.2781,7.336],"rotation":{"angle":22.5,"axis":"x","origin":[3.489,10.113,8]},"faces":{"north":{"uv":[15,5,16,6],"rotation":270,"texture":"#1"},"east":{"uv":[10,10,11,11],"texture":"#2"},"south":{"uv":[15.99,6,15.99,7],"texture":"#1"},"west":{"uv":[10,10,16,11],"texture":"#2"}}},{"from":[3.025,9.9479,7.17],"to":[4.153,10.2781,7.336],"rotation":{"angle":0,"axis":"y","origin":[13.2,7.125,8]},"faces":{"north":{"uv":[5,13,7,14],"rotation":270,"texture":"#2"},"east":{"uv":[11,10,12,11],"rotation":180,"texture":"#2"},"south":{"uv":[15.99,6,15.99,7],"rotation":90,"texture":"#1"},"west":{"uv":[10,10,16,11],"texture":"#2"}}},{"from":[3.025,9.9479,7.17],"to":[4.153,10.2781,7.336],"rotation":{"angle":-22.5,"axis":"x","origin":[3.489,10.113,8]},"faces":{"north":{"uv":[4,13,6,14],"rotation":270,"texture":"#2"},"east":{"uv":[0.01,0.01,0.01,0.01],"rotation":180,"texture":"#2"},"south":{"uv":[15.99,6,15.99,7],"rotation":90,"texture":"#1"},"west":{"uv":[10,10,16,11],"texture":"#2"}}},{"from":[3.025,9.283,7.8349],"to":[4.153,9.449,8.1651],"rotation":{"angle":45,"axis":"x","origin":[3.489,10.113,8]},"faces":{"east":{"uv":[0.01,0.01,0.01,0.01],"rotation":270,"texture":"#2"},"west":{"uv":[10,10,16,11],"rotation":270,"texture":"#2"},"up":{"uv":[15.99,6,15.99,7],"rotation":90,"texture":"#1"},"down":{"uv":[2,13,4,14],"rotation":90,"texture":"#2"}}},{"from":[3.025,9.283,7.8349],"to":[4.153,9.449,8.1651],"rotation":{"angle":22.5,"axis":"x","origin":[3.489,10.113,8]},"faces":{"east":{"uv":[0.01,0.01,0.01,0.01],"rotation":270,"texture":"#2"},"west":{"uv":[10,10,16,11],"rotation":270,"texture":"#2"},"up":{"uv":[15.99,6,15.99,7],"rotation":90,"texture":"#1"},"down":{"uv":[15.99,7,15.99,8],"texture":"#2"}}},{"from":[3.025,9.283,7.8349],"to":[4.153,9.449,8.1651],"rotation":{"angle":0,"axis":"y","origin":[13.2,7.125,8]},"faces":{"east":{"uv":[0.01,0.01,0.01,0.01],"rotation":270,"texture":"#2"},"west":{"uv":[10,10,16,11],"rotation":270,"texture":"#2"},"up":{"uv":[15.99,6,15.99,7],"rotation":90,"texture":"#1"},"down":{"uv":[1,13,1,14],"texture":"#2"}}},{"from":[3.025,9.283,7.8349],"to":[4.153,9.449,8.1651],"rotation":{"angle":-22.5,"axis":"x","origin":[3.489,10.113,8]},"faces":{"east":{"uv":[0.01,0.01,0.01,0.01],"rotation":270,"texture":"#2"},"west":{"uv":[10,10,16,11],"rotation":270,"texture":"#2"},"up":{"uv":[15.99,6,15.99,7],"rotation":90,"texture":"#1"},"down":{"uv":[2,13,4,14],"rotation":270,"texture":"#2"}}},{"from":[3.025,9.283,7.8349],"to":[4.153,9.449,8.1651],"rotation":{"angle":-45,"axis":"x","origin":[3.489,10.113,8]},"faces":{"east":{"uv":[0.01,0.01,0.01,0.01],"rotation":270,"texture":"#2"},"west":{"uv":[10,10,16,11],"rotation":270,"texture":"#2"},"up":{"uv":[15.99,6,15.99,7],"rotation":90,"texture":"#1"},"down":{"uv":[3,13,4,14],"texture":"#2"}}},{"from":[3.025,9.9479,8.664],"to":[4.153,10.2781,8.83],"rotation":{"angle":22.5,"axis":"x","origin":[3.489,10.113,8]},"faces":{"north":{"uv":[15.99,6,15.99,7],"rotation":270,"texture":"#1"},"east":{"uv":[0.01,0.01,0.01,0.01],"texture":"#2"},"south":{"uv":[3,13,5,14],"rotation":270,"texture":"#2"},"west":{"uv":[10,10,16,11],"rotation":180,"texture":"#2"}}},{"from":[3.025,9.9479,8.664],"to":[4.153,10.2781,8.83],"rotation":{"angle":0,"axis":"y","origin":[13.2,7.125,8]},"faces":{"north":{"uv":[15.99,6,15.99,7],"rotation":180,"texture":"#1"},"east":{"uv":[11,10,12,11],"rotation":180,"texture":"#2"},"south":{"uv":[4,13,7,14],"rotation":270,"texture":"#2"},"west":{"uv":[10,10,16,11],"rotation":180,"texture":"#2"}}},{"from":[3.025,9.9479,8.664],"to":[4.153,10.2781,8.83],"rotation":{"angle":-22.5,"axis":"x","origin":[3.489,10.113,8]},"faces":{"north":{"uv":[15.99,6,15.99,7],"rotation":180,"texture":"#1"},"east":{"uv":[10,10,11,11],"rotation":180,"texture":"#2"},"south":{"uv":[14,5,16,6],"rotation":90,"texture":"#1"},"west":{"uv":[10,10,16,11],"rotation":180,"texture":"#2"}}},{"from":[3.025,10.777,7.8349],"to":[4.153,10.943,8.1651],"rotation":{"angle":45,"axis":"x","origin":[3.489,10.113,8]},"faces":{"east":{"uv":[0,0,1,1],"rotation":270,"texture":"#1"},"west":{"uv":[10,10,16,11],"rotation":90,"texture":"#2"},"up":{"uv":[15.99,6,15.99,7],"rotation":90,"texture":"#1"},"down":{"uv":[15.99,6,15.99,7],"texture":"#1"}}},{"from":[3.025,10.777,7.8349],"to":[4.153,10.943,8.1651],"rotation":{"angle":22.5,"axis":"x","origin":[3.489,10.113,8]},"faces":{"east":{"uv":[14,10,16,11],"rotation":90,"texture":"#1"},"west":{"uv":[10,10,16,11],"rotation":90,"texture":"#2"},"up":{"uv":[15.99,5,15.99,6],"rotation":270,"texture":"#1"},"down":{"uv":[15.99,6,15.99,7],"texture":"#1"}}},{"from":[3.025,10.777,7.8349],"to":[4.153,10.943,8.1651],"rotation":{"angle":0,"axis":"y","origin":[13.2,7.125,8]},"faces":{"east":{"uv":[13,9,16,10],"rotation":90,"texture":"#1"},"west":{"uv":[10,10,16,11],"rotation":90,"texture":"#2"},"up":{"uv":[15,0,16,1],"texture":"#1"},"down":{"uv":[15.99,6,15.99,7],"texture":"#1"}}},{"from":[3.155,10.694,7.86793],"to":[8.878,10.777,8.13207],"rotation":{"angle":0,"axis":"y","origin":[11.7,7.125,8]},"faces":{"east":{"uv":[0.01,0.01,0.01,0.01],"rotation":270,"texture":"#2"},"west":{"uv":[15,10,16,11],"rotation":90,"texture":"#2"},"up":{"uv":[15,0,16,1],"rotation":90,"texture":"#1"},"down":{"uv":[1,13,2,14],"texture":"#2"}}},{"from":[3.155,10.694,7.86793],"to":[8.878,10.777,8.13207],"rotation":{"angle":22.5,"axis":"x","origin":[2.819,10.113,8]},"faces":{"east":{"uv":[0.01,0.01,0.01,0.01],"rotation":270,"texture":"#2"},"west":{"uv":[15,10,16,11],"rotation":90,"texture":"#2"},"up":{"uv":[15.99,6,15.99,7],"rotation":90,"texture":"#1"},"down":{"uv":[3,13,4,14],"texture":"#2"}}},{"from":[3.155,10.694,7.86793],"to":[8.878,10.877,8.13207],"rotation":{"angle":45,"axis":"x","origin":[2.819,10.113,8]},"faces":{"north":{"uv":[9,0,10,1],"texture":"#1"},"east":{"uv":[0.01,0.01,0.01,0.01],"rotation":270,"texture":"#2"},"south":{"uv":[0,0,1,1],"texture":"#2"},"west":{"uv":[15,10,16,11],"rotation":90,"texture":"#2"},"up":{"uv":[10,8,11,11],"rotation":180,"texture":"#1"},"down":{"uv":[3,13,4,14],"texture":"#2"}}},{"from":[5.305,10.694,7.79293],"to":[6.035,10.927,8.20707],"rotation":{"angle":45,"axis":"x","origin":[1.719,10.113,8]},"faces":{"east":{"uv":[0.01,0.01,0.01,0.01],"rotation":270,"texture":"#2"},"west":{"uv":[15,10,16,11],"rotation":90,"texture":"#2"},"up":{"uv":[0,0,1,1],"rotation":90,"texture":"#2"}}},{"from":[5.305,10.694,7.79293],"to":[6.035,10.927,8.20707],"rotation":{"angle":-45,"axis":"x","origin":[1.719,10.113,8]},"faces":{"east":{"uv":[0.01,0.01,0.01,0.01],"rotation":270,"texture":"#2"},"west":{"uv":[15,11,16,10],"rotation":90,"texture":"#2"},"up":{"uv":[1,0,0,1],"rotation":90,"texture":"#2"}}},{"from":[5.305,9.298,7.46793],"to":[6.035,9.531,8.20707],"rotation":{"angle":-45,"axis":"x","origin":[1.719,10.112,8]},"faces":{"east":{"uv":[0.01,0.01,0.01,0.01],"rotation":270,"texture":"#2"},"west":{"uv":[16,10,15,11],"rotation":90,"texture":"#2"},"down":{"uv":[0,0,1,1],"rotation":90,"texture":"#2"}}},{"from":[5.305,9.298,7.79293],"to":[6.035,9.531,8.53207],"rotation":{"angle":45,"axis":"x","origin":[1.719,10.112,8]},"faces":{"east":{"uv":[0.01,0.01,0.01,0.01],"rotation":270,"texture":"#2"},"west":{"uv":[16,11,15,10],"rotation":90,"texture":"#2"},"down":{"uv":[1,0,0,1],"rotation":90,"texture":"#2"}}},{"from":[3.155,9.98093,8.581],"to":[8.878,10.24507,8.664],"rotation":{"angle":-22.5,"axis":"x","origin":[2.819,10.113,8]},"faces":{"north":{"uv":[4,13,5,14],"rotation":180,"texture":"#2"},"east":{"uv":[0.01,0.01,0.01,0.01],"rotation":180,"texture":"#2"},"south":{"uv":[6,13,7,14],"rotation":90,"texture":"#2"},"west":{"uv":[15,10,16,11],"rotation":180,"texture":"#2"}}},{"from":[9.055,10.08093,7.96795],"to":[9.278,10.14503,8.03205],"rotation":{"angle":0,"axis":"x","origin":[6.0165,10.11298,8]},"faces":{"west":{"uv":[6,5,10,9],"rotation":180,"texture":"#9"}}},{"from":[3.155,9.98093,8.581],"to":[8.878,10.24507,8.664],"rotation":{"angle":22.5,"axis":"x","origin":[2.819,10.113,8]},"faces":{"north":{"uv":[4,13,5,14],"rotation":180,"texture":"#2"},"east":{"uv":[0.01,0.01,0.01,0.01],"rotation":180,"texture":"#2"},"south":{"uv":[5,13,7,14],"rotation":270,"texture":"#2"},"west":{"uv":[15,10,16,11],"rotation":180,"texture":"#2"}}},{"from":[3.155,9.98093,8.581],"to":[8.878,10.24507,8.664],"rotation":{"angle":0,"axis":"y","origin":[11.7,7.125,8]},"faces":{"north":{"uv":[4,13,5,14],"rotation":180,"texture":"#2"},"east":{"uv":[0.01,0.01,0.01,0.01],"rotation":180,"texture":"#2"},"south":{"uv":[6,13,7,14],"rotation":90,"texture":"#2"},"west":{"uv":[15,10,16,11],"rotation":180,"texture":"#2"}}},{"from":[3.155,9.449,7.86793],"to":[8.878,9.532,8.13207],"rotation":{"angle":-45,"axis":"x","origin":[2.819,10.113,8]},"faces":{"east":{"uv":[0.01,0.01,0.01,0.01],"rotation":270,"texture":"#2"},"west":{"uv":[15,10,16,11],"rotation":90,"texture":"#2"},"up":{"uv":[4,13,5,14],"rotation":90,"texture":"#2"},"down":{"uv":[4,13,6,14],"rotation":270,"texture":"#2"}}},{"from":[3.155,9.449,7.86793],"to":[8.878,9.532,8.13207],"rotation":{"angle":-22.5,"axis":"x","origin":[2.819,10.113,8]},"faces":{"east":{"uv":[0.01,0.01,0.01,0.01],"rotation":270,"texture":"#2"},"west":{"uv":[15,10,16,11],"rotation":90,"texture":"#2"},"up":{"uv":[5,13,6,14],"rotation":90,"texture":"#2"},"down":{"uv":[2,13,4,14],"rotation":270,"texture":"#2"}}},{"from":[3.155,9.449,7.86793],"to":[8.878,9.532,8.13207],"rotation":{"angle":0,"axis":"y","origin":[11.7,7.125,8]},"faces":{"east":{"uv":[0.01,0.01,0.01,0.01],"rotation":270,"texture":"#2"},"west":{"uv":[15,10,16,11],"rotation":90,"texture":"#2"},"up":{"uv":[6,13,7,14],"rotation":90,"texture":"#2"},"down":{"uv":[1,13,2,14],"texture":"#2"}}},{"from":[3.155,9.449,7.86793],"to":[8.878,9.532,8.13207],"rotation":{"angle":22.5,"axis":"x","origin":[2.819,10.113,8]},"faces":{"east":{"uv":[0.01,0.01,0.01,0.01],"rotation":270,"texture":"#2"},"west":{"uv":[15,10,16,11],"rotation":90,"texture":"#2"},"up":{"uv":[5,13,6,14],"rotation":90,"texture":"#2"},"down":{"uv":[3,13,5,14],"rotation":90,"texture":"#2"}}},{"from":[3.155,9.449,7.86793],"to":[8.878,9.532,8.13207],"rotation":{"angle":45,"axis":"x","origin":[2.819,10.113,8]},"faces":{"east":{"uv":[0.01,0.01,0.01,0.01],"rotation":270,"texture":"#2"},"west":{"uv":[15,10,16,11],"rotation":90,"texture":"#2"},"up":{"uv":[4,13,5,14],"rotation":90,"texture":"#2"},"down":{"uv":[4,13,6,14],"rotation":90,"texture":"#2"}}},{"from":[3.155,9.98093,7.336],"to":[8.878,10.24507,7.419],"rotation":{"angle":-22.5,"axis":"x","origin":[2.819,10.113,8]},"faces":{"north":{"uv":[5,13,7,14],"rotation":270,"texture":"#2"},"east":{"uv":[0.01,0.01,0.01,0.01],"rotation":180,"texture":"#2"},"south":{"uv":[4,13,5,14],"rotation":90,"texture":"#2"},"west":{"uv":[15,10,16,11],"rotation":180,"texture":"#2"}}},{"from":[3.155,9.98093,7.336],"to":[8.878,10.24507,7.419],"rotation":{"angle":0,"axis":"y","origin":[11.7,7.125,8]},"faces":{"north":{"uv":[6,13,7,14],"rotation":180,"texture":"#2"},"east":{"uv":[0.01,0.01,0.01,0.01],"rotation":180,"texture":"#2"},"south":{"uv":[4,13,5,14],"rotation":90,"texture":"#2"},"west":{"uv":[15,10,16,11],"rotation":180,"texture":"#2"}}},{"from":[3.155,9.98093,7.336],"to":[8.878,10.24507,7.419],"rotation":{"angle":22.5,"axis":"x","origin":[2.819,10.113,8]},"faces":{"north":{"uv":[6,13,7,14],"rotation":90,"texture":"#2"},"east":{"uv":[0.01,0.01,0.01,0.01],"rotation":180,"texture":"#2"},"south":{"uv":[4,13,5,14],"rotation":90,"texture":"#2"},"west":{"uv":[15,10,16,11],"rotation":180,"texture":"#2"}}},{"from":[3.155,10.694,7.86793],"to":[8.878,10.777,8.13207],"rotation":{"angle":-45,"axis":"x","origin":[2.819,10.113,8]},"faces":{"east":{"uv":[0.01,0.01,0.01,0.01],"rotation":270,"texture":"#2"},"west":{"uv":[15,10,16,11],"rotation":90,"texture":"#2"},"up":{"uv":[14,5,16,6],"rotation":270,"texture":"#1"},"down":{"uv":[3,13,4,14],"texture":"#2"}}},{"from":[3.155,10.694,7.86793],"to":[8.878,10.777,8.13207],"rotation":{"angle":-22.5,"axis":"x","origin":[2.819,10.113,8]},"faces":{"east":{"uv":[0.01,0.01,0.01,0.01],"rotation":270,"texture":"#2"},"west":{"uv":[15,10,16,11],"rotation":90,"texture":"#2"},"up":{"uv":[15.99,6,15.99,7],"rotation":90,"texture":"#1"},"down":{"uv":[3,13,4,14],"texture":"#2"}}},{"from":[7.595,10.777,7.8349],"to":[9.223,10.943,8.1651],"rotation":{"angle":0,"axis":"y","origin":[10.8,7.125,8]},"faces":{"east":{"uv":[0.01,0.01,0.01,0.01],"rotation":270,"texture":"#2"},"west":{"uv":[10,10,16,11],"rotation":90,"texture":"#2"},"up":{"uv":[15.99,0,15.99,1],"rotation":90,"texture":"#1"},"down":{"uv":[1,13,2,14],"texture":"#2"}}},{"from":[8.745,10.677,7.8019],"to":[10.198,10.843,8.1981],"rotation":{"angle":22.5,"axis":"z","origin":[8.559,10.86,7.967]},"faces":{"north":{"uv":[0,0,1,1],"texture":"#1"},"east":{"uv":[0.01,0.01,0.01,0.01],"rotation":270,"texture":"#2"},"south":{"uv":[0,0,1,1],"texture":"#1"},"west":{"uv":[10,10,16,11],"rotation":90,"texture":"#2"},"up":{"uv":[12,8,13,11],"rotation":180,"texture":"#1"}}},{"from":[7.595,10.777,7.8349],"to":[9.223,10.943,8.1651],"rotation":{"angle":22.5,"axis":"x","origin":[8.559,10.113,8]},"faces":{"east":{"uv":[0.01,0.01,0.01,0.01],"rotation":270,"texture":"#2"},"west":{"uv":[10,10,16,11],"rotation":90,"texture":"#2"},"up":{"uv":[15.99,6,15.99,7],"rotation":90,"texture":"#1"},"down":{"uv":[3,13,4,14],"texture":"#2"}}},{"from":[7.595,10.777,7.8349],"to":[9.223,10.943,8.1651],"rotation":{"angle":45,"axis":"x","origin":[8.559,10.113,8]},"faces":{"east":{"uv":[0.01,0.01,0.01,0.01],"rotation":270,"texture":"#2"},"west":{"uv":[10,10,16,11],"rotation":90,"texture":"#2"},"up":{"uv":[14,5,16,6],"rotation":90,"texture":"#1"},"down":{"uv":[3,13,4,14],"texture":"#2"}}},{"from":[7.595,9.9479,8.664],"to":[9.223,10.2781,8.83],"rotation":{"angle":-22.5,"axis":"x","origin":[8.559,10.113,8]},"faces":{"north":{"uv":[4,13,5,14],"rotation":180,"texture":"#2"},"east":{"uv":[0.01,0.01,0.01,0.01],"rotation":180,"texture":"#2"},"south":{"uv":[6,13,7,14],"rotation":90,"texture":"#2"},"west":{"uv":[10,10,16,11],"rotation":180,"texture":"#2"}}},{"from":[7.595,9.9479,8.664],"to":[9.223,10.2781,8.83],"rotation":{"angle":0,"axis":"y","origin":[10.8,7.125,8]},"faces":{"north":{"uv":[4,13,5,14],"rotation":180,"texture":"#2"},"east":{"uv":[0.01,0.01,0.01,0.01],"rotation":180,"texture":"#2"},"south":{"uv":[6,13,7,14],"rotation":90,"texture":"#2"},"west":{"uv":[10,10,16,11],"rotation":180,"texture":"#2"}}},{"from":[7.595,9.9479,8.664],"to":[9.223,10.2781,8.83],"rotation":{"angle":22.5,"axis":"x","origin":[8.559,10.113,8]},"faces":{"north":{"uv":[4,13,5,14],"rotation":270,"texture":"#2"},"east":{"uv":[0.01,0.01,0.01,0.01],"texture":"#2"},"south":{"uv":[4,13,7,14],"rotation":270,"texture":"#2"},"west":{"uv":[10,10,16,11],"rotation":180,"texture":"#2"}}},{"from":[7.595,9.283,7.8349],"to":[9.223,9.449,8.1651],"rotation":{"angle":-45,"axis":"x","origin":[8.559,10.113,8]},"faces":{"east":{"uv":[0.01,0.01,0.01,0.01],"rotation":270,"texture":"#2"},"west":{"uv":[10,10,16,11],"rotation":270,"texture":"#2"},"up":{"uv":[4,13,5,14],"rotation":90,"texture":"#2"},"down":{"uv":[13,10,14,11],"texture":"#2"}}},{"from":[7.595,9.283,7.8349],"to":[9.223,9.449,8.1651],"rotation":{"angle":0,"axis":"y","origin":[10.8,7.125,8]},"faces":{"east":{"uv":[0.01,0.01,0.01,0.01],"rotation":270,"texture":"#2"},"west":{"uv":[10,10,16,11],"rotation":270,"texture":"#2"},"up":{"uv":[6,13,7,14],"rotation":90,"texture":"#2"},"down":{"uv":[15.99,6,15.99,7],"texture":"#2"}}},{"from":[7.595,9.283,7.8349],"to":[9.223,9.449,8.1651],"rotation":{"angle":-22.5,"axis":"x","origin":[8.559,10.113,8]},"faces":{"east":{"uv":[0.01,0.01,0.01,0.01],"rotation":270,"texture":"#2"},"west":{"uv":[10,10,16,11],"rotation":270,"texture":"#2"},"up":{"uv":[5,13,6,14],"rotation":90,"texture":"#2"},"down":{"uv":[15.99,6,15.99,7],"texture":"#2"}}},{"from":[7.595,9.283,7.8349],"to":[9.223,9.449,8.1651],"rotation":{"angle":22.5,"axis":"x","origin":[8.559,10.113,8]},"faces":{"east":{"uv":[0.01,0.01,0.01,0.01],"rotation":270,"texture":"#2"},"west":{"uv":[10,10,16,11],"rotation":270,"texture":"#2"},"up":{"uv":[5,13,6,14],"rotation":90,"texture":"#2"},"down":{"uv":[15.99,6,15.99,7],"texture":"#2"}}},{"from":[7.595,9.283,7.8349],"to":[9.223,9.449,8.1651],"rotation":{"angle":45,"axis":"x","origin":[8.559,10.113,8]},"faces":{"east":{"uv":[0.01,0.01,0.01,0.01],"rotation":270,"texture":"#2"},"west":{"uv":[10,10,16,11],"rotation":270,"texture":"#2"},"up":{"uv":[4,13,5,14],"rotation":90,"texture":"#2"},"down":{"uv":[13,10,14,11],"texture":"#2"}}},{"from":[7.595,9.9479,7.17],"to":[9.223,10.2781,7.336],"rotation":{"angle":-22.5,"axis":"x","origin":[8.559,10.113,8]},"faces":{"north":{"uv":[4,13,5,14],"rotation":180,"texture":"#2"},"east":{"uv":[0.01,0.01,0.01,0.01],"rotation":180,"texture":"#2"},"south":{"uv":[4,13,5,14],"rotation":90,"texture":"#2"},"west":{"uv":[10,10,16,11],"texture":"#2"}}},{"from":[7.595,9.9479,7.17],"to":[9.223,10.2781,7.336],"rotation":{"angle":0,"axis":"y","origin":[10.8,7.125,8]},"faces":{"north":{"uv":[4,13,6,14],"rotation":270,"texture":"#2"},"east":{"uv":[0.01,0.01,0.01,0.01],"rotation":180,"texture":"#2"},"south":{"uv":[4,13,5,14],"rotation":90,"texture":"#2"},"west":{"uv":[10,10,16,11],"texture":"#2"}}},{"from":[7.595,9.9479,7.17],"to":[9.223,10.2781,7.336],"rotation":{"angle":22.5,"axis":"x","origin":[8.559,10.113,8]},"faces":{"north":{"uv":[5,13,7,14],"rotation":270,"texture":"#2"},"east":{"uv":[0.01,0.01,0.01,0.01],"texture":"#2"},"south":{"uv":[4,13,5,14],"texture":"#2"},"west":{"uv":[10,10,16,11],"texture":"#2"}}},{"from":[7.595,10.777,7.8349],"to":[9.223,10.943,8.1651],"rotation":{"angle":-45,"axis":"x","origin":[8.559,10.113,8]},"faces":{"east":{"uv":[0.01,0.01,0.01,0.01],"rotation":270,"texture":"#2"},"west":{"uv":[10,10,16,11],"rotation":90,"texture":"#2"},"up":{"uv":[14,5,16,6],"rotation":270,"texture":"#1"},"down":{"uv":[3,13,4,14],"texture":"#2"}}},{"from":[7.595,10.777,7.8349],"to":[9.223,10.943,8.1651],"rotation":{"angle":-22.5,"axis":"x","origin":[8.559,10.113,8]},"faces":{"east":{"uv":[0.01,0.01,0.01,0.01],"rotation":270,"texture":"#2"},"west":{"uv":[10,10,16,11],"rotation":90,"texture":"#2"},"up":{"uv":[15.99,6,15.99,7],"rotation":90,"texture":"#1"},"down":{"uv":[3,13,4,14],"texture":"#2"}}},{"from":[9.223,10.943,7.80188],"to":[10.401,11.109,8.19812],"rotation":{"angle":0,"axis":"y","origin":[10.8,7.125,8]},"faces":{"east":{"uv":[0.01,0.01,0.01,0.01],"rotation":270,"texture":"#2"},"west":{"uv":[10,10,16,11],"rotation":90,"texture":"#2"},"up":{"uv":[15.99,0,15.99,5],"rotation":270,"texture":"#1"},"down":{"uv":[1,13,2,14],"texture":"#2"}}},{"from":[9.9776,11.16208,7.80188],"to":[10.4776,11.52708,8.19808],"rotation":{"angle":-22.5,"axis":"z","origin":[9.8886,11.24508,8]},"faces":{"north":{"uv":[0,0,1,1],"texture":"#1"},"east":{"uv":[0.01,0.01,0.01,0.01],"rotation":270,"texture":"#2"},"south":{"uv":[0,0,1,1],"texture":"#1"},"west":{"uv":[3,3,4,4],"rotation":90,"texture":"#1"},"up":{"uv":[15.99,0,15.99,5],"rotation":270,"texture":"#1"}}},{"from":[9.5746,11.06208,7.80188],"to":[9.9776,11.22808,8.19808],"rotation":{"angle":22.5,"axis":"z","origin":[9.8886,11.24508,8]},"faces":{"north":{"uv":[0,0,1,1],"texture":"#1"},"south":{"uv":[0,0,1,1],"texture":"#1"}}},{"from":[9.223,10.943,7.80188],"to":[10.401,11.109,8.19812],"rotation":{"angle":-22.5,"axis":"x","origin":[9.887,10.113,8]},"faces":{"east":{"uv":[0.01,0.01,0.01,0.01],"rotation":270,"texture":"#2"},"west":{"uv":[10,10,16,11],"rotation":90,"texture":"#2"},"up":{"uv":[14,5,15,6],"rotation":90,"texture":"#1"},"down":{"uv":[3,13,4,14],"texture":"#2"}}},{"from":[9.223,10.943,7.80188],"to":[10.401,11.109,8.19812],"rotation":{"angle":-45,"axis":"x","origin":[9.887,10.113,8]},"faces":{"east":{"uv":[0.01,0.01,0.01,0.01],"rotation":270,"texture":"#2"},"west":{"uv":[10,10,16,11],"rotation":90,"texture":"#2"},"up":{"uv":[14,5,16,6],"rotation":270,"texture":"#1"},"down":{"uv":[3,13,4,14],"texture":"#2"}}},{"from":[9.223,9.91488,7.004],"to":[10.401,10.31112,7.17],"rotation":{"angle":22.5,"axis":"x","origin":[9.887,10.113,8]},"faces":{"north":{"uv":[5,13,7,14],"rotation":270,"texture":"#2"},"east":{"uv":[0.01,0.01,0.01,0.01],"texture":"#2"},"south":{"uv":[3,13,4,14],"texture":"#2"},"west":{"uv":[10,10,16,11],"texture":"#2"}}},{"from":[9.223,9.91488,7.004],"to":[10.251,10.31112,7.17],"rotation":{"angle":0,"axis":"y","origin":[10.8,7.125,8]},"faces":{"north":{"uv":[4,13,6,14],"rotation":270,"texture":"#2"},"east":{"uv":[0.01,0.01,0.01,0.01],"rotation":180,"texture":"#2"},"south":{"uv":[13,10,14,11],"rotation":90,"texture":"#2"},"west":{"uv":[10,10,16,11],"texture":"#2"}}},{"from":[9.223,9.91488,7.004],"to":[10.251,10.31112,7.17],"rotation":{"angle":-22.5,"axis":"x","origin":[9.887,10.113,8]},"faces":{"north":{"uv":[12,10,13,11],"rotation":180,"texture":"#2"},"east":{"uv":[0.01,0.01,0.01,0.01],"rotation":180,"texture":"#2"},"south":{"uv":[13,10,14,11],"rotation":90,"texture":"#2"},"west":{"uv":[10,10,16,11],"texture":"#2"},"up":{"uv":[12,10,13,11],"rotation":180,"texture":"#2"}}},{"from":[9.223,9.117,7.80188],"to":[10.251,9.283,8.19812],"rotation":{"angle":45,"axis":"x","origin":[9.887,10.113,8]},"faces":{"east":{"uv":[0.01,0.01,0.01,0.01],"rotation":270,"texture":"#2"},"west":{"uv":[10,10,16,11],"rotation":270,"texture":"#2"},"up":{"uv":[13,10,14,11],"rotation":90,"texture":"#2"},"down":{"uv":[2,13,4,14],"rotation":90,"texture":"#2"}}},{"from":[9.223,9.117,7.80188],"to":[10.251,9.283,8.19812],"rotation":{"angle":22.5,"axis":"x","origin":[9.887,10.113,8]},"faces":{"east":{"uv":[0.01,0.01,0.01,0.01],"rotation":270,"texture":"#2"},"west":{"uv":[10,10,16,11],"rotation":270,"texture":"#2"},"up":{"uv":[13,10,14,11],"rotation":90,"texture":"#2"},"down":{"uv":[1,13,2,14],"texture":"#2"}}},{"from":[9.223,9.117,7.80188],"to":[10.251,9.283,8.19812],"rotation":{"angle":0,"axis":"y","origin":[10.8,7.125,8]},"faces":{"east":{"uv":[0.01,0.01,0.01,0.01],"rotation":270,"texture":"#2"},"west":{"uv":[10,10,16,11],"rotation":270,"texture":"#2"},"up":{"uv":[13,10,14,11],"rotation":90,"texture":"#2"},"down":{"uv":[1,13,2,14],"texture":"#2"}}},{"from":[9.223,9.117,7.80188],"to":[10.251,9.283,8.19812],"rotation":{"angle":-22.5,"axis":"x","origin":[9.887,10.113,8]},"faces":{"east":{"uv":[0.01,0.01,0.01,0.01],"rotation":270,"texture":"#2"},"west":{"uv":[10,10,16,11],"rotation":270,"texture":"#2"},"up":{"uv":[13,10,14,11],"rotation":90,"texture":"#2"},"down":{"uv":[1,13,2,14],"texture":"#2"}}},{"from":[9.223,9.117,7.80188],"to":[10.251,9.283,8.19812],"rotation":{"angle":-45,"axis":"x","origin":[9.887,10.113,8]},"faces":{"east":{"uv":[0.01,0.01,0.01,0.01],"rotation":270,"texture":"#2"},"west":{"uv":[10,10,16,11],"rotation":270,"texture":"#2"},"up":{"uv":[13,10,14,11],"rotation":90,"texture":"#2"},"down":{"uv":[2,13,4,14],"rotation":270,"texture":"#2"}}},{"from":[9.223,9.91488,8.83],"to":[10.251,10.31112,8.996],"rotation":{"angle":22.5,"axis":"x","origin":[9.887,10.113,8]},"faces":{"north":{"uv":[13,10,14,11],"rotation":270,"texture":"#2"},"east":{"uv":[0.01,0.01,0.01,0.01],"texture":"#2"},"south":{"uv":[3,13,5,14],"rotation":270,"texture":"#2"},"west":{"uv":[10,10,16,11],"rotation":180,"texture":"#2"}}},{"from":[9.223,9.91488,8.83],"to":[10.251,10.31112,8.996],"rotation":{"angle":0,"axis":"y","origin":[10.8,7.125,8]},"faces":{"north":{"uv":[13,10,14,11],"rotation":180,"texture":"#2"},"south":{"uv":[4,13,6,14],"rotation":270,"texture":"#2"},"west":{"uv":[10,10,16,11],"rotation":180,"texture":"#2"}}},{"from":[10.18794,10.0965,7.005],"to":[10.36594,10.51774,7.171],"rotation":{"angle":-22.5,"axis":"z","origin":[9.85194,10.29462,7.087]},"faces":{"north":{"uv":[5,13,6,14],"rotation":90,"texture":"#2"},"east":{"uv":[0.01,0.01,0.01,0.01],"rotation":180,"texture":"#2"},"south":{"uv":[14,10,13,11],"rotation":180,"texture":"#2"},"west":{"uv":[4,3,3,4],"rotation":180,"texture":"#1"},"up":{"uv":[0,1,1,0],"texture":"#2"}}},{"from":[10.18794,10.0965,8.829],"to":[10.36594,10.51774,8.995],"rotation":{"angle":-22.5,"axis":"z","origin":[9.85194,10.29462,8.913]},"faces":{"north":{"uv":[13,10,14,11],"rotation":180,"texture":"#2"},"east":{"uv":[0.01,0.01,0.01,0.01],"rotation":180,"texture":"#2"},"south":{"uv":[5,14,6,13],"rotation":90,"texture":"#2"},"west":{"uv":[3,3,4,4],"rotation":180,"texture":"#1"},"up":{"uv":[0,0,1,1],"texture":"#2"}}},{"from":[9.223,10.943,7.80188],"to":[10.401,11.109,8.19812],"rotation":{"angle":45,"axis":"x","origin":[9.887,10.113,8]},"faces":{"east":{"uv":[0.01,0.01,0.01,0.01],"rotation":270,"texture":"#2"},"west":{"uv":[10,10,16,11],"rotation":90,"texture":"#2"},"up":{"uv":[14,5,16,6],"rotation":90,"texture":"#1"},"down":{"uv":[3,13,4,14],"texture":"#2"}}},{"from":[9.223,9.91488,8.83],"to":[10.401,10.31112,8.996],"rotation":{"angle":-22.5,"axis":"x","origin":[9.887,10.113,8]},"faces":{"north":{"uv":[13,10,14,11],"rotation":180,"texture":"#2"},"east":{"uv":[0.01,0.01,0.01,0.01],"rotation":180,"texture":"#2"},"south":{"uv":[5,13,7,14],"rotation":270,"texture":"#2"},"west":{"uv":[10,10,16,11],"rotation":180,"texture":"#2"},"down":{"uv":[0,0,1,1],"texture":"#2"}}},{"from":[9.223,10.943,7.80188],"to":[10.401,11.109,8.19812],"rotation":{"angle":22.5,"axis":"x","origin":[9.887,10.113,8]},"faces":{"east":{"uv":[0.01,0.01,0.01,0.01],"rotation":270,"texture":"#2"},"west":{"uv":[10,10,16,11],"rotation":90,"texture":"#2"},"up":{"uv":[15.99,6,15.99,7],"rotation":90,"texture":"#1"},"down":{"uv":[3,13,4,14],"texture":"#2"}}}],"display":{"thirdperson_righthand":{"rotation":[0,90,0],"translation":[-1,1.7,-0.5],"scale":[0.6,0.6,0.6]},"thirdperson_lefthand":{"rotation":[0,-90,-170],"translation":[-2,-5.5,7],"scale":[0.6,0.6,0.6]},"firstperson_righthand":{"rotation":[0,90,0],"translation":[-8.97,4.82,7.5],"scale":[0.2,1.3,1.3]},"firstperson_lefthand":{"translation":[2,3,-2],"scale":[0,0,0]},"ground":{"translation":[0,3.5,0],"scale":[0.6,0.6,0.6]},"gui":{"rotation":[0,0,45],"translation":[-1.2,0,0],"scale":[0.6,0.6,0.6]},"head":{"scale":[1.2,1.2,1.2]},"fixed":{"translation":[0,5.5,-2.5],"scale":[-1.2,1.2,-1.2]}}}