{"gui_light":"front","textures":{"0":"block/black_wool","1":"block/coal_block","2":"block/anvil","3":"block/chiseled_stone_bricks","4":"block/fire_coral","5":"block/dropper_front","6":"block/bedrock","7":"block/coal_ore","8":"block/gray_wool","9":"block/tripwire_hook","particle":"block/furnace_side","a":"block/furnace_side","b":"block/red_sandstone_top","c":"block/red_sandstone_bottom","d":"block/dark_oak_planks"},"elements":[{"from":[6.09,9.62,7.5494],"to":[7.41,9.755,8.4506],"rotation":{"angle":0,"axis":"y","origin":[6.75,9.65,8]},"faces":{"north":{"uv":[0,13,5,14],"rotation":90,"texture":"#1"},"east":{"uv":[1,13,1.5,13.75],"texture":"#1"},"south":{"uv":[0,13,5,14],"rotation":90,"texture":"#1"},"west":{"uv":[1,13,2,14],"texture":"#1"},"up":{"uv":[4,3,8,4],"texture":"#1"},"down":{"uv":[11,5,12,6],"texture":"#1"}}},{"from":[7.89,9.62,7.5494],"to":[9.21,9.755,8.4506],"rotation":{"angle":0,"axis":"y","origin":[7.38,9.455,7.97]},"faces":{"north":{"uv":[0,13,5,14],"rotation":90,"texture":"#1"},"east":{"uv":[1,13,1.5,13.75],"texture":"#1"},"south":{"uv":[0,13,5,14],"rotation":90,"texture":"#1"},"west":{"uv":[1,13,2,14],"texture":"#1"},"up":{"uv":[4,3,8,4],"texture":"#1"},"down":{"uv":[11,5,12,6],"texture":"#1"}}},{"from":[7.074,10.68,7.997],"to":[7.164,10.875,8.003],"rotation":{"angle":0,"axis":"y","origin":[7.119,10.7825,8]},"faces":{"west":{"uv":[9,3,10,4],"rotation":180,"texture":"#4"}}},{"from":[7.0746,10.775,7.9025],"to":[7.1646,10.781,8.0975],"rotation":{"angle":0,"axis":"x","origin":[7.1196,10.778,8]},"faces":{"west":{"uv":[9,3,10,4],"rotation":90,"texture":"#4"}}},{"from":[5.85,9.755,7.5194],"to":[9.18,10.385,8.4806],"rotation":{"angle":0,"axis":"y","origin":[7.515,10.07,8]},"faces":{"north":{"uv":[0,13,7,14],"rotation":270,"texture":"#1"},"east":{"uv":[10,8,14.5,9],"rotation":90,"texture":"#1"},"south":{"uv":[0,14,5,15],"rotation":270,"texture":"#1"},"west":{"uv":[15,8,16,9],"texture":"#1"},"up":{"uv":[0,3,16,4],"rotation":270,"texture":"#2"},"down":{"uv":[1,13,2,14],"texture":"#1"}}},{"from":[7.05,10.3256,7.91613],"to":[7.68,10.3856,8.08387],"rotation":{"angle":0,"axis":"x","origin":[6.495,8.17113,8.36]},"faces":{"up":{"uv":[5,13,6,14],"texture":"#1"}}},{"from":[9.06986,10.01127,7.52],"to":[9.21986,10.34127,8.48],"rotation":{"angle":-22.5,"axis":"z","origin":[9.23486,10.08627,8.0006]},"faces":{"north":{"uv":[1,0,2,4],"texture":"#1"},"south":{"uv":[1,0,2,4],"texture":"#1"},"up":{"uv":[0,11,16,12],"rotation":270,"texture":"#2"}}},{"from":[9.23266,10.12017,7.52],"to":[9.38266,10.45017,8.48],"rotation":{"angle":-45,"axis":"z","origin":[9.12766,10.28517,8.0006]},"faces":{"north":{"uv":[1,0,2,4],"texture":"#1"},"south":{"uv":[1,0,2,4],"texture":"#1"},"up":{"uv":[0,12,16,13],"rotation":270,"texture":"#2"}}},{"from":[8.95222,9.97756,7.52],"to":[9.28222,10.12756,8.48],"rotation":{"angle":22.5,"axis":"z","origin":[9.11722,10.53256,8.0006]},"faces":{"north":{"uv":[1,0,2,4],"rotation":270,"texture":"#1"},"east":{"uv":[0,12,16,13],"texture":"#2"},"south":{"uv":[1,0,2,4],"rotation":90,"texture":"#1"}}},{"from":[9.16705,9.75476,7.52],"to":[9.48205,10.08296,8.48],"rotation":{"angle":0,"axis":"z","origin":[9.01705,10.54795,8.0006]},"faces":{"north":{"uv":[1,0,2,4],"rotation":270,"texture":"#1"},"east":{"uv":[0,15,16,16],"texture":"#2"},"south":{"uv":[1,0,2,4],"rotation":90,"texture":"#1"},"down":{"uv":[11,5,12,6],"rotation":180,"texture":"#1"}}},{"from":[5.835,9.74,7.4444],"to":[7.08,10.385,7.5044],"rotation":{"angle":0,"axis":"y","origin":[7.44,9.05,7.925]},"faces":{"north":{"uv":[0,13,7,14],"rotation":270,"texture":"#1"},"south":{"uv":[0,13,5,14],"rotation":270,"texture":"#1"},"west":{"uv":[15,8,16,9],"texture":"#1"},"down":{"uv":[1,13,2,14],"texture":"#1"}}},{"from":[6.24,9.935,7.4438],"to":[6.39,10.085,8.5562],"rotation":{"angle":0,"axis":"y","origin":[7.92,9.575,7.9994]},"faces":{"north":{"uv":[3,11,5,13],"texture":"#3"},"east":{"uv":[11,5,12,6],"texture":"#1"},"south":{"uv":[2,11,4,13],"texture":"#3"},"west":{"uv":[11,5,12,6],"texture":"#1"},"up":{"uv":[11,5,12,6],"texture":"#1"},"down":{"uv":[11,5,12,6],"texture":"#1"}}},{"from":[6.9,9.815,7.3838],"to":[7.17,10.085,7.9562],"rotation":{"angle":0,"axis":"y","origin":[7.92,9.575,7.9994]},"faces":{"north":{"uv":[10,6,15,11],"rotation":270,"texture":"#3"},"east":{"uv":[11,5,12,6],"texture":"#1"},"west":{"uv":[11,5,12,6],"texture":"#1"},"up":{"uv":[0,0,3,1],"rotation":180,"texture":"#1"},"down":{"uv":[11,5,12,6],"texture":"#1"}}},{"from":[5.7744,9.935,7.6694],"to":[5.9268,10.085,7.8794],"rotation":{"angle":0,"axis":"y","origin":[7.89,9.575,7.9994]},"faces":{"north":{"uv":[11,5,12,6],"texture":"#1"},"south":{"uv":[11,5,12,6],"texture":"#1"},"west":{"uv":[4,8,12,13],"texture":"#5"},"up":{"uv":[3,3,8,4],"rotation":90,"texture":"#1"},"down":{"uv":[11,5,12,6],"rotation":90,"texture":"#1"}}},{"from":[5.7744,9.935,8.1206],"to":[5.9268,10.085,8.3306],"rotation":{"angle":0,"axis":"y","origin":[7.89,9.575,8.0006]},"faces":{"north":{"uv":[12,5,11,6],"texture":"#1"},"south":{"uv":[12,5,11,6],"texture":"#1"},"west":{"uv":[12,8,4,13],"rotation":180,"texture":"#5"},"up":{"uv":[8,3,3,4],"rotation":90,"texture":"#1"},"down":{"uv":[12,5,11,6],"rotation":90,"texture":"#1"}}},{"from":[5.80056,10.115,7.95526],"to":[5.98344,10.331,8.04474],"rotation":{"angle":0,"axis":"y","origin":[5.89272,10.223,8]},"faces":{"west":{"uv":[8,0,7,1],"rotation":180,"texture":"#2"},"up":{"uv":[11,0,5,1],"rotation":90,"texture":"#2"},"down":{"uv":[12,5,11,6],"rotation":90,"texture":"#1"}}},{"from":[5.80128,10.17826,7.892],"to":[5.98416,10.26774,8.108],"rotation":{"angle":0,"axis":"x","origin":[5.89272,10.223,8]},"faces":{"north":{"uv":[5,13,0,14],"rotation":90,"texture":"#1"},"south":{"uv":[5,13,0,14],"rotation":90,"texture":"#1"},"west":{"uv":[8,0,7,1],"rotation":270,"texture":"#2"}}},{"from":[5.80128,10.115,7.95526],"to":[5.98416,10.331,8.04474],"rotation":{"angle":-45,"axis":"x","origin":[5.89272,10.223,8]},"faces":{"west":{"uv":[8,0,7,1],"rotation":180,"texture":"#2"},"up":{"uv":[10,3,5,4],"rotation":90,"texture":"#1"},"down":{"uv":[12,5,11,6],"rotation":90,"texture":"#1"}}},{"from":[5.80128,10.115,7.95526],"to":[5.98416,10.331,8.04474],"rotation":{"angle":45,"axis":"x","origin":[5.89272,10.223,8]},"faces":{"west":{"uv":[8,0,7,1],"rotation":180,"texture":"#2"},"up":{"uv":[10,3,5,4],"rotation":270,"texture":"#1"},"down":{"uv":[12,5,11,6],"rotation":90,"texture":"#1"}}},{"from":[7.5,9.935,7.4438],"to":[7.65,10.085,8.5562],"rotation":{"angle":0,"axis":"y","origin":[7.92,9.575,7.9994]},"faces":{"north":{"uv":[3,11,5,13],"texture":"#3"},"east":{"uv":[11,5,12,6],"texture":"#1"},"south":{"uv":[2,11,4,13],"texture":"#3"},"west":{"uv":[11,5,12,6],"texture":"#1"},"up":{"uv":[0,0,3,1],"rotation":180,"texture":"#1"},"down":{"uv":[11,5,12,6],"texture":"#1"}}},{"from":[7.00218,9.81045,7.445],"to":[7.30218,10.69821,7.5038],"rotation":{"angle":45,"axis":"z","origin":[7.19718,10.49433,7.4744]},"faces":{"north":{"uv":[4,13,7,14],"rotation":270,"texture":"#1"},"east":{"uv":[4,13,7,14],"rotation":90,"texture":"#1"},"south":{"uv":[3,13,6,14],"texture":"#1"}}},{"from":[6.92594,10.01128,7.4447],"to":[7.24094,10.86904,7.5041],"rotation":{"angle":22.5,"axis":"z","origin":[7.07594,10.45516,7.4744]},"faces":{"north":{"uv":[6,12,9,13],"rotation":270,"texture":"#1"},"east":{"uv":[10,8,14.5,9],"rotation":90,"texture":"#1"},"south":{"uv":[2,13,5,14],"texture":"#1"}}},{"from":[6.09,10.385,7.4444],"to":[7.08,11.09276,7.5044],"rotation":{"angle":0,"axis":"y","origin":[7.44,9.635,7.925]},"faces":{"north":{"uv":[10,7,14,8],"rotation":270,"texture":"#1"},"east":{"uv":[10,8,14.5,9],"rotation":90,"texture":"#1"},"south":{"uv":[1,13,2,14],"texture":"#1"},"west":{"uv":[15,8,16,9],"texture":"#1"},"up":{"uv":[13,3,14,4],"rotation":270,"texture":"#0"}}},{"from":[5.83393,10.27183,7.4447],"to":[6.07393,10.94959,7.5041],"rotation":{"angle":-22.5,"axis":"z","origin":[6.11893,10.32571,7.4744]},"faces":{"north":{"uv":[10,7,14,8],"texture":"#1"},"south":{"uv":[6,13,7,14],"texture":"#1"},"west":{"uv":[10,7,16,8],"rotation":90,"texture":"#1"}}},{"from":[7.08,9.74,7.4444],"to":[7.755,10.085,7.5044],"rotation":{"angle":0,"axis":"y","origin":[7.44,9.05,7.925]},"faces":{"north":{"uv":[0,13,4,14],"rotation":270,"texture":"#1"},"east":{"uv":[10,8,14.5,9],"rotation":90,"texture":"#1"},"south":{"uv":[1,13,2,14],"texture":"#1"},"down":{"uv":[1,14,2,13],"texture":"#1"}}},{"from":[5.835,9.74,8.4956],"to":[7.08,10.385,8.5556],"rotation":{"angle":0,"axis":"y","origin":[7.44,9.05,8.075]},"faces":{"north":{"uv":[0,14,5,13],"rotation":270,"texture":"#1"},"south":{"uv":[0,14,7,13],"rotation":270,"texture":"#1"},"west":{"uv":[16,8,15,9],"texture":"#1"},"down":{"uv":[1,14,2,13],"texture":"#1"}}},{"from":[7.08,9.74,8.4956],"to":[7.755,10.085,8.5556],"rotation":{"angle":0,"axis":"y","origin":[7.44,9.05,8.075]},"faces":{"north":{"uv":[2,13,1,14],"texture":"#1"},"east":{"uv":[10,9,14.5,8],"rotation":90,"texture":"#1"},"south":{"uv":[0,14,4,13],"rotation":270,"texture":"#1"},"down":{"uv":[1,14,2,13],"texture":"#1"}}},{"from":[7.00218,9.81045,8.4962],"to":[7.30218,10.69821,8.555],"rotation":{"angle":45,"axis":"z","origin":[7.19718,10.49433,8.5256]},"faces":{"north":{"uv":[6,13,3,14],"texture":"#1"},"east":{"uv":[4,14,7,13],"rotation":90,"texture":"#1"},"south":{"uv":[4,14,7,13],"rotation":270,"texture":"#1"}}},{"from":[6.92594,10.01128,8.4959],"to":[7.24094,10.86904,8.5553],"rotation":{"angle":22.5,"axis":"z","origin":[7.07594,10.45516,8.5256]},"faces":{"north":{"uv":[5,13,2,14],"texture":"#1"},"east":{"uv":[10,9,14.5,8],"rotation":90,"texture":"#1"},"south":{"uv":[6,13,9,12],"rotation":270,"texture":"#1"}}},{"from":[6.09,10.385,8.4956],"to":[7.08,11.09276,8.5556],"rotation":{"angle":0,"axis":"y","origin":[7.44,9.635,8.075]},"faces":{"north":{"uv":[2,13,1,14],"texture":"#1"},"east":{"uv":[10,9,14.5,8],"rotation":90,"texture":"#1"},"south":{"uv":[10,8,14,7],"rotation":270,"texture":"#1"},"west":{"uv":[16,8,15,9],"texture":"#1"},"up":{"uv":[14,3,13,4],"rotation":270,"texture":"#0"}}},{"from":[5.83393,10.27183,8.4959],"to":[6.07393,10.94959,8.5553],"rotation":{"angle":-22.5,"axis":"z","origin":[6.11893,10.32571,8.5256]},"faces":{"north":{"uv":[7,13,6,14],"texture":"#1"},"south":{"uv":[14,7,10,8],"texture":"#1"},"west":{"uv":[10,8,16,7],"rotation":90,"texture":"#1"}}},{"from":[6.09,11.045,8.4956],"to":[7.08,11.09274,8.5556],"rotation":{"angle":-22.5,"axis":"x","origin":[6.495,11.06887,8.4356]},"faces":{"north":{"uv":[3,14,5,13],"rotation":270,"texture":"#1"},"east":{"uv":[13,3,14,2],"rotation":90,"texture":"#1"},"south":{"uv":[4,14,6,13],"rotation":270,"texture":"#1"},"west":{"uv":[16,8,15,9],"texture":"#1"}}},{"from":[6.09,11.12887,8.41173],"to":[7.08,11.18887,8.45947],"rotation":{"angle":22.5,"axis":"x","origin":[6.495,11.06887,8.4356]},"faces":{"east":{"uv":[4,13,3,14],"texture":"#1"},"west":{"uv":[15,9,16,8],"rotation":90,"texture":"#1"},"up":{"uv":[5.1,3.2,5.2,3.1],"rotation":180,"texture":"#1"},"down":{"uv":[4,13,2,14],"rotation":90,"texture":"#1"}}},{"from":[6.09,11.045,8.4956],"to":[7.08,11.09274,8.5556],"rotation":{"angle":-45,"axis":"x","origin":[6.495,11.06887,8.4356]},"faces":{"north":{"uv":[3,14,5,13],"rotation":90,"texture":"#1"},"east":{"uv":[13,3,14,2],"rotation":90,"texture":"#1"},"south":{"uv":[5,14,7,13],"rotation":270,"texture":"#1"},"west":{"uv":[16,8,15,9],"texture":"#1"}}},{"from":[6.09,11.12887,7.54053],"to":[7.08,11.18887,8.46153],"rotation":{"angle":0,"axis":"x","origin":[6.58193,11.15632,8.00665]},"faces":{"east":{"uv":[14.5,8,10,9],"texture":"#1"},"west":{"uv":[15,9,16,8],"rotation":90,"texture":"#1"},"up":{"uv":[0,0,16,1],"rotation":90,"texture":"#2"},"down":{"uv":[0,14,1,13],"texture":"#1"}}},{"from":[6.09,11.12887,7.54053],"to":[7.08,11.18887,7.58827],"rotation":{"angle":-22.5,"axis":"x","origin":[6.495,11.06887,7.5644]},"faces":{"east":{"uv":[13,2,14,3],"texture":"#1"},"west":{"uv":[15,8,16,9],"rotation":90,"texture":"#1"},"up":{"uv":[5.1,3.1,5.2,3.2],"rotation":180,"texture":"#1"},"down":{"uv":[2,13,4,14],"rotation":90,"texture":"#1"}}},{"from":[6.09,11.045,7.4444],"to":[7.08,11.09274,7.5044],"rotation":{"angle":45,"axis":"x","origin":[6.495,11.06887,7.5644]},"faces":{"north":{"uv":[5,13,7,14],"rotation":270,"texture":"#1"},"east":{"uv":[13,2,14,3],"rotation":90,"texture":"#1"},"south":{"uv":[3,13,5,14],"rotation":90,"texture":"#1"},"west":{"uv":[15,8,16,9],"texture":"#1"}}},{"from":[6.09,11.045,7.4444],"to":[7.08,11.09274,7.5044],"rotation":{"angle":22.5,"axis":"x","origin":[6.495,11.06887,7.5644]},"faces":{"north":{"uv":[4,13,6,14],"rotation":270,"texture":"#1"},"east":{"uv":[13,2,14,3],"rotation":90,"texture":"#1"},"south":{"uv":[3,13,5,14],"rotation":270,"texture":"#1"},"west":{"uv":[15,8,16,9],"texture":"#1"}}},{"from":[5.91,10.385,8.4206],"to":[7.08,10.49276,8.4806],"rotation":{"angle":0,"axis":"y","origin":[7.44,9.575,8]},"faces":{"north":{"uv":[2,13,1,14],"texture":"#1"},"east":{"uv":[1,14,2,13],"rotation":90,"texture":"#1"},"south":{"uv":[1,15,4,14],"rotation":90,"texture":"#1"},"west":{"uv":[16,8,15,9],"texture":"#1"}}},{"from":[5.91,10.37887,8.33673],"to":[7.08,10.43887,8.38447],"rotation":{"angle":-45,"axis":"x","origin":[6.495,10.49887,8.3606]},"faces":{"east":{"uv":[2,13,1,14],"texture":"#1"},"west":{"uv":[15,9,16,8],"rotation":90,"texture":"#1"},"up":{"uv":[5,13,3,14],"rotation":90,"texture":"#1"},"down":{"uv":[0,7,2,3],"texture":"#0"}}},{"from":[5.91,10.475,8.4206],"to":[7.08,10.52274,8.4806],"rotation":{"angle":22.5,"axis":"x","origin":[6.495,10.49887,8.3606]},"faces":{"north":{"uv":[2,14,4,13],"rotation":90,"texture":"#1"},"east":{"uv":[1,14,2,13],"rotation":270,"texture":"#1"},"south":{"uv":[2,3,0,7],"rotation":180,"texture":"#0"},"west":{"uv":[16,8,15,9],"rotation":180,"texture":"#1"}}},{"from":[5.91,10.36387,8.27673],"to":[7.08,10.43887,8.38447],"rotation":{"angle":-22.5,"axis":"x","origin":[6.495,10.49887,8.3606]},"faces":{"east":{"uv":[2,13,1,14],"texture":"#1"},"west":{"uv":[15,9,16,8],"rotation":90,"texture":"#1"},"up":{"uv":[5,14,6,13],"rotation":180,"texture":"#1"},"down":{"uv":[0,7,2,3],"texture":"#0"}}},{"from":[5.91,10.37613,7.61673],"to":[7.08,10.43613,8.38447],"rotation":{"angle":0,"axis":"x","origin":[6.495,10.40613,8.0006]},"faces":{"east":{"uv":[1,13,2,14],"texture":"#1"},"west":{"uv":[16,9,15,8],"rotation":90,"texture":"#1"},"up":{"uv":[5,13,6,14],"texture":"#1"}}},{"from":[5.91,10.37887,7.61553],"to":[7.08,10.43887,7.66327],"rotation":{"angle":45,"axis":"x","origin":[6.495,10.49887,7.6394]},"faces":{"east":{"uv":[1,13,2,14],"texture":"#1"},"west":{"uv":[15,8,16,9],"rotation":90,"texture":"#1"},"up":{"uv":[3,13,5,14],"rotation":90,"texture":"#1"},"down":{"uv":[0,3,2,7],"texture":"#0"}}},{"from":[5.91,10.36387,7.61553],"to":[7.08,10.43887,7.72327],"rotation":{"angle":22.5,"axis":"x","origin":[6.495,10.49887,7.6394]},"faces":{"east":{"uv":[1,13,2,14],"texture":"#1"},"west":{"uv":[15,8,16,9],"rotation":90,"texture":"#1"},"up":{"uv":[5,13,6,14],"rotation":180,"texture":"#1"},"down":{"uv":[0,3,2,7],"texture":"#0"}}},{"from":[5.91,10.475,7.5194],"to":[7.08,10.52274,7.5794],"rotation":{"angle":-22.5,"axis":"x","origin":[6.495,10.49887,7.6394]},"faces":{"north":{"uv":[0,3,2,7],"rotation":180,"texture":"#0"},"east":{"uv":[1,13,2,14],"rotation":270,"texture":"#1"},"south":{"uv":[2,13,4,14],"rotation":90,"texture":"#1"},"west":{"uv":[15,8,16,9],"rotation":180,"texture":"#1"}}},{"from":[5.90893,10.37959,7.5194],"to":[6.08893,10.86235,7.5788],"rotation":{"angle":-22.5,"axis":"z","origin":[6.19393,10.43347,7.5494]},"faces":{"north":{"uv":[1,13,2,14],"texture":"#1"},"south":{"uv":[1,14,3,15],"rotation":180,"texture":"#1"},"west":{"uv":[15,8,16,9],"texture":"#1"}}},{"from":[5.91,10.385,7.5194],"to":[7.08,10.49276,7.5794],"rotation":{"angle":0,"axis":"y","origin":[7.44,9.575,8]},"faces":{"north":{"uv":[1,14,4,15],"rotation":90,"texture":"#1"},"east":{"uv":[1,13,2,14],"rotation":90,"texture":"#1"},"south":{"uv":[1,13,2,14],"texture":"#1"},"west":{"uv":[15,8,16,9],"texture":"#1"}}},{"from":[5.90893,10.37959,8.4212],"to":[6.08893,10.86235,8.4806],"rotation":{"angle":-22.5,"axis":"z","origin":[6.19393,10.43347,8.4506]},"faces":{"north":{"uv":[3,14,1,15],"rotation":180,"texture":"#1"},"south":{"uv":[2,13,1,14],"texture":"#1"},"west":{"uv":[16,8,15,9],"texture":"#1"}}},{"from":[6.09,10.49,7.5194],"to":[7.08,11.03276,7.5794],"rotation":{"angle":0,"axis":"y","origin":[7.44,9.575,8]},"faces":{"north":{"uv":[1,13,2,14],"texture":"#1"},"east":{"uv":[10,8,14.5,9],"rotation":90,"texture":"#1"},"south":{"uv":[8,5,14,6],"texture":"#1"},"west":{"uv":[15,8,16,9],"texture":"#1"},"up":{"uv":[13,3,14,4],"rotation":270,"texture":"#0"},"down":{"uv":[10,15,16,16],"texture":"#1"}}},{"from":[6.09,10.49,8.4206],"to":[7.08,11.03276,8.4806],"rotation":{"angle":0,"axis":"y","origin":[7.44,9.575,8]},"faces":{"north":{"uv":[14,5,8,6],"texture":"#1"},"east":{"uv":[10,9,14.5,8],"rotation":90,"texture":"#1"},"south":{"uv":[2,13,1,14],"texture":"#1"},"west":{"uv":[16,8,15,9],"texture":"#1"},"up":{"uv":[14,3,13,4],"rotation":270,"texture":"#0"},"down":{"uv":[10,16,16,15],"texture":"#1"}}},{"from":[6.09,10.985,8.4206],"to":[7.08,11.03274,8.4806],"rotation":{"angle":-22.5,"axis":"x","origin":[6.495,11.00887,8.3606]},"faces":{"north":{"uv":[14,5,8,6],"texture":"#1"},"east":{"uv":[13,3,14,2],"rotation":90,"texture":"#1"},"south":{"uv":[2,13,1,14],"texture":"#1"},"west":{"uv":[16,8,15,9],"texture":"#1"}}},{"from":[6.09,10.985,8.4206],"to":[7.08,11.03274,8.4806],"rotation":{"angle":-45,"axis":"x","origin":[6.495,11.00887,8.3606]},"faces":{"north":{"uv":[14,5,8,6],"texture":"#1"},"east":{"uv":[13,3,14,2],"rotation":90,"texture":"#1"},"south":{"uv":[2,13,1,14],"texture":"#1"},"west":{"uv":[16,8,15,9],"texture":"#1"}}},{"from":[6.09,11.06887,8.33673],"to":[7.08,11.12887,8.38447],"rotation":{"angle":22.5,"axis":"x","origin":[6.495,11.00887,8.3606]},"faces":{"east":{"uv":[4,13,3,14],"texture":"#1"},"west":{"uv":[15,9,16,8],"rotation":90,"texture":"#1"},"up":{"uv":[1,14,2,13],"rotation":180,"texture":"#1"},"down":{"uv":[8,6,14,5],"texture":"#1"}}},{"from":[6.09,11.06887,7.61673],"to":[7.08,11.12887,8.38447],"rotation":{"angle":0,"axis":"x","origin":[6.495,11.00887,8.3606]},"faces":{"east":{"uv":[14.5,8,10,9],"texture":"#1"},"west":{"uv":[15,9,16,8],"rotation":90,"texture":"#1"},"down":{"uv":[7,6,14,5],"texture":"#1"}}},{"from":[6.09,11.06887,7.61553],"to":[7.08,11.12887,7.66327],"rotation":{"angle":-22.5,"axis":"x","origin":[6.495,11.00887,7.6394]},"faces":{"east":{"uv":[13,2,14,3],"texture":"#1"},"west":{"uv":[15,8,16,9],"rotation":90,"texture":"#1"},"up":{"uv":[1,13,2,14],"rotation":180,"texture":"#1"},"down":{"uv":[8,5,14,6],"texture":"#1"}}},{"from":[6.09,10.985,7.5194],"to":[7.08,11.03274,7.5794],"rotation":{"angle":45,"axis":"x","origin":[6.495,11.00887,7.6394]},"faces":{"north":{"uv":[1,13,2,14],"texture":"#1"},"east":{"uv":[13,2,14,3],"rotation":90,"texture":"#1"},"south":{"uv":[8,5,14,6],"texture":"#1"},"west":{"uv":[15,8,16,9],"texture":"#1"}}},{"from":[6.09,10.985,7.5194],"to":[7.08,11.03274,7.5794],"rotation":{"angle":22.5,"axis":"x","origin":[6.495,11.00887,7.6394]},"faces":{"north":{"uv":[1,13,2,14],"texture":"#1"},"east":{"uv":[13,2,14,3],"rotation":90,"texture":"#1"},"south":{"uv":[8,5,14,6],"texture":"#1"},"west":{"uv":[15,8,16,9],"texture":"#1"}}},{"from":[5.19,9.47,7.7494],"to":[9.41,9.655,8.2506],"rotation":{"angle":0,"axis":"y","origin":[6.75,9.475,8]},"faces":{"north":{"uv":[0,13,5,14],"rotation":90,"texture":"#1"},"east":{"uv":[1,13,1.5,13.75],"texture":"#1"},"south":{"uv":[0,13,5,14],"rotation":90,"texture":"#1"},"west":{"uv":[1,13,2,14],"texture":"#1"},"up":{"uv":[1,2,6,3],"rotation":90,"texture":"#1"},"down":{"uv":[11,5,12,6],"texture":"#1"}}},{"from":[5.19,9.645,7.7494],"to":[5.41,9.73,8.2506],"rotation":{"angle":0,"axis":"y","origin":[6.75,9.55,8]},"faces":{"north":{"uv":[7,13,10,14],"rotation":90,"texture":"#1"},"east":{"uv":[1,13,1.5,13.75],"texture":"#1"},"south":{"uv":[7,13,10,14],"rotation":90,"texture":"#1"},"west":{"uv":[1,13,2,14],"texture":"#1"},"up":{"uv":[7,9,14,10],"rotation":90,"texture":"#1"}}},{"from":[5.59,9.645,7.7494],"to":[5.71,9.73,8.2506],"rotation":{"angle":0,"axis":"y","origin":[7.05,9.55,8]},"faces":{"north":{"uv":[7,13,10,14],"rotation":90,"texture":"#1"},"east":{"uv":[1,13,1.5,13.75],"texture":"#1"},"south":{"uv":[7,13,10,14],"rotation":90,"texture":"#1"},"west":{"uv":[1,13,2,14],"texture":"#1"},"up":{"uv":[7,9,14,10],"rotation":90,"texture":"#1"}}},{"from":[5.89,9.645,7.7494],"to":[6.01,9.73,8.2506],"rotation":{"angle":0,"axis":"y","origin":[7.35,9.55,8]},"faces":{"north":{"uv":[7,13,10,14],"rotation":90,"texture":"#1"},"east":{"uv":[1,13,1.5,13.75],"texture":"#1"},"south":{"uv":[7,13,10,14],"rotation":90,"texture":"#1"},"west":{"uv":[1,13,2,14],"texture":"#1"},"up":{"uv":[7,9,14,10],"rotation":90,"texture":"#1"}}},{"from":[7.49,9.645,7.7494],"to":[7.61,9.73,8.2506],"rotation":{"angle":0,"axis":"y","origin":[8.95,9.55,8]},"faces":{"north":{"uv":[7,13,10,14],"rotation":90,"texture":"#1"},"east":{"uv":[1,13,1.5,13.75],"texture":"#1"},"south":{"uv":[7,13,10,14],"rotation":90,"texture":"#1"},"west":{"uv":[1,13,2,14],"texture":"#1"},"up":{"uv":[7,9,14,10],"rotation":90,"texture":"#1"}}},{"from":[7.79,9.645,7.7494],"to":[7.91,9.73,8.2506],"rotation":{"angle":0,"axis":"y","origin":[9.25,9.55,8]},"faces":{"north":{"uv":[7,13,10,14],"rotation":90,"texture":"#1"},"east":{"uv":[1,13,1.5,13.75],"texture":"#1"},"south":{"uv":[7,13,10,14],"rotation":90,"texture":"#1"},"west":{"uv":[1,13,2,14],"texture":"#1"},"up":{"uv":[7,9,14,10],"rotation":90,"texture":"#1"}}},{"from":[9.19,9.645,7.7494],"to":[9.41,9.73,8.2506],"rotation":{"angle":0,"axis":"y","origin":[10.75,9.55,8]},"faces":{"north":{"uv":[7,13,10,14],"rotation":90,"texture":"#1"},"east":{"uv":[1,13,1.5,13.75],"texture":"#1"},"south":{"uv":[7,13,10,14],"rotation":90,"texture":"#1"},"west":{"uv":[1,13,2,14],"texture":"#1"},"up":{"uv":[7,9,14,10],"rotation":90,"texture":"#1"}}},{"from":[6.1256,7.54493,7.4],"to":[6.6756,7.64493,7.5],"rotation":{"angle":-22.5,"axis":"z","origin":[6.5256,7.59493,7.5]},"faces":{"north":{"uv":[4,13,7,14],"rotation":270,"texture":"#1"},"east":{"uv":[0,0,1.1,2.2],"texture":"#1"},"south":{"uv":[1,13,1.1,13.5],"rotation":270,"texture":"#1"},"up":{"uv":[0,0,0.2,0.5],"rotation":270,"texture":"#1"},"down":{"uv":[1,13,1.2,13.5],"rotation":270,"texture":"#1"}}},{"from":[5.3481,9.28709,7.3449],"to":[5.6481,9.41109,7.8199],"rotation":{"angle":-45,"axis":"x","origin":[3.59585,9.45259,7.5199]},"faces":{"east":{"uv":[9,9,12,10],"texture":"#1"},"south":{"uv":[10,10,16,11],"texture":"#1"},"west":{"uv":[0,1,7,2],"texture":"#1"},"up":{"uv":[10,10,16,11],"texture":"#1"},"down":{"uv":[1,13,2,14],"texture":"#1"}}},{"from":[6.3481,9.28709,7.3449],"to":[6.6481,9.41109,7.8199],"rotation":{"angle":-45,"axis":"x","origin":[4.59585,9.45259,7.5199]},"faces":{"east":{"uv":[9,9,12,10],"texture":"#1"},"south":{"uv":[10,10,16,11],"texture":"#1"},"west":{"uv":[0,1,7,2],"texture":"#1"},"up":{"uv":[10,10,16,11],"texture":"#1"},"down":{"uv":[1,13,2,14],"texture":"#1"}}},{"from":[7.3481,9.28709,7.3449],"to":[7.6481,9.41109,7.8199],"rotation":{"angle":-45,"axis":"x","origin":[3.39885,9.45259,7.5199]},"faces":{"east":{"uv":[0,1,7,2],"texture":"#1"},"south":{"uv":[10,10,16,11],"rotation":180,"texture":"#1"},"west":{"uv":[9,9,12,10],"texture":"#1"},"up":{"uv":[10,10,16,11],"rotation":180,"texture":"#1"},"down":{"uv":[1,13,2,14],"texture":"#1"}}},{"from":[7.348,8.4495,7.4255],"to":[7.648,9.2995,7.5495],"rotation":{"angle":0,"axis":"z","origin":[10.4,8,8]},"faces":{"north":{"uv":[10,10,16,11],"texture":"#1"},"east":{"uv":[0,1,7,2],"rotation":90,"texture":"#1"},"south":{"uv":[1,13,2,14],"texture":"#1"},"west":{"uv":[9,9,12,10],"rotation":270,"texture":"#1"}}},{"from":[5.323,8.2745,7.3755],"to":[7.673,8.5745,7.5495],"rotation":{"angle":0,"axis":"z","origin":[6.498,8.4245,7.4375]},"faces":{"north":{"uv":[3,13,7,14],"rotation":270,"texture":"#1"},"east":{"uv":[10,10,16,11],"rotation":90,"texture":"#1"},"south":{"uv":[1,13,2,14],"rotation":270,"texture":"#1"},"west":{"uv":[0,0,5,1],"rotation":90,"texture":"#1"},"up":{"uv":[0,1,7,2],"texture":"#1"},"down":{"uv":[9,9,12,10],"rotation":180,"texture":"#1"}}},{"from":[6.023,7.6745,7.3755],"to":[7.173,8.2745,7.5495],"rotation":{"angle":0,"axis":"z","origin":[6.398,8.2245,7.4375]},"faces":{"north":{"uv":[0,13,4,14],"rotation":270,"texture":"#1"},"east":{"uv":[10,10,16,11],"rotation":90,"texture":"#1"},"west":{"uv":[0,2,1,5],"rotation":270,"texture":"#1"},"down":{"uv":[9,9,12,10],"rotation":180,"texture":"#1"}}},{"from":[5.423,7.6745,7.4755],"to":[7.573,8.2745,7.5495],"rotation":{"angle":0,"axis":"z","origin":[6.398,8.2245,7.4625]},"faces":{"north":{"uv":[0,13,1,14],"rotation":270,"texture":"#1"},"east":{"uv":[1,13,2,14],"rotation":90,"texture":"#1"},"west":{"uv":[1,13,2,14],"rotation":270,"texture":"#1"},"down":{"uv":[9,9,12,10],"rotation":180,"texture":"#1"}}},{"from":[5.348,8.3995,7.4255],"to":[5.648,9.2995,7.5495],"rotation":{"angle":0,"axis":"y","origin":[10.6,8,8]},"faces":{"north":{"uv":[10,10,16,11],"rotation":180,"texture":"#1"},"east":{"uv":[0,1,7,2],"rotation":90,"texture":"#1"},"south":{"uv":[1,13,2,14],"texture":"#1"},"west":{"uv":[9,9,12,10],"rotation":270,"texture":"#1"}}},{"from":[6.348,8.3995,7.4255],"to":[6.648,9.2995,7.5495],"rotation":{"angle":0,"axis":"y","origin":[11.6,8,8]},"faces":{"north":{"uv":[10,10,16,11],"rotation":180,"texture":"#1"},"east":{"uv":[0,1,7,2],"rotation":90,"texture":"#1"},"south":{"uv":[1,13,2,14],"texture":"#1"},"west":{"uv":[9,9,12,10],"rotation":270,"texture":"#1"}}},{"from":[6,7.58,8.15],"to":[10.2,8.5,8.45],"faces":{"south":{"uv":[3,13.1,10,13.2],"rotation":90,"texture":"#0"},"up":{"uv":[0,3,1,4],"rotation":180,"texture":"#1"},"down":{"uv":[2,11,3,12],"texture":"#1"}}},{"from":[5,9.225,7.87574],"to":[10.2,9.45,8.12426],"faces":{"north":{"uv":[15,0,16,7],"texture":"#a"},"east":{"uv":[0,0,1,2],"texture":"#2"},"south":{"uv":[15,0,16,7],"texture":"#a"},"west":{"uv":[0.01,5,0.01,8],"texture":"#1"},"up":{"uv":[0,0,16,16],"texture":"#2"}}},{"from":[4.03947,8.55377,7.8751],"to":[5.36947,9.05377,8.1249],"rotation":{"angle":45,"axis":"z","origin":[4.70447,8.80377,8]},"faces":{"north":{"uv":[10,10,16,11],"rotation":90,"texture":"#1"},"south":{"uv":[10,10,16,11],"rotation":90,"texture":"#1"},"up":{"uv":[0,0,9,16],"rotation":180,"texture":"#2"}}},{"from":[14.1,8.0757,7.5],"to":[14.65,8.7992,8.5],"rotation":{"angle":0,"axis":"x","origin":[13.775,8.2,8.2]},"faces":{"north":{"uv":[10,1,12,14],"texture":"#b"},"east":{"uv":[7,6,8,7],"texture":"#c"},"south":{"uv":[0,0,2,13],"rotation":180,"texture":"#b"},"west":{"uv":[7,5,8,6],"texture":"#d"},"up":{"uv":[2,6,16,7],"rotation":90,"texture":"#c"}}},{"from":[11.05,7.95074,7.501],"to":[12.025,8.79926,8.499],"rotation":{"angle":0,"axis":"x","origin":[13.775,8.2,8.201]},"faces":{"north":{"uv":[11,0,16,16],"texture":"#b"},"east":{"uv":[7,5,8,6],"texture":"#d"},"south":{"uv":[6,0,11,16],"rotation":180,"texture":"#b"},"up":{"uv":[2,6,16,7],"rotation":90,"texture":"#c"}}},{"from":[12,8.07574,7.5],"to":[12.75,8.64926,8.5],"rotation":{"angle":0,"axis":"x","origin":[13.775,8.2,8.2]},"faces":{"north":{"uv":[9,4,13,15],"texture":"#b"},"south":{"uv":[13,5,16,16],"rotation":180,"texture":"#b"},"up":{"uv":[3,11,11,12],"rotation":90,"texture":"#d"}}},{"from":[13.375,8.07574,7.5],"to":[14.1,8.64926,8.5],"rotation":{"angle":0,"axis":"x","origin":[13.775,8.2,8.2]},"faces":{"north":{"uv":[0,0,3,11],"texture":"#b"},"south":{"uv":[8,3,11,14],"rotation":180,"texture":"#b"},"up":{"uv":[3,11,11,12],"rotation":90,"texture":"#d"}}},{"from":[12.75,8.07574,7.5],"to":[13.375,8.79926,8.5],"rotation":{"angle":0,"axis":"x","origin":[13.775,8.2,8.2]},"faces":{"north":{"uv":[9,3,11,16],"texture":"#b"},"east":{"uv":[7,5,8,6],"texture":"#d"},"south":{"uv":[11,1,13,14],"rotation":180,"texture":"#b"},"west":{"uv":[7,5,8,6],"texture":"#d"},"up":{"uv":[2,6,16,7],"rotation":90,"texture":"#c"}}},{"from":[11.7,7.9,7.67574],"to":[14.65,8.1,8.32426],"rotation":{"angle":0,"axis":"x","origin":[13.775,8.2,7.8]},"faces":{"east":{"uv":[7,6,8,7],"rotation":270,"texture":"#c"},"down":{"uv":[9,6,4,6.5],"rotation":90,"texture":"#c"}}},{"from":[11.7,8.07574,7.5],"to":[14.65,8.32426,7.8],"rotation":{"angle":-45,"axis":"x","origin":[13.775,8.2,7.8]},"faces":{"north":{"uv":[3,2,14,7],"texture":"#c"},"east":{"uv":[7,6,8,7],"texture":"#c"}}},{"from":[11.7,8.0757,8.2],"to":[14.65,8.3242,8.5],"rotation":{"angle":45,"axis":"x","origin":[13.775,8.2,8.2]},"faces":{"east":{"uv":[7,6,8,7],"texture":"#c"},"south":{"uv":[0,0,11,4],"rotation":180,"texture":"#c"}}},{"from":[11.6,8.8,7.6],"to":[14.65,9.2,8.4],"faces":{"north":{"uv":[4,8,16,16],"rotation":180,"texture":"#b"},"south":{"uv":[0,0,12,8],"texture":"#b"},"west":{"uv":[7,6,8,7],"texture":"#c"},"up":{"uv":[7,6,7.7,6.25],"texture":"#c"},"down":{"uv":[0,15,1,16],"texture":"#d"}}},{"from":[10.201,9.5,7.65],"to":[10.2635,9.7,8.35],"faces":{"east":{"uv":[0,6,16,9],"texture":"#9"},"west":{"uv":[0,6,16,9],"texture":"#9"},"up":{"uv":[0,6,16,7],"rotation":90,"texture":"#9"}}},{"from":[14.75,8.175,7.96022],"to":[20.125,8.225,8.03978],"faces":{"east":{"uv":[9,6,13,7],"rotation":90,"texture":"#2"},"up":{"uv":[1,8,7,9],"rotation":90,"texture":"#a"},"down":{"uv":[6,9,7,10],"texture":"#1"}}},{"from":[19.899,8.5625,7.85],"to":[19.999,9.075,8.15],"rotation":{"angle":0,"axis":"y","origin":[8,7.8,8]},"faces":{"north":{"uv":[8,0,14,1],"texture":"#a"},"east":{"uv":[15,7,16,12],"rotation":270,"texture":"#a"},"south":{"uv":[8,0,14,1],"texture":"#a"},"west":{"uv":[7,4,13,5],"texture":"#1"},"down":{"uv":[2,2,4,4],"texture":"#8"}}},{"from":[7.5,6.7,7.699],"to":[9.3,7.6,8.301],"faces":{"north":{"uv":[0,3,2,13],"rotation":270,"texture":"#8"},"east":{"uv":[0,10,3,11],"texture":"#2"},"south":{"uv":[0,3,2,13],"rotation":90,"texture":"#8"},"west":{"uv":[0,10,3,11],"texture":"#2"}}},{"from":[7.46,4.52,7.7],"to":[9.12,6.7075,8.3],"rotation":{"angle":22.5,"axis":"z","origin":[7.5,6.8125,7.625]},"faces":{"north":{"uv":[0,3,2,13],"rotation":270,"texture":"#8"},"east":{"uv":[0,10,3,11],"texture":"#2"},"south":{"uv":[0,3,2,13],"rotation":90,"texture":"#8"},"west":{"uv":[0,10,3,11],"texture":"#2"},"down":{"uv":[0,0,1.6875,0.6],"texture":"#2"}}},{"from":[8.265,2.565,7.699],"to":[10.055,4.765,8.301],"rotation":{"angle":45,"axis":"z","origin":[8.4,4.8125,7.625]},"faces":{"north":{"uv":[0,3,2,13],"rotation":270,"texture":"#8"},"east":{"uv":[0,3,3,5],"texture":"#a"},"south":{"uv":[0,3,2,13],"rotation":90,"texture":"#8"},"west":{"uv":[0,8,3,9],"texture":"#2"},"up":{"uv":[0,4,3,5],"texture":"#2"},"down":{"uv":[0,3,6,13],"rotation":90,"texture":"#8"}}},{"from":[4.5625,5.3375,7.7],"to":[5.5625,7.9375,8.3],"rotation":{"angle":-22.5,"axis":"z","origin":[4.5625,7.9375,7.75]},"faces":{"north":{"uv":[0,9,10,10],"rotation":180,"texture":"#c"},"east":{"uv":[4,6,9,7],"texture":"#d"},"south":{"uv":[0,9,10,10],"texture":"#c"},"west":{"uv":[3,6,9,7],"texture":"#c"},"down":{"uv":[3,4,8,7],"texture":"#d"}}},{"from":[2,8,7.65],"to":[3.1,8.8,8.35],"rotation":{"angle":-22.5,"axis":"z","origin":[1.625,8.75,7.6875]},"faces":{"north":{"uv":[0,0,3,10],"texture":"#b"},"south":{"uv":[0,0,3,10],"texture":"#b"},"up":{"uv":[0,0,4,9],"texture":"#b"}}},{"from":[0.375,6.2,7.601],"to":[4.375,7.2,8.399],"rotation":{"angle":22.5,"axis":"z","origin":[0.375,7.25,7.6875]},"faces":{"north":{"uv":[5,0,16,14],"texture":"#b"},"south":{"uv":[5,2,16,16],"texture":"#b"},"west":{"uv":[7,6,8,7],"texture":"#c"},"up":{"uv":[0,0,11,10.7],"texture":"#b"},"down":{"uv":[4,7,12,8],"rotation":90,"texture":"#d"}}},{"from":[-2.6,6.3,7.5],"to":[0.8,8.575,8.5],"faces":{"north":{"uv":[0,0,7,16],"texture":"#b"},"east":{"uv":[7,6,8,7],"texture":"#c"},"south":{"uv":[0,0,7,16],"texture":"#b"},"up":{"uv":[7,6,8,7],"texture":"#c"},"down":{"uv":[5,5,8,6],"texture":"#d"}}},{"from":[-2.7,6.3,7.5],"to":[-2.6,8.575,8.5],"faces":{"north":{"uv":[7.25,5,10.5,7.94984],"texture":"#2"},"south":{"uv":[7,5,10.25,8],"texture":"#2"},"west":{"uv":[0,0,16,16],"texture":"#2"},"up":{"uv":[15,15,16,16],"texture":"#2"},"down":{"uv":[0,15,1,16],"texture":"#2"}}},{"from":[0.55,7.26,7.6015],"to":[2.05,8.66,8.3985],"faces":{"north":{"uv":[0,0,4,13],"texture":"#b"},"east":{"uv":[7,6,8,7],"texture":"#c"},"south":{"uv":[10,2,14,15],"texture":"#b"},"up":{"uv":[6,7,10,16],"texture":"#b"}}},{"from":[4.225,7.1,7.6],"to":[5.5,7.6,8.4],"faces":{"north":{"uv":[9,0,11,7],"texture":"#c"},"east":{"uv":[9,0,11,7],"texture":"#c"},"south":{"uv":[9,0,11,7],"texture":"#c"},"west":{"uv":[9,0,11,7],"texture":"#c"},"down":{"uv":[7,6,8,7],"texture":"#c"}}},{"from":[14.75,8.85,7.875],"to":[16.25,9.25,8.125],"faces":{"north":{"uv":[15,0,16,7],"texture":"#a"},"south":{"uv":[15,0,16,7],"texture":"#a"},"up":{"uv":[9,2,10,13],"rotation":180,"texture":"#3"},"down":{"uv":[0.3125,8.1875,0,7.875],"texture":"#1"}}},{"from":[16.52,8.88,7.85],"to":[17.46,9.18,8.15],"rotation":{"angle":-45,"axis":"z","origin":[16.5625,9.25,7.875]},"faces":{"north":{"uv":[0,0,1,9],"texture":"#a"},"south":{"uv":[0,0,1,6],"texture":"#a"},"west":{"uv":[4,0,4.3125,0.375],"texture":"#2"},"up":{"uv":[0,7,11,8],"rotation":270,"texture":"#a"},"down":{"uv":[15.99,4.3125,15.99,4],"texture":"#1"}}},{"from":[19.15,8.125,7.89645],"to":[20,8.625,8.10355],"faces":{"east":{"uv":[7,4,7.6,4.6],"texture":"#1"},"west":{"uv":[7,4,7.6,4.6],"texture":"#1"},"up":{"uv":[6,8,9,9],"rotation":90,"texture":"#3"},"down":{"uv":[0,0,0.69984,0.59951],"texture":"#1"}}},{"from":[14,8,7.95],"to":[19.5,8.101,8.05],"faces":{"north":{"uv":[0,0,4.2,0.1],"texture":"#1"},"east":{"uv":[0,0,0.1,0.1],"texture":"#1"},"south":{"uv":[0,0,4.2,0.1],"texture":"#1"},"up":{"uv":[0,0,4.2,0.1],"texture":"#1"},"down":{"uv":[0,0,4.2,0.1],"texture":"#1"}}},{"from":[10,8.6,8.3],"to":[10.1,8.9,8.5],"faces":{"east":{"uv":[2,2,4,4],"rotation":180,"texture":"#3"},"south":{"uv":[3,11,4,13],"texture":"#3"},"west":{"uv":[2,4,4,2],"texture":"#3"},"up":{"uv":[0,0,0.1,0.5],"texture":"#3"},"down":{"uv":[0,0,0.1,0.5],"texture":"#2"}}},{"from":[5.8,7.65,7.549],"to":[5.9,7.75,7.65],"faces":{"north":{"uv":[2,2,4,4],"rotation":270,"texture":"#3"}}},{"from":[5.7,8,7.9],"to":[5.8,8.5,8.1],"rotation":{"angle":22.5,"axis":"z","origin":[8,8,8]},"faces":{"north":{"uv":[0,0,0.1,0.5],"texture":"#1"},"east":{"uv":[0,0,0.2,0.5],"texture":"#1"},"south":{"uv":[0,0,0.1,0.5],"texture":"#1"},"west":{"uv":[0,0,0.2,0.5],"texture":"#1"},"down":{"uv":[0,0,0.1,0.2],"texture":"#1"}}},{"from":[5.715,6.79,7.8],"to":[6.5,6.89,8.2],"faces":{"north":{"uv":[3,2,10,4],"rotation":180,"texture":"#3"},"south":{"uv":[6,2,2,4],"rotation":180,"texture":"#3"},"up":{"uv":[3,1,12,4],"texture":"#3"},"down":{"uv":[10,10,16,11],"rotation":180,"texture":"#1"}}},{"from":[6.7,7,7.7],"to":[7.3,7.8,8.3],"rotation":{"angle":0,"axis":"y","origin":[8,8,7.95]},"faces":{"north":{"uv":[0,0,5,5],"texture":"#2"},"east":{"uv":[0,0,8,1],"rotation":90,"texture":"#2"},"south":{"uv":[0,0,5,5],"texture":"#2"},"west":{"uv":[0,0,3.4,5.8],"texture":"#2"},"down":{"uv":[7,4,8,5],"texture":"#1"}}},{"from":[14.65,8.1007,8.175],"to":[14.849,8.3492,8.475],"rotation":{"angle":45,"axis":"x","origin":[8,8.225,8.175]},"faces":{"east":{"uv":[11,10,12,11],"texture":"#8"},"south":{"uv":[6,4,8,8],"rotation":270,"texture":"#8"}}},{"from":[14.65,8.1007,7.525],"to":[14.849,8.3492,7.825],"rotation":{"angle":-45,"axis":"x","origin":[8,8.225,7.825]},"faces":{"north":{"uv":[6,8,8,4],"rotation":270,"texture":"#8"},"east":{"uv":[12,10,11,11],"texture":"#8"}}},{"from":[14.65,7.925,7.7008],"to":[14.849,8.225,8.2993],"rotation":{"angle":0,"axis":"x","origin":[8,8.225,7.775]},"faces":{"east":{"uv":[12,10,11,11],"rotation":90,"texture":"#8"},"down":{"uv":[6,8,8,4],"rotation":90,"texture":"#8"}}},{"from":[14.65,8.1007,7.525],"to":[14.85,8.7992,8.475],"rotation":{"angle":0,"axis":"y","origin":[8,8,8.025]},"faces":{"north":{"uv":[6,4,8,8],"rotation":90,"texture":"#8"},"east":{"uv":[11,10,15,13],"texture":"#8"},"south":{"uv":[6,4,8,8],"rotation":270,"texture":"#8"},"up":{"uv":[6,4,8,8],"rotation":270,"texture":"#8"}}},{"from":[14.65,8.8,7.6],"to":[14.851,9.2,8.4],"faces":{"north":{"uv":[6,4,8,8],"rotation":90,"texture":"#8"},"east":{"uv":[11,10,15,13],"texture":"#8"},"south":{"uv":[4,6,6,10],"rotation":90,"texture":"#8"},"up":{"uv":[6,4,8,8],"rotation":270,"texture":"#8"}}},{"from":[14.65,8.732,7.136],"to":[14.85,9.132,7.436],"rotation":{"angle":45,"axis":"x","origin":[8,8,8]},"faces":{"north":{"uv":[6,4,8,8],"rotation":90,"texture":"#8"},"east":{"uv":[11,10,15,13],"texture":"#8"},"south":{"uv":[6,4,8,8],"rotation":270,"texture":"#8"},"up":{"uv":[6,4,8,8],"rotation":270,"texture":"#8"}}},{"from":[11.6,8.732,7.136],"to":[14.65,9.132,7.436],"rotation":{"angle":45,"axis":"x","origin":[8,8,8]},"faces":{"west":{"uv":[7,6,8,7],"texture":"#c"},"up":{"uv":[4,6,16,13],"texture":"#b"}}},{"from":[14.65,8.732,8.567],"to":[14.85,9.132,8.867],"rotation":{"angle":-45,"axis":"x","origin":[8,8,8]},"faces":{"north":{"uv":[6,4,8,8],"rotation":90,"texture":"#8"},"east":{"uv":[11,10,15,13],"texture":"#8"},"south":{"uv":[6,4,8,8],"rotation":270,"texture":"#8"},"up":{"uv":[6,4,8,8],"rotation":270,"texture":"#8"}}},{"from":[11.6,8.732,8.567],"to":[14.65,9.132,8.867],"rotation":{"angle":-45,"axis":"x","origin":[8,8,8]},"faces":{"west":{"uv":[7,6,8,7],"texture":"#c"},"up":{"uv":[2,5,14,12],"rotation":180,"texture":"#b"}}},{"from":[11.6,9.0124,7.81],"to":[14.65,9.4124,8.19],"faces":{"north":{"uv":[7,6,7.7,6.1],"rotation":180,"texture":"#c"},"south":{"uv":[7,6,7.7,6.1],"texture":"#c"},"west":{"uv":[7,6,8,7],"texture":"#c"},"up":{"uv":[3,4,15,13],"texture":"#b"}}},{"from":[14.65,9.0124,7.81],"to":[14.851,9.4124,8.19],"faces":{"north":{"uv":[6,4,8,8],"rotation":90,"texture":"#8"},"east":{"uv":[11,10,15,13],"texture":"#8"},"south":{"uv":[6,4,8,8],"rotation":270,"texture":"#8"},"up":{"uv":[6,4,8,8],"rotation":270,"texture":"#8"}}},{"from":[10.65,6.4,7.5005],"to":[12.075,6.8,8.4995],"rotation":{"angle":22.5,"axis":"z","origin":[8,8,7.9995]},"faces":{"north":{"uv":[10,5,16,13],"texture":"#b"},"south":{"uv":[0,0,6,8],"texture":"#b"},"west":{"uv":[7,6,8,7],"texture":"#c"},"down":{"uv":[3,6,10,7],"rotation":90,"texture":"#c"}}},{"from":[10.9,7.55,7.495],"to":[11.05,8.8001,8.505],"faces":{"north":{"uv":[2,9,4,13],"rotation":270,"texture":"#8"},"south":{"uv":[2,9,4,13],"rotation":90,"texture":"#8"},"west":{"uv":[4,6,5,7],"texture":"#2"},"up":{"uv":[13,9,16,12],"rotation":180,"texture":"#2"},"down":{"uv":[2,3,4,8],"rotation":90,"texture":"#0"}}},{"from":[10.2,8.7,7.65],"to":[11.5,9.5,8.35],"faces":{"north":{"uv":[3,13,13,14],"rotation":90,"texture":"#0"},"east":{"uv":[0,0,1,2],"texture":"#2"},"south":{"uv":[3,13,13,14],"rotation":90,"texture":"#0"},"west":{"uv":[0.01,5,0.01,8],"texture":"#1"},"up":{"uv":[0,0,5,16],"texture":"#2"}}},{"from":[10.75,8.875,7.8],"to":[12.5,9.25,8.2],"faces":{"north":{"uv":[0,3,2,7],"rotation":180,"texture":"#0"},"east":{"uv":[7.8125,6.75,8.125,7.125],"texture":"#2"},"south":{"uv":[0,6,8,7],"rotation":90,"texture":"#0"},"up":{"uv":[10,5,11,8],"texture":"#6"},"down":{"uv":[0.3125,8.1875,0,7.875],"texture":"#1"}}},{"from":[10.202,9.5,7.65],"to":[10.2645,9.7,8.35],"faces":{"north":{"uv":[11,6,12,7],"texture":"#3"},"east":{"uv":[5,5,11,9],"texture":"#9"},"south":{"uv":[11,6,12,7],"texture":"#3"},"west":{"uv":[5,5,11,9],"texture":"#9"},"up":{"uv":[5,6,11,7],"rotation":90,"texture":"#9"},"down":{"uv":[11,6,12,7],"texture":"#3"}}},{"from":[11,8.05,8.35],"to":[11.6,8.25,8.4],"rotation":{"angle":22.5,"axis":"z","origin":[8,8,8]},"faces":{"north":{"uv":[3,13,13,14],"rotation":90,"texture":"#0"},"east":{"uv":[0,0,1,2],"texture":"#2"},"south":{"uv":[12,6,14,13],"texture":"#0"},"west":{"uv":[0.01,5,0.01,8],"texture":"#1"},"up":{"uv":[0,0,5,16],"texture":"#2"}}},{"from":[11,8.22,8.35],"to":[11.2,8.27,8.45],"rotation":{"angle":22.5,"axis":"z","origin":[8,8,8]},"faces":{"north":{"uv":[3,13,13,14],"rotation":90,"texture":"#0"},"east":{"uv":[0,0,1,2],"texture":"#2"},"south":{"uv":[12,6,14,13],"texture":"#0"},"west":{"uv":[0.01,5,0.01,8],"texture":"#1"},"up":{"uv":[0,0,5,16],"texture":"#2"}}},{"from":[11.25,6.7,7.78],"to":[11.4,6.85,8.43],"rotation":{"angle":45,"axis":"z","origin":[8,8,8]},"faces":{"north":{"uv":[3,13,13,14],"rotation":90,"texture":"#0"},"east":{"uv":[11,9,12,14],"texture":"#6"},"south":{"uv":[3,4,7,7],"rotation":90,"texture":"#7"},"west":{"uv":[0.01,5,0.01,8],"texture":"#1"},"up":{"uv":[8,12,14,13],"rotation":180,"texture":"#7"},"down":{"uv":[0,0,2,1],"texture":"#0"}}},{"from":[5.35,8.275,8.43],"to":[5.5,8.425,8.58],"faces":{"east":{"uv":[0,0,2,1],"rotation":270,"texture":"#0"},"south":{"uv":[3,4,7,7],"texture":"#7"},"west":{"uv":[8,12,14,13],"rotation":90,"texture":"#7"},"up":{"uv":[11,9,12,14],"rotation":270,"texture":"#6"},"down":{"uv":[0.01,5,0.01,8],"rotation":270,"texture":"#1"}}},{"from":[10.75,7.3,7.75],"to":[10.85,7.4,8.4],"rotation":{"angle":45,"axis":"z","origin":[8,8,8]},"faces":{"north":{"uv":[3,13,13,14],"rotation":90,"texture":"#0"},"east":{"uv":[11,9,12,14],"texture":"#6"},"south":{"uv":[5,0,10,5],"rotation":90,"texture":"#6"},"west":{"uv":[0.01,5,0.01,8],"texture":"#1"},"up":{"uv":[8,12,14,13],"rotation":180,"texture":"#7"},"down":{"uv":[0,0,2,1],"texture":"#0"}}},{"from":[10.25,9.5,7.8],"to":[11.25,9.55,8.2],"faces":{"north":{"uv":[3,13,13,14],"rotation":90,"texture":"#0"},"east":{"uv":[0,0,1,2],"texture":"#2"},"south":{"uv":[3,13,13,14],"rotation":90,"texture":"#0"},"west":{"uv":[0.01,5,0.01,8],"texture":"#1"},"up":{"uv":[2,4,4,11],"texture":"#0"}}},{"from":[10.25,9.501,7.85],"to":[10.5,9.551,7.95],"faces":{"up":{"uv":[13,1,14,11],"rotation":90,"texture":"#6"}}},{"from":[10.5,9.501,7.85],"to":[10.75,9.551,7.95],"faces":{"up":{"uv":[13,1,14,11],"rotation":90,"texture":"#6"}}},{"from":[11,9.501,7.85],"to":[11.25,9.551,7.95],"faces":{"up":{"uv":[13,1,14,11],"rotation":90,"texture":"#6"}}},{"from":[10.75,9.501,7.85],"to":[11,9.551,7.95],"faces":{"up":{"uv":[13,1,14,11],"rotation":90,"texture":"#6"}}},{"from":[10.5,9.501,8.05],"to":[10.75,9.551,8.15],"faces":{"up":{"uv":[13,1,14,11],"rotation":270,"texture":"#6"}}},{"from":[10.75,9.501,8.05],"to":[11,9.551,8.15],"faces":{"up":{"uv":[13,1,14,11],"rotation":270,"texture":"#6"}}},{"from":[11,9.501,8.05],"to":[11.25,9.551,8.15],"faces":{"up":{"uv":[13,1,14,11],"rotation":270,"texture":"#6"}}},{"from":[10.25,9.501,8.05],"to":[10.5,9.551,8.15],"faces":{"up":{"uv":[13,1,14,11],"rotation":270,"texture":"#6"}}},{"from":[10.2,7.58,7.55],"to":[10.9,8.98,8.45],"faces":{"north":{"uv":[2,13,11,14],"rotation":90,"texture":"#0"},"east":{"uv":[0.01,5,0.01,8],"texture":"#1"},"south":{"uv":[2,14,11,13],"rotation":90,"texture":"#0"},"west":{"uv":[0.01,5,0.01,8],"texture":"#1"},"up":{"uv":[0,0,1,12],"texture":"#2"},"down":{"uv":[2,11,3,12],"texture":"#1"}}},{"from":[9.657,8.6,9.227],"to":[9.757,8.9,9.527],"rotation":{"angle":22.5,"axis":"y","origin":[8,8,8]},"faces":{"east":{"uv":[3,2,5,4],"rotation":180,"texture":"#3"},"south":{"uv":[3,11,4,13],"texture":"#3"},"west":{"uv":[3,4,5,2],"texture":"#3"},"up":{"uv":[0,0,0.1,0.5],"texture":"#3"},"down":{"uv":[0,0,0.1,0.5],"texture":"#2"}}},{"from":[5,8.548,8.513],"to":[7.8,8.948,8.713],"rotation":{"angle":-22.5,"axis":"x","origin":[8,8,8]},"faces":{"east":{"uv":[0,0,0.2,0.5],"texture":"#1"},"south":{"uv":[10,3,12,12],"rotation":180,"texture":"#0"},"west":{"uv":[0,0,0.2,0.5],"texture":"#1"},"down":{"uv":[0,0,1,1],"texture":"#1"}}},{"from":[5,8.548,7.286],"to":[10.2,8.948,7.486],"rotation":{"angle":22.5,"axis":"x","origin":[8,8,8]},"faces":{"north":{"uv":[12,3,14,12],"texture":"#0"},"east":{"uv":[0,0,0.2,0.5],"texture":"#1"},"south":{"uv":[10,3,12,12],"rotation":180,"texture":"#0"},"west":{"uv":[0,0,0.2,0.5],"texture":"#1"}}},{"from":[5.5,7,7.8],"to":[5.6,7.9,8.2],"faces":{"north":{"uv":[2,2,6,4],"rotation":90,"texture":"#3"},"east":{"uv":[3,1,12,4],"rotation":270,"texture":"#3"},"south":{"uv":[6,2,2,4],"rotation":270,"texture":"#3"},"west":{"uv":[0,0,1.3,0.4],"rotation":270,"texture":"#1"}}},{"from":[5.528,8.76,7.799],"to":[5.628,9.06,8.201],"rotation":{"angle":45,"axis":"z","origin":[8,8,8]},"faces":{"north":{"uv":[3,2,6,4],"rotation":90,"texture":"#3"},"east":{"uv":[3,1,12,4],"rotation":270,"texture":"#3"},"south":{"uv":[6,2,2,4],"rotation":270,"texture":"#3"},"west":{"uv":[0,0,1.3,0.4],"rotation":270,"texture":"#1"}}},{"from":[6.085,8.206,7.799],"to":[6.485,8.306,8.201],"rotation":{"angle":45,"axis":"z","origin":[8,8,8]},"faces":{"north":{"uv":[3,2,7,4],"rotation":180,"texture":"#3"},"south":{"uv":[6,2,2,4],"rotation":180,"texture":"#3"},"up":{"uv":[3,1,12,4],"rotation":180,"texture":"#3"},"down":{"uv":[2,1,10,2],"texture":"#0"}}},{"from":[6.9,7.1,7.699],"to":[7,7.2,8.301],"rotation":{"angle":0,"axis":"y","origin":[8,8,7.95]},"faces":{"north":{"uv":[2,11,4,13],"texture":"#3"},"south":{"uv":[2,11,4,13],"texture":"#3"}}},{"from":[7.05,6.6,7.85],"to":[7.15,7.4,8.15],"faces":{"north":{"uv":[2,3,4,11],"texture":"#3"},"east":{"uv":[0,0,2,2],"texture":"#2"},"south":{"uv":[2,3,4,10],"rotation":180,"texture":"#3"},"west":{"uv":[3,3,6,10],"rotation":180,"texture":"#3"},"down":{"uv":[7,4,8,5],"texture":"#1"}}},{"from":[-1.45,6.1,7.85],"to":[-1.25,6.8,8.15],"faces":{"north":{"uv":[2,3,4,11],"texture":"#3"},"east":{"uv":[0,0,2,2],"texture":"#2"},"south":{"uv":[2,3,4,10],"rotation":180,"texture":"#3"},"west":{"uv":[7,7,8,8],"rotation":180,"texture":"#3"},"down":{"uv":[7,4,8,5],"texture":"#1"}}},{"from":[-1.4,6.15,7.55],"to":[-1.3,6.25,8.45],"faces":{"north":{"uv":[2,6,4,8],"rotation":270,"texture":"#3"},"east":{"uv":[15,0,16,1],"texture":"#2"},"south":{"uv":[2,3,4,5],"rotation":270,"texture":"#3"},"west":{"uv":[7,7,8,8],"rotation":180,"texture":"#3"},"up":{"uv":[0,0,1,1],"texture":"#2"},"down":{"uv":[7,4,8,5],"texture":"#1"}}},{"from":[-0.9,6.15,7.55],"to":[-0.8,6.25,8.45],"faces":{"north":{"uv":[2,6,4,8],"rotation":270,"texture":"#3"},"east":{"uv":[0,0,8,3],"texture":"#2"},"south":{"uv":[2,3,4,5],"rotation":270,"texture":"#3"},"west":{"uv":[15,0,16,1],"rotation":180,"texture":"#2"},"up":{"uv":[0,0,1,1],"texture":"#2"},"down":{"uv":[7,4,8,5],"texture":"#1"}}},{"from":[-1.3,6.15,8.45],"to":[-0.9,6.25,8.55],"rotation":{"angle":0,"axis":"y","origin":[-0.85,6.2,8]},"faces":{"north":{"uv":[15,0,16,1],"rotation":180,"texture":"#2"},"east":{"uv":[2,6,4,8],"rotation":270,"texture":"#3"},"south":{"uv":[3,1,8,3],"texture":"#3"},"west":{"uv":[2,3,4,5],"rotation":270,"texture":"#3"},"up":{"uv":[0,0,1,1],"rotation":90,"texture":"#2"},"down":{"uv":[7,4,8,5],"rotation":270,"texture":"#1"}}},{"from":[-1.3,6.15,7.45],"to":[-0.9,6.25,7.55],"rotation":{"angle":0,"axis":"y","origin":[-0.85,6.2,8]},"faces":{"north":{"uv":[10,1,4,3],"texture":"#3"},"east":{"uv":[4,6,2,8],"rotation":90,"texture":"#3"},"south":{"uv":[16,0,15,1],"rotation":180,"texture":"#2"},"west":{"uv":[4,3,2,5],"rotation":90,"texture":"#3"},"up":{"uv":[0,0,1,1],"rotation":90,"texture":"#2"},"down":{"uv":[8,4,7,5],"rotation":270,"texture":"#1"}}},{"from":[8.2,8.06,8.351],"to":[8.34,8.2,8.452],"rotation":{"angle":0,"axis":"y","origin":[7.8,8.1,8]},"faces":{"north":{"uv":[2,11,4,13],"texture":"#3"},"south":{"uv":[10,1,13,4],"rotation":180,"texture":"#3"}}},{"from":[8.6,8.04,8.351],"to":[8.75,8.19,8.452],"rotation":{"angle":0,"axis":"y","origin":[7.8,8.1,8]},"faces":{"north":{"uv":[2,11,4,13],"texture":"#3"},"south":{"uv":[1,2,4,5],"rotation":270,"texture":"#3"}}},{"from":[14,7.898,7.925],"to":[14.15,7.999,8.075],"rotation":{"angle":0,"axis":"x","origin":[7.8,8.1,7.985]},"faces":{"up":{"uv":[2,11,4,13],"rotation":180,"texture":"#3"},"down":{"uv":[5,4,8,7],"rotation":270,"texture":"#2"}}},{"from":[4,7.58,8.15],"to":[6,8.78,8.45],"faces":{"east":{"uv":[0.01,5,1.01,8],"texture":"#1"},"south":{"uv":[3,14,10,13],"rotation":90,"texture":"#0"},"west":{"uv":[0.01,5,0.01,8],"texture":"#1"},"up":{"uv":[0,3,1,4],"rotation":180,"texture":"#1"},"down":{"uv":[2,11,3,12],"texture":"#1"}}},{"from":[7.8,8.5,8.22],"to":[10.3,8.8,8.42],"rotation":{"angle":0,"axis":"y","origin":[9.05,8.8,8.42]},"faces":{"east":{"uv":[0,0,0.2,0.5],"texture":"#1"},"south":{"uv":[13.1,0,16,16],"rotation":90,"texture":"#3"},"west":{"uv":[0,0,0.2,0.5],"texture":"#1"},"down":{"uv":[0,0,2.5,0.2],"texture":"#1"}}},{"from":[7.8,8.8,8.22],"to":[10.3,9.15,8.42],"rotation":{"angle":-22.5,"axis":"x","origin":[9.05,8.8,8.42]},"faces":{"east":{"uv":[0,0,0.2,0.5],"texture":"#1"},"south":{"uv":[0,13.1,16,16],"rotation":180,"texture":"#3"},"west":{"uv":[0,0,0.2,0.5],"texture":"#1"},"down":{"uv":[0,0,2.5,0.2],"texture":"#1"}}},{"from":[7.6,8.4,8.02],"to":[7.8,8.69,8.22],"faces":{"east":{"uv":[0,0,0.2,0.5],"texture":"#1"},"south":{"uv":[12,8,15,11],"texture":"#2"},"west":{"uv":[0,0,0.2,0.5],"texture":"#1"},"up":{"uv":[0,0,2.5,0.2],"texture":"#1"},"down":{"uv":[0,0,2.5,0.2],"texture":"#1"}}},{"from":[5,7.7,8.22],"to":[7.8,9.19,7.72],"faces":{"east":{"uv":[10,5,11,6],"texture":"#1"},"south":{"uv":[6,7,16,8],"rotation":90,"texture":"#1"},"west":{"uv":[9,5,10,6],"texture":"#1"},"up":{"uv":[10,5,11,6],"texture":"#1"},"down":{"uv":[11,5,12,6],"texture":"#1"}}},{"from":[4,7.58,7.55],"to":[10.2,8.78,8.15],"faces":{"north":{"uv":[3,13,10,14],"rotation":90,"texture":"#0"},"east":{"uv":[0.01,5,0.01,8],"texture":"#1"},"west":{"uv":[0.01,5,0.01,8],"texture":"#1"},"up":{"uv":[0,3,1,4],"rotation":180,"texture":"#1"},"down":{"uv":[2,11,3,12],"texture":"#1"}}},{"from":[17,8.6,7.851],"to":[17.6,8.975,8.149],"rotation":{"angle":-22.5,"axis":"z","origin":[16.5625,9.25,7.875]},"faces":{"north":{"uv":[0,0,6,1],"texture":"#a"},"south":{"uv":[0,0,5,1],"texture":"#a"},"west":{"uv":[4,0,4.3125,0.375],"rotation":180,"texture":"#2"},"up":{"uv":[0,7,11,8],"rotation":270,"texture":"#a"},"down":{"uv":[15.99,4.3125,15.99,4],"rotation":180,"texture":"#1"}}},{"from":[16.5075,8.927,7.825],"to":[16.7875,9.207,8.175],"rotation":{"angle":-45,"axis":"z","origin":[16.5625,9.25,7.899]},"faces":{"north":{"uv":[15,2,16,5],"texture":"#a"},"east":{"uv":[6,6,9,9],"texture":"#0"},"south":{"uv":[0,1,1,4],"texture":"#a"},"west":{"uv":[4,0,4.3125,0.375],"texture":"#2"},"up":{"uv":[4,9,13,10],"rotation":90,"texture":"#3"},"down":{"uv":[15.99,4.3125,15.99,4],"texture":"#1"}}},{"from":[16.31,8.5525,7.851],"to":[16.81,8.8525,8.149],"faces":{"north":{"uv":[15,0,16,6],"rotation":180,"texture":"#a"},"east":{"uv":[7.99,8,7.99,8.3125],"rotation":270,"texture":"#3"},"south":{"uv":[15,0,16,7],"rotation":180,"texture":"#a"},"west":{"uv":[15.99,4.3125,15.99,4],"rotation":270,"texture":"#1"},"up":{"uv":[4,0,4.3125,0.375],"rotation":90,"texture":"#2"}}},{"from":[15.3,9,7.799],"to":[15.4,9.1,8.201],"faces":{"north":{"uv":[0.01,0.01,0.01,0.01],"texture":"#0"},"south":{"uv":[1,2,4,5],"rotation":270,"texture":"#0"}}},{"from":[14.649,8.5525,7.95],"to":[15.149,8.8525,8.05],"faces":{"north":{"uv":[15,0,16,6],"rotation":180,"texture":"#a"},"east":{"uv":[0,0,4,2],"rotation":270,"texture":"#0"},"south":{"uv":[15,0,16,7],"rotation":180,"texture":"#a"}}},{"from":[14.45,8.7,7.9],"to":[14.95,9,8.1],"faces":{"north":{"uv":[15,0,16,6],"rotation":180,"texture":"#a"},"east":{"uv":[0,0,4,2],"rotation":270,"texture":"#0"},"south":{"uv":[15,0,16,7],"rotation":180,"texture":"#a"},"west":{"uv":[15.99,4.3125,15.99,4],"rotation":270,"texture":"#1"},"up":{"uv":[4,0,4.3125,0.375],"rotation":90,"texture":"#2"}}},{"from":[15.55,9,7.799],"to":[15.65,9.1,8.201],"faces":{"north":{"uv":[0.01,0.01,0.01,0.01],"texture":"#0"},"south":{"uv":[1,2,4,5],"rotation":270,"texture":"#0"}}},{"from":[16.05,9,7.799],"to":[16.15,9.1,8.201],"faces":{"north":{"uv":[0.01,0.01,0.01,0.01],"texture":"#0"},"south":{"uv":[1,2,4,5],"rotation":270,"texture":"#0"}}},{"from":[15.8,9,7.799],"to":[15.9,9.1,8.201],"faces":{"north":{"uv":[0.01,0.01,0.01,0.01],"texture":"#0"},"south":{"uv":[1,2,4,5],"rotation":270,"texture":"#0"}}},{"from":[14.75,8.925,7.8],"to":[16.25,9.175,8.2],"faces":{"north":{"uv":[8,12,16,13],"rotation":270,"texture":"#7"},"south":{"uv":[9,12,16,13],"rotation":270,"texture":"#7"},"up":{"uv":[2,8,14,9],"rotation":270,"texture":"#a"},"down":{"uv":[0.3125,8.1875,0,7.875],"texture":"#1"}}},{"from":[18.168,11.9975,7.85],"to":[18.318,13.06,8.15],"rotation":{"angle":-22.5,"axis":"z","origin":[10,7.8,8]},"faces":{"north":{"uv":[0,0,1,1],"texture":"#a"},"east":{"uv":[0,0,2,1],"texture":"#1"},"south":{"uv":[0,0,1,1],"texture":"#a"},"west":{"uv":[0,9,3,14],"rotation":180,"texture":"#a"},"up":{"uv":[2,2,4,4],"texture":"#8"},"down":{"uv":[2,2,4,4],"texture":"#8"}}},{"from":[19.3,8.5625,7.851],"to":[19.9,8.825,8.149],"faces":{"north":{"uv":[0,15,16,16],"rotation":180,"texture":"#a"},"south":{"uv":[0,15,16,16],"texture":"#a"},"up":{"uv":[7,4,13,5],"rotation":270,"texture":"#1"}}},{"from":[19.575,9.2,7.851],"to":[20,9.53,8.149],"rotation":{"angle":0,"axis":"y","origin":[8,7.8,8]},"faces":{"north":{"uv":[0,0,1,1],"texture":"#a"},"east":{"uv":[6,0,8,14],"rotation":270,"texture":"#2"},"south":{"uv":[0,0,1,1],"texture":"#a"},"up":{"uv":[0,0,1,11],"texture":"#a"}}},{"from":[19.5,9.075,7.851],"to":[20,9.2,8.149],"rotation":{"angle":0,"axis":"y","origin":[8,7.8,8]},"faces":{"north":{"uv":[0,0,1,1],"texture":"#a"},"east":{"uv":[0,1,1,5],"rotation":270,"texture":"#a"},"south":{"uv":[0,0,1,1],"texture":"#a"},"down":{"uv":[3,0,4,1],"texture":"#6"}}},{"from":[19.65,9.15,7.8],"to":[19.9,9.4,8.2],"rotation":{"angle":0,"axis":"y","origin":[8,7.8,8]},"faces":{"north":{"uv":[3,3,8,8],"texture":"#3"},"east":{"uv":[0,0,1,1],"texture":"#8"},"south":{"uv":[3,3,8,8],"rotation":90,"texture":"#3"},"west":{"uv":[0,0,1,1],"texture":"#8"},"up":{"uv":[3,2,4,13],"rotation":90,"texture":"#3"},"down":{"uv":[2,2,4,4],"rotation":270,"texture":"#8"}}},{"from":[19.601,9.39,7.45],"to":[19.999,9.59,7.5],"rotation":{"angle":22.5,"axis":"x","origin":[10,7.8,8]},"faces":{"north":{"uv":[15,0,16,5],"rotation":180,"texture":"#a"},"east":{"uv":[4,4,5,6],"texture":"#2"},"south":{"uv":[15,0,16,7],"texture":"#a"},"west":{"uv":[6,0,8,1],"texture":"#a"},"up":{"uv":[2,2,4,4],"texture":"#8"},"down":{"uv":[2,2,4,4],"texture":"#8"}}},{"from":[19.601,9.39,8.5],"to":[19.999,9.59,8.55],"rotation":{"angle":-22.5,"axis":"x","origin":[10,7.8,8]},"faces":{"north":{"uv":[15,0,16,7],"texture":"#a"},"east":{"uv":[4,4,5,5],"texture":"#2"},"south":{"uv":[15,0,16,5],"rotation":180,"texture":"#a"},"west":{"uv":[6,0,8,1],"texture":"#a"},"up":{"uv":[2,2,4,4],"texture":"#8"},"down":{"uv":[2,2,4,4],"texture":"#8"}}},{"from":[19.6,9.645,7.777],"to":[20,9.795,7.827],"rotation":{"angle":0,"axis":"y","origin":[8,7.8,8]},"faces":{"north":{"uv":[9,0,12,1],"rotation":90,"texture":"#a"},"east":{"uv":[4,4,5,5],"texture":"#2"},"south":{"uv":[10,10,16,11],"rotation":270,"texture":"#1"},"west":{"uv":[9,0,12,1],"rotation":90,"texture":"#a"},"up":{"uv":[2,2,4,4],"texture":"#8"},"down":{"uv":[2,2,4,4],"texture":"#8"}}},{"from":[19.6,9.645,8.173],"to":[20,9.795,8.223],"rotation":{"angle":0,"axis":"y","origin":[8,7.8,8]},"faces":{"north":{"uv":[10,10,16,11],"rotation":270,"texture":"#1"},"east":{"uv":[4,4,5,5],"texture":"#2"},"south":{"uv":[9,0,12,1],"rotation":90,"texture":"#a"},"west":{"uv":[9,0,12,1],"rotation":90,"texture":"#a"},"up":{"uv":[2,2,4,4],"texture":"#8"},"down":{"uv":[2,2,4,4],"texture":"#8"}}},{"from":[19.599,9.054,6.432],"to":[20.001,9.154,6.482],"rotation":{"angle":45,"axis":"x","origin":[10,7.8,8]},"faces":{"north":{"uv":[6,9,7,13],"texture":"#3"},"east":{"uv":[8,9,9,13],"texture":"#3"},"south":{"uv":[0,0,1,1],"texture":"#0"},"west":{"uv":[7,4,11,5],"rotation":270,"texture":"#a"},"up":{"uv":[4,3,6,5],"texture":"#3"},"down":{"uv":[2,2,4,4],"texture":"#8"}}},{"from":[19.599,9.054,9.52],"to":[20.001,9.154,9.57],"rotation":{"angle":-45,"axis":"x","origin":[10,7.8,8]},"faces":{"north":{"uv":[0,0,1,1],"texture":"#0"},"east":{"uv":[7,9,8,13],"texture":"#3"},"south":{"uv":[7,9,8,13],"texture":"#3"},"west":{"uv":[7,4,11,5],"rotation":270,"texture":"#a"},"up":{"uv":[4,3,6,5],"rotation":180,"texture":"#3"},"down":{"uv":[2,2,4,4],"texture":"#8"}}},{"from":[19.85,9.5,7.985],"to":[19.95,9.7,8.015],"rotation":{"angle":0,"axis":"y","origin":[8,7.8,8]},"faces":{"north":{"uv":[0,0,1,4],"rotation":270,"texture":"#a"},"east":{"uv":[0,0,4,2],"texture":"#2"},"south":{"uv":[0,0,1,1],"texture":"#0"},"west":{"uv":[0,0,1,4],"texture":"#a"},"up":{"uv":[0,13,7,16],"texture":"#a"},"down":{"uv":[2,2,4,4],"texture":"#8"}}},{"from":[16.5,7.913,7.735],"to":[16.7,8.113,8.035],"rotation":{"angle":45,"axis":"x","origin":[9,8,8]},"faces":{"north":{"uv":[15,0,16,7],"texture":"#a"},"east":{"uv":[4,1,4.6,1.8],"texture":"#1"},"south":{"uv":[15,0,16,7],"texture":"#a"},"west":{"uv":[0,0,0.6,0.8],"texture":"#1"},"up":{"uv":[0,1,16,3],"rotation":270,"texture":"#a"},"down":{"uv":[0,0,0.7,0.6],"texture":"#1"}}},{"from":[16.5,7.913,7.965],"to":[16.7,8.113,8.265],"rotation":{"angle":-45,"axis":"x","origin":[9,8,8]},"faces":{"north":{"uv":[15,0,16,7],"texture":"#a"},"east":{"uv":[4,1,4.6,1.8],"texture":"#1"},"south":{"uv":[15,0,16,7],"texture":"#a"},"west":{"uv":[0,0,0.6,0.8],"texture":"#1"},"up":{"uv":[0,1,16,3],"rotation":270,"texture":"#a"},"down":{"uv":[0,0,0.7,0.6],"texture":"#1"}}},{"from":[16.5,7.914,7.965],"to":[16.7,8.114,8.035],"faces":{"north":{"uv":[15,0,16,7],"texture":"#a"},"east":{"uv":[4,1,4.6,1.8],"texture":"#1"},"south":{"uv":[15,0,16,7],"texture":"#a"},"west":{"uv":[0,0,0.6,0.8],"texture":"#1"},"up":{"uv":[0,1,16,3],"rotation":270,"texture":"#a"},"down":{"uv":[0,0,0.7,0.6],"texture":"#1"}}},{"from":[19.5,7.913,7.735],"to":[19.7,8.113,8.035],"rotation":{"angle":45,"axis":"x","origin":[12,8,8]},"faces":{"north":{"uv":[15,0,16,7],"texture":"#a"},"east":{"uv":[4,1,4.6,1.8],"texture":"#1"},"south":{"uv":[15,0,16,7],"texture":"#a"},"west":{"uv":[0,0,0.6,0.8],"texture":"#1"},"up":{"uv":[0,1,16,3],"rotation":270,"texture":"#a"},"down":{"uv":[0,0,0.7,0.6],"texture":"#1"}}},{"from":[19.5,7.914,7.965],"to":[19.7,8.114,8.035],"faces":{"north":{"uv":[15,0,16,7],"texture":"#a"},"east":{"uv":[4,1,4.6,1.8],"texture":"#1"},"south":{"uv":[15,0,16,7],"texture":"#a"},"west":{"uv":[0,0,0.6,0.8],"texture":"#1"},"up":{"uv":[0,1,16,3],"rotation":270,"texture":"#a"},"down":{"uv":[0,0,0.7,0.6],"texture":"#1"}}},{"from":[19.5,7.913,7.965],"to":[19.7,8.113,8.265],"rotation":{"angle":-45,"axis":"x","origin":[12,8,8]},"faces":{"north":{"uv":[15,0,16,7],"texture":"#a"},"east":{"uv":[4,1,4.6,1.8],"texture":"#1"},"south":{"uv":[15,0,16,7],"texture":"#a"},"west":{"uv":[0,0,0.6,0.8],"texture":"#1"},"up":{"uv":[0,1,16,3],"rotation":270,"texture":"#a"},"down":{"uv":[0,0,0.7,0.6],"texture":"#1"}}},{"from":[14.75,8.175,7.96022],"to":[20.125,8.225,8.03978],"rotation":{"angle":22.5,"axis":"x","origin":[17.45,8.375,8]},"faces":{"east":{"uv":[9,6,13,7],"rotation":90,"texture":"#2"},"up":{"uv":[6,7,11,8],"rotation":90,"texture":"#a"},"down":{"uv":[6,9,7,10],"texture":"#1"}}},{"from":[14.75,8.175,7.96022],"to":[20.125,8.225,8.03978],"rotation":{"angle":45,"axis":"x","origin":[17.45,8.375,8]},"faces":{"east":{"uv":[9,6,13,7],"rotation":90,"texture":"#2"},"up":{"uv":[1,7,9,8],"rotation":90,"texture":"#a"},"down":{"uv":[10,10,14,11],"rotation":270,"texture":"#1"}}},{"from":[14.75,8.175,7.96022],"to":[20.125,8.225,8.03978],"rotation":{"angle":-22.5,"axis":"x","origin":[17.45,8.375,8]},"faces":{"east":{"uv":[9,6,13,7],"rotation":90,"texture":"#2"},"up":{"uv":[6,7,11,8],"rotation":270,"texture":"#a"},"down":{"uv":[12,10,16,11],"texture":"#1"}}},{"from":[14.75,8.175,7.96022],"to":[20.125,8.225,8.03978],"rotation":{"angle":-45,"axis":"x","origin":[17.45,8.375,8]},"faces":{"east":{"uv":[9,6,13,7],"rotation":90,"texture":"#2"},"up":{"uv":[1,7,9,8],"rotation":90,"texture":"#a"},"down":{"uv":[15,2,16,6],"texture":"#a"}}},{"from":[14.75,8.33522,7.8],"to":[20.125,8.41478,7.85],"rotation":{"angle":22.5,"axis":"x","origin":[17.45,8.375,8]},"faces":{"north":{"uv":[4,1,8,2],"rotation":270,"texture":"#a"},"east":{"uv":[9,6,13,7],"rotation":180,"texture":"#2"},"south":{"uv":[15,0,16,7],"rotation":180,"texture":"#a"}}},{"from":[14.75,8.33522,7.8],"to":[20.125,8.41478,7.85],"faces":{"north":{"uv":[9,0,12,1],"rotation":90,"texture":"#a"},"east":{"uv":[9,6,13,7],"rotation":180,"texture":"#2"},"south":{"uv":[9,7,15,8],"rotation":270,"texture":"#a"}}},{"from":[14.75,8.33522,7.8],"to":[20.125,8.41478,7.85],"rotation":{"angle":-22.5,"axis":"x","origin":[17.45,8.375,8]},"faces":{"north":{"uv":[15,0,16,4],"texture":"#a"},"east":{"uv":[9,6,13,7],"rotation":180,"texture":"#2"},"south":{"uv":[6,7,11,8],"rotation":90,"texture":"#a"}}},{"from":[14.75,8.33522,8.15],"to":[20.125,8.41478,8.2],"rotation":{"angle":22.5,"axis":"x","origin":[17.45,8.375,8]},"faces":{"north":{"uv":[7,7,11,8],"rotation":90,"texture":"#a"},"east":{"uv":[9,6,13,7],"rotation":180,"texture":"#2"},"south":{"uv":[9,0,13,1],"rotation":90,"texture":"#a"},"down":{"uv":[8,7,9,8],"rotation":180,"texture":"#a"}}},{"from":[14.75,8.33522,8.15],"to":[20.125,8.41478,8.2],"rotation":{"angle":-22.5,"axis":"x","origin":[17.45,8.375,8]},"faces":{"north":{"uv":[8,0,14,1],"rotation":270,"texture":"#a"},"east":{"uv":[9,6,13,7],"rotation":180,"texture":"#2"},"south":{"uv":[11,8,14,9],"rotation":90,"texture":"#a"}}},{"from":[14.75,8.33522,8.15],"to":[20.125,8.41478,8.2],"faces":{"north":{"uv":[2,1,6,2],"rotation":90,"texture":"#a"},"east":{"uv":[9,6,13,7],"rotation":180,"texture":"#2"},"south":{"uv":[4,1,6,2],"rotation":270,"texture":"#a"}}},{"from":[14.75,8.525,7.96022],"to":[20.125,8.575,8.03978],"rotation":{"angle":45,"axis":"x","origin":[17.45,8.375,8]},"faces":{"east":{"uv":[9,6,13,7],"rotation":90,"texture":"#2"},"up":{"uv":[6,9,7,12],"texture":"#3"},"down":{"uv":[15,2,16,8],"texture":"#a"}}},{"from":[14.75,8.525,7.96022],"to":[20.125,8.575,8.03978],"rotation":{"angle":22.5,"axis":"x","origin":[17.45,8.375,8]},"faces":{"east":{"uv":[9,6,13,7],"rotation":90,"texture":"#2"},"up":{"uv":[8,9,9,13],"rotation":180,"texture":"#a"},"down":{"uv":[6,9,7,10],"texture":"#1"}}},{"from":[14.75,8.525,7.96022],"to":[20.125,8.575,8.03978],"faces":{"east":{"uv":[9,6,13,7],"rotation":90,"texture":"#2"},"up":{"uv":[7,11,11,12],"rotation":270,"texture":"#a"},"down":{"uv":[6,9,7,10],"texture":"#1"}}},{"from":[14.75,8.525,7.96022],"to":[20.125,8.575,8.03978],"rotation":{"angle":-22.5,"axis":"x","origin":[17.45,8.375,8]},"faces":{"east":{"uv":[9,6,13,7],"rotation":90,"texture":"#2"},"up":{"uv":[6,9,7,10],"rotation":180,"texture":"#3"},"down":{"uv":[6,9,7,10],"texture":"#1"}}},{"from":[14.75,8.525,7.96022],"to":[20.125,8.575,8.03978],"rotation":{"angle":-45,"axis":"x","origin":[17.45,8.375,8]},"faces":{"east":{"uv":[9,6,13,7],"rotation":90,"texture":"#2"},"up":{"uv":[8,8,13,9],"rotation":270,"texture":"#a"},"down":{"uv":[10,10,16,11],"rotation":270,"texture":"#1"}}},{"from":[20.2,8.33522,7.8],"to":[20.3125,8.41478,7.85],"faces":{"north":{"uv":[9,0,12,1],"rotation":90,"texture":"#a"},"east":{"uv":[9,6,13,7],"rotation":180,"texture":"#2"},"south":{"uv":[9,7,15,8],"rotation":270,"texture":"#a"},"west":{"uv":[0.01,0.01,0.01,0.01],"rotation":270,"texture":"#2"}}},{"from":[20.2,8.33522,7.8],"to":[20.3125,8.41478,7.85],"rotation":{"angle":-22.5,"axis":"x","origin":[22.9,8.375,8]},"faces":{"north":{"uv":[15,0,16,4],"texture":"#a"},"east":{"uv":[9,6,13,7],"rotation":180,"texture":"#2"},"south":{"uv":[6,7,11,8],"rotation":90,"texture":"#a"},"west":{"uv":[0.01,0.01,0.01,0.01],"rotation":270,"texture":"#2"}}},{"from":[20.2,8.175,7.96022],"to":[20.3125,8.225,8.03978],"rotation":{"angle":45,"axis":"x","origin":[22.9,8.375,8]},"faces":{"east":{"uv":[9,6,13,7],"rotation":90,"texture":"#2"},"west":{"uv":[0.01,0.01,0.01,0.01],"texture":"#2"},"up":{"uv":[1,7,9,8],"rotation":90,"texture":"#a"},"down":{"uv":[10,10,14,11],"rotation":270,"texture":"#1"}}},{"from":[20.2,8.175,7.96022],"to":[20.3125,8.225,8.03978],"rotation":{"angle":22.5,"axis":"x","origin":[22.9,8.375,8]},"faces":{"east":{"uv":[9,6,13,7],"rotation":90,"texture":"#2"},"west":{"uv":[0.01,0.01,0.01,0.01],"texture":"#2"},"up":{"uv":[6,7,11,8],"rotation":90,"texture":"#a"},"down":{"uv":[6,9,7,10],"texture":"#1"}}},{"from":[20.2,8.175,7.96022],"to":[20.3125,8.225,8.03978],"faces":{"east":{"uv":[9,6,13,7],"rotation":90,"texture":"#2"},"west":{"uv":[0.01,0.01,0.01,0.01],"texture":"#2"},"up":{"uv":[1,8,7,9],"rotation":90,"texture":"#a"},"down":{"uv":[6,9,7,10],"texture":"#1"}}},{"from":[20.2,8.175,7.96022],"to":[20.3125,8.225,8.03978],"rotation":{"angle":-22.5,"axis":"x","origin":[22.9,8.375,8]},"faces":{"east":{"uv":[9,6,13,7],"rotation":90,"texture":"#2"},"west":{"uv":[0.01,0.01,0.01,0.01],"texture":"#2"},"up":{"uv":[6,7,11,8],"rotation":270,"texture":"#a"},"down":{"uv":[12,10,16,11],"texture":"#1"}}},{"from":[20.2,8.175,7.96022],"to":[20.3125,8.225,8.03978],"rotation":{"angle":-45,"axis":"x","origin":[22.9,8.375,8]},"faces":{"east":{"uv":[9,6,13,7],"rotation":90,"texture":"#2"},"west":{"uv":[0.01,0.01,0.01,0.01],"texture":"#2"},"up":{"uv":[1,7,9,8],"rotation":90,"texture":"#a"},"down":{"uv":[15,2,16,6],"texture":"#a"}}},{"from":[20.2,8.33522,8.15],"to":[20.3125,8.41478,8.2],"faces":{"north":{"uv":[2,1,6,2],"rotation":90,"texture":"#a"},"east":{"uv":[9,6,13,7],"rotation":180,"texture":"#2"},"south":{"uv":[4,1,6,2],"rotation":270,"texture":"#a"},"west":{"uv":[0.01,0.01,0.01,0.01],"rotation":270,"texture":"#2"}}},{"from":[20.2,8.33522,8.15],"to":[20.3125,8.41478,8.2],"rotation":{"angle":22.5,"axis":"x","origin":[22.9,8.375,8]},"faces":{"north":{"uv":[7,7,11,8],"rotation":90,"texture":"#a"},"east":{"uv":[9,6,13,7],"rotation":180,"texture":"#2"},"south":{"uv":[9,0,13,1],"rotation":90,"texture":"#a"},"west":{"uv":[0.01,0.01,0.01,0.01],"rotation":270,"texture":"#2"}}},{"from":[20.2,8.33522,8.15],"to":[20.3125,8.41478,8.2],"rotation":{"angle":-22.5,"axis":"x","origin":[22.9,8.375,8]},"faces":{"north":{"uv":[8,0,14,1],"rotation":270,"texture":"#a"},"east":{"uv":[9,6,13,7],"rotation":180,"texture":"#2"},"south":{"uv":[11,8,14,9],"rotation":90,"texture":"#a"},"west":{"uv":[0.01,0.01,0.01,0.01],"rotation":270,"texture":"#2"}}},{"from":[20.2,8.525,7.96022],"to":[20.3125,8.575,8.03978],"rotation":{"angle":22.5,"axis":"x","origin":[22.9,8.375,8]},"faces":{"east":{"uv":[9,6,13,7],"rotation":90,"texture":"#2"},"west":{"uv":[0.01,0.01,0.01,0.01],"texture":"#2"},"up":{"uv":[8,9,9,13],"rotation":180,"texture":"#a"},"down":{"uv":[6,9,7,10],"texture":"#1"}}},{"from":[20.2,8.525,7.96022],"to":[20.3125,8.575,8.03978],"rotation":{"angle":45,"axis":"x","origin":[22.9,8.375,8]},"faces":{"east":{"uv":[9,6,13,7],"rotation":90,"texture":"#2"},"west":{"uv":[0.01,0.01,0.01,0.01],"texture":"#2"},"up":{"uv":[6,9,7,12],"texture":"#3"},"down":{"uv":[15,2,16,8],"texture":"#a"}}},{"from":[20.2,8.525,7.96022],"to":[20.3125,8.575,8.03978],"faces":{"east":{"uv":[9,6,13,7],"rotation":90,"texture":"#2"},"west":{"uv":[0.01,0.01,0.01,0.01],"texture":"#2"},"up":{"uv":[7,11,11,12],"rotation":270,"texture":"#a"},"down":{"uv":[6,9,7,10],"texture":"#1"}}},{"from":[20.2,8.525,7.96022],"to":[20.3125,8.575,8.03978],"rotation":{"angle":-45,"axis":"x","origin":[22.9,8.375,8]},"faces":{"east":{"uv":[9,6,13,7],"rotation":90,"texture":"#2"},"west":{"uv":[0.01,0.01,0.01,0.01],"texture":"#2"},"up":{"uv":[8,8,13,9],"rotation":270,"texture":"#a"},"down":{"uv":[10,10,16,11],"rotation":270,"texture":"#1"}}},{"from":[20.2,8.525,7.96022],"to":[20.3125,8.575,8.03978],"rotation":{"angle":-22.5,"axis":"x","origin":[22.9,8.375,8]},"faces":{"east":{"uv":[9,6,13,7],"rotation":90,"texture":"#2"},"west":{"uv":[0.01,0.01,0.01,0.01],"texture":"#2"},"up":{"uv":[6,9,7,10],"rotation":180,"texture":"#3"},"down":{"uv":[6,9,7,10],"texture":"#1"}}},{"from":[20.2,8.33522,7.8],"to":[20.3125,8.41478,7.85],"rotation":{"angle":22.5,"axis":"x","origin":[22.9,8.375,8]},"faces":{"north":{"uv":[4,1,8,2],"rotation":270,"texture":"#a"},"east":{"uv":[9,6,13,7],"rotation":180,"texture":"#2"},"south":{"uv":[15,0,16,7],"rotation":180,"texture":"#a"},"west":{"uv":[0.01,0.01,0.01,0.01],"rotation":270,"texture":"#2"}}},{"from":[20.125,8.2,7.96519],"to":[20.19375,8.225,8.03481],"faces":{"north":{"uv":[8,7,9,8],"texture":"#a"},"east":{"uv":[9,6,13,7],"rotation":90,"texture":"#2"},"south":{"uv":[8,7,9,8],"texture":"#a"},"west":{"uv":[0.01,0.01,0.01,0.01],"texture":"#2"},"up":{"uv":[0,8,7,9],"texture":"#a"},"down":{"uv":[0,8,7,9],"texture":"#a"}}},{"from":[20.125,8.2,7.96519],"to":[20.19375,8.225,8.03481],"rotation":{"angle":22.5,"axis":"x","origin":[20.18125,8.375,8]},"faces":{"north":{"uv":[8,7,9,8],"texture":"#a"},"east":{"uv":[9,6,13,7],"rotation":90,"texture":"#2"},"south":{"uv":[8,7,9,8],"texture":"#a"},"west":{"uv":[0.01,0.01,0.01,0.01],"texture":"#2"},"up":{"uv":[0,8,7,9],"texture":"#a"},"down":{"uv":[0,8,7,9],"texture":"#a"}}},{"from":[20.125,8.2,7.96519],"to":[20.19375,8.225,8.03481],"rotation":{"angle":45,"axis":"x","origin":[20.18125,8.375,8]},"faces":{"north":{"uv":[8,7,9,8],"texture":"#a"},"east":{"uv":[9,6,13,7],"rotation":90,"texture":"#2"},"south":{"uv":[8,7,9,8],"texture":"#a"},"west":{"uv":[0.01,0.01,0.01,0.01],"texture":"#2"},"up":{"uv":[0,8,7,9],"texture":"#a"},"down":{"uv":[0,8,7,9],"texture":"#a"}}},{"from":[20.125,8.2,7.96519],"to":[20.19375,8.225,8.03481],"rotation":{"angle":-22.5,"axis":"x","origin":[20.18125,8.375,8]},"faces":{"north":{"uv":[8,7,9,8],"texture":"#a"},"east":{"uv":[9,6,13,7],"rotation":90,"texture":"#2"},"south":{"uv":[8,7,9,8],"texture":"#a"},"west":{"uv":[0.01,0.01,0.01,0.01],"texture":"#2"},"up":{"uv":[0,8,7,9],"texture":"#a"},"down":{"uv":[0,8,7,9],"texture":"#a"}}},{"from":[20.125,8.2,7.96519],"to":[20.19375,8.225,8.03481],"rotation":{"angle":-45,"axis":"x","origin":[20.18125,8.375,8]},"faces":{"north":{"uv":[8,7,9,8],"texture":"#a"},"east":{"uv":[9,6,13,7],"rotation":90,"texture":"#2"},"south":{"uv":[8,7,9,8],"texture":"#a"},"west":{"uv":[0.01,0.01,0.01,0.01],"texture":"#2"},"up":{"uv":[0,8,7,9],"texture":"#a"},"down":{"uv":[0,8,7,9],"texture":"#a"}}},{"from":[20.125,8.34019,7.825],"to":[20.19375,8.40981,7.85],"rotation":{"angle":22.5,"axis":"x","origin":[20.18125,8.375,8]},"faces":{"north":{"uv":[0,8,7,9],"rotation":180,"texture":"#a"},"east":{"uv":[9,6,13,7],"rotation":180,"texture":"#2"},"south":{"uv":[0,8,7,9],"texture":"#a"},"west":{"uv":[0.01,0.01,0.01,0.01],"rotation":270,"texture":"#2"},"up":{"uv":[8,7,9,8],"texture":"#a"},"down":{"uv":[8,7,9,8],"rotation":180,"texture":"#a"}}},{"from":[20.125,8.34019,7.825],"to":[20.19375,8.40981,7.85],"faces":{"north":{"uv":[0,8,7,9],"rotation":180,"texture":"#a"},"east":{"uv":[9,6,13,7],"rotation":180,"texture":"#2"},"south":{"uv":[0,8,7,9],"texture":"#a"},"west":{"uv":[0.01,0.01,0.01,0.01],"rotation":270,"texture":"#2"},"up":{"uv":[8,7,9,8],"texture":"#a"},"down":{"uv":[8,7,9,8],"rotation":180,"texture":"#a"}}},{"from":[20.125,8.34019,7.825],"to":[20.19375,8.40981,7.85],"rotation":{"angle":-22.5,"axis":"x","origin":[20.18125,8.375,8]},"faces":{"north":{"uv":[0,8,7,9],"rotation":180,"texture":"#a"},"east":{"uv":[9,6,13,7],"rotation":180,"texture":"#2"},"south":{"uv":[0,8,7,9],"texture":"#a"},"west":{"uv":[0.01,0.01,0.01,0.01],"rotation":270,"texture":"#2"},"up":{"uv":[8,7,9,8],"texture":"#a"},"down":{"uv":[8,7,9,8],"rotation":180,"texture":"#a"}}},{"from":[20.125,8.34019,8.15],"to":[20.19375,8.40981,8.175],"faces":{"north":{"uv":[0,8,7,9],"rotation":180,"texture":"#a"},"east":{"uv":[9,6,13,7],"rotation":180,"texture":"#2"},"south":{"uv":[0,8,7,9],"texture":"#a"},"west":{"uv":[0.01,0.01,0.01,0.01],"rotation":270,"texture":"#2"},"up":{"uv":[8,7,9,8],"texture":"#a"},"down":{"uv":[8,7,9,8],"rotation":180,"texture":"#a"}}},{"from":[20.125,8.34019,8.15],"to":[20.19375,8.40981,8.175],"rotation":{"angle":-22.5,"axis":"x","origin":[20.18125,8.375,8]},"faces":{"north":{"uv":[0,8,7,9],"rotation":180,"texture":"#a"},"east":{"uv":[9,6,13,7],"rotation":180,"texture":"#2"},"south":{"uv":[0,8,7,9],"texture":"#a"},"west":{"uv":[0.01,0.01,0.01,0.01],"rotation":270,"texture":"#2"},"up":{"uv":[8,7,9,8],"texture":"#a"},"down":{"uv":[8,7,9,8],"rotation":180,"texture":"#a"}}},{"from":[20.125,8.34019,8.15],"to":[20.19375,8.40981,8.175],"rotation":{"angle":22.5,"axis":"x","origin":[20.18125,8.375,8]},"faces":{"north":{"uv":[0,8,7,9],"rotation":180,"texture":"#a"},"east":{"uv":[9,6,13,7],"rotation":180,"texture":"#2"},"south":{"uv":[0,8,7,9],"texture":"#a"},"west":{"uv":[0.01,0.01,0.01,0.01],"rotation":270,"texture":"#2"},"up":{"uv":[8,7,9,8],"texture":"#a"},"down":{"uv":[8,7,9,8],"rotation":180,"texture":"#a"}}},{"from":[20.125,8.525,7.96519],"to":[20.19375,8.55,8.03481],"rotation":{"angle":45,"axis":"x","origin":[20.18125,8.375,8]},"faces":{"north":{"uv":[8,7,9,8],"texture":"#a"},"east":{"uv":[9,6,13,7],"rotation":90,"texture":"#2"},"south":{"uv":[8,7,9,8],"texture":"#a"},"west":{"uv":[0.01,0.01,0.01,0.01],"texture":"#2"},"up":{"uv":[0,8,7,9],"texture":"#a"},"down":{"uv":[0,8,7,9],"texture":"#a"}}},{"from":[20.125,8.525,7.96519],"to":[20.19375,8.55,8.03481],"rotation":{"angle":22.5,"axis":"x","origin":[20.18125,8.375,8]},"faces":{"north":{"uv":[8,7,9,8],"texture":"#a"},"east":{"uv":[9,6,13,7],"rotation":90,"texture":"#2"},"south":{"uv":[8,7,9,8],"texture":"#a"},"west":{"uv":[0.01,0.01,0.01,0.01],"texture":"#2"},"up":{"uv":[0,8,7,9],"texture":"#a"},"down":{"uv":[0,8,7,9],"texture":"#a"}}},{"from":[20.125,8.525,7.96519],"to":[20.19375,8.55,8.03481],"faces":{"north":{"uv":[8,7,9,8],"texture":"#a"},"east":{"uv":[9,6,13,7],"rotation":90,"texture":"#2"},"south":{"uv":[8,7,9,8],"texture":"#a"},"west":{"uv":[0.01,0.01,0.01,0.01],"texture":"#2"},"up":{"uv":[0,8,7,9],"texture":"#a"},"down":{"uv":[0,8,7,9],"texture":"#a"}}},{"from":[20.125,8.525,7.96519],"to":[20.19375,8.55,8.03481],"rotation":{"angle":-22.5,"axis":"x","origin":[20.18125,8.375,8]},"faces":{"north":{"uv":[8,7,9,8],"texture":"#a"},"east":{"uv":[9,6,13,7],"rotation":90,"texture":"#2"},"south":{"uv":[8,7,9,8],"texture":"#a"},"west":{"uv":[0.01,0.01,0.01,0.01],"texture":"#2"},"up":{"uv":[0,8,7,9],"texture":"#a"},"down":{"uv":[0,8,7,9],"texture":"#a"}}},{"from":[20.125,8.525,7.96519],"to":[20.19375,8.55,8.03481],"rotation":{"angle":-45,"axis":"x","origin":[20.18125,8.375,8]},"faces":{"north":{"uv":[8,7,9,8],"texture":"#a"},"east":{"uv":[9,6,13,7],"rotation":90,"texture":"#2"},"south":{"uv":[8,7,9,8],"texture":"#a"},"west":{"uv":[0.01,0.01,0.01,0.01],"texture":"#2"},"up":{"uv":[0,8,7,9],"texture":"#a"},"down":{"uv":[0,8,7,9],"texture":"#a"}}},{"from":[19.15,8.125,7.89645],"to":[20,8.625,8.10355],"rotation":{"angle":45,"axis":"x","origin":[19.55,8.375,8]},"faces":{"east":{"uv":[7,4,7.6,4.6],"texture":"#1"},"west":{"uv":[7,4,7.6,4.6],"texture":"#1"},"up":{"uv":[15,0,16,7],"rotation":180,"texture":"#a"},"down":{"uv":[11,10,16,11],"rotation":270,"texture":"#1"}}},{"from":[19.15,8.125,7.89645],"to":[20,8.625,8.10355],"rotation":{"angle":-45,"axis":"x","origin":[19.55,8.375,8]},"faces":{"east":{"uv":[7,4,7.6,4.6],"texture":"#1"},"west":{"uv":[7,4,7.6,4.6],"texture":"#1"},"up":{"uv":[15,0,16,7],"texture":"#a"},"down":{"uv":[11,10,16,11],"rotation":90,"texture":"#1"}}},{"from":[19.15,8.27145,7.75],"to":[20,8.47855,8.25],"faces":{"north":{"uv":[15,0,16,7],"texture":"#a"},"east":{"uv":[7,4,7.6,4.6],"rotation":90,"texture":"#1"},"south":{"uv":[15,0,16,7],"texture":"#a"},"west":{"uv":[7,4,7.6,4.6],"rotation":270,"texture":"#1"}}},{"from":[16.3,8.125,7.89645],"to":[17.425,8.625,8.10355],"rotation":{"angle":-45,"axis":"x","origin":[16.75,8.375,8]},"faces":{"east":{"uv":[7,4,7.6,4.6],"texture":"#1"},"west":{"uv":[7,4,7.6,4.6],"texture":"#1"},"up":{"uv":[15,0,16,7],"texture":"#a"},"down":{"uv":[11,10,16,11],"rotation":90,"texture":"#1"}}},{"from":[16.3,8.27145,7.75],"to":[17.425,8.47855,8.25],"faces":{"north":{"uv":[15,0,16,7],"texture":"#a"},"east":{"uv":[7,4,7.6,4.6],"rotation":90,"texture":"#1"},"south":{"uv":[15,0,16,7],"texture":"#a"},"west":{"uv":[7,4,7.6,4.6],"rotation":270,"texture":"#1"}}},{"from":[16.3,8.125,7.89645],"to":[17.425,8.625,8.10355],"rotation":{"angle":45,"axis":"x","origin":[16.75,8.375,8]},"faces":{"east":{"uv":[7,4,7.6,4.6],"texture":"#1"},"west":{"uv":[7,4,7.6,4.6],"texture":"#1"},"up":{"uv":[15,0,16,7],"rotation":180,"texture":"#a"},"down":{"uv":[11,10,16,11],"rotation":270,"texture":"#1"}}},{"from":[16.3,8.125,7.89645],"to":[17.425,8.625,8.10355],"faces":{"east":{"uv":[7,4,7.6,4.6],"texture":"#1"},"west":{"uv":[7,4,7.6,4.6],"texture":"#1"},"up":{"uv":[1,7,8,8],"rotation":90,"texture":"#a"},"down":{"uv":[0,0,0.69984,0.59951],"texture":"#1"}}},{"from":[14.8,8.125,7.89645],"to":[15.15,8.625,8.10355],"faces":{"east":{"uv":[7,4,7.6,4.6],"texture":"#1"},"up":{"uv":[3,15,10,16],"rotation":90,"texture":"#a"},"down":{"uv":[0,0,0.69984,0.59951],"texture":"#1"}}},{"from":[14.8,8.125,7.89645],"to":[15.15,8.625,8.10355],"rotation":{"angle":-45,"axis":"x","origin":[15.25,8.375,8]},"faces":{"east":{"uv":[7,4,7.6,4.6],"texture":"#1"},"up":{"uv":[15,0,16,7],"texture":"#a"},"down":{"uv":[11,10,16,11],"rotation":90,"texture":"#1"}}},{"from":[14.8,8.27145,7.75],"to":[15.15,8.47855,8.25],"faces":{"north":{"uv":[15,0,16,7],"texture":"#a"},"east":{"uv":[7,4,7.6,4.6],"rotation":90,"texture":"#1"},"south":{"uv":[15,0,16,7],"texture":"#a"}}},{"from":[14.8,8.125,7.89645],"to":[15.15,8.625,8.10355],"rotation":{"angle":45,"axis":"x","origin":[15.25,8.375,8]},"faces":{"east":{"uv":[7,4,7.6,4.6],"texture":"#1"},"up":{"uv":[15,0,16,7],"rotation":180,"texture":"#a"},"down":{"uv":[11,10,16,11],"rotation":270,"texture":"#1"}}},{"from":[16.15,8.94645,7.75],"to":[16.5,9.15355,8.25],"faces":{"north":{"uv":[15,5,16,7],"texture":"#a"},"east":{"uv":[7,4,7.6,4.6],"rotation":90,"texture":"#1"},"south":{"uv":[15,5,16,7],"texture":"#a"},"west":{"uv":[7,4,7.6,4.6],"rotation":270,"texture":"#1"},"up":{"uv":[15,0,16,7],"texture":"#a"},"down":{"uv":[15,7,16,0],"texture":"#a"}}},{"from":[14.8,8.8,7.89645],"to":[15.15,9.3,8.10355],"faces":{"east":{"uv":[7,4,7.6,4.6],"texture":"#1"},"up":{"uv":[3,15,10,16],"rotation":90,"texture":"#a"},"down":{"uv":[0,0,0.69984,0.59951],"texture":"#1"}}},{"from":[16.15,8.8,7.89645],"to":[16.5,9.3,8.10355],"rotation":{"angle":-45,"axis":"x","origin":[16.6,9.05,8]},"faces":{"north":{"uv":[15,7,16,0],"rotation":180,"texture":"#a"},"east":{"uv":[7,4,7.6,4.6],"texture":"#1"},"south":{"uv":[15,0,16,7],"texture":"#a"},"west":{"uv":[7,4,7.6,4.6],"texture":"#1"},"up":{"uv":[15,8,16,15],"rotation":180,"texture":"#a"},"down":{"uv":[11,10,16,11],"rotation":90,"texture":"#1"}}},{"from":[16.15,8.8,7.89645],"to":[16.5,9.3,8.10355],"rotation":{"angle":45,"axis":"x","origin":[16.6,9.05,8]},"faces":{"north":{"uv":[15,7,16,0],"rotation":180,"texture":"#a"},"east":{"uv":[7,4,7.6,4.6],"texture":"#1"},"south":{"uv":[15,0,16,7],"texture":"#a"},"west":{"uv":[7,4,7.6,4.6],"texture":"#1"},"up":{"uv":[15,8,16,13],"texture":"#a"},"down":{"uv":[11,10,16,11],"rotation":270,"texture":"#1"}}},{"from":[14.8,8.94645,7.75],"to":[15.15,9.15355,8.25],"faces":{"north":{"uv":[15,5,16,7],"texture":"#a"},"east":{"uv":[7,4,7.6,4.6],"rotation":90,"texture":"#1"},"south":{"uv":[15,5,16,7],"texture":"#a"}}},{"from":[14.8,8.8,7.89645],"to":[15.15,9.3,8.10355],"rotation":{"angle":-45,"axis":"x","origin":[15.25,9.05,8]},"faces":{"east":{"uv":[7,4,7.6,4.6],"texture":"#1"},"up":{"uv":[15,0,16,7],"rotation":180,"texture":"#a"},"down":{"uv":[11,10,16,11],"rotation":90,"texture":"#1"}}},{"from":[16.15,8.8,7.89645],"to":[16.5,9.3,8.10355],"faces":{"north":{"uv":[15,7,16,0],"rotation":180,"texture":"#a"},"east":{"uv":[1,8,6.59868,8.59951],"texture":"#a"},"south":{"uv":[15,0,16,7],"texture":"#a"},"west":{"uv":[7,4,7.6,4.6],"texture":"#1"},"up":{"uv":[0,8,7,9],"rotation":90,"texture":"#a"},"down":{"uv":[0,0,0.69984,0.59951],"texture":"#1"}}},{"from":[14.8,8.8,7.89645],"to":[15.15,9.3,8.10355],"rotation":{"angle":45,"axis":"x","origin":[15.25,9.05,8]},"faces":{"east":{"uv":[7,4,7.6,4.6],"texture":"#1"},"up":{"uv":[15,0,16,7],"texture":"#a"},"down":{"uv":[11,10,16,11],"rotation":270,"texture":"#1"}}},{"from":[-2.599,8.15,7.4625],"to":[0.801,8.55,7.7125],"rotation":{"angle":45,"axis":"x","origin":[-0.95,8.3125,8]},"faces":{"north":{"uv":[5,4,12,9],"texture":"#b"},"east":{"uv":[6,6,7,7],"texture":"#c"}}},{"from":[-2.6995,8.15,7.4625],"to":[-2.599,8.55,7.7125],"rotation":{"angle":45,"axis":"x","origin":[-0.95,8.3125,8]},"faces":{"north":{"uv":[7.25,5,10.5,6.44984],"texture":"#2"},"west":{"uv":[0,0,1,1],"texture":"#2"}}},{"from":[-2.599,8.15,8.2875],"to":[0.801,8.55,8.5375],"rotation":{"angle":-45,"axis":"x","origin":[-0.95,8.3125,8]},"faces":{"east":{"uv":[7,6,8,7],"texture":"#c"},"south":{"uv":[9,11,16,16],"texture":"#b"}}},{"from":[-2.6995,8.15,8.2875],"to":[-2.599,8.55,8.5375],"rotation":{"angle":-45,"axis":"x","origin":[-0.95,8.3125,8]},"faces":{"south":{"uv":[10.5,5,7.25,6.69984],"texture":"#2"},"west":{"uv":[1,0,0,1],"texture":"#2"}}},{"from":[-2.601,8.55625,7.7875],"to":[0.799,8.8625,8.2125],"faces":{"north":{"uv":[7,6,8,7],"texture":"#c"},"south":{"uv":[7,6,8,7],"texture":"#c"},"up":{"uv":[6,4,13,11],"texture":"#b"}}},{"from":[0.799,8.55625,7.7875],"to":[1.399,8.8625,8.2125],"rotation":{"angle":-22.5,"axis":"z","origin":[0.799,8.863,8]},"faces":{"north":{"uv":[9,5,10,9],"texture":"#b"},"south":{"uv":[6,3,7,7],"texture":"#b"},"up":{"uv":[6,4,8,11],"texture":"#b"}}},{"from":[-2.7005,8.55625,7.7875],"to":[-2.6005,8.8625,8.2125],"faces":{"north":{"uv":[14,15,15.25,16],"texture":"#2"},"south":{"uv":[14,15,15.25,16],"texture":"#2"},"west":{"uv":[0,0,5,4],"texture":"#2"},"up":{"uv":[6,0,9.25,1.25],"texture":"#2"}}},{"from":[5,9.225,7.87574],"to":[10.2,9.45,8.12426],"rotation":{"angle":45,"axis":"x","origin":[7.6,9.15,8]},"faces":{"north":{"uv":[15,0,16,7],"texture":"#a"},"east":{"uv":[0,0,1,2],"texture":"#2"},"south":{"uv":[15,0,16,7],"texture":"#a"},"west":{"uv":[0.01,5,0.01,8],"texture":"#1"},"up":{"uv":[0,0,16,16],"texture":"#2"}}},{"from":[5,9.225,7.87574],"to":[10.2,9.45,8.12426],"rotation":{"angle":-45,"axis":"x","origin":[7.6,9.15,8]},"faces":{"north":{"uv":[15,0,16,7],"texture":"#a"},"east":{"uv":[0,0,1,2],"texture":"#2"},"south":{"uv":[15,0,16,7],"texture":"#a"},"west":{"uv":[0.01,5,0.01,8],"texture":"#1"},"up":{"uv":[0,0,16,16],"texture":"#2"}}},{"from":[5,9.02574,7.7],"to":[10.2,9.27426,8.3],"faces":{"north":{"uv":[15.99,0,15.99,9],"texture":"#a"},"east":{"uv":[0,0,1,2],"rotation":270,"texture":"#2"},"south":{"uv":[15,0,16,9],"texture":"#a"},"up":{"uv":[15,0,16,7],"rotation":180,"texture":"#a"},"down":{"uv":[15,0,16,7],"texture":"#a"}}},{"from":[5.3,8.225,8.45],"to":[7.1,8.55,8.525],"rotation":{"angle":-22.5,"axis":"z","origin":[5.35,8.375,8.2]},"faces":{"north":{"uv":[15.99,0,15.99,9],"texture":"#a"},"east":{"uv":[0,0,1,1],"rotation":270,"texture":"#1"},"south":{"uv":[3,4,11,5],"rotation":90,"texture":"#1"},"west":{"uv":[0.01,5,0.01,8],"rotation":90,"texture":"#1"},"up":{"uv":[15,0,16,6],"rotation":180,"texture":"#a"},"down":{"uv":[11,5,12,6],"texture":"#1"}}},{"from":[6.425,8.55,8.45],"to":[7.7,8.8,8.4999],"rotation":{"angle":-22.5,"axis":"z","origin":[5.35,8.375,8.2]},"faces":{"south":{"uv":[0,0,1,1],"texture":"#1"},"up":{"uv":[15,0,16,6],"rotation":180,"texture":"#a"}}},{"from":[7.225,8.75,8.5],"to":[7.7,8.8,8.6],"rotation":{"angle":-22.5,"axis":"z","origin":[5.35,8.375,8.2]},"faces":{"east":{"uv":[11,5,12,6],"rotation":270,"texture":"#1"},"south":{"uv":[10,6,11,8],"rotation":180,"texture":"#1"},"west":{"uv":[0,4,1,7],"rotation":90,"texture":"#1"},"up":{"uv":[12,2,16,3],"rotation":270,"texture":"#a"},"down":{"uv":[11,5,12,6],"texture":"#1"}}},{"from":[5.85,8.125,8.45],"to":[6.51,8.355,8.5],"rotation":{"angle":0,"axis":"z","origin":[5.35,8.375,8.2]},"faces":{"south":{"uv":[0,0,1,1],"texture":"#1"},"up":{"uv":[15,0,16,6],"rotation":180,"texture":"#a"}}},{"from":[6.905,7.569,8.45],"to":[7.765,7.874,8.5],"rotation":{"angle":0,"axis":"z","origin":[5.35,8.375,8.2]},"faces":{"north":{"uv":[15.99,0,15.99,9],"texture":"#a"},"east":{"uv":[7,12,11,13],"rotation":90,"texture":"#1"},"south":{"uv":[7,4,13,5],"rotation":90,"texture":"#1"},"up":{"uv":[15,0,16,6],"rotation":180,"texture":"#a"},"down":{"uv":[10,5,11,6],"texture":"#1"}}},{"from":[7.18,7.569,8.5],"to":[7.515,7.624,8.6],"rotation":{"angle":0,"axis":"z","origin":[5.35,8.375,8.2]},"faces":{"east":{"uv":[10,6,11,8],"rotation":180,"texture":"#1"},"south":{"uv":[10,7,11,9],"texture":"#1"},"west":{"uv":[0,5,1,8],"rotation":90,"texture":"#1"},"up":{"uv":[13,1,16,2],"rotation":270,"texture":"#a"},"down":{"uv":[11,5,12,6],"texture":"#1"}}},{"from":[4.57947,8.01377,7.701],"to":[5.07947,9.34377,8.299],"rotation":{"angle":-45,"axis":"z","origin":[4.70447,8.80377,7.8259]},"faces":{"north":{"uv":[10,10,16,11],"rotation":180,"texture":"#1"},"south":{"uv":[10,10,16,11],"texture":"#1"},"west":{"uv":[0,0,9,16],"rotation":270,"texture":"#2"}}}],"display":{"thirdperson_righthand":{"rotation":[0,100,0],"translation":[-0.5,0.5,-1.5]},"thirdperson_lefthand":{"rotation":[0,-90,-170],"translation":[-2,-4.5,7]},"firstperson_righthand":{"rotation":[0,90,0],"translation":[-1,3,-1.25],"scale":[1.75,1.75,1.75]},"firstperson_lefthand":{"translation":[2,3.75,-0.5],"scale":[0,0,0]},"ground":{"translation":[0,1.5,0]},"gui":{"rotation":[0,0,45],"translation":[-1.2,0,0]},"head":{"scale":[2,2,2]},"fixed":{"translation":[0,3,-2],"scale":[-2,2,-2]}}}