{"gui_light":"front","textures":{"1":"block/furnace_top","2":"block/coal_block","3":"block/anvil","4":"block/chiseled_stone_bricks","5":"block/bedrock","6":"block/fire_coral","7":"block/black_wool","9":"block/coal_ore","a":"block/gray_wool","b":"block/tripwire_hook","particle":"block/furnace_side","c":"block/furnace_side","d":"block/red_sandstone_top","e":"block/red_sandstone_bottom","f":"block/dark_oak_planks"},"elements":[{"from":[4.735,9.46444,7.34884],"to":[8.335,9.98944,7.53004],"rotation":{"angle":0,"axis":"y","origin":[6.46,9.34444,8.29444]},"faces":{"north":{"uv":[0,13,5,14],"rotation":270,"texture":"#2"},"east":{"uv":[10,8,14.5,9],"rotation":90,"texture":"#2"},"west":{"uv":[0,13,6,14],"rotation":270,"texture":"#2"},"down":{"uv":[1,13,2,14],"texture":"#2"}}},{"from":[4.73506,9.90577,7.55748],"to":[8.33446,10.17577,7.79868],"rotation":{"angle":-45,"axis":"x","origin":[6.805,9.83077,7.67808]},"faces":{"east":{"uv":[10,8,11,9],"rotation":90,"texture":"#2"},"west":{"uv":[5,13,7,14],"texture":"#2"},"up":{"uv":[4,13,7,14],"rotation":90,"texture":"#2"}}},{"from":[4.03,9.47,7.5194],"to":[5.275,10.28,8.4806],"rotation":{"angle":0,"axis":"y","origin":[6.46,9.35,8]},"faces":{"north":{"uv":[0,13,7,14],"rotation":270,"texture":"#2"},"east":{"uv":[10,8,14.5,9],"rotation":90,"texture":"#2"},"south":{"uv":[0,14,5,15],"rotation":270,"texture":"#2"},"west":{"uv":[0,12,5,15],"rotation":270,"texture":"#2"},"up":{"uv":[0,3,16,4],"rotation":270,"texture":"#3"},"down":{"uv":[1,13,2,14],"texture":"#2"}}},{"from":[5.275,9.47,7.5194],"to":[8.335,10.16,7.7606],"rotation":{"angle":0,"axis":"y","origin":[6.46,9.35,8]},"faces":{"east":{"uv":[9,8,14.5,9],"rotation":90,"texture":"#2"},"south":{"uv":[0,14,5,15],"rotation":270,"texture":"#2"},"up":{"uv":[0,15,16,16],"rotation":270,"texture":"#3"},"down":{"uv":[1,13,2,14],"texture":"#2"}}},{"from":[5.275,9.47,7.7594],"to":[8.335,10.1,8.2406],"rotation":{"angle":0,"axis":"y","origin":[6.46,9.35,8]},"faces":{"east":{"uv":[10,8,14.5,9],"rotation":90,"texture":"#2"},"up":{"uv":[0,3,16,4],"rotation":270,"texture":"#3"},"down":{"uv":[1,13,2,14],"texture":"#2"}}},{"from":[5.275,9.47,8.2394],"to":[8.335,10.16,8.4806],"rotation":{"angle":0,"axis":"y","origin":[6.46,9.35,8]},"faces":{"north":{"uv":[0,13,7,14],"rotation":270,"texture":"#2"},"east":{"uv":[9,8,14.5,9],"rotation":90,"texture":"#2"},"south":{"uv":[0,14,5,15],"rotation":270,"texture":"#2"},"up":{"uv":[0,15,16,16],"rotation":270,"texture":"#3"},"down":{"uv":[1,13,2,14],"texture":"#2"}}},{"from":[5.095,9.53,8.4644],"to":[7.405,10.1,8.5406],"rotation":{"angle":0,"axis":"y","origin":[6.46,9.35,8]},"faces":{"east":{"uv":[11,5,16,6],"rotation":90,"texture":"#1"},"south":{"uv":[0,14,5,15],"rotation":270,"texture":"#2"},"west":{"uv":[3,13,7,14],"rotation":270,"texture":"#2"},"up":{"uv":[0,2,6,3],"texture":"#1"},"down":{"uv":[1,13,2,14],"texture":"#2"}}},{"from":[6.88,9.65,8.0438],"to":[7.27,10.04,8.6162],"rotation":{"angle":0,"axis":"y","origin":[6.88,9.35,8.0006]},"faces":{"east":{"uv":[7,13,4,14],"rotation":90,"texture":"#2"},"south":{"uv":[5,10,10,5],"rotation":270,"texture":"#4"},"west":{"uv":[7,13,4,14],"rotation":90,"texture":"#2"},"up":{"uv":[13,6,16,5],"rotation":180,"texture":"#1"},"down":{"uv":[11,6,12,5],"texture":"#2"}}},{"from":[6.88,9.77,8.5838],"to":[7.27,9.92,8.7962],"rotation":{"angle":45,"axis":"z","origin":[7.075,9.845,8.69]},"faces":{"east":{"uv":[7,13,3,14],"texture":"#2"},"south":{"uv":[11,1,16,0],"rotation":90,"texture":"#3"},"west":{"uv":[2,13,1,14],"texture":"#2"},"up":{"uv":[3,14,7,13],"rotation":90,"texture":"#2"},"down":{"uv":[1,14,2,13],"texture":"#2"}}},{"from":[6.22,9.83,8.1038],"to":[6.37,9.98,8.6162],"rotation":{"angle":0,"axis":"y","origin":[7,9.35,7.9994]},"faces":{"east":{"uv":[11,5,12,6],"texture":"#2"},"south":{"uv":[2,9,4,11],"rotation":180,"texture":"#5"},"west":{"uv":[11,5,12,6],"texture":"#2"},"up":{"uv":[0,0,3,1],"rotation":180,"texture":"#2"},"down":{"uv":[11,5,12,6],"texture":"#2"}}},{"from":[5.32,9.83,8.1038],"to":[5.77,9.98,8.6162],"rotation":{"angle":0,"axis":"y","origin":[7,9.35,7.9994]},"faces":{"east":{"uv":[11,5,12,6],"texture":"#2"},"south":{"uv":[2,13,10,14],"texture":"#2"},"west":{"uv":[11,5,12,6],"texture":"#2"},"up":{"uv":[8,7,13,8],"texture":"#2"},"down":{"uv":[11,5,12,6],"texture":"#2"}}},{"from":[4.48,9.815,8.5541],"to":[4.66,9.995,8.5865],"rotation":{"angle":0,"axis":"y","origin":[7,9.35,7.9994]},"faces":{"south":{"uv":[2,9,4,11],"rotation":180,"texture":"#5"}}},{"from":[4.27427,9.78073,8.3738],"to":[4.87427,10.02927,8.5862],"rotation":{"angle":22.5,"axis":"z","origin":[4.57427,9.905,8.48]},"faces":{"east":{"uv":[11,5,12,6],"texture":"#2"},"south":{"uv":[0,14,9,15],"texture":"#2"},"west":{"uv":[11,5,12,6],"texture":"#2"}}},{"from":[4.27427,9.78073,8.37386],"to":[4.87427,10.02927,8.58626],"rotation":{"angle":-22.5,"axis":"z","origin":[4.57427,9.905,8.48]},"faces":{"east":{"uv":[11,5,12,6],"rotation":180,"texture":"#2"},"south":{"uv":[0,14,9,15],"rotation":180,"texture":"#2"},"west":{"uv":[11,5,12,6],"rotation":180,"texture":"#2"}}},{"from":[4.45,9.605,8.37374],"to":[4.69853,10.205,8.58614],"rotation":{"angle":-22.5,"axis":"z","origin":[4.57427,9.905,8.48]},"faces":{"south":{"uv":[0,14,9,15],"rotation":270,"texture":"#2"},"up":{"uv":[11,5,12,6],"rotation":270,"texture":"#2"},"down":{"uv":[11,5,12,6],"rotation":270,"texture":"#2"}}},{"from":[4.45,9.605,8.3738],"to":[4.69853,10.205,8.5862],"rotation":{"angle":22.5,"axis":"z","origin":[4.57427,9.905,8.48]},"faces":{"south":{"uv":[0,14,9,15],"rotation":270,"texture":"#2"},"up":{"uv":[11,5,12,6],"rotation":270,"texture":"#2"},"down":{"uv":[11,5,12,6],"rotation":270,"texture":"#2"}}},{"from":[4.45,10.2788,7.64],"to":[4.59321,10.3688,8.36],"rotation":{"angle":0,"axis":"x","origin":[4.52161,10.3238,8]},"faces":{"north":{"uv":[11,5,12,6],"rotation":90,"texture":"#2"},"south":{"uv":[11,5,12,6],"rotation":270,"texture":"#2"},"up":{"uv":[1,14,8,15],"rotation":270,"texture":"#2"}}},{"from":[4.45,10.2788,7.64],"to":[4.59321,10.3688,8.36],"rotation":{"angle":45,"axis":"y","origin":[4.52161,10.3238,8]},"faces":{"north":{"uv":[11,5,12,6],"rotation":90,"texture":"#2"},"south":{"uv":[11,5,12,6],"rotation":270,"texture":"#2"},"up":{"uv":[1,14,8,15],"rotation":270,"texture":"#2"}}},{"from":[4.45,10.2788,7.64],"to":[4.59321,10.3688,8.36],"rotation":{"angle":22.5,"axis":"y","origin":[4.52161,10.3238,8]},"faces":{"north":{"uv":[11,5,12,6],"rotation":90,"texture":"#2"},"south":{"uv":[11,5,12,6],"rotation":270,"texture":"#2"},"up":{"uv":[1,14,8,15],"rotation":270,"texture":"#2"}}},{"from":[4.16161,10.2788,7.92839],"to":[4.88161,10.3688,8.07161],"rotation":{"angle":-22.5,"axis":"y","origin":[4.52161,10.3238,8]},"faces":{"east":{"uv":[11,5,12,6],"rotation":90,"texture":"#2"},"west":{"uv":[11,5,12,6],"rotation":270,"texture":"#2"},"up":{"uv":[1,14,8,15],"texture":"#2"}}},{"from":[4.16161,10.2788,7.92839],"to":[4.88161,10.3688,8.07161],"rotation":{"angle":0,"axis":"y","origin":[4.52161,10.3238,8]},"faces":{"east":{"uv":[11,5,12,6],"rotation":90,"texture":"#2"},"west":{"uv":[11,5,12,6],"rotation":270,"texture":"#2"},"up":{"uv":[1,14,8,15],"texture":"#2"}}},{"from":[4.16161,10.2788,7.92839],"to":[4.88161,10.3688,8.07161],"rotation":{"angle":22.5,"axis":"y","origin":[4.52161,10.3238,8]},"faces":{"east":{"uv":[11,5,12,6],"rotation":90,"texture":"#2"},"west":{"uv":[11,5,12,6],"rotation":270,"texture":"#2"},"up":{"uv":[1,14,8,15],"texture":"#2"}}},{"from":[4.45,10.2788,7.64],"to":[4.59321,10.3688,8.36],"rotation":{"angle":-45,"axis":"y","origin":[4.52161,10.3238,8]},"faces":{"north":{"uv":[11,5,12,6],"rotation":90,"texture":"#2"},"south":{"uv":[11,5,12,6],"rotation":270,"texture":"#2"},"up":{"uv":[1,14,8,15],"rotation":270,"texture":"#2"}}},{"from":[4.45,10.2788,7.64],"to":[4.59321,10.3688,8.36],"rotation":{"angle":-22.5,"axis":"y","origin":[4.52161,10.3238,8]},"faces":{"north":{"uv":[11,5,12,6],"rotation":90,"texture":"#2"},"south":{"uv":[11,5,12,6],"rotation":270,"texture":"#2"},"up":{"uv":[1,14,8,15],"rotation":270,"texture":"#2"}}},{"from":[4.40161,10.2791,7.88],"to":[4.64161,10.3691,8.12],"rotation":{"angle":45,"axis":"y","origin":[4.52161,10.32386,8]},"faces":{"up":{"uv":[7,11,10,14],"texture":"#5"}}},{"from":[7.825,10.10854,7.69144],"to":[8.29,10.24354,8.08354],"rotation":{"angle":22.5,"axis":"x","origin":[8.23,10.55854,8]},"faces":{"east":{"uv":[10,9,10.5,8],"rotation":90,"texture":"#2"},"west":{"uv":[16,8,15,9],"texture":"#2"},"up":{"uv":[16,15,10,16],"rotation":180,"texture":"#2"}}},{"from":[7.825,10.475,7.535],"to":[8.29,10.7621,7.685],"rotation":{"angle":-45,"axis":"x","origin":[8.23,10.55854,8]},"faces":{"east":{"uv":[10,9,10.5,8],"texture":"#2"},"south":{"uv":[16,15,10,16],"rotation":180,"texture":"#2"},"west":{"uv":[16,8,15,9],"rotation":90,"texture":"#2"}}},{"from":[7.825,10.475,7.55],"to":[8.29,10.7021,7.685],"rotation":{"angle":-22.5,"axis":"x","origin":[8.23,10.55854,8]},"faces":{"east":{"uv":[10,9,10.5,8],"texture":"#2"},"south":{"uv":[16,15,10,16],"rotation":180,"texture":"#2"},"west":{"uv":[16,8,15,9],"rotation":90,"texture":"#2"}}},{"from":[7.825,10.475,7.595],"to":[8.29,10.6421,7.685],"rotation":{"angle":0,"axis":"x","origin":[8.23,10.55854,8]},"faces":{"east":{"uv":[10,9,10.5,8],"texture":"#2"},"south":{"uv":[16,15,10,16],"rotation":180,"texture":"#2"},"west":{"uv":[16,8,15,9],"rotation":90,"texture":"#2"}}},{"from":[7.825,10.49,7.64],"to":[8.29,10.6421,7.685],"rotation":{"angle":22.5,"axis":"x","origin":[8.23,10.55854,8]},"faces":{"east":{"uv":[10,9,13,8],"rotation":180,"texture":"#2"},"south":{"uv":[16,15,10,16],"rotation":180,"texture":"#2"},"west":{"uv":[16,8,15,9],"rotation":90,"texture":"#2"}}},{"from":[7.825,10.49,7.64],"to":[8.29,10.6421,7.685],"rotation":{"angle":45,"axis":"x","origin":[8.23,10.55854,8]},"faces":{"east":{"uv":[10,9,13,8],"rotation":180,"texture":"#2"},"south":{"uv":[16,15,10,16],"rotation":180,"texture":"#2"},"west":{"uv":[16,8,15,9],"rotation":90,"texture":"#2"}}},{"from":[7.825,10.87354,7.93146],"to":[8.29,10.91854,8.08354],"rotation":{"angle":-22.5,"axis":"x","origin":[8.23,10.55854,8]},"faces":{"east":{"uv":[10,9,13,8],"rotation":90,"texture":"#2"},"west":{"uv":[16,8,15,9],"rotation":180,"texture":"#2"},"down":{"uv":[16,15,10,16],"rotation":180,"texture":"#2"}}},{"from":[7.825,10.87354,7.92396],"to":[8.29,10.91854,8.07604],"rotation":{"angle":0,"axis":"x","origin":[8.23,10.55854,8.0075]},"faces":{"east":{"uv":[10,9,13,8],"rotation":90,"texture":"#2"},"west":{"uv":[16,8,15,9],"texture":"#2"},"down":{"uv":[10,16,16,15],"texture":"#2"}}},{"from":[7.825,10.87354,7.91646],"to":[8.29,10.91854,8.06854],"rotation":{"angle":22.5,"axis":"x","origin":[8.23,10.55854,8]},"faces":{"east":{"uv":[10,9,13,8],"rotation":90,"texture":"#2"},"west":{"uv":[16,8,15,9],"texture":"#2"},"down":{"uv":[10,16,16,15],"texture":"#2"}}},{"from":[7.825,10.49,8.315],"to":[8.29,10.64209,8.36],"rotation":{"angle":-45,"axis":"x","origin":[8.23,10.55854,8]},"faces":{"north":{"uv":[10,16,16,15],"rotation":180,"texture":"#2"},"east":{"uv":[10,9,13,8],"texture":"#2"},"west":{"uv":[16,8,15,9],"rotation":90,"texture":"#2"}}},{"from":[7.825,10.49,8.315],"to":[8.29,10.64209,8.36],"rotation":{"angle":-22.5,"axis":"x","origin":[8.23,10.55854,8]},"faces":{"north":{"uv":[10,16,16,15],"rotation":180,"texture":"#2"},"east":{"uv":[10,9,13,8],"texture":"#2"},"west":{"uv":[16,8,15,9],"rotation":90,"texture":"#2"}}},{"from":[7.825,10.475,8.315],"to":[8.29,10.64209,8.405],"rotation":{"angle":0,"axis":"x","origin":[8.23,10.55854,8]},"faces":{"north":{"uv":[10,16,16,15],"rotation":180,"texture":"#2"},"east":{"uv":[10,9,10.5,8],"texture":"#2"},"west":{"uv":[16,8,15,9],"rotation":90,"texture":"#2"}}},{"from":[7.825,10.475,8.315],"to":[8.29,10.74709,8.48],"rotation":{"angle":45,"axis":"x","origin":[8.23,10.55854,8]},"faces":{"north":{"uv":[10,16,16,15],"rotation":180,"texture":"#2"},"east":{"uv":[10,9,10.5,8],"texture":"#2"},"west":{"uv":[16,8,15,9],"rotation":90,"texture":"#2"}}},{"from":[7.825,10.475,8.315],"to":[8.29,10.70209,8.45],"rotation":{"angle":22.5,"axis":"x","origin":[8.23,10.55854,8]},"faces":{"north":{"uv":[10,16,16,15],"rotation":180,"texture":"#2"},"east":{"uv":[10,9,10.5,8],"texture":"#2"},"west":{"uv":[16,8,15,9],"rotation":90,"texture":"#2"}}},{"from":[7.825,10.10854,7.91646],"to":[8.29,10.24354,8.30854],"rotation":{"angle":-22.5,"axis":"x","origin":[8.23,10.55854,8]},"faces":{"east":{"uv":[10,9,10.5,8],"rotation":270,"texture":"#2"},"west":{"uv":[16,8,15,9],"rotation":180,"texture":"#2"},"up":{"uv":[10,16,16,15],"texture":"#2"}}},{"from":[7.8253,10.07854,7.57146],"to":[8.2903,10.24354,8.42854],"rotation":{"angle":0,"axis":"x","origin":[8.23,10.55854,8]},"faces":{"east":{"uv":[10,9,16,8],"rotation":90,"texture":"#2"},"west":{"uv":[16,8,15,9],"rotation":180,"texture":"#2"},"up":{"uv":[10,16,16,15],"texture":"#2"}}},{"from":[7.735,10.16,7.5194],"to":[8.32,10.499,7.5806],"rotation":{"angle":0,"axis":"y","origin":[6.88,9.35,8]},"faces":{"north":{"uv":[3,15,5,14],"rotation":270,"texture":"#2"},"east":{"uv":[10,9,14.5,8],"rotation":180,"texture":"#2"},"south":{"uv":[0,0,1,5],"rotation":270,"texture":"#2"},"west":{"uv":[16,8,15,9],"texture":"#2"}}},{"from":[7.735,10.3172,7.58],"to":[8.32,10.6421,7.64],"rotation":{"angle":22.5,"axis":"x","origin":[8.23,10.55854,8]},"faces":{"north":{"uv":[7,14,5,13],"rotation":90,"texture":"#2"},"east":{"uv":[14.5,9,10,8],"texture":"#2"},"south":{"uv":[16,16,10,15],"rotation":180,"texture":"#2"},"west":{"uv":[16,8,13,7],"rotation":180,"texture":"#2"}}},{"from":[7.73506,10.475,7.58],"to":[8.32006,10.64209,7.64],"rotation":{"angle":45,"axis":"x","origin":[8.23,10.55854,8]},"faces":{"north":{"uv":[14,6,16,5],"rotation":90,"texture":"#1"},"east":{"uv":[10,9,14.5,8],"rotation":180,"texture":"#2"},"south":{"uv":[16,15,10,16],"rotation":180,"texture":"#2"},"west":{"uv":[14,7,11,8],"rotation":180,"texture":"#2"}}},{"from":[7.735,10.91854,7.91646],"to":[8.32,10.97854,8.08354],"rotation":{"angle":-22.5,"axis":"x","origin":[8.23,10.55854,8]},"faces":{"east":{"uv":[10,9,14.5,8],"rotation":90,"texture":"#2"},"west":{"uv":[13,7,10,8],"rotation":270,"texture":"#2"},"up":{"uv":[13,6,15,5],"rotation":270,"texture":"#1"},"down":{"uv":[16,15,10,16],"rotation":180,"texture":"#2"}}},{"from":[7.73506,10.91854,7.91646],"to":[8.32006,10.97854,8.08354],"rotation":{"angle":0,"axis":"x","origin":[8.23,10.55854,8]},"faces":{"east":{"uv":[10,9,14.5,8],"rotation":90,"texture":"#2"},"west":{"uv":[13,7,10,8],"rotation":270,"texture":"#2"},"up":{"uv":[11,2,8,3],"rotation":270,"texture":"#1"},"down":{"uv":[10,16,16,15],"texture":"#2"}}},{"from":[7.735,10.91854,7.91646],"to":[8.32,10.97854,8.08354],"rotation":{"angle":22.5,"axis":"x","origin":[8.23,10.55854,8]},"faces":{"east":{"uv":[10,9,14.5,8],"rotation":90,"texture":"#2"},"west":{"uv":[13,7,10,8],"rotation":270,"texture":"#2"},"up":{"uv":[15,5,13,6],"rotation":270,"texture":"#1"},"down":{"uv":[10,16,16,15],"texture":"#2"}}},{"from":[7.73506,10.475,8.36],"to":[8.32006,10.64209,8.42],"rotation":{"angle":-45,"axis":"x","origin":[8.23,10.55854,8]},"faces":{"north":{"uv":[10,16,16,15],"rotation":180,"texture":"#2"},"east":{"uv":[10,9,14.5,8],"texture":"#2"},"south":{"uv":[16,5,14,6],"rotation":270,"texture":"#1"},"west":{"uv":[14,7,11,8],"texture":"#2"}}},{"from":[7.735,10.3172,8.36],"to":[8.32,10.6421,8.42],"rotation":{"angle":-22.5,"axis":"x","origin":[8.23,10.55854,8]},"faces":{"north":{"uv":[10,16,16,15],"rotation":180,"texture":"#2"},"east":{"uv":[10,9,14.5,8],"texture":"#2"},"south":{"uv":[7,13,5,14],"rotation":90,"texture":"#2"},"west":{"uv":[16,7,13,8],"texture":"#2"}}},{"from":[7.735,10.16,8.4194],"to":[8.32,10.499,8.4806],"rotation":{"angle":0,"axis":"y","origin":[6.88,9.35,8]},"faces":{"north":{"uv":[0,0,1,5],"rotation":90,"texture":"#2"},"east":{"uv":[10,8,14.5,9],"texture":"#2"},"south":{"uv":[4,14,5,15],"rotation":270,"texture":"#2"},"west":{"uv":[15,8,16,9],"texture":"#2"}}},{"from":[7.65529,10.03828,8.4194],"to":[7.80529,10.43728,8.4806],"rotation":{"angle":-22.5,"axis":"z","origin":[7.85029,10.26778,8.45]},"faces":{"north":{"uv":[0,1,1,0],"rotation":270,"texture":"#2"},"east":{"uv":[10,8,14.5,9],"rotation":90,"texture":"#2"},"south":{"uv":[4,14,5,15],"rotation":270,"texture":"#2"},"west":{"uv":[12,8,15,9],"rotation":180,"texture":"#2"}}},{"from":[7.65532,10.03828,7.51946],"to":[7.80532,10.43728,7.58066],"rotation":{"angle":-22.5,"axis":"z","origin":[7.85029,10.26778,7.55]},"faces":{"north":{"uv":[3,15,5,14],"rotation":270,"texture":"#2"},"east":{"uv":[10,9,14.5,8],"rotation":90,"texture":"#2"},"south":{"uv":[0,0,1,1],"rotation":270,"texture":"#2"},"west":{"uv":[15,8,12,9],"rotation":180,"texture":"#2"}}},{"from":[8.3146,10.55,7.9025],"to":[8.4046,10.559,7.9775],"rotation":{"angle":0,"axis":"x","origin":[8.359,10.58,8.0075]},"faces":{"west":{"uv":[9,3,10,4],"rotation":90,"texture":"#6"}}},{"from":[8.3146,10.55,8.0225],"to":[8.4046,10.559,8.0975],"rotation":{"angle":0,"axis":"x","origin":[8.359,10.58,7.9925]},"faces":{"west":{"uv":[9,4,10,3],"rotation":90,"texture":"#6"}}},{"from":[8.314,10.46,7.9955],"to":[8.404,10.535,8.0045],"rotation":{"angle":0,"axis":"y","origin":[9.28,9.2,8.0255]},"faces":{"west":{"uv":[9,3,10,4],"rotation":180,"texture":"#6"}}},{"from":[6.1256,7.54493,7.4],"to":[6.6756,7.64493,7.5],"rotation":{"angle":-22.5,"axis":"z","origin":[6.5256,7.59493,7.5]},"faces":{"north":{"uv":[4,13,7,14],"rotation":270,"texture":"#2"},"east":{"uv":[0,0,1.1,2.2],"texture":"#2"},"south":{"uv":[1,13,1.1,13.5],"rotation":270,"texture":"#2"},"up":{"uv":[0,0,0.2,0.5],"rotation":270,"texture":"#2"},"down":{"uv":[1,13,1.2,13.5],"rotation":270,"texture":"#2"}}},{"from":[5.3481,9.28709,7.3449],"to":[5.6481,9.41109,7.8199],"rotation":{"angle":-45,"axis":"x","origin":[3.59585,9.45259,7.5199]},"faces":{"east":{"uv":[9,9,12,10],"texture":"#2"},"south":{"uv":[10,10,16,11],"texture":"#2"},"west":{"uv":[0,1,7,2],"texture":"#2"},"up":{"uv":[10,10,16,11],"texture":"#2"},"down":{"uv":[1,13,2,14],"texture":"#2"}}},{"from":[7.3481,9.28709,7.3449],"to":[7.6481,9.41109,7.8199],"rotation":{"angle":-45,"axis":"x","origin":[3.39885,9.45259,7.5199]},"faces":{"east":{"uv":[0,1,7,2],"texture":"#2"},"south":{"uv":[10,10,16,11],"rotation":180,"texture":"#2"},"west":{"uv":[9,9,12,10],"texture":"#2"},"up":{"uv":[10,10,16,11],"rotation":180,"texture":"#2"},"down":{"uv":[1,13,2,14],"texture":"#2"}}},{"from":[7.348,8.4495,7.4255],"to":[7.648,9.2995,7.5495],"rotation":{"angle":0,"axis":"z","origin":[10.4,8,8]},"faces":{"north":{"uv":[10,10,16,11],"texture":"#2"},"east":{"uv":[0,1,7,2],"rotation":90,"texture":"#2"},"south":{"uv":[1,13,2,14],"texture":"#2"},"west":{"uv":[9,9,12,10],"rotation":270,"texture":"#2"}}},{"from":[5.323,8.2745,7.3755],"to":[7.673,8.5745,7.5495],"rotation":{"angle":0,"axis":"z","origin":[6.498,8.4245,7.4375]},"faces":{"north":{"uv":[3,13,7,14],"rotation":270,"texture":"#2"},"east":{"uv":[10,10,16,11],"rotation":90,"texture":"#2"},"south":{"uv":[1,13,2,14],"rotation":270,"texture":"#2"},"west":{"uv":[0,0,5,1],"rotation":90,"texture":"#2"},"up":{"uv":[0,1,7,2],"texture":"#2"},"down":{"uv":[9,9,12,10],"rotation":180,"texture":"#2"}}},{"from":[6.023,7.6745,7.3755],"to":[7.173,8.2745,7.5495],"rotation":{"angle":0,"axis":"z","origin":[6.398,8.2245,7.4375]},"faces":{"north":{"uv":[0,13,4,14],"rotation":270,"texture":"#2"},"east":{"uv":[10,10,16,11],"rotation":90,"texture":"#2"},"west":{"uv":[0,2,1,5],"rotation":270,"texture":"#2"},"down":{"uv":[9,9,12,10],"rotation":180,"texture":"#2"}}},{"from":[5.423,7.6745,7.4755],"to":[7.573,8.2745,7.5495],"rotation":{"angle":0,"axis":"z","origin":[6.398,8.2245,7.4625]},"faces":{"north":{"uv":[0,13,1,14],"rotation":270,"texture":"#2"},"east":{"uv":[1,13,2,14],"rotation":90,"texture":"#2"},"west":{"uv":[1,13,2,14],"rotation":270,"texture":"#2"},"down":{"uv":[9,9,12,10],"rotation":180,"texture":"#2"}}},{"from":[5.348,8.3995,7.4255],"to":[5.648,9.2995,7.5495],"rotation":{"angle":0,"axis":"y","origin":[10.6,8,8]},"faces":{"north":{"uv":[10,10,16,11],"rotation":180,"texture":"#2"},"east":{"uv":[0,1,7,2],"rotation":90,"texture":"#2"},"south":{"uv":[1,13,2,14],"texture":"#2"},"west":{"uv":[9,9,12,10],"rotation":270,"texture":"#2"}}},{"from":[6,7.58,8.15],"to":[10.2,8.5,8.45],"faces":{"south":{"uv":[3,13.1,10,13.2],"rotation":90,"texture":"#7"},"up":{"uv":[0,3,1,4],"rotation":180,"texture":"#2"},"down":{"uv":[2,11,3,12],"texture":"#2"}}},{"from":[5,9.225,7.87574],"to":[10.2,9.45,8.12426],"faces":{"north":{"uv":[15,0,16,7],"texture":"#c"},"east":{"uv":[0,0,1,2],"texture":"#3"},"south":{"uv":[15,0,16,7],"texture":"#c"},"west":{"uv":[0.01,5,0.01,8],"texture":"#2"},"up":{"uv":[0,0,16,16],"texture":"#3"}}},{"from":[4.03947,8.55377,7.8751],"to":[5.36947,9.05377,8.1249],"rotation":{"angle":45,"axis":"z","origin":[4.70447,8.80377,8]},"faces":{"north":{"uv":[10,10,16,11],"rotation":90,"texture":"#2"},"south":{"uv":[10,10,16,11],"rotation":90,"texture":"#2"},"up":{"uv":[0,0,9,16],"rotation":180,"texture":"#3"}}},{"from":[14.1,8.0757,7.5],"to":[14.65,8.7992,8.5],"rotation":{"angle":0,"axis":"x","origin":[13.775,8.2,8.2]},"faces":{"north":{"uv":[10,1,12,14],"texture":"#d"},"east":{"uv":[7,6,8,7],"texture":"#e"},"south":{"uv":[0,0,2,13],"rotation":180,"texture":"#d"},"west":{"uv":[7,5,8,6],"texture":"#f"},"up":{"uv":[2,6,16,7],"rotation":90,"texture":"#e"}}},{"from":[11.05,7.95074,7.501],"to":[12.025,8.79926,8.499],"rotation":{"angle":0,"axis":"x","origin":[13.775,8.2,8.201]},"faces":{"north":{"uv":[11,0,16,16],"texture":"#d"},"east":{"uv":[7,5,8,6],"texture":"#f"},"south":{"uv":[6,0,11,16],"rotation":180,"texture":"#d"},"up":{"uv":[2,6,16,7],"rotation":90,"texture":"#e"}}},{"from":[12,8.07574,7.5],"to":[12.75,8.64926,8.5],"rotation":{"angle":0,"axis":"x","origin":[13.775,8.2,8.2]},"faces":{"north":{"uv":[9,4,13,15],"texture":"#d"},"south":{"uv":[13,5,16,16],"rotation":180,"texture":"#d"},"up":{"uv":[3,11,11,12],"rotation":90,"texture":"#f"}}},{"from":[13.375,8.07574,7.5],"to":[14.1,8.64926,8.5],"rotation":{"angle":0,"axis":"x","origin":[13.775,8.2,8.2]},"faces":{"north":{"uv":[0,0,3,11],"texture":"#d"},"south":{"uv":[8,3,11,14],"rotation":180,"texture":"#d"},"up":{"uv":[3,11,11,12],"rotation":90,"texture":"#f"}}},{"from":[12.75,8.07574,7.5],"to":[13.375,8.79926,8.5],"rotation":{"angle":0,"axis":"x","origin":[13.775,8.2,8.2]},"faces":{"north":{"uv":[9,3,11,16],"texture":"#d"},"east":{"uv":[7,5,8,6],"texture":"#f"},"south":{"uv":[11,1,13,14],"rotation":180,"texture":"#d"},"west":{"uv":[7,5,8,6],"texture":"#f"},"up":{"uv":[2,6,16,7],"rotation":90,"texture":"#e"}}},{"from":[11.7,7.9,7.67574],"to":[14.65,8.1,8.32426],"rotation":{"angle":0,"axis":"x","origin":[13.775,8.2,7.8]},"faces":{"east":{"uv":[7,6,8,7],"rotation":270,"texture":"#e"},"down":{"uv":[9,6,4,6.5],"rotation":90,"texture":"#e"}}},{"from":[11.7,8.07574,7.5],"to":[14.65,8.32426,7.8],"rotation":{"angle":-45,"axis":"x","origin":[13.775,8.2,7.8]},"faces":{"north":{"uv":[3,2,14,7],"texture":"#e"},"east":{"uv":[7,6,8,7],"texture":"#e"}}},{"from":[11.7,8.0757,8.2],"to":[14.65,8.3242,8.5],"rotation":{"angle":45,"axis":"x","origin":[13.775,8.2,8.2]},"faces":{"east":{"uv":[7,6,8,7],"texture":"#e"},"south":{"uv":[0,0,11,4],"rotation":180,"texture":"#e"}}},{"from":[11.6,8.8,7.6],"to":[14.65,9.2,8.4],"faces":{"north":{"uv":[4,8,16,16],"rotation":180,"texture":"#d"},"south":{"uv":[0,0,12,8],"texture":"#d"},"west":{"uv":[7,6,8,7],"texture":"#e"},"up":{"uv":[7,6,7.7,6.25],"texture":"#e"},"down":{"uv":[0,15,1,16],"texture":"#f"}}},{"from":[10.201,9.505,7.65],"to":[10.2635,9.705,8.35],"faces":{"east":{"uv":[0,6,16,9],"texture":"#b"},"west":{"uv":[0,6,16,9],"texture":"#b"},"up":{"uv":[0,6,16,7],"rotation":90,"texture":"#b"}}},{"from":[14.75,8.175,7.96022],"to":[20.125,8.225,8.03978],"faces":{"east":{"uv":[9,6,13,7],"rotation":90,"texture":"#3"},"up":{"uv":[1,8,7,9],"rotation":90,"texture":"#c"},"down":{"uv":[6,9,7,10],"texture":"#2"}}},{"from":[19.899,8.5625,7.85],"to":[19.999,9.075,8.15],"rotation":{"angle":0,"axis":"y","origin":[8,7.8,8]},"faces":{"north":{"uv":[8,0,14,1],"texture":"#c"},"east":{"uv":[15,7,16,12],"rotation":270,"texture":"#c"},"south":{"uv":[8,0,14,1],"texture":"#c"},"west":{"uv":[7,4,13,5],"texture":"#2"},"down":{"uv":[2,2,4,4],"texture":"#a"}}},{"from":[7.5,6.7,7.699],"to":[9.3,7.6,8.301],"faces":{"north":{"uv":[0,3,2,13],"rotation":270,"texture":"#a"},"east":{"uv":[0,10,3,11],"texture":"#3"},"south":{"uv":[0,3,2,13],"rotation":90,"texture":"#a"},"west":{"uv":[0,10,3,11],"texture":"#3"}}},{"from":[7.46,4.52,7.7],"to":[9.12,6.7075,8.3],"rotation":{"angle":22.5,"axis":"z","origin":[7.5,6.8125,7.625]},"faces":{"north":{"uv":[0,3,2,13],"rotation":270,"texture":"#a"},"east":{"uv":[0,10,3,11],"texture":"#3"},"south":{"uv":[0,3,2,13],"rotation":90,"texture":"#a"},"west":{"uv":[0,10,3,11],"texture":"#3"},"down":{"uv":[0,0,1.6875,0.6],"texture":"#3"}}},{"from":[8.265,2.565,7.699],"to":[10.055,4.765,8.301],"rotation":{"angle":45,"axis":"z","origin":[8.4,4.8125,7.625]},"faces":{"north":{"uv":[0,3,2,13],"rotation":270,"texture":"#a"},"east":{"uv":[0,3,3,5],"texture":"#c"},"south":{"uv":[0,3,2,13],"rotation":90,"texture":"#a"},"west":{"uv":[0,8,3,9],"texture":"#3"},"up":{"uv":[0,4,3,5],"texture":"#3"},"down":{"uv":[0,3,6,13],"rotation":90,"texture":"#a"}}},{"from":[4.5625,5.3375,7.7],"to":[5.5625,7.9375,8.3],"rotation":{"angle":-22.5,"axis":"z","origin":[4.5625,7.9375,7.75]},"faces":{"north":{"uv":[0,9,10,10],"rotation":180,"texture":"#e"},"east":{"uv":[4,6,9,7],"texture":"#f"},"south":{"uv":[0,9,10,10],"texture":"#e"},"west":{"uv":[3,6,9,7],"texture":"#e"},"down":{"uv":[3,4,8,7],"texture":"#f"}}},{"from":[2,8,7.65],"to":[3.1,8.8,8.35],"rotation":{"angle":-22.5,"axis":"z","origin":[1.625,8.75,7.6875]},"faces":{"north":{"uv":[0,0,3,10],"texture":"#d"},"south":{"uv":[0,0,3,10],"texture":"#d"},"up":{"uv":[0,0,4,9],"texture":"#d"}}},{"from":[0.375,6.2,7.601],"to":[4.375,7.2,8.399],"rotation":{"angle":22.5,"axis":"z","origin":[0.375,7.25,7.6875]},"faces":{"north":{"uv":[5,0,16,14],"texture":"#d"},"south":{"uv":[5,2,16,16],"texture":"#d"},"west":{"uv":[7,6,8,7],"texture":"#e"},"up":{"uv":[0,0,11,10.7],"texture":"#d"},"down":{"uv":[4,7,12,8],"rotation":90,"texture":"#f"}}},{"from":[-2.6,6.3,7.5],"to":[0.8,8.575,8.5],"faces":{"north":{"uv":[0,0,7,16],"texture":"#d"},"east":{"uv":[7,6,8,7],"texture":"#e"},"south":{"uv":[0,0,7,16],"texture":"#d"},"up":{"uv":[7,6,8,7],"texture":"#e"},"down":{"uv":[5,5,8,6],"texture":"#f"}}},{"from":[-2.7,6.3,7.5],"to":[-2.6,8.575,8.5],"faces":{"north":{"uv":[7.25,5,10.5,7.94984],"texture":"#3"},"south":{"uv":[7,5,10.25,8],"texture":"#3"},"west":{"uv":[0,0,16,16],"texture":"#3"},"up":{"uv":[15,15,16,16],"texture":"#3"},"down":{"uv":[0,15,1,16],"texture":"#3"}}},{"from":[0.55,7.26,7.6015],"to":[2.05,8.66,8.3985],"faces":{"north":{"uv":[0,0,4,13],"texture":"#d"},"east":{"uv":[7,6,8,7],"texture":"#e"},"south":{"uv":[10,2,14,15],"texture":"#d"},"up":{"uv":[6,7,10,16],"texture":"#d"}}},{"from":[4.225,7.1,7.6],"to":[5.5,7.6,8.4],"faces":{"north":{"uv":[9,0,11,7],"texture":"#e"},"east":{"uv":[9,0,11,7],"texture":"#e"},"south":{"uv":[9,0,11,7],"texture":"#e"},"west":{"uv":[9,0,11,7],"texture":"#e"},"down":{"uv":[7,6,8,7],"texture":"#e"}}},{"from":[14.75,8.85,7.875],"to":[16.25,9.25,8.125],"faces":{"north":{"uv":[15,0,16,7],"texture":"#c"},"south":{"uv":[15,0,16,7],"texture":"#c"},"up":{"uv":[9,2,10,13],"rotation":180,"texture":"#4"},"down":{"uv":[0.3125,8.1875,0,7.875],"texture":"#2"}}},{"from":[16.52,8.88,7.85],"to":[17.46,9.18,8.15],"rotation":{"angle":-45,"axis":"z","origin":[16.5625,9.25,7.875]},"faces":{"north":{"uv":[0,0,1,9],"texture":"#c"},"south":{"uv":[0,0,1,6],"texture":"#c"},"west":{"uv":[4,0,4.3125,0.375],"texture":"#3"},"up":{"uv":[0,7,11,8],"rotation":270,"texture":"#c"},"down":{"uv":[15.99,4.3125,15.99,4],"texture":"#2"}}},{"from":[19.15,8.125,7.89645],"to":[20,8.625,8.10355],"faces":{"east":{"uv":[7,4,7.6,4.6],"texture":"#2"},"west":{"uv":[7,4,7.6,4.6],"texture":"#2"},"up":{"uv":[6,8,9,9],"rotation":90,"texture":"#4"},"down":{"uv":[0,0,0.69984,0.59951],"texture":"#2"}}},{"from":[14,8,7.95],"to":[19.5,8.101,8.05],"faces":{"north":{"uv":[0,0,4.2,0.1],"texture":"#2"},"east":{"uv":[0,0,0.1,0.1],"texture":"#2"},"south":{"uv":[0,0,4.2,0.1],"texture":"#2"},"up":{"uv":[0,0,4.2,0.1],"texture":"#2"},"down":{"uv":[0,0,4.2,0.1],"texture":"#2"}}},{"from":[10,8.6,8.3],"to":[10.1,8.9,8.5],"faces":{"east":{"uv":[2,2,4,4],"rotation":180,"texture":"#4"},"south":{"uv":[3,11,4,13],"texture":"#4"},"west":{"uv":[2,4,4,2],"texture":"#4"},"up":{"uv":[0,0,0.1,0.5],"texture":"#4"},"down":{"uv":[0,0,0.1,0.5],"texture":"#3"}}},{"from":[5.8,7.65,7.549],"to":[5.9,7.75,7.65],"faces":{"north":{"uv":[2,2,4,4],"rotation":270,"texture":"#4"}}},{"from":[5.7,8,7.9],"to":[5.8,8.5,8.1],"rotation":{"angle":22.5,"axis":"z","origin":[8,8,8]},"faces":{"north":{"uv":[0,0,0.1,0.5],"texture":"#2"},"east":{"uv":[0,0,0.2,0.5],"texture":"#2"},"south":{"uv":[0,0,0.1,0.5],"texture":"#2"},"west":{"uv":[0,0,0.2,0.5],"texture":"#2"},"down":{"uv":[0,0,0.1,0.2],"texture":"#2"}}},{"from":[5.715,6.79,7.8],"to":[6.5,6.89,8.2],"faces":{"north":{"uv":[3,2,10,4],"rotation":180,"texture":"#4"},"south":{"uv":[6,2,2,4],"rotation":180,"texture":"#4"},"up":{"uv":[3,1,12,4],"texture":"#4"},"down":{"uv":[10,10,16,11],"rotation":180,"texture":"#2"}}},{"from":[6.7,7,7.7],"to":[7.3,7.8,8.3],"rotation":{"angle":0,"axis":"y","origin":[8,8,7.95]},"faces":{"north":{"uv":[0,0,5,5],"texture":"#3"},"east":{"uv":[0,0,8,1],"rotation":90,"texture":"#3"},"south":{"uv":[0,0,5,5],"texture":"#3"},"west":{"uv":[0,0,3.4,5.8],"texture":"#3"},"down":{"uv":[7,4,8,5],"texture":"#2"}}},{"from":[14.65,8.1007,8.175],"to":[14.849,8.3492,8.475],"rotation":{"angle":45,"axis":"x","origin":[8,8.225,8.175]},"faces":{"east":{"uv":[11,10,12,11],"texture":"#a"},"south":{"uv":[6,4,8,8],"rotation":270,"texture":"#a"}}},{"from":[14.65,8.1007,7.525],"to":[14.849,8.3492,7.825],"rotation":{"angle":-45,"axis":"x","origin":[8,8.225,7.825]},"faces":{"north":{"uv":[6,8,8,4],"rotation":270,"texture":"#a"},"east":{"uv":[12,10,11,11],"texture":"#a"}}},{"from":[14.65,7.925,7.7008],"to":[14.849,8.225,8.2993],"rotation":{"angle":0,"axis":"x","origin":[8,8.225,7.775]},"faces":{"east":{"uv":[12,10,11,11],"rotation":90,"texture":"#a"},"down":{"uv":[6,8,8,4],"rotation":90,"texture":"#a"}}},{"from":[14.65,8.1007,7.525],"to":[14.85,8.7992,8.475],"rotation":{"angle":0,"axis":"y","origin":[8,8,8.025]},"faces":{"north":{"uv":[6,4,8,8],"rotation":90,"texture":"#a"},"east":{"uv":[11,10,15,13],"texture":"#a"},"south":{"uv":[6,4,8,8],"rotation":270,"texture":"#a"},"up":{"uv":[6,4,8,8],"rotation":270,"texture":"#a"}}},{"from":[14.65,8.8,7.6],"to":[14.851,9.2,8.4],"faces":{"north":{"uv":[6,4,8,8],"rotation":90,"texture":"#a"},"east":{"uv":[11,10,15,13],"texture":"#a"},"south":{"uv":[4,6,6,10],"rotation":90,"texture":"#a"},"up":{"uv":[6,4,8,8],"rotation":270,"texture":"#a"}}},{"from":[14.65,8.732,7.136],"to":[14.85,9.132,7.436],"rotation":{"angle":45,"axis":"x","origin":[8,8,8]},"faces":{"north":{"uv":[6,4,8,8],"rotation":90,"texture":"#a"},"east":{"uv":[11,10,15,13],"texture":"#a"},"south":{"uv":[6,4,8,8],"rotation":270,"texture":"#a"},"up":{"uv":[6,4,8,8],"rotation":270,"texture":"#a"}}},{"from":[11.6,8.732,7.136],"to":[14.65,9.132,7.436],"rotation":{"angle":45,"axis":"x","origin":[8,8,8]},"faces":{"west":{"uv":[7,6,8,7],"texture":"#e"},"up":{"uv":[4,6,16,13],"texture":"#d"}}},{"from":[14.65,8.732,8.567],"to":[14.85,9.132,8.867],"rotation":{"angle":-45,"axis":"x","origin":[8,8,8]},"faces":{"north":{"uv":[6,4,8,8],"rotation":90,"texture":"#a"},"east":{"uv":[11,10,15,13],"texture":"#a"},"south":{"uv":[6,4,8,8],"rotation":270,"texture":"#a"},"up":{"uv":[6,4,8,8],"rotation":270,"texture":"#a"}}},{"from":[11.6,8.732,8.567],"to":[14.65,9.132,8.867],"rotation":{"angle":-45,"axis":"x","origin":[8,8,8]},"faces":{"west":{"uv":[7,6,8,7],"texture":"#e"},"up":{"uv":[2,5,14,12],"rotation":180,"texture":"#d"}}},{"from":[11.6,9.0124,7.81],"to":[14.65,9.4124,8.19],"faces":{"north":{"uv":[7,6,7.7,6.1],"rotation":180,"texture":"#e"},"south":{"uv":[7,6,7.7,6.1],"texture":"#e"},"west":{"uv":[7,6,8,7],"texture":"#e"},"up":{"uv":[3,4,15,13],"texture":"#d"}}},{"from":[14.65,9.0124,7.81],"to":[14.851,9.4124,8.19],"faces":{"north":{"uv":[6,4,8,8],"rotation":90,"texture":"#a"},"east":{"uv":[11,10,15,13],"texture":"#a"},"south":{"uv":[6,4,8,8],"rotation":270,"texture":"#a"},"up":{"uv":[6,4,8,8],"rotation":270,"texture":"#a"}}},{"from":[10.65,6.4,7.5005],"to":[12.075,6.8,8.4995],"rotation":{"angle":22.5,"axis":"z","origin":[8,8,7.9995]},"faces":{"north":{"uv":[10,5,16,13],"texture":"#d"},"south":{"uv":[0,0,6,8],"texture":"#d"},"west":{"uv":[7,6,8,7],"texture":"#e"},"down":{"uv":[3,6,10,7],"rotation":90,"texture":"#e"}}},{"from":[10.9,7.55,7.495],"to":[11.05,8.8001,8.505],"faces":{"north":{"uv":[2,9,4,13],"rotation":270,"texture":"#a"},"south":{"uv":[2,9,4,13],"rotation":90,"texture":"#a"},"west":{"uv":[4,6,5,7],"texture":"#3"},"up":{"uv":[13,9,16,12],"rotation":180,"texture":"#3"},"down":{"uv":[2,3,4,8],"rotation":90,"texture":"#7"}}},{"from":[10.2,8.7,7.65],"to":[11.5,9.5,8.35],"faces":{"north":{"uv":[3,13,13,14],"rotation":90,"texture":"#7"},"east":{"uv":[0,0,1,2],"texture":"#3"},"south":{"uv":[3,13,13,14],"rotation":90,"texture":"#7"},"west":{"uv":[0.01,5,0.01,8],"texture":"#2"},"up":{"uv":[0,0,5,16],"texture":"#3"}}},{"from":[10.75,8.875,7.8],"to":[12.5,9.25,8.2],"faces":{"north":{"uv":[0,3,2,7],"rotation":180,"texture":"#7"},"east":{"uv":[7.8125,6.75,8.125,7.125],"texture":"#3"},"south":{"uv":[0,6,8,7],"rotation":90,"texture":"#7"},"up":{"uv":[10,5,11,8],"texture":"#5"},"down":{"uv":[0.3125,8.1875,0,7.875],"texture":"#2"}}},{"from":[10.202,9.5,7.65],"to":[10.2645,9.7,8.35],"faces":{"north":{"uv":[11,6,12,7],"texture":"#4"},"east":{"uv":[5,5,11,9],"texture":"#b"},"south":{"uv":[11,6,12,7],"texture":"#4"},"west":{"uv":[5,5,11,9],"texture":"#b"},"up":{"uv":[5,6,11,7],"rotation":90,"texture":"#b"},"down":{"uv":[11,6,12,7],"texture":"#4"}}},{"from":[11,8.05,8.35],"to":[11.6,8.25,8.4],"rotation":{"angle":22.5,"axis":"z","origin":[8,8,8]},"faces":{"north":{"uv":[3,13,13,14],"rotation":90,"texture":"#7"},"east":{"uv":[0,0,1,2],"texture":"#3"},"south":{"uv":[12,6,14,13],"texture":"#7"},"west":{"uv":[0.01,5,0.01,8],"texture":"#2"},"up":{"uv":[0,0,5,16],"texture":"#3"}}},{"from":[11,8.22,8.35],"to":[11.2,8.27,8.45],"rotation":{"angle":22.5,"axis":"z","origin":[8,8,8]},"faces":{"north":{"uv":[3,13,13,14],"rotation":90,"texture":"#7"},"east":{"uv":[0,0,1,2],"texture":"#3"},"south":{"uv":[12,6,14,13],"texture":"#7"},"west":{"uv":[0.01,5,0.01,8],"texture":"#2"},"up":{"uv":[0,0,5,16],"texture":"#3"}}},{"from":[11.25,6.7,7.78],"to":[11.4,6.85,8.43],"rotation":{"angle":45,"axis":"z","origin":[8,8,8]},"faces":{"north":{"uv":[3,13,13,14],"rotation":90,"texture":"#7"},"east":{"uv":[11,9,12,14],"texture":"#5"},"south":{"uv":[3,4,7,7],"rotation":90,"texture":"#9"},"west":{"uv":[0.01,5,0.01,8],"texture":"#2"},"up":{"uv":[8,12,14,13],"rotation":180,"texture":"#9"},"down":{"uv":[0,0,2,1],"texture":"#7"}}},{"from":[5.35,8.275,8.43],"to":[5.5,8.425,8.58],"faces":{"east":{"uv":[0,0,2,1],"rotation":270,"texture":"#7"},"south":{"uv":[3,4,7,7],"texture":"#9"},"west":{"uv":[8,12,14,13],"rotation":90,"texture":"#9"},"up":{"uv":[11,9,12,14],"rotation":270,"texture":"#5"},"down":{"uv":[0.01,5,0.01,8],"rotation":270,"texture":"#2"}}},{"from":[10.75,7.3,7.75],"to":[10.85,7.4,8.4],"rotation":{"angle":45,"axis":"z","origin":[8,8,8]},"faces":{"north":{"uv":[3,13,13,14],"rotation":90,"texture":"#7"},"east":{"uv":[11,9,12,14],"texture":"#5"},"south":{"uv":[5,0,10,5],"rotation":90,"texture":"#5"},"west":{"uv":[0.01,5,0.01,8],"texture":"#2"},"up":{"uv":[8,12,14,13],"rotation":180,"texture":"#9"},"down":{"uv":[0,0,2,1],"texture":"#7"}}},{"from":[10.25,9.5,7.8],"to":[11.25,9.55,8.2],"faces":{"north":{"uv":[3,13,13,14],"rotation":90,"texture":"#7"},"east":{"uv":[0,0,1,2],"texture":"#3"},"south":{"uv":[3,13,13,14],"rotation":90,"texture":"#7"},"west":{"uv":[0.01,5,0.01,8],"texture":"#2"},"up":{"uv":[2,4,4,11],"texture":"#7"}}},{"from":[10.25,9.501,7.85],"to":[10.5,9.551,7.95],"faces":{"up":{"uv":[13,1,14,11],"rotation":90,"texture":"#5"}}},{"from":[10.5,9.501,7.85],"to":[10.75,9.551,7.95],"faces":{"up":{"uv":[13,1,14,11],"rotation":90,"texture":"#5"}}},{"from":[11,9.501,7.85],"to":[11.25,9.551,7.95],"faces":{"up":{"uv":[13,1,14,11],"rotation":90,"texture":"#5"}}},{"from":[10.75,9.501,7.85],"to":[11,9.551,7.95],"faces":{"up":{"uv":[13,1,14,11],"rotation":90,"texture":"#5"}}},{"from":[10.5,9.501,8.05],"to":[10.75,9.551,8.15],"faces":{"up":{"uv":[13,1,14,11],"rotation":270,"texture":"#5"}}},{"from":[10.75,9.501,8.05],"to":[11,9.551,8.15],"faces":{"up":{"uv":[13,1,14,11],"rotation":270,"texture":"#5"}}},{"from":[11,9.501,8.05],"to":[11.25,9.551,8.15],"faces":{"up":{"uv":[13,1,14,11],"rotation":270,"texture":"#5"}}},{"from":[10.25,9.501,8.05],"to":[10.5,9.551,8.15],"faces":{"up":{"uv":[13,1,14,11],"rotation":270,"texture":"#5"}}},{"from":[10.2,7.58,7.55],"to":[10.9,8.98,8.45],"faces":{"north":{"uv":[2,13,11,14],"rotation":90,"texture":"#7"},"east":{"uv":[0.01,5,0.01,8],"texture":"#2"},"south":{"uv":[2,14,11,13],"rotation":90,"texture":"#7"},"west":{"uv":[0.01,5,0.01,8],"texture":"#2"},"up":{"uv":[0,0,1,12],"texture":"#3"},"down":{"uv":[2,11,3,12],"texture":"#2"}}},{"from":[9.657,8.6,9.227],"to":[9.757,8.9,9.527],"rotation":{"angle":22.5,"axis":"y","origin":[8,8,8]},"faces":{"east":{"uv":[3,2,5,4],"rotation":180,"texture":"#4"},"south":{"uv":[3,11,4,13],"texture":"#4"},"west":{"uv":[3,4,5,2],"texture":"#4"},"up":{"uv":[0,0,0.1,0.5],"texture":"#4"},"down":{"uv":[0,0,0.1,0.5],"texture":"#3"}}},{"from":[5,8.548,8.513],"to":[7.8,8.948,8.713],"rotation":{"angle":-22.5,"axis":"x","origin":[8,8,8]},"faces":{"east":{"uv":[0,0,0.2,0.5],"texture":"#2"},"south":{"uv":[10,3,12,12],"rotation":180,"texture":"#7"},"west":{"uv":[0,0,0.2,0.5],"texture":"#2"},"down":{"uv":[0,0,1,1],"texture":"#2"}}},{"from":[5,8.548,7.286],"to":[10.2,8.948,7.486],"rotation":{"angle":22.5,"axis":"x","origin":[8,8,8]},"faces":{"north":{"uv":[12,3,14,12],"texture":"#7"},"east":{"uv":[0,0,0.2,0.5],"texture":"#2"},"south":{"uv":[10,3,12,12],"rotation":180,"texture":"#7"},"west":{"uv":[0,0,0.2,0.5],"texture":"#2"}}},{"from":[5.5,7,7.8],"to":[5.6,7.9,8.2],"faces":{"north":{"uv":[2,2,6,4],"rotation":90,"texture":"#4"},"east":{"uv":[3,1,12,4],"rotation":270,"texture":"#4"},"south":{"uv":[6,2,2,4],"rotation":270,"texture":"#4"},"west":{"uv":[0,0,1.3,0.4],"rotation":270,"texture":"#2"}}},{"from":[5.528,8.76,7.799],"to":[5.628,9.06,8.201],"rotation":{"angle":45,"axis":"z","origin":[8,8,8]},"faces":{"north":{"uv":[3,2,6,4],"rotation":90,"texture":"#4"},"east":{"uv":[3,1,12,4],"rotation":270,"texture":"#4"},"south":{"uv":[6,2,2,4],"rotation":270,"texture":"#4"},"west":{"uv":[0,0,1.3,0.4],"rotation":270,"texture":"#2"}}},{"from":[6.085,8.206,7.799],"to":[6.485,8.306,8.201],"rotation":{"angle":45,"axis":"z","origin":[8,8,8]},"faces":{"north":{"uv":[3,2,7,4],"rotation":180,"texture":"#4"},"south":{"uv":[6,2,2,4],"rotation":180,"texture":"#4"},"up":{"uv":[3,1,12,4],"rotation":180,"texture":"#4"},"down":{"uv":[2,1,10,2],"texture":"#7"}}},{"from":[6.9,7.1,7.699],"to":[7,7.2,8.301],"rotation":{"angle":0,"axis":"y","origin":[8,8,7.95]},"faces":{"north":{"uv":[2,11,4,13],"texture":"#4"},"south":{"uv":[2,11,4,13],"texture":"#4"}}},{"from":[7.05,6.6,7.85],"to":[7.15,7.4,8.15],"faces":{"north":{"uv":[2,3,4,11],"texture":"#4"},"east":{"uv":[0,0,2,2],"texture":"#3"},"south":{"uv":[2,3,4,10],"rotation":180,"texture":"#4"},"west":{"uv":[3,3,6,10],"rotation":180,"texture":"#4"},"down":{"uv":[7,4,8,5],"texture":"#2"}}},{"from":[-1.45,6.1,7.85],"to":[-1.25,6.8,8.15],"faces":{"north":{"uv":[2,3,4,11],"texture":"#4"},"east":{"uv":[0,0,2,2],"texture":"#3"},"south":{"uv":[2,3,4,10],"rotation":180,"texture":"#4"},"west":{"uv":[7,7,8,8],"rotation":180,"texture":"#4"},"down":{"uv":[7,4,8,5],"texture":"#2"}}},{"from":[-1.4,6.15,7.55],"to":[-1.3,6.25,8.45],"faces":{"north":{"uv":[2,6,4,8],"rotation":270,"texture":"#4"},"east":{"uv":[15,0,16,1],"texture":"#3"},"south":{"uv":[2,3,4,5],"rotation":270,"texture":"#4"},"west":{"uv":[7,7,8,8],"rotation":180,"texture":"#4"},"up":{"uv":[0,0,1,1],"texture":"#3"},"down":{"uv":[7,4,8,5],"texture":"#2"}}},{"from":[-0.9,6.15,7.55],"to":[-0.8,6.25,8.45],"faces":{"north":{"uv":[2,6,4,8],"rotation":270,"texture":"#4"},"east":{"uv":[0,0,8,3],"texture":"#3"},"south":{"uv":[2,3,4,5],"rotation":270,"texture":"#4"},"west":{"uv":[15,0,16,1],"rotation":180,"texture":"#3"},"up":{"uv":[0,0,1,1],"texture":"#3"},"down":{"uv":[7,4,8,5],"texture":"#2"}}},{"from":[-1.3,6.15,8.45],"to":[-0.9,6.25,8.55],"rotation":{"angle":0,"axis":"y","origin":[-0.85,6.2,8]},"faces":{"north":{"uv":[15,0,16,1],"rotation":180,"texture":"#3"},"east":{"uv":[2,6,4,8],"rotation":270,"texture":"#4"},"south":{"uv":[3,1,8,3],"texture":"#4"},"west":{"uv":[2,3,4,5],"rotation":270,"texture":"#4"},"up":{"uv":[0,0,1,1],"rotation":90,"texture":"#3"},"down":{"uv":[7,4,8,5],"rotation":270,"texture":"#2"}}},{"from":[-1.3,6.15,7.45],"to":[-0.9,6.25,7.55],"rotation":{"angle":0,"axis":"y","origin":[-0.85,6.2,8]},"faces":{"north":{"uv":[10,1,4,3],"texture":"#4"},"east":{"uv":[4,6,2,8],"rotation":90,"texture":"#4"},"south":{"uv":[16,0,15,1],"rotation":180,"texture":"#3"},"west":{"uv":[4,3,2,5],"rotation":90,"texture":"#4"},"up":{"uv":[0,0,1,1],"rotation":90,"texture":"#3"},"down":{"uv":[8,4,7,5],"rotation":270,"texture":"#2"}}},{"from":[8.2,8.06,8.351],"to":[8.34,8.2,8.452],"rotation":{"angle":0,"axis":"y","origin":[7.8,8.1,8]},"faces":{"north":{"uv":[2,11,4,13],"texture":"#4"},"south":{"uv":[10,1,13,4],"rotation":180,"texture":"#4"}}},{"from":[8.6,8.04,8.351],"to":[8.75,8.19,8.452],"rotation":{"angle":0,"axis":"y","origin":[7.8,8.1,8]},"faces":{"north":{"uv":[2,11,4,13],"texture":"#4"},"south":{"uv":[1,2,4,5],"rotation":270,"texture":"#4"}}},{"from":[14,7.898,7.925],"to":[14.15,7.999,8.075],"rotation":{"angle":0,"axis":"x","origin":[7.8,8.1,7.985]},"faces":{"up":{"uv":[2,11,4,13],"rotation":180,"texture":"#4"},"down":{"uv":[5,4,8,7],"rotation":270,"texture":"#3"}}},{"from":[4,7.58,8.15],"to":[6,8.78,8.45],"faces":{"east":{"uv":[0.01,5,1.01,8],"texture":"#2"},"south":{"uv":[3,14,10,13],"rotation":90,"texture":"#7"},"west":{"uv":[0.01,5,0.01,8],"texture":"#2"},"up":{"uv":[0,3,1,4],"rotation":180,"texture":"#2"},"down":{"uv":[2,11,3,12],"texture":"#2"}}},{"from":[7.8,8.5,8.22],"to":[10.3,8.8,8.42],"rotation":{"angle":0,"axis":"y","origin":[9.05,8.8,8.42]},"faces":{"east":{"uv":[0,0,0.2,0.5],"texture":"#2"},"south":{"uv":[13.1,0,16,16],"rotation":90,"texture":"#4"},"west":{"uv":[0,0,0.2,0.5],"texture":"#2"},"down":{"uv":[0,0,2.5,0.2],"texture":"#2"}}},{"from":[7.8,8.8,8.22],"to":[10.3,9.15,8.42],"rotation":{"angle":-22.5,"axis":"x","origin":[9.05,8.8,8.42]},"faces":{"east":{"uv":[0,0,0.2,0.5],"texture":"#2"},"south":{"uv":[0,13.1,16,16],"rotation":180,"texture":"#4"},"west":{"uv":[0,0,0.2,0.5],"texture":"#2"},"down":{"uv":[0,0,2.5,0.2],"texture":"#2"}}},{"from":[7.6,8.4,8.02],"to":[7.8,8.69,8.22],"faces":{"east":{"uv":[0,0,0.2,0.5],"texture":"#2"},"south":{"uv":[12,8,15,11],"texture":"#3"},"west":{"uv":[0,0,0.2,0.5],"texture":"#2"},"up":{"uv":[0,0,2.5,0.2],"texture":"#2"},"down":{"uv":[0,0,2.5,0.2],"texture":"#2"}}},{"from":[5,7.7,8.22],"to":[7.8,9.19,7.72],"faces":{"east":{"uv":[10,5,11,6],"texture":"#2"},"south":{"uv":[6,7,16,8],"rotation":90,"texture":"#2"},"west":{"uv":[9,5,10,6],"texture":"#2"},"up":{"uv":[10,5,11,6],"texture":"#2"},"down":{"uv":[11,5,12,6],"texture":"#2"}}},{"from":[4,7.58,7.55],"to":[10.2,8.78,8.15],"faces":{"north":{"uv":[3,13,10,14],"rotation":90,"texture":"#7"},"east":{"uv":[0.01,5,0.01,8],"texture":"#2"},"west":{"uv":[0.01,5,0.01,8],"texture":"#2"},"up":{"uv":[0,3,1,4],"rotation":180,"texture":"#2"},"down":{"uv":[2,11,3,12],"texture":"#2"}}},{"from":[17,8.6,7.851],"to":[17.6,8.975,8.149],"rotation":{"angle":-22.5,"axis":"z","origin":[16.5625,9.25,7.875]},"faces":{"north":{"uv":[0,0,6,1],"texture":"#c"},"south":{"uv":[0,0,5,1],"texture":"#c"},"west":{"uv":[4,0,4.3125,0.375],"rotation":180,"texture":"#3"},"up":{"uv":[0,7,11,8],"rotation":270,"texture":"#c"},"down":{"uv":[15.99,4.3125,15.99,4],"rotation":180,"texture":"#2"}}},{"from":[16.5075,8.927,7.825],"to":[16.7875,9.207,8.175],"rotation":{"angle":-45,"axis":"z","origin":[16.5625,9.25,7.899]},"faces":{"north":{"uv":[15,2,16,5],"texture":"#c"},"east":{"uv":[6,6,9,9],"texture":"#7"},"south":{"uv":[0,1,1,4],"texture":"#c"},"west":{"uv":[4,0,4.3125,0.375],"texture":"#3"},"up":{"uv":[4,9,13,10],"rotation":90,"texture":"#4"},"down":{"uv":[15.99,4.3125,15.99,4],"texture":"#2"}}},{"from":[16.31,8.5525,7.851],"to":[16.81,8.8525,8.149],"faces":{"north":{"uv":[15,0,16,6],"rotation":180,"texture":"#c"},"east":{"uv":[7.99,8,7.99,8.3125],"rotation":270,"texture":"#4"},"south":{"uv":[15,0,16,7],"rotation":180,"texture":"#c"},"west":{"uv":[15.99,4.3125,15.99,4],"rotation":270,"texture":"#2"},"up":{"uv":[4,0,4.3125,0.375],"rotation":90,"texture":"#3"}}},{"from":[15.3,9,7.799],"to":[15.4,9.1,8.201],"faces":{"north":{"uv":[0.01,0.01,0.01,0.01],"texture":"#7"},"south":{"uv":[1,2,4,5],"rotation":270,"texture":"#7"}}},{"from":[14.649,8.5525,7.95],"to":[15.149,8.8525,8.05],"faces":{"north":{"uv":[15,0,16,6],"rotation":180,"texture":"#c"},"east":{"uv":[0,0,4,2],"rotation":270,"texture":"#7"},"south":{"uv":[15,0,16,7],"rotation":180,"texture":"#c"}}},{"from":[14.45,8.7,7.9],"to":[14.95,9,8.1],"faces":{"north":{"uv":[15,0,16,6],"rotation":180,"texture":"#c"},"east":{"uv":[0,0,4,2],"rotation":270,"texture":"#7"},"south":{"uv":[15,0,16,7],"rotation":180,"texture":"#c"},"west":{"uv":[15.99,4.3125,15.99,4],"rotation":270,"texture":"#2"},"up":{"uv":[4,0,4.3125,0.375],"rotation":90,"texture":"#3"}}},{"from":[15.55,9,7.799],"to":[15.65,9.1,8.201],"faces":{"north":{"uv":[0.01,0.01,0.01,0.01],"texture":"#7"},"south":{"uv":[1,2,4,5],"rotation":270,"texture":"#7"}}},{"from":[16.05,9,7.799],"to":[16.15,9.1,8.201],"faces":{"north":{"uv":[0.01,0.01,0.01,0.01],"texture":"#7"},"south":{"uv":[1,2,4,5],"rotation":270,"texture":"#7"}}},{"from":[15.8,9,7.799],"to":[15.9,9.1,8.201],"faces":{"north":{"uv":[0.01,0.01,0.01,0.01],"texture":"#7"},"south":{"uv":[1,2,4,5],"rotation":270,"texture":"#7"}}},{"from":[14.75,8.925,7.8],"to":[16.25,9.175,8.2],"faces":{"north":{"uv":[8,12,16,13],"rotation":270,"texture":"#9"},"south":{"uv":[9,12,16,13],"rotation":270,"texture":"#9"},"up":{"uv":[2,8,14,9],"rotation":270,"texture":"#c"},"down":{"uv":[0.3125,8.1875,0,7.875],"texture":"#2"}}},{"from":[18.168,11.9975,7.85],"to":[18.318,13.06,8.15],"rotation":{"angle":-22.5,"axis":"z","origin":[10,7.8,8]},"faces":{"north":{"uv":[0,0,1,1],"texture":"#c"},"east":{"uv":[0,0,2,1],"texture":"#2"},"south":{"uv":[0,0,1,1],"texture":"#c"},"west":{"uv":[0,9,3,14],"rotation":180,"texture":"#c"},"up":{"uv":[2,2,4,4],"texture":"#a"},"down":{"uv":[2,2,4,4],"texture":"#a"}}},{"from":[19.3,8.5625,7.851],"to":[19.9,8.825,8.149],"faces":{"north":{"uv":[0,15,16,16],"rotation":180,"texture":"#c"},"south":{"uv":[0,15,16,16],"texture":"#c"},"up":{"uv":[7,4,13,5],"rotation":270,"texture":"#2"}}},{"from":[19.575,9.2,7.851],"to":[20,9.53,8.149],"rotation":{"angle":0,"axis":"y","origin":[8,7.8,8]},"faces":{"north":{"uv":[0,0,1,1],"texture":"#c"},"east":{"uv":[6,0,8,14],"rotation":270,"texture":"#3"},"south":{"uv":[0,0,1,1],"texture":"#c"},"up":{"uv":[0,0,1,11],"texture":"#c"}}},{"from":[19.5,9.075,7.851],"to":[20,9.2,8.149],"rotation":{"angle":0,"axis":"y","origin":[8,7.8,8]},"faces":{"north":{"uv":[0,0,1,1],"texture":"#c"},"east":{"uv":[0,1,1,5],"rotation":270,"texture":"#c"},"south":{"uv":[0,0,1,1],"texture":"#c"},"down":{"uv":[3,0,4,1],"texture":"#5"}}},{"from":[19.65,9.15,7.8],"to":[19.9,9.4,8.2],"rotation":{"angle":0,"axis":"y","origin":[8,7.8,8]},"faces":{"north":{"uv":[3,3,8,8],"texture":"#4"},"east":{"uv":[0,0,1,1],"texture":"#a"},"south":{"uv":[3,3,8,8],"rotation":90,"texture":"#4"},"west":{"uv":[0,0,1,1],"texture":"#a"},"up":{"uv":[3,2,4,13],"rotation":90,"texture":"#4"},"down":{"uv":[2,2,4,4],"rotation":270,"texture":"#a"}}},{"from":[19.601,9.39,7.45],"to":[19.999,9.59,7.5],"rotation":{"angle":22.5,"axis":"x","origin":[10,7.8,8]},"faces":{"north":{"uv":[15,0,16,5],"rotation":180,"texture":"#c"},"east":{"uv":[4,4,5,6],"texture":"#3"},"south":{"uv":[15,0,16,7],"texture":"#c"},"west":{"uv":[6,0,8,1],"texture":"#c"},"up":{"uv":[2,2,4,4],"texture":"#a"},"down":{"uv":[2,2,4,4],"texture":"#a"}}},{"from":[19.601,9.39,8.5],"to":[19.999,9.59,8.55],"rotation":{"angle":-22.5,"axis":"x","origin":[10,7.8,8]},"faces":{"north":{"uv":[15,0,16,7],"texture":"#c"},"east":{"uv":[4,4,5,5],"texture":"#3"},"south":{"uv":[15,0,16,5],"rotation":180,"texture":"#c"},"west":{"uv":[6,0,8,1],"texture":"#c"},"up":{"uv":[2,2,4,4],"texture":"#a"},"down":{"uv":[2,2,4,4],"texture":"#a"}}},{"from":[19.6,9.645,7.777],"to":[20,9.795,7.827],"rotation":{"angle":0,"axis":"y","origin":[8,7.8,8]},"faces":{"north":{"uv":[9,0,12,1],"rotation":90,"texture":"#c"},"east":{"uv":[4,4,5,5],"texture":"#3"},"south":{"uv":[10,10,16,11],"rotation":270,"texture":"#2"},"west":{"uv":[9,0,12,1],"rotation":90,"texture":"#c"},"up":{"uv":[2,2,4,4],"texture":"#a"},"down":{"uv":[2,2,4,4],"texture":"#a"}}},{"from":[19.6,9.645,8.173],"to":[20,9.795,8.223],"rotation":{"angle":0,"axis":"y","origin":[8,7.8,8]},"faces":{"north":{"uv":[10,10,16,11],"rotation":270,"texture":"#2"},"east":{"uv":[4,4,5,5],"texture":"#3"},"south":{"uv":[9,0,12,1],"rotation":90,"texture":"#c"},"west":{"uv":[9,0,12,1],"rotation":90,"texture":"#c"},"up":{"uv":[2,2,4,4],"texture":"#a"},"down":{"uv":[2,2,4,4],"texture":"#a"}}},{"from":[19.599,9.054,6.432],"to":[20.001,9.154,6.482],"rotation":{"angle":45,"axis":"x","origin":[10,7.8,8]},"faces":{"north":{"uv":[6,9,7,13],"texture":"#4"},"east":{"uv":[8,9,9,13],"texture":"#4"},"south":{"uv":[0,0,1,1],"texture":"#7"},"west":{"uv":[7,4,11,5],"rotation":270,"texture":"#c"},"up":{"uv":[4,3,6,5],"texture":"#4"},"down":{"uv":[2,2,4,4],"texture":"#a"}}},{"from":[19.599,9.054,9.52],"to":[20.001,9.154,9.57],"rotation":{"angle":-45,"axis":"x","origin":[10,7.8,8]},"faces":{"north":{"uv":[0,0,1,1],"texture":"#7"},"east":{"uv":[7,9,8,13],"texture":"#4"},"south":{"uv":[7,9,8,13],"texture":"#4"},"west":{"uv":[7,4,11,5],"rotation":270,"texture":"#c"},"up":{"uv":[4,3,6,5],"rotation":180,"texture":"#4"},"down":{"uv":[2,2,4,4],"texture":"#a"}}},{"from":[19.85,9.5,7.985],"to":[19.95,9.7,8.015],"rotation":{"angle":0,"axis":"y","origin":[8,7.8,8]},"faces":{"north":{"uv":[0,0,1,4],"rotation":270,"texture":"#c"},"east":{"uv":[0,0,4,2],"texture":"#3"},"south":{"uv":[0,0,1,1],"texture":"#7"},"west":{"uv":[0,0,1,4],"texture":"#c"},"up":{"uv":[0,13,7,16],"texture":"#c"},"down":{"uv":[2,2,4,4],"texture":"#a"}}},{"from":[16.5,7.913,7.735],"to":[16.7,8.113,8.035],"rotation":{"angle":45,"axis":"x","origin":[9,8,8]},"faces":{"north":{"uv":[15,0,16,7],"texture":"#c"},"east":{"uv":[4,1,4.6,1.8],"texture":"#2"},"south":{"uv":[15,0,16,7],"texture":"#c"},"west":{"uv":[0,0,0.6,0.8],"texture":"#2"},"up":{"uv":[0,1,16,3],"rotation":270,"texture":"#c"},"down":{"uv":[0,0,0.7,0.6],"texture":"#2"}}},{"from":[16.5,7.913,7.965],"to":[16.7,8.113,8.265],"rotation":{"angle":-45,"axis":"x","origin":[9,8,8]},"faces":{"north":{"uv":[15,0,16,7],"texture":"#c"},"east":{"uv":[4,1,4.6,1.8],"texture":"#2"},"south":{"uv":[15,0,16,7],"texture":"#c"},"west":{"uv":[0,0,0.6,0.8],"texture":"#2"},"up":{"uv":[0,1,16,3],"rotation":270,"texture":"#c"},"down":{"uv":[0,0,0.7,0.6],"texture":"#2"}}},{"from":[16.5,7.914,7.965],"to":[16.7,8.114,8.035],"faces":{"north":{"uv":[15,0,16,7],"texture":"#c"},"east":{"uv":[4,1,4.6,1.8],"texture":"#2"},"south":{"uv":[15,0,16,7],"texture":"#c"},"west":{"uv":[0,0,0.6,0.8],"texture":"#2"},"up":{"uv":[0,1,16,3],"rotation":270,"texture":"#c"},"down":{"uv":[0,0,0.7,0.6],"texture":"#2"}}},{"from":[19.5,7.913,7.735],"to":[19.7,8.113,8.035],"rotation":{"angle":45,"axis":"x","origin":[12,8,8]},"faces":{"north":{"uv":[15,0,16,7],"texture":"#c"},"east":{"uv":[4,1,4.6,1.8],"texture":"#2"},"south":{"uv":[15,0,16,7],"texture":"#c"},"west":{"uv":[0,0,0.6,0.8],"texture":"#2"},"up":{"uv":[0,1,16,3],"rotation":270,"texture":"#c"},"down":{"uv":[0,0,0.7,0.6],"texture":"#2"}}},{"from":[19.5,7.914,7.965],"to":[19.7,8.114,8.035],"faces":{"north":{"uv":[15,0,16,7],"texture":"#c"},"east":{"uv":[4,1,4.6,1.8],"texture":"#2"},"south":{"uv":[15,0,16,7],"texture":"#c"},"west":{"uv":[0,0,0.6,0.8],"texture":"#2"},"up":{"uv":[0,1,16,3],"rotation":270,"texture":"#c"},"down":{"uv":[0,0,0.7,0.6],"texture":"#2"}}},{"from":[19.5,7.913,7.965],"to":[19.7,8.113,8.265],"rotation":{"angle":-45,"axis":"x","origin":[12,8,8]},"faces":{"north":{"uv":[15,0,16,7],"texture":"#c"},"east":{"uv":[4,1,4.6,1.8],"texture":"#2"},"south":{"uv":[15,0,16,7],"texture":"#c"},"west":{"uv":[0,0,0.6,0.8],"texture":"#2"},"up":{"uv":[0,1,16,3],"rotation":270,"texture":"#c"},"down":{"uv":[0,0,0.7,0.6],"texture":"#2"}}},{"from":[14.75,8.175,7.96022],"to":[20.125,8.225,8.03978],"rotation":{"angle":22.5,"axis":"x","origin":[17.45,8.375,8]},"faces":{"east":{"uv":[9,6,13,7],"rotation":90,"texture":"#3"},"up":{"uv":[6,7,11,8],"rotation":90,"texture":"#c"},"down":{"uv":[6,9,7,10],"texture":"#2"}}},{"from":[14.75,8.175,7.96022],"to":[20.125,8.225,8.03978],"rotation":{"angle":45,"axis":"x","origin":[17.45,8.375,8]},"faces":{"east":{"uv":[9,6,13,7],"rotation":90,"texture":"#3"},"up":{"uv":[1,7,9,8],"rotation":90,"texture":"#c"},"down":{"uv":[10,10,14,11],"rotation":270,"texture":"#2"}}},{"from":[14.75,8.175,7.96022],"to":[20.125,8.225,8.03978],"rotation":{"angle":-22.5,"axis":"x","origin":[17.45,8.375,8]},"faces":{"east":{"uv":[9,6,13,7],"rotation":90,"texture":"#3"},"up":{"uv":[6,7,11,8],"rotation":270,"texture":"#c"},"down":{"uv":[12,10,16,11],"texture":"#2"}}},{"from":[14.75,8.175,7.96022],"to":[20.125,8.225,8.03978],"rotation":{"angle":-45,"axis":"x","origin":[17.45,8.375,8]},"faces":{"east":{"uv":[9,6,13,7],"rotation":90,"texture":"#3"},"up":{"uv":[1,7,9,8],"rotation":90,"texture":"#c"},"down":{"uv":[15,2,16,6],"texture":"#c"}}},{"from":[14.75,8.33522,7.8],"to":[20.125,8.41478,7.85],"rotation":{"angle":22.5,"axis":"x","origin":[17.45,8.375,8]},"faces":{"north":{"uv":[4,1,8,2],"rotation":270,"texture":"#c"},"east":{"uv":[9,6,13,7],"rotation":180,"texture":"#3"},"south":{"uv":[15,0,16,7],"rotation":180,"texture":"#c"}}},{"from":[14.75,8.33522,7.8],"to":[20.125,8.41478,7.85],"faces":{"north":{"uv":[9,0,12,1],"rotation":90,"texture":"#c"},"east":{"uv":[9,6,13,7],"rotation":180,"texture":"#3"},"south":{"uv":[9,7,15,8],"rotation":270,"texture":"#c"}}},{"from":[14.75,8.33522,7.8],"to":[20.125,8.41478,7.85],"rotation":{"angle":-22.5,"axis":"x","origin":[17.45,8.375,8]},"faces":{"north":{"uv":[15,0,16,4],"texture":"#c"},"east":{"uv":[9,6,13,7],"rotation":180,"texture":"#3"},"south":{"uv":[6,7,11,8],"rotation":90,"texture":"#c"}}},{"from":[14.75,8.33522,8.15],"to":[20.125,8.41478,8.2],"rotation":{"angle":22.5,"axis":"x","origin":[17.45,8.375,8]},"faces":{"north":{"uv":[7,7,11,8],"rotation":90,"texture":"#c"},"east":{"uv":[9,6,13,7],"rotation":180,"texture":"#3"},"south":{"uv":[9,0,13,1],"rotation":90,"texture":"#c"},"down":{"uv":[8,7,9,8],"rotation":180,"texture":"#c"}}},{"from":[14.75,8.33522,8.15],"to":[20.125,8.41478,8.2],"rotation":{"angle":-22.5,"axis":"x","origin":[17.45,8.375,8]},"faces":{"north":{"uv":[8,0,14,1],"rotation":270,"texture":"#c"},"east":{"uv":[9,6,13,7],"rotation":180,"texture":"#3"},"south":{"uv":[11,8,14,9],"rotation":90,"texture":"#c"}}},{"from":[14.75,8.33522,8.15],"to":[20.125,8.41478,8.2],"faces":{"north":{"uv":[2,1,6,2],"rotation":90,"texture":"#c"},"east":{"uv":[9,6,13,7],"rotation":180,"texture":"#3"},"south":{"uv":[4,1,6,2],"rotation":270,"texture":"#c"}}},{"from":[14.75,8.525,7.96022],"to":[20.125,8.575,8.03978],"rotation":{"angle":45,"axis":"x","origin":[17.45,8.375,8]},"faces":{"east":{"uv":[9,6,13,7],"rotation":90,"texture":"#3"},"up":{"uv":[6,9,7,12],"texture":"#4"},"down":{"uv":[15,2,16,8],"texture":"#c"}}},{"from":[14.75,8.525,7.96022],"to":[20.125,8.575,8.03978],"rotation":{"angle":22.5,"axis":"x","origin":[17.45,8.375,8]},"faces":{"east":{"uv":[9,6,13,7],"rotation":90,"texture":"#3"},"up":{"uv":[8,9,9,13],"rotation":180,"texture":"#c"},"down":{"uv":[6,9,7,10],"texture":"#2"}}},{"from":[14.75,8.525,7.96022],"to":[20.125,8.575,8.03978],"faces":{"east":{"uv":[9,6,13,7],"rotation":90,"texture":"#3"},"up":{"uv":[7,11,11,12],"rotation":270,"texture":"#c"},"down":{"uv":[6,9,7,10],"texture":"#2"}}},{"from":[14.75,8.525,7.96022],"to":[20.125,8.575,8.03978],"rotation":{"angle":-22.5,"axis":"x","origin":[17.45,8.375,8]},"faces":{"east":{"uv":[9,6,13,7],"rotation":90,"texture":"#3"},"up":{"uv":[6,9,7,10],"rotation":180,"texture":"#4"},"down":{"uv":[6,9,7,10],"texture":"#2"}}},{"from":[14.75,8.525,7.96022],"to":[20.125,8.575,8.03978],"rotation":{"angle":-45,"axis":"x","origin":[17.45,8.375,8]},"faces":{"east":{"uv":[9,6,13,7],"rotation":90,"texture":"#3"},"up":{"uv":[8,8,13,9],"rotation":270,"texture":"#c"},"down":{"uv":[10,10,16,11],"rotation":270,"texture":"#2"}}},{"from":[20.2,8.33522,7.8],"to":[20.3125,8.41478,7.85],"faces":{"north":{"uv":[9,0,12,1],"rotation":90,"texture":"#c"},"east":{"uv":[9,6,13,7],"rotation":180,"texture":"#3"},"south":{"uv":[9,7,15,8],"rotation":270,"texture":"#c"},"west":{"uv":[0.01,0.01,0.01,0.01],"rotation":270,"texture":"#3"}}},{"from":[20.2,8.33522,7.8],"to":[20.3125,8.41478,7.85],"rotation":{"angle":-22.5,"axis":"x","origin":[22.9,8.375,8]},"faces":{"north":{"uv":[15,0,16,4],"texture":"#c"},"east":{"uv":[9,6,13,7],"rotation":180,"texture":"#3"},"south":{"uv":[6,7,11,8],"rotation":90,"texture":"#c"},"west":{"uv":[0.01,0.01,0.01,0.01],"rotation":270,"texture":"#3"}}},{"from":[20.2,8.175,7.96022],"to":[20.3125,8.225,8.03978],"rotation":{"angle":45,"axis":"x","origin":[22.9,8.375,8]},"faces":{"east":{"uv":[9,6,13,7],"rotation":90,"texture":"#3"},"west":{"uv":[0.01,0.01,0.01,0.01],"texture":"#3"},"up":{"uv":[1,7,9,8],"rotation":90,"texture":"#c"},"down":{"uv":[10,10,14,11],"rotation":270,"texture":"#2"}}},{"from":[20.2,8.175,7.96022],"to":[20.3125,8.225,8.03978],"rotation":{"angle":22.5,"axis":"x","origin":[22.9,8.375,8]},"faces":{"east":{"uv":[9,6,13,7],"rotation":90,"texture":"#3"},"west":{"uv":[0.01,0.01,0.01,0.01],"texture":"#3"},"up":{"uv":[6,7,11,8],"rotation":90,"texture":"#c"},"down":{"uv":[6,9,7,10],"texture":"#2"}}},{"from":[20.2,8.175,7.96022],"to":[20.3125,8.225,8.03978],"faces":{"east":{"uv":[9,6,13,7],"rotation":90,"texture":"#3"},"west":{"uv":[0.01,0.01,0.01,0.01],"texture":"#3"},"up":{"uv":[1,8,7,9],"rotation":90,"texture":"#c"},"down":{"uv":[6,9,7,10],"texture":"#2"}}},{"from":[20.2,8.175,7.96022],"to":[20.3125,8.225,8.03978],"rotation":{"angle":-22.5,"axis":"x","origin":[22.9,8.375,8]},"faces":{"east":{"uv":[9,6,13,7],"rotation":90,"texture":"#3"},"west":{"uv":[0.01,0.01,0.01,0.01],"texture":"#3"},"up":{"uv":[6,7,11,8],"rotation":270,"texture":"#c"},"down":{"uv":[12,10,16,11],"texture":"#2"}}},{"from":[20.2,8.175,7.96022],"to":[20.3125,8.225,8.03978],"rotation":{"angle":-45,"axis":"x","origin":[22.9,8.375,8]},"faces":{"east":{"uv":[9,6,13,7],"rotation":90,"texture":"#3"},"west":{"uv":[0.01,0.01,0.01,0.01],"texture":"#3"},"up":{"uv":[1,7,9,8],"rotation":90,"texture":"#c"},"down":{"uv":[15,2,16,6],"texture":"#c"}}},{"from":[20.2,8.33522,8.15],"to":[20.3125,8.41478,8.2],"faces":{"north":{"uv":[2,1,6,2],"rotation":90,"texture":"#c"},"east":{"uv":[9,6,13,7],"rotation":180,"texture":"#3"},"south":{"uv":[4,1,6,2],"rotation":270,"texture":"#c"},"west":{"uv":[0.01,0.01,0.01,0.01],"rotation":270,"texture":"#3"}}},{"from":[20.2,8.33522,8.15],"to":[20.3125,8.41478,8.2],"rotation":{"angle":22.5,"axis":"x","origin":[22.9,8.375,8]},"faces":{"north":{"uv":[7,7,11,8],"rotation":90,"texture":"#c"},"east":{"uv":[9,6,13,7],"rotation":180,"texture":"#3"},"south":{"uv":[9,0,13,1],"rotation":90,"texture":"#c"},"west":{"uv":[0.01,0.01,0.01,0.01],"rotation":270,"texture":"#3"}}},{"from":[20.2,8.33522,8.15],"to":[20.3125,8.41478,8.2],"rotation":{"angle":-22.5,"axis":"x","origin":[22.9,8.375,8]},"faces":{"north":{"uv":[8,0,14,1],"rotation":270,"texture":"#c"},"east":{"uv":[9,6,13,7],"rotation":180,"texture":"#3"},"south":{"uv":[11,8,14,9],"rotation":90,"texture":"#c"},"west":{"uv":[0.01,0.01,0.01,0.01],"rotation":270,"texture":"#3"}}},{"from":[20.2,8.525,7.96022],"to":[20.3125,8.575,8.03978],"rotation":{"angle":22.5,"axis":"x","origin":[22.9,8.375,8]},"faces":{"east":{"uv":[9,6,13,7],"rotation":90,"texture":"#3"},"west":{"uv":[0.01,0.01,0.01,0.01],"texture":"#3"},"up":{"uv":[8,9,9,13],"rotation":180,"texture":"#c"},"down":{"uv":[6,9,7,10],"texture":"#2"}}},{"from":[20.2,8.525,7.96022],"to":[20.3125,8.575,8.03978],"rotation":{"angle":45,"axis":"x","origin":[22.9,8.375,8]},"faces":{"east":{"uv":[9,6,13,7],"rotation":90,"texture":"#3"},"west":{"uv":[0.01,0.01,0.01,0.01],"texture":"#3"},"up":{"uv":[6,9,7,12],"texture":"#4"},"down":{"uv":[15,2,16,8],"texture":"#c"}}},{"from":[20.2,8.525,7.96022],"to":[20.3125,8.575,8.03978],"faces":{"east":{"uv":[9,6,13,7],"rotation":90,"texture":"#3"},"west":{"uv":[0.01,0.01,0.01,0.01],"texture":"#3"},"up":{"uv":[7,11,11,12],"rotation":270,"texture":"#c"},"down":{"uv":[6,9,7,10],"texture":"#2"}}},{"from":[20.2,8.525,7.96022],"to":[20.3125,8.575,8.03978],"rotation":{"angle":-45,"axis":"x","origin":[22.9,8.375,8]},"faces":{"east":{"uv":[9,6,13,7],"rotation":90,"texture":"#3"},"west":{"uv":[0.01,0.01,0.01,0.01],"texture":"#3"},"up":{"uv":[8,8,13,9],"rotation":270,"texture":"#c"},"down":{"uv":[10,10,16,11],"rotation":270,"texture":"#2"}}},{"from":[20.2,8.525,7.96022],"to":[20.3125,8.575,8.03978],"rotation":{"angle":-22.5,"axis":"x","origin":[22.9,8.375,8]},"faces":{"east":{"uv":[9,6,13,7],"rotation":90,"texture":"#3"},"west":{"uv":[0.01,0.01,0.01,0.01],"texture":"#3"},"up":{"uv":[6,9,7,10],"rotation":180,"texture":"#4"},"down":{"uv":[6,9,7,10],"texture":"#2"}}},{"from":[20.2,8.33522,7.8],"to":[20.3125,8.41478,7.85],"rotation":{"angle":22.5,"axis":"x","origin":[22.9,8.375,8]},"faces":{"north":{"uv":[4,1,8,2],"rotation":270,"texture":"#c"},"east":{"uv":[9,6,13,7],"rotation":180,"texture":"#3"},"south":{"uv":[15,0,16,7],"rotation":180,"texture":"#c"},"west":{"uv":[0.01,0.01,0.01,0.01],"rotation":270,"texture":"#3"}}},{"from":[20.125,8.2,7.96519],"to":[20.19375,8.225,8.03481],"faces":{"north":{"uv":[8,7,9,8],"texture":"#c"},"east":{"uv":[9,6,13,7],"rotation":90,"texture":"#3"},"south":{"uv":[8,7,9,8],"texture":"#c"},"west":{"uv":[0.01,0.01,0.01,0.01],"texture":"#3"},"up":{"uv":[0,8,7,9],"texture":"#c"},"down":{"uv":[0,8,7,9],"texture":"#c"}}},{"from":[20.125,8.2,7.96519],"to":[20.19375,8.225,8.03481],"rotation":{"angle":22.5,"axis":"x","origin":[20.18125,8.375,8]},"faces":{"north":{"uv":[8,7,9,8],"texture":"#c"},"east":{"uv":[9,6,13,7],"rotation":90,"texture":"#3"},"south":{"uv":[8,7,9,8],"texture":"#c"},"west":{"uv":[0.01,0.01,0.01,0.01],"texture":"#3"},"up":{"uv":[0,8,7,9],"texture":"#c"},"down":{"uv":[0,8,7,9],"texture":"#c"}}},{"from":[20.125,8.2,7.96519],"to":[20.19375,8.225,8.03481],"rotation":{"angle":45,"axis":"x","origin":[20.18125,8.375,8]},"faces":{"north":{"uv":[8,7,9,8],"texture":"#c"},"east":{"uv":[9,6,13,7],"rotation":90,"texture":"#3"},"south":{"uv":[8,7,9,8],"texture":"#c"},"west":{"uv":[0.01,0.01,0.01,0.01],"texture":"#3"},"up":{"uv":[0,8,7,9],"texture":"#c"},"down":{"uv":[0,8,7,9],"texture":"#c"}}},{"from":[20.125,8.2,7.96519],"to":[20.19375,8.225,8.03481],"rotation":{"angle":-22.5,"axis":"x","origin":[20.18125,8.375,8]},"faces":{"north":{"uv":[8,7,9,8],"texture":"#c"},"east":{"uv":[9,6,13,7],"rotation":90,"texture":"#3"},"south":{"uv":[8,7,9,8],"texture":"#c"},"west":{"uv":[0.01,0.01,0.01,0.01],"texture":"#3"},"up":{"uv":[0,8,7,9],"texture":"#c"},"down":{"uv":[0,8,7,9],"texture":"#c"}}},{"from":[20.125,8.2,7.96519],"to":[20.19375,8.225,8.03481],"rotation":{"angle":-45,"axis":"x","origin":[20.18125,8.375,8]},"faces":{"north":{"uv":[8,7,9,8],"texture":"#c"},"east":{"uv":[9,6,13,7],"rotation":90,"texture":"#3"},"south":{"uv":[8,7,9,8],"texture":"#c"},"west":{"uv":[0.01,0.01,0.01,0.01],"texture":"#3"},"up":{"uv":[0,8,7,9],"texture":"#c"},"down":{"uv":[0,8,7,9],"texture":"#c"}}},{"from":[20.125,8.34019,7.825],"to":[20.19375,8.40981,7.85],"rotation":{"angle":22.5,"axis":"x","origin":[20.18125,8.375,8]},"faces":{"north":{"uv":[0,8,7,9],"rotation":180,"texture":"#c"},"east":{"uv":[9,6,13,7],"rotation":180,"texture":"#3"},"south":{"uv":[0,8,7,9],"texture":"#c"},"west":{"uv":[0.01,0.01,0.01,0.01],"rotation":270,"texture":"#3"},"up":{"uv":[8,7,9,8],"texture":"#c"},"down":{"uv":[8,7,9,8],"rotation":180,"texture":"#c"}}},{"from":[20.125,8.34019,7.825],"to":[20.19375,8.40981,7.85],"faces":{"north":{"uv":[0,8,7,9],"rotation":180,"texture":"#c"},"east":{"uv":[9,6,13,7],"rotation":180,"texture":"#3"},"south":{"uv":[0,8,7,9],"texture":"#c"},"west":{"uv":[0.01,0.01,0.01,0.01],"rotation":270,"texture":"#3"},"up":{"uv":[8,7,9,8],"texture":"#c"},"down":{"uv":[8,7,9,8],"rotation":180,"texture":"#c"}}},{"from":[20.125,8.34019,7.825],"to":[20.19375,8.40981,7.85],"rotation":{"angle":-22.5,"axis":"x","origin":[20.18125,8.375,8]},"faces":{"north":{"uv":[0,8,7,9],"rotation":180,"texture":"#c"},"east":{"uv":[9,6,13,7],"rotation":180,"texture":"#3"},"south":{"uv":[0,8,7,9],"texture":"#c"},"west":{"uv":[0.01,0.01,0.01,0.01],"rotation":270,"texture":"#3"},"up":{"uv":[8,7,9,8],"texture":"#c"},"down":{"uv":[8,7,9,8],"rotation":180,"texture":"#c"}}},{"from":[20.125,8.34019,8.15],"to":[20.19375,8.40981,8.175],"faces":{"north":{"uv":[0,8,7,9],"rotation":180,"texture":"#c"},"east":{"uv":[9,6,13,7],"rotation":180,"texture":"#3"},"south":{"uv":[0,8,7,9],"texture":"#c"},"west":{"uv":[0.01,0.01,0.01,0.01],"rotation":270,"texture":"#3"},"up":{"uv":[8,7,9,8],"texture":"#c"},"down":{"uv":[8,7,9,8],"rotation":180,"texture":"#c"}}},{"from":[20.125,8.34019,8.15],"to":[20.19375,8.40981,8.175],"rotation":{"angle":-22.5,"axis":"x","origin":[20.18125,8.375,8]},"faces":{"north":{"uv":[0,8,7,9],"rotation":180,"texture":"#c"},"east":{"uv":[9,6,13,7],"rotation":180,"texture":"#3"},"south":{"uv":[0,8,7,9],"texture":"#c"},"west":{"uv":[0.01,0.01,0.01,0.01],"rotation":270,"texture":"#3"},"up":{"uv":[8,7,9,8],"texture":"#c"},"down":{"uv":[8,7,9,8],"rotation":180,"texture":"#c"}}},{"from":[20.125,8.34019,8.15],"to":[20.19375,8.40981,8.175],"rotation":{"angle":22.5,"axis":"x","origin":[20.18125,8.375,8]},"faces":{"north":{"uv":[0,8,7,9],"rotation":180,"texture":"#c"},"east":{"uv":[9,6,13,7],"rotation":180,"texture":"#3"},"south":{"uv":[0,8,7,9],"texture":"#c"},"west":{"uv":[0.01,0.01,0.01,0.01],"rotation":270,"texture":"#3"},"up":{"uv":[8,7,9,8],"texture":"#c"},"down":{"uv":[8,7,9,8],"rotation":180,"texture":"#c"}}},{"from":[20.125,8.525,7.96519],"to":[20.19375,8.55,8.03481],"rotation":{"angle":45,"axis":"x","origin":[20.18125,8.375,8]},"faces":{"north":{"uv":[8,7,9,8],"texture":"#c"},"east":{"uv":[9,6,13,7],"rotation":90,"texture":"#3"},"south":{"uv":[8,7,9,8],"texture":"#c"},"west":{"uv":[0.01,0.01,0.01,0.01],"texture":"#3"},"up":{"uv":[0,8,7,9],"texture":"#c"},"down":{"uv":[0,8,7,9],"texture":"#c"}}},{"from":[20.125,8.525,7.96519],"to":[20.19375,8.55,8.03481],"rotation":{"angle":22.5,"axis":"x","origin":[20.18125,8.375,8]},"faces":{"north":{"uv":[8,7,9,8],"texture":"#c"},"east":{"uv":[9,6,13,7],"rotation":90,"texture":"#3"},"south":{"uv":[8,7,9,8],"texture":"#c"},"west":{"uv":[0.01,0.01,0.01,0.01],"texture":"#3"},"up":{"uv":[0,8,7,9],"texture":"#c"},"down":{"uv":[0,8,7,9],"texture":"#c"}}},{"from":[20.125,8.525,7.96519],"to":[20.19375,8.55,8.03481],"faces":{"north":{"uv":[8,7,9,8],"texture":"#c"},"east":{"uv":[9,6,13,7],"rotation":90,"texture":"#3"},"south":{"uv":[8,7,9,8],"texture":"#c"},"west":{"uv":[0.01,0.01,0.01,0.01],"texture":"#3"},"up":{"uv":[0,8,7,9],"texture":"#c"},"down":{"uv":[0,8,7,9],"texture":"#c"}}},{"from":[20.125,8.525,7.96519],"to":[20.19375,8.55,8.03481],"rotation":{"angle":-22.5,"axis":"x","origin":[20.18125,8.375,8]},"faces":{"north":{"uv":[8,7,9,8],"texture":"#c"},"east":{"uv":[9,6,13,7],"rotation":90,"texture":"#3"},"south":{"uv":[8,7,9,8],"texture":"#c"},"west":{"uv":[0.01,0.01,0.01,0.01],"texture":"#3"},"up":{"uv":[0,8,7,9],"texture":"#c"},"down":{"uv":[0,8,7,9],"texture":"#c"}}},{"from":[20.125,8.525,7.96519],"to":[20.19375,8.55,8.03481],"rotation":{"angle":-45,"axis":"x","origin":[20.18125,8.375,8]},"faces":{"north":{"uv":[8,7,9,8],"texture":"#c"},"east":{"uv":[9,6,13,7],"rotation":90,"texture":"#3"},"south":{"uv":[8,7,9,8],"texture":"#c"},"west":{"uv":[0.01,0.01,0.01,0.01],"texture":"#3"},"up":{"uv":[0,8,7,9],"texture":"#c"},"down":{"uv":[0,8,7,9],"texture":"#c"}}},{"from":[19.15,8.125,7.89645],"to":[20,8.625,8.10355],"rotation":{"angle":45,"axis":"x","origin":[19.55,8.375,8]},"faces":{"east":{"uv":[7,4,7.6,4.6],"texture":"#2"},"west":{"uv":[7,4,7.6,4.6],"texture":"#2"},"up":{"uv":[15,0,16,7],"rotation":180,"texture":"#c"},"down":{"uv":[11,10,16,11],"rotation":270,"texture":"#2"}}},{"from":[19.15,8.125,7.89645],"to":[20,8.625,8.10355],"rotation":{"angle":-45,"axis":"x","origin":[19.55,8.375,8]},"faces":{"east":{"uv":[7,4,7.6,4.6],"texture":"#2"},"west":{"uv":[7,4,7.6,4.6],"texture":"#2"},"up":{"uv":[15,0,16,7],"texture":"#c"},"down":{"uv":[11,10,16,11],"rotation":90,"texture":"#2"}}},{"from":[19.15,8.27145,7.75],"to":[20,8.47855,8.25],"faces":{"north":{"uv":[15,0,16,7],"texture":"#c"},"east":{"uv":[7,4,7.6,4.6],"rotation":90,"texture":"#2"},"south":{"uv":[15,0,16,7],"texture":"#c"},"west":{"uv":[7,4,7.6,4.6],"rotation":270,"texture":"#2"}}},{"from":[16.3,8.125,7.89645],"to":[17.425,8.625,8.10355],"rotation":{"angle":-45,"axis":"x","origin":[16.75,8.375,8]},"faces":{"east":{"uv":[7,4,7.6,4.6],"texture":"#2"},"west":{"uv":[7,4,7.6,4.6],"texture":"#2"},"up":{"uv":[15,0,16,7],"texture":"#c"},"down":{"uv":[11,10,16,11],"rotation":90,"texture":"#2"}}},{"from":[16.3,8.27145,7.75],"to":[17.425,8.47855,8.25],"faces":{"north":{"uv":[15,0,16,7],"texture":"#c"},"east":{"uv":[7,4,7.6,4.6],"rotation":90,"texture":"#2"},"south":{"uv":[15,0,16,7],"texture":"#c"},"west":{"uv":[7,4,7.6,4.6],"rotation":270,"texture":"#2"}}},{"from":[16.3,8.125,7.89645],"to":[17.425,8.625,8.10355],"rotation":{"angle":45,"axis":"x","origin":[16.75,8.375,8]},"faces":{"east":{"uv":[7,4,7.6,4.6],"texture":"#2"},"west":{"uv":[7,4,7.6,4.6],"texture":"#2"},"up":{"uv":[15,0,16,7],"rotation":180,"texture":"#c"},"down":{"uv":[11,10,16,11],"rotation":270,"texture":"#2"}}},{"from":[16.3,8.125,7.89645],"to":[17.425,8.625,8.10355],"faces":{"east":{"uv":[7,4,7.6,4.6],"texture":"#2"},"west":{"uv":[7,4,7.6,4.6],"texture":"#2"},"up":{"uv":[1,7,8,8],"rotation":90,"texture":"#c"},"down":{"uv":[0,0,0.69984,0.59951],"texture":"#2"}}},{"from":[14.8,8.125,7.89645],"to":[15.15,8.625,8.10355],"faces":{"east":{"uv":[7,4,7.6,4.6],"texture":"#2"},"up":{"uv":[3,15,10,16],"rotation":90,"texture":"#c"},"down":{"uv":[0,0,0.69984,0.59951],"texture":"#2"}}},{"from":[14.8,8.125,7.89645],"to":[15.15,8.625,8.10355],"rotation":{"angle":-45,"axis":"x","origin":[15.25,8.375,8]},"faces":{"east":{"uv":[7,4,7.6,4.6],"texture":"#2"},"up":{"uv":[15,0,16,7],"texture":"#c"},"down":{"uv":[11,10,16,11],"rotation":90,"texture":"#2"}}},{"from":[14.8,8.27145,7.75],"to":[15.15,8.47855,8.25],"faces":{"north":{"uv":[15,0,16,7],"texture":"#c"},"east":{"uv":[7,4,7.6,4.6],"rotation":90,"texture":"#2"},"south":{"uv":[15,0,16,7],"texture":"#c"}}},{"from":[14.8,8.125,7.89645],"to":[15.15,8.625,8.10355],"rotation":{"angle":45,"axis":"x","origin":[15.25,8.375,8]},"faces":{"east":{"uv":[7,4,7.6,4.6],"texture":"#2"},"up":{"uv":[15,0,16,7],"rotation":180,"texture":"#c"},"down":{"uv":[11,10,16,11],"rotation":270,"texture":"#2"}}},{"from":[16.15,8.94645,7.75],"to":[16.5,9.15355,8.25],"faces":{"north":{"uv":[15,5,16,7],"texture":"#c"},"east":{"uv":[7,4,7.6,4.6],"rotation":90,"texture":"#2"},"south":{"uv":[15,5,16,7],"texture":"#c"},"west":{"uv":[7,4,7.6,4.6],"rotation":270,"texture":"#2"},"up":{"uv":[15,0,16,7],"texture":"#c"},"down":{"uv":[15,7,16,0],"texture":"#c"}}},{"from":[14.8,8.8,7.89645],"to":[15.15,9.3,8.10355],"faces":{"east":{"uv":[7,4,7.6,4.6],"texture":"#2"},"up":{"uv":[3,15,10,16],"rotation":90,"texture":"#c"},"down":{"uv":[0,0,0.69984,0.59951],"texture":"#2"}}},{"from":[16.15,8.8,7.89645],"to":[16.5,9.3,8.10355],"rotation":{"angle":-45,"axis":"x","origin":[16.6,9.05,8]},"faces":{"north":{"uv":[15,7,16,0],"rotation":180,"texture":"#c"},"east":{"uv":[7,4,7.6,4.6],"texture":"#2"},"south":{"uv":[15,0,16,7],"texture":"#c"},"west":{"uv":[7,4,7.6,4.6],"texture":"#2"},"up":{"uv":[15,8,16,15],"rotation":180,"texture":"#c"},"down":{"uv":[11,10,16,11],"rotation":90,"texture":"#2"}}},{"from":[16.15,8.8,7.89645],"to":[16.5,9.3,8.10355],"rotation":{"angle":45,"axis":"x","origin":[16.6,9.05,8]},"faces":{"north":{"uv":[15,7,16,0],"rotation":180,"texture":"#c"},"east":{"uv":[7,4,7.6,4.6],"texture":"#2"},"south":{"uv":[15,0,16,7],"texture":"#c"},"west":{"uv":[7,4,7.6,4.6],"texture":"#2"},"up":{"uv":[15,8,16,13],"texture":"#c"},"down":{"uv":[11,10,16,11],"rotation":270,"texture":"#2"}}},{"from":[14.8,8.94645,7.75],"to":[15.15,9.15355,8.25],"faces":{"north":{"uv":[15,5,16,7],"texture":"#c"},"east":{"uv":[7,4,7.6,4.6],"rotation":90,"texture":"#2"},"south":{"uv":[15,5,16,7],"texture":"#c"}}},{"from":[14.8,8.8,7.89645],"to":[15.15,9.3,8.10355],"rotation":{"angle":-45,"axis":"x","origin":[15.25,9.05,8]},"faces":{"east":{"uv":[7,4,7.6,4.6],"texture":"#2"},"up":{"uv":[15,0,16,7],"rotation":180,"texture":"#c"},"down":{"uv":[11,10,16,11],"rotation":90,"texture":"#2"}}},{"from":[16.15,8.8,7.89645],"to":[16.5,9.3,8.10355],"faces":{"north":{"uv":[15,7,16,0],"rotation":180,"texture":"#c"},"east":{"uv":[1,8,6.59868,8.59951],"texture":"#c"},"south":{"uv":[15,0,16,7],"texture":"#c"},"west":{"uv":[7,4,7.6,4.6],"texture":"#2"},"up":{"uv":[0,8,7,9],"rotation":90,"texture":"#c"},"down":{"uv":[0,0,0.69984,0.59951],"texture":"#2"}}},{"from":[14.8,8.8,7.89645],"to":[15.15,9.3,8.10355],"rotation":{"angle":45,"axis":"x","origin":[15.25,9.05,8]},"faces":{"east":{"uv":[7,4,7.6,4.6],"texture":"#2"},"up":{"uv":[15,0,16,7],"texture":"#c"},"down":{"uv":[11,10,16,11],"rotation":270,"texture":"#2"}}},{"from":[-2.599,8.15,7.4625],"to":[0.801,8.55,7.7125],"rotation":{"angle":45,"axis":"x","origin":[-0.95,8.3125,8]},"faces":{"north":{"uv":[5,4,12,9],"texture":"#d"},"east":{"uv":[6,6,7,7],"texture":"#e"}}},{"from":[-2.6995,8.15,7.4625],"to":[-2.599,8.55,7.7125],"rotation":{"angle":45,"axis":"x","origin":[-0.95,8.3125,8]},"faces":{"north":{"uv":[7.25,5,10.5,6.44984],"texture":"#3"},"west":{"uv":[0,0,1,1],"texture":"#3"}}},{"from":[-2.599,8.15,8.2875],"to":[0.801,8.55,8.5375],"rotation":{"angle":-45,"axis":"x","origin":[-0.95,8.3125,8]},"faces":{"east":{"uv":[7,6,8,7],"texture":"#e"},"south":{"uv":[9,11,16,16],"texture":"#d"}}},{"from":[-2.6995,8.15,8.2875],"to":[-2.599,8.55,8.5375],"rotation":{"angle":-45,"axis":"x","origin":[-0.95,8.3125,8]},"faces":{"south":{"uv":[10.5,5,7.25,6.69984],"texture":"#3"},"west":{"uv":[1,0,0,1],"texture":"#3"}}},{"from":[-2.601,8.55625,7.7875],"to":[0.799,8.8625,8.2125],"faces":{"north":{"uv":[7,6,8,7],"texture":"#e"},"south":{"uv":[7,6,8,7],"texture":"#e"},"up":{"uv":[6,4,13,11],"texture":"#d"}}},{"from":[0.799,8.55625,7.7875],"to":[1.399,8.8625,8.2125],"rotation":{"angle":-22.5,"axis":"z","origin":[0.799,8.863,8]},"faces":{"north":{"uv":[9,5,10,9],"texture":"#d"},"south":{"uv":[6,3,7,7],"texture":"#d"},"up":{"uv":[6,4,8,11],"texture":"#d"}}},{"from":[-2.7005,8.55625,7.7875],"to":[-2.6005,8.8625,8.2125],"faces":{"north":{"uv":[14,15,15.25,16],"texture":"#3"},"south":{"uv":[14,15,15.25,16],"texture":"#3"},"west":{"uv":[0,0,5,4],"texture":"#3"},"up":{"uv":[6,0,9.25,1.25],"texture":"#3"}}},{"from":[5,9.225,7.87574],"to":[10.2,9.45,8.12426],"rotation":{"angle":45,"axis":"x","origin":[7.6,9.15,8]},"faces":{"north":{"uv":[15,0,16,7],"texture":"#c"},"east":{"uv":[0,0,1,2],"texture":"#3"},"south":{"uv":[15,0,16,7],"texture":"#c"},"west":{"uv":[0.01,5,0.01,8],"texture":"#2"},"up":{"uv":[0,0,16,16],"texture":"#3"}}},{"from":[5,9.225,7.87574],"to":[10.2,9.45,8.12426],"rotation":{"angle":-45,"axis":"x","origin":[7.6,9.15,8]},"faces":{"north":{"uv":[15,0,16,7],"texture":"#c"},"east":{"uv":[0,0,1,2],"texture":"#3"},"south":{"uv":[15,0,16,7],"texture":"#c"},"west":{"uv":[0.01,5,0.01,8],"texture":"#2"},"up":{"uv":[0,0,16,16],"texture":"#3"}}},{"from":[5,9.02574,7.7],"to":[10.2,9.27426,8.3],"faces":{"north":{"uv":[15.99,0,15.99,9],"texture":"#c"},"east":{"uv":[0,0,1,2],"rotation":270,"texture":"#3"},"south":{"uv":[15,0,16,9],"texture":"#c"},"up":{"uv":[15,0,16,7],"rotation":180,"texture":"#c"},"down":{"uv":[15,0,16,7],"texture":"#c"}}},{"from":[5.3,8.225,8.45],"to":[7.1,8.55,8.525],"rotation":{"angle":-22.5,"axis":"z","origin":[5.35,8.375,8.2]},"faces":{"north":{"uv":[15.99,0,15.99,9],"texture":"#c"},"east":{"uv":[0,0,1,1],"rotation":270,"texture":"#2"},"south":{"uv":[3,4,11,5],"rotation":90,"texture":"#2"},"west":{"uv":[0.01,5,0.01,8],"rotation":90,"texture":"#2"},"up":{"uv":[15,0,16,6],"rotation":180,"texture":"#c"},"down":{"uv":[11,5,12,6],"texture":"#2"}}},{"from":[6.425,8.55,8.45],"to":[7.7,8.8,8.4999],"rotation":{"angle":-22.5,"axis":"z","origin":[5.35,8.375,8.2]},"faces":{"south":{"uv":[0,0,1,1],"texture":"#2"},"up":{"uv":[15,0,16,6],"rotation":180,"texture":"#c"}}},{"from":[7.225,8.75,8.5],"to":[7.7,8.8,8.6],"rotation":{"angle":-22.5,"axis":"z","origin":[5.35,8.375,8.2]},"faces":{"east":{"uv":[11,5,12,6],"rotation":270,"texture":"#2"},"south":{"uv":[10,6,11,8],"rotation":180,"texture":"#2"},"west":{"uv":[0,4,1,7],"rotation":90,"texture":"#2"},"up":{"uv":[12,2,16,3],"rotation":270,"texture":"#c"},"down":{"uv":[11,5,12,6],"texture":"#2"}}},{"from":[5.85,8.125,8.45],"to":[6.51,8.355,8.5],"rotation":{"angle":0,"axis":"z","origin":[5.35,8.375,8.2]},"faces":{"south":{"uv":[0,0,1,1],"texture":"#2"},"up":{"uv":[15,0,16,6],"rotation":180,"texture":"#c"}}},{"from":[6.905,7.569,8.45],"to":[7.765,7.874,8.5],"rotation":{"angle":0,"axis":"z","origin":[5.35,8.375,8.2]},"faces":{"north":{"uv":[15.99,0,15.99,9],"texture":"#c"},"east":{"uv":[7,12,11,13],"rotation":90,"texture":"#2"},"south":{"uv":[7,4,13,5],"rotation":90,"texture":"#2"},"up":{"uv":[15,0,16,6],"rotation":180,"texture":"#c"},"down":{"uv":[10,5,11,6],"texture":"#2"}}},{"from":[7.18,7.569,8.5],"to":[7.515,7.624,8.6],"rotation":{"angle":0,"axis":"z","origin":[5.35,8.375,8.2]},"faces":{"east":{"uv":[10,6,11,8],"rotation":180,"texture":"#2"},"south":{"uv":[10,7,11,9],"texture":"#2"},"west":{"uv":[0,5,1,8],"rotation":90,"texture":"#2"},"up":{"uv":[13,1,16,2],"rotation":270,"texture":"#c"},"down":{"uv":[11,5,12,6],"texture":"#2"}}},{"from":[4.57947,8.01377,7.701],"to":[5.07947,9.34377,8.299],"rotation":{"angle":-45,"axis":"z","origin":[4.70447,8.80377,7.8259]},"faces":{"north":{"uv":[10,10,16,11],"rotation":180,"texture":"#2"},"south":{"uv":[10,10,16,11],"texture":"#2"},"west":{"uv":[0,0,9,16],"rotation":270,"texture":"#3"}}}],"display":{"thirdperson_righthand":{"rotation":[0,100,0],"translation":[-0.5,0.5,-1.5]},"thirdperson_lefthand":{"rotation":[0,-90,-170],"translation":[-2,-4.5,7]},"firstperson_righthand":{"rotation":[0,90,0],"translation":[-1,3,-1.25],"scale":[1.75,1.75,1.75]},"firstperson_lefthand":{"translation":[2,3.75,-0.5],"scale":[0,0,0]},"ground":{"translation":[0,1.5,0]},"gui":{"rotation":[0,0,45],"translation":[-1.2,0,0]},"head":{"scale":[2,2,2]},"fixed":{"translation":[0,3,-2],"scale":[-2,2,-2]}}}