{"textures":{"0":"block/observer_side","1":"block/coal_block","2":"block/oak_door_bottom","3":"block/gold_block","4":"block/furnace_side","particle":"block/observer_side"},"elements":[{"from":[8.5,29.125,6.76508],"to":[8.975,31.225,7.63492],"rotation":{"angle":0,"axis":"y","origin":[8,8.175,8]},"faces":{"east":{"uv":[13,3,14,16],"texture":"#3"},"up":{"uv":[4,10,6,14],"rotation":270,"texture":"#3"},"down":{"uv":[13,15,14,16],"rotation":90,"texture":"#3"}}},{"from":[-1.85,30.05068,6.575],"to":[-1.75,30.29932,7.825],"rotation":{"angle":0,"axis":"y","origin":[8,8.175,8]},"faces":{"north":{"uv":[0,0,1,1],"rotation":90,"texture":"#4"},"south":{"uv":[0,0,1,1],"rotation":270,"texture":"#4"},"west":{"uv":[5,3,9,4],"texture":"#4"}}},{"from":[-1.85,30.05068,6.575],"to":[-1.75,30.29932,7.825],"rotation":{"angle":22.5,"axis":"x","origin":[-1.8,30.175,7.2]},"faces":{"north":{"uv":[0,0,1,1],"rotation":90,"texture":"#4"},"south":{"uv":[0,0,1,1],"rotation":270,"texture":"#4"},"west":{"uv":[5,3,9,4],"texture":"#4"}}},{"from":[-1.85,30.05068,6.575],"to":[-1.75,30.29932,7.825],"rotation":{"angle":-22.5,"axis":"x","origin":[-1.8,30.175,7.2]},"faces":{"north":{"uv":[0,0,1,1],"rotation":90,"texture":"#4"},"south":{"uv":[0,0,1,1],"rotation":270,"texture":"#4"},"west":{"uv":[5,3,9,4],"rotation":180,"texture":"#4"}}},{"from":[-1.85,30.05068,6.575],"to":[-1.75,30.29932,7.825],"rotation":{"angle":45,"axis":"x","origin":[0.2,30.175,7.2]},"faces":{"north":{"uv":[0,0,1,1],"rotation":90,"texture":"#4"},"south":{"uv":[0,0,1,1],"rotation":270,"texture":"#4"},"west":{"uv":[5,3,9,4],"texture":"#4"}}},{"from":[-1.85,30.05068,6.575],"to":[-1.75,30.29932,7.825],"rotation":{"angle":-45,"axis":"x","origin":[-1.8,30.175,7.2]},"faces":{"north":{"uv":[0,0,1,1],"rotation":90,"texture":"#4"},"south":{"uv":[0,0,1,1],"rotation":270,"texture":"#4"},"west":{"uv":[5,3,9,4],"rotation":180,"texture":"#4"}}},{"from":[-1.85,29.55,7.07568],"to":[-1.75,30.8,7.32432],"rotation":{"angle":-22.5,"axis":"x","origin":[-1.8,30.175,7.2]},"faces":{"west":{"uv":[5,3,9,4],"rotation":90,"texture":"#4"},"up":{"uv":[0,0,1,1],"rotation":270,"texture":"#4"},"down":{"uv":[0,0,1,1],"rotation":270,"texture":"#4"}}},{"from":[-1.85,29.55,7.07568],"to":[-1.75,30.8,7.32432],"rotation":{"angle":22.5,"axis":"x","origin":[-1.8,30.175,7.2]},"faces":{"west":{"uv":[5,3,9,4],"rotation":90,"texture":"#4"},"up":{"uv":[0,0,1,1],"rotation":270,"texture":"#4"},"down":{"uv":[0,0,1,1],"rotation":270,"texture":"#4"}}},{"from":[-1.85,29.55,7.07568],"to":[-1.75,30.8,7.32432],"rotation":{"angle":0,"axis":"y","origin":[8,8.175,8]},"faces":{"west":{"uv":[5,3,9,4],"rotation":90,"texture":"#4"},"up":{"uv":[0,0,1,1],"rotation":270,"texture":"#4"},"down":{"uv":[0,0,1,1],"rotation":270,"texture":"#4"}}},{"from":[-1.15,28.925,6.95136],"to":[8.5,31.425,7.44864],"rotation":{"angle":22.5,"axis":"x","origin":[-0.5,30.175,7.2]},"faces":{"east":{"uv":[12,1,13,16],"texture":"#3"},"west":{"uv":[0,0,1,1],"texture":"#3"},"up":{"uv":[11,1,13,16],"rotation":270,"texture":"#3"},"down":{"uv":[16,1,14,16],"rotation":90,"texture":"#3"}}},{"from":[-1.15,28.925,6.95136],"to":[8.5,31.425,7.44864],"rotation":{"angle":-22.5,"axis":"x","origin":[-0.5,30.175,7.2]},"faces":{"east":{"uv":[12,1,13,16],"texture":"#3"},"west":{"uv":[0,0,1,1],"texture":"#3"},"up":{"uv":[1,1,3,16],"rotation":270,"texture":"#3"},"down":{"uv":[14,1,16,16],"rotation":90,"texture":"#3"}}},{"from":[-1.15,28.925,6.95136],"to":[8.5,31.425,7.44864],"rotation":{"angle":45,"axis":"x","origin":[-0.5,30.175,7.2]},"faces":{"east":{"uv":[12,1,13,16],"texture":"#3"},"west":{"uv":[0,0,1,1],"texture":"#3"},"up":{"uv":[11,1,13,16],"rotation":270,"texture":"#3"},"down":{"uv":[13,1,15,16],"rotation":90,"texture":"#3"}}},{"from":[-1.15,28.925,6.95136],"to":[8.5,31.425,7.44864],"rotation":{"angle":-45,"axis":"x","origin":[-0.5,30.175,7.2]},"faces":{"east":{"uv":[13,1,14,16],"texture":"#3"},"west":{"uv":[0,0,1,1],"texture":"#3"},"up":{"uv":[2,1,4,16],"rotation":270,"texture":"#3"},"down":{"uv":[11,1,13,16],"rotation":90,"texture":"#3"}}},{"from":[-1.15,29.92636,5.95],"to":[8.5,30.42364,8.45],"rotation":{"angle":-22.5,"axis":"x","origin":[-0.5,30.175,7.2]},"faces":{"north":{"uv":[12,1,14,16],"rotation":270,"texture":"#3"},"east":{"uv":[10,1,11,15],"rotation":270,"texture":"#3"},"south":{"uv":[8,1,10,16],"rotation":90,"texture":"#3"},"west":{"uv":[0,0,1,1],"texture":"#3"}}},{"from":[-1.15,29.92636,5.95],"to":[8.5,30.42364,8.45],"rotation":{"angle":22.5,"axis":"x","origin":[-0.5,30.175,7.2]},"faces":{"north":{"uv":[8,1,10,16],"rotation":270,"texture":"#3"},"east":{"uv":[10,1,11,15],"rotation":90,"texture":"#3"},"south":{"uv":[10,1,12,16],"rotation":90,"texture":"#3"},"west":{"uv":[0,0,1,1],"texture":"#3"}}},{"from":[-1.15,29.92636,5.95],"to":[8.5,30.42364,8.45],"rotation":{"angle":0,"axis":"y","origin":[8,8.175,8]},"faces":{"north":{"uv":[9,1,11,16],"rotation":270,"texture":"#3"},"east":{"uv":[2,3,3,4],"rotation":270,"texture":"#3"},"south":{"uv":[9,1,11,16],"rotation":90,"texture":"#3"},"west":{"uv":[0,0,1,1],"texture":"#3"}}},{"from":[8.5,30.425,6.95136],"to":[9.75,31.425,7.44864],"rotation":{"angle":-22.5,"axis":"z","origin":[8.5,31.425,7.2]},"faces":{"north":{"uv":[2,3,3,4],"texture":"#3"},"south":{"uv":[2,3,3,4],"texture":"#3"},"up":{"uv":[4,1,6,16],"rotation":270,"texture":"#3"}}},{"from":[8.5,28.925,6.95136],"to":[9.75,29.925,7.44864],"rotation":{"angle":22.5,"axis":"z","origin":[8.5,28.925,7.2]},"faces":{"north":{"uv":[15,15,16,16],"texture":"#3"},"south":{"uv":[15,15,16,16],"texture":"#3"},"down":{"uv":[16,1,15,16],"rotation":270,"texture":"#3"}}},{"from":[8.5,29.92636,7.45],"to":[9.75,30.42364,8.45],"rotation":{"angle":22.5,"axis":"y","origin":[8.5,30.175,8.45]},"faces":{"south":{"uv":[4,1,6,16],"rotation":270,"texture":"#3"},"up":{"uv":[2,3,3,4],"rotation":180,"texture":"#3"},"down":{"uv":[2,3,3,4],"texture":"#3"}}},{"from":[8.5,29.92636,5.95],"to":[9.75,30.42364,6.95],"rotation":{"angle":-22.5,"axis":"y","origin":[8.5,30.175,5.95]},"faces":{"north":{"uv":[4,16,6,1],"rotation":270,"texture":"#3"},"up":{"uv":[2,3,3,4],"rotation":180,"texture":"#3"},"down":{"uv":[2,3,3,4],"texture":"#3"}}},{"from":[-1.15,28.925,6.95136],"to":[8.5,31.425,7.44866],"rotation":{"angle":0,"axis":"y","origin":[8,8.175,8]},"faces":{"east":{"uv":[2,3,3,4],"texture":"#3"},"west":{"uv":[0,0,1,1],"texture":"#3"},"up":{"uv":[4,1,6,16],"rotation":270,"texture":"#3"},"down":{"uv":[15,1,16,16],"rotation":90,"texture":"#3"}}},{"from":[8.5,29.125,6.76508],"to":[8.975,31.225,7.63492],"rotation":{"angle":-45,"axis":"x","origin":[8.7375,30.175,7.2]},"faces":{"east":{"uv":[13,3,14,16],"texture":"#3"},"up":{"uv":[1,2,3,6],"rotation":270,"texture":"#3"},"down":{"uv":[11,12,12,16],"texture":"#3"}}},{"from":[8.5,29.125,6.76508],"to":[8.975,31.225,7.63492],"rotation":{"angle":45,"axis":"x","origin":[8.7375,30.175,7.2]},"faces":{"east":{"uv":[14,2,15,16],"texture":"#3"},"up":{"uv":[3,9,5,14],"rotation":270,"texture":"#3"},"down":{"uv":[12,12,13,16],"rotation":180,"texture":"#3"}}},{"from":[8.5,29.74008,6.15],"to":[8.975,30.60992,8.25],"rotation":{"angle":0,"axis":"y","origin":[8,8.175,8]},"faces":{"north":{"uv":[2,3,3,4],"rotation":270,"texture":"#3"},"east":{"uv":[10,11,11,16],"texture":"#3"},"south":{"uv":[4,11,5,12],"rotation":270,"texture":"#3"}}},{"from":[8.975,29.3,7.02595],"to":[10.975,31.05,7.37405],"rotation":{"angle":0,"axis":"y","origin":[8,8.175,8]},"faces":{"east":{"uv":[0,0,1,1],"texture":"#3"},"up":{"uv":[4,10,6,14],"rotation":270,"texture":"#3"},"down":{"uv":[13,15,14,16],"rotation":90,"texture":"#3"}}},{"from":[8.975,29.3,7.02595],"to":[10.975,31.05,7.37405],"rotation":{"angle":22.5,"axis":"x","origin":[9.975,30.175,7.2]},"faces":{"east":{"uv":[0,0,1,1],"texture":"#3"},"up":{"uv":[4,10,6,14],"rotation":270,"texture":"#3"},"down":{"uv":[13,15,14,16],"rotation":90,"texture":"#3"}}},{"from":[8.975,29.3,7.02595],"to":[10.975,31.05,7.37405],"rotation":{"angle":-22.5,"axis":"x","origin":[9.975,30.175,7.2]},"faces":{"east":{"uv":[0,0,1,1],"texture":"#3"},"up":{"uv":[4,10,6,14],"rotation":270,"texture":"#3"},"down":{"uv":[13,15,14,16],"rotation":90,"texture":"#3"}}},{"from":[8.975,29.3,7.02595],"to":[10.975,31.05,7.37405],"rotation":{"angle":45,"axis":"x","origin":[9.975,30.175,7.2]},"faces":{"east":{"uv":[0,0,1,1],"texture":"#3"},"up":{"uv":[4,10,6,14],"rotation":270,"texture":"#3"},"down":{"uv":[13,15,14,16],"rotation":90,"texture":"#3"}}},{"from":[8.975,29.3,7.02595],"to":[10.975,31.05,7.37405],"rotation":{"angle":-45,"axis":"x","origin":[9.975,30.175,7.2]},"faces":{"east":{"uv":[0,0,1,1],"texture":"#3"},"up":{"uv":[4,10,6,14],"rotation":270,"texture":"#3"},"down":{"uv":[13,13,14,14],"rotation":90,"texture":"#3"}}},{"from":[8.975,30.00095,6.325],"to":[10.975,30.34905,8.075],"rotation":{"angle":-22.5,"axis":"x","origin":[9.975,30.175,7.2]},"faces":{"north":{"uv":[11,12,12,13],"rotation":270,"texture":"#3"},"east":{"uv":[0,0,1,1],"rotation":270,"texture":"#3"},"south":{"uv":[4,10,6,14],"rotation":270,"texture":"#3"}}},{"from":[8.975,30.00095,6.325],"to":[10.975,30.34905,8.075],"rotation":{"angle":22.5,"axis":"x","origin":[9.975,30.175,7.2]},"faces":{"north":{"uv":[4,10,6,14],"rotation":90,"texture":"#3"},"east":{"uv":[0,0,1,1],"rotation":90,"texture":"#3"},"south":{"uv":[11,12,12,13],"rotation":90,"texture":"#3"}}},{"from":[8.975,30.00095,6.325],"to":[10.975,30.34905,8.075],"rotation":{"angle":0,"axis":"y","origin":[8,8.175,8]},"faces":{"north":{"uv":[4,10,6,14],"rotation":90,"texture":"#3"},"east":{"uv":[0,0,1,1],"rotation":90,"texture":"#3"},"south":{"uv":[8,10,9,11],"rotation":90,"texture":"#3"}}},{"from":[10.875,29.375,7.04087],"to":[11.875,30.975,7.35913],"rotation":{"angle":0,"axis":"y","origin":[8,8.175,8]},"faces":{"east":{"uv":[4,10,5,11],"texture":"#4"},"up":{"uv":[6,9,8,10],"rotation":270,"texture":"#4"},"down":{"uv":[11,8,12,9],"rotation":270,"texture":"#4"}}},{"from":[10.875,29.375,7.04087],"to":[11.875,30.975,7.35913],"rotation":{"angle":-22.5,"axis":"x","origin":[11.5,30.175,7.2]},"faces":{"east":{"uv":[4,10,5,11],"texture":"#4"},"up":{"uv":[9,9.01,10,11.01],"rotation":180,"texture":"#4"},"down":{"uv":[10,8.01,12,8.51],"rotation":90,"texture":"#4"}}},{"from":[10.875,29.375,7.04087],"to":[11.875,30.975,7.35913],"rotation":{"angle":22.5,"axis":"x","origin":[11.5,30.175,7.2]},"faces":{"east":{"uv":[4,10,5,11],"texture":"#4"},"up":{"uv":[9,10,11,11],"rotation":270,"texture":"#4"},"down":{"uv":[10,8,12,9],"rotation":270,"texture":"#4"}}},{"from":[10.875,29.375,7.04087],"to":[11.875,30.975,7.35913],"rotation":{"angle":-45,"axis":"x","origin":[11.5,30.175,7.2]},"faces":{"east":{"uv":[4,10,5,11],"texture":"#4"},"up":{"uv":[11,10,13,11],"rotation":270,"texture":"#4"},"down":{"uv":[9,8.01,11,8.51],"rotation":90,"texture":"#4"}}},{"from":[10.875,29.375,7.04087],"to":[11.875,30.975,7.35913],"rotation":{"angle":45,"axis":"x","origin":[11.5,30.175,7.2]},"faces":{"east":{"uv":[4,10,5,11],"texture":"#4"},"up":{"uv":[11,10,12,12],"texture":"#4"},"down":{"uv":[9,8,11,9],"rotation":270,"texture":"#4"}}},{"from":[10.875,30.01587,6.4],"to":[11.875,30.33413,8],"rotation":{"angle":22.5,"axis":"x","origin":[11.5,30.175,7.2]},"faces":{"north":{"uv":[3,8,5,9],"rotation":270,"texture":"#4"},"east":{"uv":[4,10,5,11],"rotation":90,"texture":"#4"},"south":{"uv":[8,8.01,10,8.51],"rotation":90,"texture":"#4"}}},{"from":[10.875,30.01587,6.4],"to":[11.875,30.33413,8],"rotation":{"angle":-22.5,"axis":"x","origin":[11.5,30.175,7.2]},"faces":{"north":{"uv":[8,8,10,9],"rotation":90,"texture":"#4"},"east":{"uv":[4,10,5,11],"rotation":270,"texture":"#4"},"south":{"uv":[3,8,4.9,9],"rotation":270,"texture":"#4"}}},{"from":[10.875,30.01587,6.4],"to":[11.875,30.33413,8],"rotation":{"angle":0,"axis":"y","origin":[8,8.175,8]},"faces":{"north":{"uv":[7,8,9,9],"rotation":90,"texture":"#4"},"east":{"uv":[4,10,5,11],"rotation":90,"texture":"#4"},"south":{"uv":[7,8.01,9,8.51],"rotation":90,"texture":"#4"}}},{"from":[11.875,29.425,7.05082],"to":[12.575,30.925,7.34918],"rotation":{"angle":0,"axis":"y","origin":[8,8.175,8]},"faces":{"east":{"uv":[4,10,5,11],"texture":"#4"},"up":{"uv":[6,9,8,10],"rotation":270,"texture":"#4"},"down":{"uv":[11,8,12,9],"rotation":270,"texture":"#4"}}},{"from":[11.875,29.425,7.05082],"to":[12.575,30.925,7.34918],"rotation":{"angle":22.5,"axis":"x","origin":[12.625,30.175,7.2]},"faces":{"east":{"uv":[4,10,5,11],"texture":"#4"},"up":{"uv":[9,10,11,11],"rotation":270,"texture":"#4"},"down":{"uv":[10,8,12,9],"rotation":270,"texture":"#4"}}},{"from":[11.875,29.425,7.05082],"to":[12.575,30.925,7.34918],"rotation":{"angle":-22.5,"axis":"x","origin":[12.625,30.175,7.2]},"faces":{"east":{"uv":[4,10,5,11],"texture":"#4"},"up":{"uv":[9,9.01,10,11.01],"rotation":180,"texture":"#4"},"down":{"uv":[10,8.01,12,8.51],"rotation":90,"texture":"#4"}}},{"from":[11.875,29.425,7.05082],"to":[12.575,30.925,7.34918],"rotation":{"angle":45,"axis":"x","origin":[12.625,30.175,7.2]},"faces":{"east":{"uv":[4,10,5,11],"texture":"#4"},"up":{"uv":[11,10,12,12],"texture":"#4"},"down":{"uv":[9,8,11,9],"rotation":270,"texture":"#4"}}},{"from":[11.875,29.425,7.05082],"to":[12.575,30.925,7.34918],"rotation":{"angle":-45,"axis":"x","origin":[12.625,30.175,7.2]},"faces":{"east":{"uv":[4,10,5,11],"texture":"#4"},"up":{"uv":[11,10,13,11],"rotation":270,"texture":"#4"},"down":{"uv":[9,8.01,11,8.51],"rotation":90,"texture":"#4"}}},{"from":[11.875,30.02582,6.45],"to":[12.575,30.32418,7.95],"rotation":{"angle":-22.5,"axis":"x","origin":[12.625,30.175,7.2]},"faces":{"north":{"uv":[8,8,10,9],"rotation":90,"texture":"#4"},"east":{"uv":[4,10,5,11],"rotation":270,"texture":"#4"},"south":{"uv":[3,8,4.9,9],"rotation":270,"texture":"#4"}}},{"from":[11.875,30.02582,6.45],"to":[12.575,30.32418,7.95],"rotation":{"angle":22.5,"axis":"x","origin":[12.625,30.175,7.2]},"faces":{"north":{"uv":[3,8,5,9],"rotation":270,"texture":"#4"},"east":{"uv":[4,10,5,11],"rotation":90,"texture":"#4"},"south":{"uv":[8,8.01,10,8.51],"rotation":90,"texture":"#4"}}},{"from":[11.875,30.02582,6.45],"to":[12.575,30.32418,7.95],"rotation":{"angle":0,"axis":"y","origin":[8,8.175,8]},"faces":{"north":{"uv":[7,8,9,9],"rotation":90,"texture":"#4"},"east":{"uv":[4,10,5,11],"rotation":270,"texture":"#4"},"south":{"uv":[7,8.01,9,8.51],"rotation":90,"texture":"#4"}}},{"from":[12.575,29.475,7.06076],"to":[13.025,30.875,7.33924],"rotation":{"angle":0,"axis":"y","origin":[8,8.175,8]},"faces":{"east":{"uv":[4,10,5,11],"texture":"#4"},"up":{"uv":[6,9,8,10],"rotation":270,"texture":"#4"},"down":{"uv":[11,8,12,9],"rotation":270,"texture":"#4"}}},{"from":[12.575,29.475,7.06076],"to":[13.025,30.875,7.33924],"rotation":{"angle":-22.5,"axis":"x","origin":[13.425,30.175,7.2]},"faces":{"east":{"uv":[4,10,5,11],"texture":"#4"},"up":{"uv":[9,9.01,10,11.01],"rotation":180,"texture":"#4"},"down":{"uv":[10,8.01,12,8.51],"rotation":90,"texture":"#4"}}},{"from":[12.575,29.475,7.06076],"to":[13.025,30.875,7.33924],"rotation":{"angle":22.5,"axis":"x","origin":[13.425,30.175,7.2]},"faces":{"east":{"uv":[4,10,5,11],"texture":"#4"},"up":{"uv":[9,10,11,11],"rotation":270,"texture":"#4"},"down":{"uv":[10,8,12,9],"rotation":270,"texture":"#4"}}},{"from":[12.575,29.475,7.06076],"to":[13.025,30.875,7.33924],"rotation":{"angle":-45,"axis":"x","origin":[13.425,30.175,7.2]},"faces":{"east":{"uv":[4,10,5,11],"texture":"#4"},"up":{"uv":[11,10,13,11],"rotation":270,"texture":"#4"},"down":{"uv":[9,8.01,11,8.51],"rotation":90,"texture":"#4"}}},{"from":[12.575,30.03576,6.5],"to":[13.025,30.31424,7.9],"rotation":{"angle":22.5,"axis":"x","origin":[13.425,30.175,7.2]},"faces":{"north":{"uv":[3,8,5,9],"rotation":270,"texture":"#4"},"east":{"uv":[4,10,5,11],"rotation":90,"texture":"#4"},"south":{"uv":[8,8.01,10,8.51],"rotation":90,"texture":"#4"}}},{"from":[12.575,29.475,7.06076],"to":[13.025,30.875,7.33924],"rotation":{"angle":45,"axis":"x","origin":[13.425,30.175,7.2]},"faces":{"east":{"uv":[4,10,5,11],"texture":"#4"},"up":{"uv":[10,10,11,12],"texture":"#4"},"down":{"uv":[9,8,11,9],"rotation":270,"texture":"#4"}}},{"from":[12.575,30.03576,6.5],"to":[13.025,30.31424,7.9],"rotation":{"angle":-22.5,"axis":"x","origin":[13.425,30.175,7.2]},"faces":{"north":{"uv":[8,8,10,9],"rotation":90,"texture":"#4"},"east":{"uv":[4,10,5,11],"rotation":270,"texture":"#4"},"south":{"uv":[3,8,4.9,9],"rotation":270,"texture":"#4"}}},{"from":[12.575,30.03576,6.5],"to":[13.025,30.31424,7.9],"rotation":{"angle":0,"axis":"y","origin":[8,8.175,8]},"faces":{"north":{"uv":[7,8,9,9],"rotation":90,"texture":"#4"},"east":{"uv":[4,10,5,11],"rotation":270,"texture":"#4"},"south":{"uv":[7,8.01,9,8.51],"rotation":90,"texture":"#4"}}},{"from":[13.025,29.525,7.07071],"to":[13.275,30.825,7.32929],"rotation":{"angle":0,"axis":"y","origin":[8,8.175,8]},"faces":{"east":{"uv":[4,10,5,11],"texture":"#4"},"up":{"uv":[6,9,8,10],"rotation":270,"texture":"#4"},"down":{"uv":[11,8,12,9],"rotation":270,"texture":"#4"}}},{"from":[13.025,29.525,7.07071],"to":[13.275,30.825,7.32929],"rotation":{"angle":22.5,"axis":"x","origin":[13.15,30.175,7.2]},"faces":{"east":{"uv":[4,10,5,11],"texture":"#4"},"up":{"uv":[9,10,11,11],"rotation":270,"texture":"#4"},"down":{"uv":[10,8,12,9],"rotation":270,"texture":"#4"}}},{"from":[13.025,29.525,7.07071],"to":[13.275,30.825,7.32929],"rotation":{"angle":-22.5,"axis":"x","origin":[13.15,30.175,7.2]},"faces":{"east":{"uv":[4,10,5,11],"texture":"#4"},"up":{"uv":[9,9.01,10,11.01],"rotation":180,"texture":"#4"},"down":{"uv":[10,8.01,12,8.51],"rotation":90,"texture":"#4"}}},{"from":[13.025,29.525,7.07071],"to":[13.275,30.825,7.32929],"rotation":{"angle":45,"axis":"x","origin":[13.15,30.175,7.2]},"faces":{"east":{"uv":[4,10,5,11],"texture":"#4"},"up":{"uv":[10,10,11,12],"texture":"#4"},"down":{"uv":[9,8,11,9],"rotation":270,"texture":"#4"}}},{"from":[13.025,29.525,7.07071],"to":[13.275,30.825,7.32929],"rotation":{"angle":-45,"axis":"x","origin":[13.15,30.175,7.2]},"faces":{"east":{"uv":[4,10,5,11],"texture":"#4"},"up":{"uv":[11,10,13,11],"rotation":270,"texture":"#4"},"down":{"uv":[9,8.01,11,8.51],"rotation":90,"texture":"#4"}}},{"from":[13.025,30.04571,6.55],"to":[13.275,30.30429,7.85],"rotation":{"angle":-22.5,"axis":"x","origin":[13.15,30.175,7.2]},"faces":{"north":{"uv":[8,8,10,9],"rotation":90,"texture":"#4"},"east":{"uv":[4,10,5,11],"rotation":270,"texture":"#4"},"south":{"uv":[3,8,4.9,9],"rotation":270,"texture":"#4"}}},{"from":[13.025,30.04571,6.55],"to":[13.275,30.30429,7.85],"rotation":{"angle":22.5,"axis":"x","origin":[13.15,30.175,7.2]},"faces":{"north":{"uv":[3,8,5,9],"rotation":270,"texture":"#4"},"east":{"uv":[4,10,5,11],"rotation":90,"texture":"#4"},"south":{"uv":[8,8.01,10,8.51],"rotation":90,"texture":"#4"}}},{"from":[13.025,30.04571,6.55],"to":[13.275,30.30429,7.85],"rotation":{"angle":0,"axis":"y","origin":[8,8.175,8]},"faces":{"north":{"uv":[7,8,9,9],"rotation":90,"texture":"#4"},"east":{"uv":[4,10,5,11],"rotation":270,"texture":"#4"},"south":{"uv":[7,8.01,9,8.51],"rotation":90,"texture":"#4"}}},{"from":[13.275,30.375,7],"to":[14.325,30.775,7.4],"rotation":{"angle":-22.5,"axis":"z","origin":[13.275,30.775,7.11935]},"faces":{"north":{"uv":[9,9,10,12],"texture":"#4"},"east":{"uv":[8,3,9,4],"texture":"#4"},"south":{"uv":[9,9,10,12],"texture":"#4"},"up":{"uv":[8,9.5,13,10],"rotation":270,"texture":"#4"}}},{"from":[13.275,29.575,7],"to":[14.325,29.975,7.4],"rotation":{"angle":22.5,"axis":"z","origin":[13.275,29.575,7.11935]},"faces":{"north":{"uv":[8,8,11,9],"rotation":90,"texture":"#4"},"east":{"uv":[5,11,4,10],"texture":"#4"},"south":{"uv":[9,8,12,9],"rotation":90,"texture":"#4"},"down":{"uv":[9,1.5,13,2],"rotation":270,"texture":"#4"}}},{"from":[13.275,29.975,7.35],"to":[14.325,30.375,7.8],"rotation":{"angle":22.5,"axis":"y","origin":[13.275,30.175,7.8]},"faces":{"east":{"uv":[11,6,12,7],"rotation":270,"texture":"#4"},"south":{"uv":[7,8,10,9],"rotation":90,"texture":"#4"},"up":{"uv":[5,11,6,12],"rotation":180,"texture":"#4"},"down":{"uv":[5,11,6,12],"texture":"#4"}}},{"from":[13.275,29.975,6.6],"to":[14.325,30.375,7.05],"rotation":{"angle":-22.5,"axis":"y","origin":[13.275,30.175,6.6]},"faces":{"north":{"uv":[7,9,10,8],"rotation":90,"texture":"#4"},"east":{"uv":[11,6,12,5],"rotation":270,"texture":"#4"},"up":{"uv":[5,11,6,12],"rotation":180,"texture":"#4"},"down":{"uv":[5,11,6,12],"texture":"#4"}}},{"from":[-1.7501,28.925,6.95135],"to":[-1.5,31.425,7.44865],"rotation":{"angle":0,"axis":"y","origin":[8,8.175,8]},"faces":{"east":{"uv":[15,14,16,15],"rotation":270,"texture":"#3"},"west":{"uv":[2,0,3,16],"rotation":180,"texture":"#3"},"up":{"uv":[1,2,2,3],"rotation":270,"texture":"#3"},"down":{"uv":[0,0,1,1],"rotation":270,"texture":"#3"}}},{"from":[-1.7501,28.925,6.95135],"to":[-1.5,31.425,7.44865],"rotation":{"angle":22.5,"axis":"x","origin":[-1.62505,30.175,7.2]},"faces":{"east":{"uv":[15,14,16,15],"rotation":270,"texture":"#3"},"west":{"uv":[2,0,3,16],"rotation":180,"texture":"#3"},"up":{"uv":[1,2,2,3],"rotation":270,"texture":"#3"},"down":{"uv":[0,0,1,1],"rotation":270,"texture":"#3"}}},{"from":[-1.7501,28.925,6.95135],"to":[-1.5,31.425,7.44865],"rotation":{"angle":-22.5,"axis":"x","origin":[-1.62505,30.175,7.2]},"faces":{"east":{"uv":[15,14,16,15],"rotation":270,"texture":"#3"},"west":{"uv":[2,0,3,16],"rotation":180,"texture":"#3"},"up":{"uv":[1,2,2,3],"rotation":270,"texture":"#3"},"down":{"uv":[0,0,1,1],"rotation":270,"texture":"#3"}}},{"from":[-1.7501,28.925,6.95135],"to":[-1.5,31.425,7.44865],"rotation":{"angle":45,"axis":"x","origin":[-1.62505,30.175,7.2]},"faces":{"east":{"uv":[15,14,16,15],"rotation":270,"texture":"#3"},"west":{"uv":[2,0,3,16],"rotation":180,"texture":"#3"},"up":{"uv":[1,2,2,3],"rotation":270,"texture":"#3"},"down":{"uv":[0,0,1,1],"rotation":270,"texture":"#3"}}},{"from":[-1.7501,28.925,6.95135],"to":[-1.5,31.425,7.44865],"rotation":{"angle":-45,"axis":"x","origin":[-1.62505,30.175,7.2]},"faces":{"east":{"uv":[15,14,16,15],"rotation":270,"texture":"#3"},"west":{"uv":[2,0,3,16],"rotation":180,"texture":"#3"},"up":{"uv":[1,2,2,3],"rotation":270,"texture":"#3"},"down":{"uv":[0,0,1,1],"rotation":270,"texture":"#3"}}},{"from":[-1.7501,29.92635,5.95],"to":[-1.5,30.42365,8.45],"rotation":{"angle":-22.5,"axis":"x","origin":[-1.62505,30.175,7.2]},"faces":{"north":{"uv":[0,0,1,1],"rotation":90,"texture":"#3"},"east":{"uv":[15,14,16,15],"rotation":180,"texture":"#3"},"south":{"uv":[1,2,2,3],"rotation":270,"texture":"#3"},"west":{"uv":[2,0,3,16],"rotation":270,"texture":"#3"}}},{"from":[-1.7501,29.92635,5.95],"to":[-1.5,30.42365,8.45],"rotation":{"angle":22.5,"axis":"x","origin":[-1.62505,30.175,7.2]},"faces":{"north":{"uv":[1,2,2,3],"rotation":90,"texture":"#3"},"east":{"uv":[15,14,16,15],"texture":"#3"},"south":{"uv":[0,0,1,1],"rotation":270,"texture":"#3"},"west":{"uv":[2,0,3,16],"rotation":90,"texture":"#3"}}},{"from":[-1.7501,29.92635,5.95],"to":[-1.5,30.42365,8.45],"rotation":{"angle":0,"axis":"y","origin":[8,8.175,8]},"faces":{"north":{"uv":[0,0,1,1],"rotation":90,"texture":"#3"},"east":{"uv":[15,14,16,15],"rotation":180,"texture":"#3"},"south":{"uv":[1,2,2,3],"rotation":270,"texture":"#3"},"west":{"uv":[2,0,3,16],"rotation":270,"texture":"#3"}}},{"from":[-1.5001,29.175,7.00109],"to":[-1.1,31.175,7.39891],"rotation":{"angle":0,"axis":"y","origin":[8,8.175,8]},"faces":{"up":{"uv":[1,2,2,3],"rotation":270,"texture":"#3"},"down":{"uv":[0,0,1,1],"rotation":270,"texture":"#3"}}},{"from":[-1.5001,29.175,7.00109],"to":[-1.1,31.175,7.39891],"rotation":{"angle":22.5,"axis":"x","origin":[-1.30005,30.175,7.2]},"faces":{"up":{"uv":[1,2,2,3],"rotation":270,"texture":"#3"},"down":{"uv":[0,0,1,1],"rotation":270,"texture":"#3"}}},{"from":[-1.5001,29.175,7.00109],"to":[-1.1,31.175,7.39891],"rotation":{"angle":-22.5,"axis":"x","origin":[-1.30005,30.175,7.2]},"faces":{"up":{"uv":[1,2,2,3],"rotation":270,"texture":"#3"},"down":{"uv":[0,0,1,1],"rotation":270,"texture":"#3"}}},{"from":[-1.5001,29.175,7.00109],"to":[-1.1,31.175,7.39891],"rotation":{"angle":45,"axis":"x","origin":[-1.30005,30.175,7.2]},"faces":{"up":{"uv":[1,2,2,3],"rotation":270,"texture":"#3"},"down":{"uv":[0,0,1,1],"rotation":270,"texture":"#3"}}},{"from":[-1.5001,29.97609,6.2],"to":[-1.1,30.37391,8.2],"rotation":{"angle":-22.5,"axis":"x","origin":[-1.30005,30.175,7.2]},"faces":{"north":{"uv":[0,0,1,1],"rotation":90,"texture":"#3"},"south":{"uv":[1,2,2,3],"rotation":270,"texture":"#3"}}},{"from":[-1.5001,29.175,7.00109],"to":[-1.1,31.175,7.39891],"rotation":{"angle":-45,"axis":"x","origin":[-1.30005,30.175,7.2]},"faces":{"up":{"uv":[1,2,2,3],"rotation":270,"texture":"#3"},"down":{"uv":[0,0,1,1],"rotation":270,"texture":"#3"}}},{"from":[-1.5001,29.97609,6.2],"to":[-1.1,30.37391,8.2],"rotation":{"angle":22.5,"axis":"x","origin":[-1.30005,30.175,7.2]},"faces":{"north":{"uv":[1,2,2,3],"rotation":90,"texture":"#3"},"south":{"uv":[0,0,1,1],"rotation":270,"texture":"#3"}}},{"from":[-1.5001,29.97609,6.2],"to":[-1.1,30.37391,8.2],"rotation":{"angle":0,"axis":"y","origin":[8,8.175,8]},"faces":{"north":{"uv":[1,2,2,3],"rotation":90,"texture":"#3"},"south":{"uv":[0,0,1,1],"rotation":270,"texture":"#3"}}},{"from":[8.5,27.425,8.56508],"to":[8.975,29.525,9.43492],"rotation":{"angle":0,"axis":"y","origin":[8,8.175,8]},"faces":{"east":{"uv":[13,3,14,16],"texture":"#3"},"up":{"uv":[4,10,6,14],"rotation":270,"texture":"#3"}}},{"from":[-1.85,28.35068,8.375],"to":[-1.75,28.59932,9.625],"rotation":{"angle":0,"axis":"y","origin":[8,8.175,8]},"faces":{"north":{"uv":[0,0,1,1],"rotation":90,"texture":"#4"},"south":{"uv":[0,0,1,1],"rotation":270,"texture":"#4"},"west":{"uv":[5,3,9,4],"texture":"#4"}}},{"from":[-1.85,28.35068,8.375],"to":[-1.75,28.59932,9.625],"rotation":{"angle":22.5,"axis":"x","origin":[-1.8,28.475,9]},"faces":{"north":{"uv":[0,0,1,1],"rotation":90,"texture":"#4"},"south":{"uv":[0,0,1,1],"rotation":270,"texture":"#4"},"west":{"uv":[5,3,9,4],"texture":"#4"}}},{"from":[-1.85,28.35068,8.375],"to":[-1.75,28.59932,9.625],"rotation":{"angle":-22.5,"axis":"x","origin":[-1.8,28.475,9]},"faces":{"north":{"uv":[0,0,1,1],"rotation":90,"texture":"#4"},"south":{"uv":[0,0,1,1],"rotation":270,"texture":"#4"},"west":{"uv":[5,3,9,4],"rotation":180,"texture":"#4"}}},{"from":[-1.85,28.35068,8.375],"to":[-1.75,28.59932,9.625],"rotation":{"angle":45,"axis":"x","origin":[0.2,28.475,9]},"faces":{"north":{"uv":[0,0,1,1],"rotation":90,"texture":"#4"},"south":{"uv":[0,0,1,1],"rotation":270,"texture":"#4"},"west":{"uv":[5,3,9,4],"texture":"#4"}}},{"from":[-1.85,28.35068,8.375],"to":[-1.75,28.59932,9.625],"rotation":{"angle":-45,"axis":"x","origin":[-1.8,28.475,9]},"faces":{"north":{"uv":[0,0,1,1],"rotation":90,"texture":"#4"},"south":{"uv":[0,0,1,1],"rotation":270,"texture":"#4"},"west":{"uv":[5,3,9,4],"rotation":180,"texture":"#4"}}},{"from":[-1.85,27.85,8.87568],"to":[-1.75,29.1,9.12432],"rotation":{"angle":-22.5,"axis":"x","origin":[-1.8,28.475,9]},"faces":{"west":{"uv":[5,3,9,4],"rotation":90,"texture":"#4"},"up":{"uv":[0,0,1,1],"rotation":270,"texture":"#4"},"down":{"uv":[0,0,1,1],"rotation":270,"texture":"#4"}}},{"from":[-1.85,27.85,8.87568],"to":[-1.75,29.1,9.12432],"rotation":{"angle":22.5,"axis":"x","origin":[-1.8,28.475,9]},"faces":{"west":{"uv":[5,3,9,4],"rotation":90,"texture":"#4"},"up":{"uv":[0,0,1,1],"rotation":270,"texture":"#4"},"down":{"uv":[0,0,1,1],"rotation":270,"texture":"#4"}}},{"from":[-1.85,27.85,8.87568],"to":[-1.75,29.1,9.12432],"rotation":{"angle":0,"axis":"y","origin":[8,8.175,8]},"faces":{"west":{"uv":[5,3,9,4],"rotation":90,"texture":"#4"},"up":{"uv":[0,0,1,1],"rotation":270,"texture":"#4"},"down":{"uv":[0,0,1,1],"rotation":270,"texture":"#4"}}},{"from":[-1.15,27.225,8.75136],"to":[8.5,29.725,9.24864],"rotation":{"angle":22.5,"axis":"x","origin":[-0.5,28.475,9]},"faces":{"east":{"uv":[12,1,13,16],"texture":"#3"},"west":{"uv":[0,0,1,1],"texture":"#3"},"up":{"uv":[11,1,13,16],"rotation":270,"texture":"#3"}}},{"from":[-1.15,27.225,8.75136],"to":[8.5,29.725,9.24864],"rotation":{"angle":-22.5,"axis":"x","origin":[-0.5,28.475,9]},"faces":{"east":{"uv":[12,15,15,16],"texture":"#3"},"west":{"uv":[0,0,1,1],"texture":"#3"},"up":{"uv":[13,14,16,16],"rotation":270,"texture":"#3"}}},{"from":[-1.15,27.225,8.75136],"to":[8.5,29.725,9.24864],"rotation":{"angle":45,"axis":"x","origin":[-0.5,28.475,9]},"faces":{"east":{"uv":[12,1,13,16],"texture":"#3"},"west":{"uv":[0,0,1,1],"texture":"#3"},"up":{"uv":[11,1,13,16],"rotation":270,"texture":"#3"}}},{"from":[-1.15,27.225,8.75136],"to":[8.5,29.725,9.24864],"rotation":{"angle":-45,"axis":"x","origin":[-0.5,28.475,9]},"faces":{"east":{"uv":[13,14,14,16],"texture":"#3"},"west":{"uv":[0,0,1,1],"texture":"#3"},"up":{"uv":[13,15,14,16],"rotation":270,"texture":"#3"}}},{"from":[-1.15,28.22636,7.75],"to":[8.5,28.72364,10.25],"rotation":{"angle":-22.5,"axis":"x","origin":[-0.5,28.475,9]},"faces":{"north":{"uv":[13,15,14,16],"rotation":270,"texture":"#3"},"east":{"uv":[10,1,11,15],"rotation":270,"texture":"#3"},"south":{"uv":[14,1,16,16],"rotation":90,"texture":"#3"},"west":{"uv":[0,0,1,1],"texture":"#3"}}},{"from":[-1.15,28.22636,7.75],"to":[8.5,28.72364,10.25],"rotation":{"angle":22.5,"axis":"x","origin":[-0.5,28.475,9]},"faces":{"north":{"uv":[12,14,15,16],"rotation":270,"texture":"#3"},"east":{"uv":[13,15,14,16],"rotation":90,"texture":"#3"},"south":{"uv":[13,14,15,16],"rotation":90,"texture":"#3"},"west":{"uv":[0,0,1,1],"texture":"#3"}}},{"from":[-1.15,28.22636,7.75],"to":[8.5,28.72364,10.25],"rotation":{"angle":0,"axis":"y","origin":[8,8.175,8]},"faces":{"north":{"uv":[12,14,15,16],"rotation":270,"texture":"#3"},"east":{"uv":[2,3,3,4],"rotation":270,"texture":"#3"},"south":{"uv":[12,13,14,16],"rotation":90,"texture":"#3"},"west":{"uv":[0,0,1,1],"texture":"#3"}}},{"from":[8.5,28.725,8.75136],"to":[9.75,29.725,9.24864],"rotation":{"angle":-22.5,"axis":"z","origin":[8.5,29.725,9]},"faces":{"north":{"uv":[2,3,3,4],"texture":"#3"},"south":{"uv":[2,3,3,4],"texture":"#3"},"up":{"uv":[4,1,6,16],"rotation":270,"texture":"#3"}}},{"from":[8.5,27.225,8.75136],"to":[9.75,28.225,9.24864],"rotation":{"angle":22.5,"axis":"z","origin":[8.5,27.225,9]},"faces":{"north":{"uv":[15,15,16,16],"texture":"#3"},"south":{"uv":[15,15,16,16],"texture":"#3"}}},{"from":[8.5,28.22636,9.25],"to":[9.75,28.72364,10.25],"rotation":{"angle":22.5,"axis":"y","origin":[8.5,28.475,10.25]},"faces":{"south":{"uv":[11,15,13,16],"rotation":270,"texture":"#3"},"up":{"uv":[2,3,3,4],"rotation":180,"texture":"#3"},"down":{"uv":[2,3,3,4],"texture":"#3"}}},{"from":[8.5,28.22636,7.75],"to":[9.75,28.72364,8.75],"rotation":{"angle":-22.5,"axis":"y","origin":[8.5,28.475,7.75]},"faces":{"north":{"uv":[12,16,15,15],"rotation":270,"texture":"#3"},"up":{"uv":[15,15,16,16],"rotation":180,"texture":"#3"},"down":{"uv":[2,3,3,4],"texture":"#3"}}},{"from":[-1.15,27.225,8.75136],"to":[8.5,29.725,9.24866],"rotation":{"angle":0,"axis":"y","origin":[8,8.175,8]},"faces":{"east":{"uv":[2,3,3,4],"texture":"#3"},"west":{"uv":[0,0,1,1],"texture":"#3"},"up":{"uv":[4,1,6,16],"rotation":270,"texture":"#3"}}},{"from":[8.5,27.425,8.56508],"to":[8.975,29.525,9.43492],"rotation":{"angle":-45,"axis":"x","origin":[8.7375,28.475,9]},"faces":{"east":{"uv":[13,14,15,16],"texture":"#3"},"up":{"uv":[14,12,16,16],"rotation":270,"texture":"#3"},"down":{"uv":[11,12,12,16],"texture":"#3"}}},{"from":[8.5,27.425,8.56508],"to":[8.975,29.525,9.43492],"rotation":{"angle":45,"axis":"x","origin":[8.7375,28.475,9]},"faces":{"east":{"uv":[14,2,15,16],"texture":"#3"},"up":{"uv":[3,9,5,14],"rotation":270,"texture":"#3"},"down":{"uv":[12,12,13,16],"rotation":180,"texture":"#3"}}},{"from":[8.5,28.04008,7.95],"to":[8.975,28.90992,10.05],"rotation":{"angle":0,"axis":"y","origin":[8,8.175,8]},"faces":{"north":{"uv":[14,15,15,16],"rotation":270,"texture":"#3"},"east":{"uv":[10,11,11,16],"texture":"#3"},"south":{"uv":[14,14,15,15],"rotation":270,"texture":"#3"}}},{"from":[8.975,27.6,8.82595],"to":[10.975,29.35,9.17405],"rotation":{"angle":0,"axis":"y","origin":[8,8.175,8]},"faces":{"east":{"uv":[0,0,1,1],"texture":"#3"},"up":{"uv":[4,10,6,14],"rotation":270,"texture":"#3"}}},{"from":[8.975,27.6,8.82595],"to":[10.975,29.35,9.17405],"rotation":{"angle":22.5,"axis":"x","origin":[9.975,28.475,9]},"faces":{"east":{"uv":[0,0,1,1],"texture":"#3"},"up":{"uv":[4,10,6,14],"rotation":270,"texture":"#3"}}},{"from":[8.975,27.6,8.82595],"to":[10.975,29.35,9.17405],"rotation":{"angle":-22.5,"axis":"x","origin":[9.975,28.475,9]},"faces":{"east":{"uv":[0,0,1,1],"texture":"#3"},"up":{"uv":[4,10,6,14],"rotation":270,"texture":"#3"}}},{"from":[8.975,27.6,8.82595],"to":[10.975,29.35,9.17405],"rotation":{"angle":45,"axis":"x","origin":[9.975,28.475,9]},"faces":{"east":{"uv":[0,0,1,1],"texture":"#3"},"up":{"uv":[4,10,6,14],"rotation":270,"texture":"#3"},"down":{"uv":[13,15,14,16],"rotation":90,"texture":"#3"}}},{"from":[8.975,27.6,8.82595],"to":[10.975,29.35,9.17405],"rotation":{"angle":-45,"axis":"x","origin":[9.975,28.475,9]},"faces":{"east":{"uv":[0,0,1,1],"texture":"#3"},"up":{"uv":[14,12,16,16],"rotation":270,"texture":"#3"},"down":{"uv":[13,13,14,14],"rotation":90,"texture":"#3"}}},{"from":[8.975,28.30095,8.125],"to":[10.975,28.64905,9.875],"rotation":{"angle":-22.5,"axis":"x","origin":[9.975,28.475,9]},"faces":{"north":{"uv":[11,12,12,13],"rotation":270,"texture":"#3"},"east":{"uv":[0,0,1,1],"rotation":270,"texture":"#3"},"south":{"uv":[4,10,6,14],"rotation":270,"texture":"#3"}}},{"from":[8.975,28.30095,8.125],"to":[10.975,28.64905,9.875],"rotation":{"angle":22.5,"axis":"x","origin":[9.975,28.475,9]},"faces":{"north":{"uv":[14,12,16,16],"rotation":90,"texture":"#3"},"east":{"uv":[0,0,1,1],"rotation":90,"texture":"#3"},"south":{"uv":[14,13,15,14],"rotation":90,"texture":"#3"}}},{"from":[8.975,28.30095,8.125],"to":[10.975,28.64905,9.875],"rotation":{"angle":0,"axis":"y","origin":[8,8.175,8]},"faces":{"north":{"uv":[13,12,15,16],"rotation":90,"texture":"#3"},"east":{"uv":[0,0,1,1],"rotation":90,"texture":"#3"},"south":{"uv":[13,12,14,13],"rotation":90,"texture":"#3"}}},{"from":[10.875,27.675,8.84087],"to":[11.875,29.275,9.15913],"rotation":{"angle":0,"axis":"y","origin":[8,8.175,8]},"faces":{"east":{"uv":[4,10,5,11],"texture":"#4"},"up":{"uv":[6,9,8,10],"rotation":270,"texture":"#4"}}},{"from":[10.875,27.675,8.84087],"to":[11.875,29.275,9.15913],"rotation":{"angle":-22.5,"axis":"x","origin":[11.5,28.475,9]},"faces":{"east":{"uv":[4,10,5,11],"texture":"#4"},"up":{"uv":[9,9.01,10,11.01],"rotation":180,"texture":"#4"}}},{"from":[10.875,27.675,8.84087],"to":[11.875,29.275,9.15913],"rotation":{"angle":22.5,"axis":"x","origin":[11.5,28.475,9]},"faces":{"east":{"uv":[4,10,5,11],"texture":"#4"},"up":{"uv":[9,10,11,11],"rotation":270,"texture":"#4"}}},{"from":[10.875,27.675,8.84087],"to":[11.875,29.275,9.15913],"rotation":{"angle":-45,"axis":"x","origin":[11.5,28.475,9]},"faces":{"east":{"uv":[4,10,5,11],"texture":"#4"},"up":{"uv":[11,10,13,11],"rotation":270,"texture":"#4"},"down":{"uv":[9,8.01,11,8.51],"rotation":90,"texture":"#4"}}},{"from":[10.875,27.675,8.84087],"to":[11.875,29.275,9.15913],"rotation":{"angle":45,"axis":"x","origin":[11.5,28.475,9]},"faces":{"east":{"uv":[4,10,5,11],"texture":"#4"},"up":{"uv":[11,10,12,12],"texture":"#4"},"down":{"uv":[9,8,11,9],"rotation":270,"texture":"#4"}}},{"from":[10.875,28.31587,8.2],"to":[11.875,28.63413,9.8],"rotation":{"angle":22.5,"axis":"x","origin":[11.5,28.475,9]},"faces":{"north":{"uv":[3,8,5,9],"rotation":270,"texture":"#4"},"east":{"uv":[4,10,5,11],"rotation":90,"texture":"#4"},"south":{"uv":[8,8.01,10,8.51],"rotation":90,"texture":"#4"}}},{"from":[10.875,28.31587,8.2],"to":[11.875,28.63413,9.8],"rotation":{"angle":-22.5,"axis":"x","origin":[11.5,28.475,9]},"faces":{"north":{"uv":[8,8,10,9],"rotation":90,"texture":"#4"},"east":{"uv":[4,10,5,11],"rotation":270,"texture":"#4"},"south":{"uv":[3,8,4.9,9],"rotation":270,"texture":"#4"}}},{"from":[10.875,28.31587,8.2],"to":[11.875,28.63413,9.8],"rotation":{"angle":0,"axis":"y","origin":[8,8.175,8]},"faces":{"north":{"uv":[7,8,9,9],"rotation":90,"texture":"#4"},"east":{"uv":[4,10,5,11],"rotation":90,"texture":"#4"},"south":{"uv":[7,8.01,9,8.51],"rotation":90,"texture":"#4"}}},{"from":[11.875,27.725,8.85082],"to":[12.575,29.225,9.14918],"rotation":{"angle":0,"axis":"y","origin":[8,8.175,8]},"faces":{"east":{"uv":[4,10,5,11],"texture":"#4"},"up":{"uv":[6,9,8,10],"rotation":270,"texture":"#4"}}},{"from":[11.875,27.725,8.85082],"to":[12.575,29.225,9.14918],"rotation":{"angle":22.5,"axis":"x","origin":[12.625,28.475,9]},"faces":{"east":{"uv":[4,10,5,11],"texture":"#4"},"up":{"uv":[9,10,11,11],"rotation":270,"texture":"#4"}}},{"from":[11.875,27.725,8.85082],"to":[12.575,29.225,9.14918],"rotation":{"angle":-22.5,"axis":"x","origin":[12.625,28.475,9]},"faces":{"east":{"uv":[4,10,5,11],"texture":"#4"},"up":{"uv":[9,9.01,10,11.01],"rotation":180,"texture":"#4"}}},{"from":[11.875,27.725,8.85082],"to":[12.575,29.225,9.14918],"rotation":{"angle":45,"axis":"x","origin":[12.625,28.475,9]},"faces":{"east":{"uv":[4,10,5,11],"texture":"#4"},"up":{"uv":[11,10,12,12],"texture":"#4"},"down":{"uv":[9,8,11,9],"rotation":270,"texture":"#4"}}},{"from":[11.875,27.725,8.85082],"to":[12.575,29.225,9.14918],"rotation":{"angle":-45,"axis":"x","origin":[12.625,28.475,9]},"faces":{"east":{"uv":[4,10,5,11],"texture":"#4"},"up":{"uv":[11,10,13,11],"rotation":270,"texture":"#4"},"down":{"uv":[9,8.01,11,8.51],"rotation":90,"texture":"#4"}}},{"from":[11.875,28.32582,8.25],"to":[12.575,28.62418,9.75],"rotation":{"angle":-22.5,"axis":"x","origin":[12.625,28.475,9]},"faces":{"north":{"uv":[8,8,10,9],"rotation":90,"texture":"#4"},"east":{"uv":[4,10,5,11],"rotation":270,"texture":"#4"},"south":{"uv":[3,8,4.9,9],"rotation":270,"texture":"#4"}}},{"from":[11.875,28.32582,8.25],"to":[12.575,28.62418,9.75],"rotation":{"angle":22.5,"axis":"x","origin":[12.625,28.475,9]},"faces":{"north":{"uv":[3,8,5,9],"rotation":270,"texture":"#4"},"east":{"uv":[4,10,5,11],"rotation":90,"texture":"#4"},"south":{"uv":[8,8.01,10,8.51],"rotation":90,"texture":"#4"}}},{"from":[11.875,28.32582,8.25],"to":[12.575,28.62418,9.75],"rotation":{"angle":0,"axis":"y","origin":[8,8.175,8]},"faces":{"north":{"uv":[7,8,9,9],"rotation":90,"texture":"#4"},"east":{"uv":[4,10,5,11],"rotation":270,"texture":"#4"},"south":{"uv":[7,8.01,9,8.51],"rotation":90,"texture":"#4"}}},{"from":[12.575,27.775,8.86076],"to":[13.025,29.175,9.13924],"rotation":{"angle":0,"axis":"y","origin":[8,8.175,8]},"faces":{"east":{"uv":[4,10,5,11],"texture":"#4"},"up":{"uv":[6,9,8,10],"rotation":270,"texture":"#4"}}},{"from":[12.575,27.775,8.86076],"to":[13.025,29.175,9.13924],"rotation":{"angle":-22.5,"axis":"x","origin":[13.425,28.475,9]},"faces":{"east":{"uv":[4,10,5,11],"texture":"#4"},"up":{"uv":[9,9.01,10,11.01],"rotation":180,"texture":"#4"}}},{"from":[12.575,27.775,8.86076],"to":[13.025,29.175,9.13924],"rotation":{"angle":22.5,"axis":"x","origin":[13.425,28.475,9]},"faces":{"east":{"uv":[4,10,5,11],"texture":"#4"},"up":{"uv":[9,10,11,11],"rotation":270,"texture":"#4"}}},{"from":[12.575,27.775,8.86076],"to":[13.025,29.175,9.13924],"rotation":{"angle":-45,"axis":"x","origin":[13.425,28.475,9]},"faces":{"east":{"uv":[4,10,5,11],"texture":"#4"},"up":{"uv":[11,10,13,11],"rotation":270,"texture":"#4"},"down":{"uv":[9,8.01,11,8.51],"rotation":90,"texture":"#4"}}},{"from":[12.575,28.33576,8.3],"to":[13.025,28.61424,9.7],"rotation":{"angle":22.5,"axis":"x","origin":[13.425,28.475,9]},"faces":{"north":{"uv":[3,8,5,9],"rotation":270,"texture":"#4"},"east":{"uv":[4,10,5,11],"rotation":90,"texture":"#4"},"south":{"uv":[8,8.01,10,8.51],"rotation":90,"texture":"#4"}}},{"from":[12.575,27.775,8.86076],"to":[13.025,29.175,9.13924],"rotation":{"angle":45,"axis":"x","origin":[13.425,28.475,9]},"faces":{"east":{"uv":[4,10,5,11],"texture":"#4"},"up":{"uv":[10,10,11,12],"texture":"#4"},"down":{"uv":[9,8,11,9],"rotation":270,"texture":"#4"}}},{"from":[12.575,28.33576,8.3],"to":[13.025,28.61424,9.7],"rotation":{"angle":-22.5,"axis":"x","origin":[13.425,28.475,9]},"faces":{"north":{"uv":[8,8,10,9],"rotation":90,"texture":"#4"},"east":{"uv":[4,10,5,11],"rotation":270,"texture":"#4"},"south":{"uv":[3,8,4.9,9],"rotation":270,"texture":"#4"}}},{"from":[12.575,28.33576,8.3],"to":[13.025,28.61424,9.7],"rotation":{"angle":0,"axis":"y","origin":[8,8.175,8]},"faces":{"north":{"uv":[7,8,9,9],"rotation":90,"texture":"#4"},"east":{"uv":[4,10,5,11],"rotation":270,"texture":"#4"},"south":{"uv":[7,8.01,9,8.51],"rotation":90,"texture":"#4"}}},{"from":[13.025,27.825,8.87071],"to":[13.275,29.125,9.12929],"rotation":{"angle":0,"axis":"y","origin":[8,8.175,8]},"faces":{"east":{"uv":[4,10,5,11],"texture":"#4"},"up":{"uv":[6,9,8,10],"rotation":270,"texture":"#4"}}},{"from":[13.025,27.825,8.87071],"to":[13.275,29.125,9.12929],"rotation":{"angle":22.5,"axis":"x","origin":[13.15,28.475,9]},"faces":{"east":{"uv":[4,10,5,11],"texture":"#4"},"up":{"uv":[9,10,11,11],"rotation":270,"texture":"#4"}}},{"from":[13.025,27.825,8.87071],"to":[13.275,29.125,9.12929],"rotation":{"angle":-22.5,"axis":"x","origin":[13.15,28.475,9]},"faces":{"east":{"uv":[4,10,5,11],"texture":"#4"},"up":{"uv":[9,9.01,10,11.01],"rotation":180,"texture":"#4"}}},{"from":[13.025,27.825,8.87071],"to":[13.275,29.125,9.12929],"rotation":{"angle":45,"axis":"x","origin":[13.15,28.475,9]},"faces":{"east":{"uv":[4,10,5,11],"texture":"#4"},"up":{"uv":[10,10,11,12],"texture":"#4"},"down":{"uv":[9,8,11,9],"rotation":270,"texture":"#4"}}},{"from":[13.025,27.825,8.87071],"to":[13.275,29.125,9.12929],"rotation":{"angle":-45,"axis":"x","origin":[13.15,28.475,9]},"faces":{"east":{"uv":[4,10,5,11],"texture":"#4"},"up":{"uv":[11,10,13,11],"rotation":270,"texture":"#4"},"down":{"uv":[9,8.01,11,8.51],"rotation":90,"texture":"#4"}}},{"from":[13.025,28.34571,8.35],"to":[13.275,28.60429,9.65],"rotation":{"angle":-22.5,"axis":"x","origin":[13.15,28.475,9]},"faces":{"north":{"uv":[8,8,10,9],"rotation":90,"texture":"#4"},"east":{"uv":[4,10,5,11],"rotation":270,"texture":"#4"},"south":{"uv":[3,8,4.9,9],"rotation":270,"texture":"#4"}}},{"from":[13.025,28.34571,8.35],"to":[13.275,28.60429,9.65],"rotation":{"angle":22.5,"axis":"x","origin":[13.15,28.475,9]},"faces":{"north":{"uv":[3,8,5,9],"rotation":270,"texture":"#4"},"east":{"uv":[4,10,5,11],"rotation":90,"texture":"#4"},"south":{"uv":[8,8.01,10,8.51],"rotation":90,"texture":"#4"}}},{"from":[13.025,28.34571,8.35],"to":[13.275,28.60429,9.65],"rotation":{"angle":0,"axis":"y","origin":[8,8.175,8]},"faces":{"north":{"uv":[7,8,9,9],"rotation":90,"texture":"#4"},"east":{"uv":[4,10,5,11],"rotation":270,"texture":"#4"},"south":{"uv":[7,8.01,9,8.51],"rotation":90,"texture":"#4"}}},{"from":[13.275,28.675,8.8],"to":[14.325,29.075,9.2],"rotation":{"angle":-22.5,"axis":"z","origin":[13.275,29.075,8.91935]},"faces":{"north":{"uv":[9,9,10,12],"texture":"#4"},"east":{"uv":[8,3,9,4],"texture":"#4"},"south":{"uv":[9,9,10,12],"texture":"#4"},"up":{"uv":[8,9.5,13,10],"rotation":270,"texture":"#4"}}},{"from":[13.275,27.875,8.8],"to":[14.325,28.275,9.2],"rotation":{"angle":22.5,"axis":"z","origin":[13.275,27.875,8.91935]},"faces":{"north":{"uv":[8,8,11,9],"rotation":90,"texture":"#4"},"east":{"uv":[5,11,4,10],"texture":"#4"},"south":{"uv":[9,8,12,9],"rotation":90,"texture":"#4"},"down":{"uv":[9,1.5,13,2],"rotation":270,"texture":"#4"}}},{"from":[13.275,28.275,9.15],"to":[14.325,28.675,9.6],"rotation":{"angle":22.5,"axis":"y","origin":[13.275,28.475,9.6]},"faces":{"east":{"uv":[11,6,12,7],"rotation":270,"texture":"#4"},"south":{"uv":[7,8,10,9],"rotation":90,"texture":"#4"},"up":{"uv":[5,11,6,12],"rotation":180,"texture":"#4"},"down":{"uv":[5,11,6,12],"texture":"#4"}}},{"from":[13.275,28.275,8.4],"to":[14.325,28.675,8.85],"rotation":{"angle":-22.5,"axis":"y","origin":[13.275,28.475,8.4]},"faces":{"north":{"uv":[7,9,10,8],"rotation":90,"texture":"#4"},"east":{"uv":[11,6,12,5],"rotation":270,"texture":"#4"},"up":{"uv":[5,11,6,12],"rotation":180,"texture":"#4"},"down":{"uv":[5,11,6,12],"texture":"#4"}}},{"from":[-1.7501,27.225,8.75135],"to":[-1.5,29.725,9.24865],"rotation":{"angle":0,"axis":"y","origin":[8,8.175,8]},"faces":{"east":{"uv":[15,14,16,15],"rotation":270,"texture":"#3"},"west":{"uv":[2,0,3,16],"rotation":180,"texture":"#3"},"up":{"uv":[1,2,2,3],"rotation":270,"texture":"#3"}}},{"from":[-1.7501,27.225,8.75135],"to":[-1.5,29.725,9.24865],"rotation":{"angle":22.5,"axis":"x","origin":[-1.62505,28.475,9]},"faces":{"east":{"uv":[15,14,16,15],"rotation":270,"texture":"#3"},"west":{"uv":[2,0,3,16],"rotation":180,"texture":"#3"},"up":{"uv":[1,2,2,3],"rotation":270,"texture":"#3"}}},{"from":[-1.7501,27.225,8.75135],"to":[-1.5,29.725,9.24865],"rotation":{"angle":-22.5,"axis":"x","origin":[-1.62505,28.475,9]},"faces":{"east":{"uv":[15,14,16,15],"rotation":270,"texture":"#3"},"west":{"uv":[2,0,3,16],"rotation":180,"texture":"#3"},"up":{"uv":[1,2,2,3],"rotation":270,"texture":"#3"}}},{"from":[-1.7501,27.225,8.75135],"to":[-1.5,29.725,9.24865],"rotation":{"angle":45,"axis":"x","origin":[-1.62505,28.475,9]},"faces":{"east":{"uv":[15,14,16,15],"rotation":270,"texture":"#3"},"west":{"uv":[2,0,3,16],"rotation":180,"texture":"#3"},"up":{"uv":[1,2,2,3],"rotation":270,"texture":"#3"}}},{"from":[-1.7501,27.225,8.75135],"to":[-1.5,29.725,9.24865],"rotation":{"angle":-45,"axis":"x","origin":[-1.62505,28.475,9]},"faces":{"east":{"uv":[15,14,16,15],"rotation":270,"texture":"#3"},"west":{"uv":[2,0,3,16],"rotation":180,"texture":"#3"},"up":{"uv":[1,2,2,3],"rotation":270,"texture":"#3"}}},{"from":[-1.7501,28.22635,7.75],"to":[-1.5,28.72365,10.25],"rotation":{"angle":-22.5,"axis":"x","origin":[-1.62505,28.475,9]},"faces":{"north":{"uv":[0,0,1,1],"rotation":90,"texture":"#3"},"east":{"uv":[15,14,16,15],"rotation":180,"texture":"#3"},"south":{"uv":[1,2,2,3],"rotation":270,"texture":"#3"},"west":{"uv":[2,0,3,16],"rotation":270,"texture":"#3"}}},{"from":[-1.7501,28.22635,7.75],"to":[-1.5,28.72365,10.25],"rotation":{"angle":22.5,"axis":"x","origin":[-1.62505,28.475,9]},"faces":{"north":{"uv":[1,2,2,3],"rotation":90,"texture":"#3"},"east":{"uv":[15,14,16,15],"texture":"#3"},"south":{"uv":[0,0,1,1],"rotation":270,"texture":"#3"},"west":{"uv":[2,0,3,16],"rotation":90,"texture":"#3"}}},{"from":[-1.7501,28.22635,7.75],"to":[-1.5,28.72365,10.25],"rotation":{"angle":0,"axis":"y","origin":[8,8.175,8]},"faces":{"north":{"uv":[0,0,1,1],"rotation":90,"texture":"#3"},"east":{"uv":[15,14,16,15],"rotation":180,"texture":"#3"},"south":{"uv":[1,2,2,3],"rotation":270,"texture":"#3"},"west":{"uv":[2,0,3,16],"rotation":270,"texture":"#3"}}},{"from":[-1.5001,27.475,8.80109],"to":[-1.1,29.475,9.19891],"rotation":{"angle":0,"axis":"y","origin":[8,8.175,8]},"faces":{"up":{"uv":[1,2,2,3],"rotation":270,"texture":"#3"}}},{"from":[-1.5001,27.475,8.80109],"to":[-1.1,29.475,9.19891],"rotation":{"angle":22.5,"axis":"x","origin":[-1.30005,28.475,9]},"faces":{"up":{"uv":[1,2,2,3],"rotation":270,"texture":"#3"}}},{"from":[-1.5001,27.475,8.80109],"to":[-1.1,29.475,9.19891],"rotation":{"angle":-22.5,"axis":"x","origin":[-1.30005,28.475,9]},"faces":{"up":{"uv":[1,2,2,3],"rotation":270,"texture":"#3"}}},{"from":[-1.5001,27.475,8.80109],"to":[-1.1,29.475,9.19891],"rotation":{"angle":45,"axis":"x","origin":[-1.30005,28.475,9]},"faces":{"up":{"uv":[1,2,2,3],"rotation":270,"texture":"#3"}}},{"from":[-1.5001,28.27609,8],"to":[-1.1,28.67391,10],"rotation":{"angle":-22.5,"axis":"x","origin":[-1.30005,28.475,9]},"faces":{"north":{"uv":[0,0,1,1],"rotation":90,"texture":"#3"},"south":{"uv":[1,2,2,3],"rotation":270,"texture":"#3"}}},{"from":[-1.5001,27.475,8.80109],"to":[-1.1,29.475,9.19891],"rotation":{"angle":-45,"axis":"x","origin":[-1.30005,28.475,9]},"faces":{"up":{"uv":[1,2,2,3],"rotation":270,"texture":"#3"}}},{"from":[-1.5001,28.27609,8],"to":[-1.1,28.67391,10],"rotation":{"angle":22.5,"axis":"x","origin":[-1.30005,28.475,9]},"faces":{"north":{"uv":[1,2,2,3],"rotation":90,"texture":"#3"},"south":{"uv":[0,0,1,1],"rotation":270,"texture":"#3"}}},{"from":[-1.5001,28.27609,8],"to":[-1.1,28.67391,10],"rotation":{"angle":0,"axis":"y","origin":[8,8.175,8]},"faces":{"north":{"uv":[1,2,2,3],"rotation":90,"texture":"#3"},"south":{"uv":[0,0,1,1],"rotation":270,"texture":"#3"}}},{"from":[-1.95,26.975,5.4],"to":[14.55,27.675,10.6],"rotation":{"angle":0,"axis":"y","origin":[8,8.175,8]},"faces":{"up":{"uv":[0,0,1,1],"texture":"#1"}}},{"from":[-1.75,27.025,6],"to":[10.95,27.725,8.4],"rotation":{"angle":0,"axis":"y","origin":[8,8.175,8]},"faces":{"up":{"uv":[7,0,8,1],"texture":"#3"}}},{"from":[10.95,27.025,6.5],"to":[12.75,27.725,8],"rotation":{"angle":0,"axis":"y","origin":[8,8.175,8]},"faces":{"up":{"uv":[4,9,13,14],"texture":"#4"}}},{"from":[12.75,27.025,6.8],"to":[14.15,27.725,7.7],"rotation":{"angle":0,"axis":"y","origin":[8,8.175,8]},"faces":{"up":{"uv":[4,9,13,14],"texture":"#4"}}},{"from":[8.95404,-9.92378,4.696],"to":[17.56804,-1.89978,11.304],"rotation":{"angle":22.5,"axis":"z","origin":[8.95404,-2.13578,8]},"faces":{"north":{"uv":[15,1,2,14],"texture":"#2"},"east":{"uv":[0,2,0.1,5],"rotation":90,"texture":"#2"},"south":{"uv":[2,2,14.9,14],"texture":"#2"}}},{"from":[-2.34583,18.6591,5.19836],"to":[6.26817,29.6831,10.80164],"rotation":{"angle":0,"axis":"z","origin":[35.66674,17.31022,8.00236]},"faces":{"north":{"uv":[13,1,14.9,16],"texture":"#2"},"south":{"uv":[15,1,13.1,16],"texture":"#2"},"west":{"uv":[15,0,15.9,4],"rotation":90,"texture":"#2"}}},{"from":[-2.84583,17.1591,6.69836],"to":[-1.23183,22.1831,9.30164],"rotation":{"angle":-22.5,"axis":"z","origin":[1.46117,19.6711,8]},"faces":{"north":{"uv":[15,15,16,16],"texture":"#2"},"south":{"uv":[15.9,15,15,16],"texture":"#2"},"west":{"uv":[15,0,15.9,4],"rotation":90,"texture":"#2"},"down":{"uv":[15,15,16,16],"texture":"#2"}}},{"from":[-2.34583,10.6591,4.69836],"to":[6.26817,18.6831,11.30164],"rotation":{"angle":0,"axis":"z","origin":[35.66674,9.31022,8.00236]},"faces":{"north":{"uv":[1,14,13.9,3],"rotation":180,"texture":"#2"},"south":{"uv":[1,3,13.9,14],"texture":"#2"},"west":{"uv":[15,0,15.9,4],"rotation":90,"texture":"#2"},"up":{"uv":[2,3,3,4],"texture":"#2"}}},{"from":[-2.34583,2.6351,4.69836],"to":[6.26817,10.6591,11.30164],"rotation":{"angle":0,"axis":"z","origin":[35.66674,10.72622,8.00236]},"faces":{"north":{"uv":[1,13,13.9,2],"rotation":180,"texture":"#2"},"south":{"uv":[1,2,13.9,13],"texture":"#2"},"west":{"uv":[15,0,15.9,4],"rotation":90,"texture":"#2"}}},{"from":[6.26817,18.6591,5.19836],"to":[14.88217,29.6831,10.80164],"rotation":{"angle":0,"axis":"z","origin":[35.66674,17.31022,8.00236]},"faces":{"north":{"uv":[15,1,13.1,16],"texture":"#2"},"east":{"uv":[0,2,1.1,9],"rotation":90,"texture":"#2"},"south":{"uv":[13,1,14.9,16],"texture":"#2"}}},{"from":[-2.3458,24.6591,10.39836],"to":[14.8822,29.6831,10.79836],"rotation":{"angle":0,"axis":"z","origin":[35.66674,17.31022,8.00236]},"faces":{"north":{"uv":[15,15,16,16],"texture":"#2"},"up":{"uv":[15,1,16,2],"texture":"#2"}}},{"from":[14.48217,24.6591,5.19836],"to":[14.88217,29.6831,10.80166],"rotation":{"angle":0,"axis":"y","origin":[14.68217,27.1711,13.81236]},"faces":{"west":{"uv":[15,15,16,16],"texture":"#2"},"up":{"uv":[15,1,16,2],"rotation":270,"texture":"#2"}}},{"from":[-2.34583,24.6591,5.19834],"to":[-1.94583,29.6831,10.80164],"rotation":{"angle":0,"axis":"y","origin":[-2.14583,27.1711,13.81234]},"faces":{"east":{"uv":[16,15,15,16],"texture":"#2"},"up":{"uv":[15,2,16,1],"rotation":270,"texture":"#2"}}},{"from":[-2.3458,24.6591,5.20164],"to":[14.8822,29.6831,5.60164],"rotation":{"angle":0,"axis":"z","origin":[35.66674,17.31022,7.99764]},"faces":{"south":{"uv":[16,15,15,16],"texture":"#2"},"up":{"uv":[15,2,16,1],"texture":"#2"}}},{"from":[-2.3456,29.52953,5.57041],"to":[9.3824,31.35353,5.97041],"rotation":{"angle":22.5,"axis":"x","origin":[3.51817,30.54153,5.77041]},"faces":{"north":{"uv":[0,2,2,9],"rotation":270,"texture":"#2"},"east":{"uv":[15,15,16,16],"rotation":90,"texture":"#2"},"south":{"uv":[16,15,15,16],"texture":"#2"},"west":{"uv":[15,15,16,16],"texture":"#2"},"up":{"uv":[15,2,16,1],"texture":"#2"}}},{"from":[-2.3456,29.52953,10.02959],"to":[9.3824,31.35353,10.42959],"rotation":{"angle":-22.5,"axis":"x","origin":[3.51817,30.54153,10.22959]},"faces":{"north":{"uv":[15,15,16,16],"texture":"#2"},"east":{"uv":[15,16,16,15],"rotation":90,"texture":"#2"},"south":{"uv":[0,9,2,2],"rotation":270,"texture":"#2"},"west":{"uv":[16,15,15,16],"texture":"#2"},"up":{"uv":[15,1,16,2],"texture":"#2"}}},{"from":[6.26817,10.6591,4.69836],"to":[14.88217,18.6831,11.30164],"rotation":{"angle":0,"axis":"z","origin":[35.66674,9.31022,8.00236]},"faces":{"north":{"uv":[2,14,14.9,3],"rotation":180,"texture":"#2"},"east":{"uv":[0,2,0.1,5],"rotation":90,"texture":"#2"},"south":{"uv":[2,3,14.9,14],"texture":"#2"},"up":{"uv":[2,3,3,4],"texture":"#2"}}},{"from":[6.26817,2.6351,4.69836],"to":[14.88217,10.6591,11.30164],"rotation":{"angle":0,"axis":"z","origin":[35.66674,10.72622,8.00236]},"faces":{"north":{"uv":[2,13,14.9,2],"rotation":180,"texture":"#2"},"east":{"uv":[0,2,0.1,5],"rotation":90,"texture":"#2"},"south":{"uv":[2,2,14.9,13],"texture":"#2"}}},{"from":[0.34004,-1.89978,4.696],"to":[8.95404,6.59622,11.304],"rotation":{"angle":22.5,"axis":"z","origin":[8.95404,-2.13578,8]},"faces":{"north":{"uv":[14,2,1,14],"texture":"#2"},"south":{"uv":[1,2,13.9,14],"texture":"#2"},"west":{"uv":[15,0,15.9,4],"rotation":90,"texture":"#2"},"down":{"uv":[8,4,11,7],"rotation":270,"texture":"#2"}}},{"from":[0.34004,-9.92378,4.696],"to":[8.95404,-1.89978,11.304],"rotation":{"angle":22.5,"axis":"z","origin":[8.95404,-2.13578,8]},"faces":{"north":{"uv":[14,1,1,14],"texture":"#2"},"south":{"uv":[1,2,13.9,14],"texture":"#2"},"west":{"uv":[15,0,15.9,4],"rotation":90,"texture":"#2"}}},{"from":[-0.13196,-12.75578,4.224],"to":[17.92204,-9.45178,11.776],"rotation":{"angle":22.5,"axis":"z","origin":[8.95404,-2.13578,7.528]},"faces":{"north":{"uv":[2,2,2.9,5],"texture":"#0"},"east":{"uv":[12,2,12.9,5],"texture":"#0"},"south":{"uv":[2,2,2.9,5],"texture":"#0"},"west":{"uv":[15,2,15.9,5],"texture":"#0"},"up":{"uv":[2,2,3,3],"texture":"#0"},"down":{"uv":[0,0,0.9,1],"texture":"#0"}}},{"from":[8.95404,-1.89978,4.696],"to":[17.56804,3.76422,11.304],"rotation":{"angle":22.5,"axis":"z","origin":[8.95404,-2.13578,8]},"faces":{"north":{"uv":[15,6,2,14],"texture":"#2"},"east":{"uv":[0,2,0.1,5],"rotation":90,"texture":"#2"},"south":{"uv":[2,6,14.9,14],"texture":"#2"},"down":{"uv":[8,4,11,7],"rotation":270,"texture":"#2"}}}],"gui_light":"front","display":{"thirdperson_righthand":{"rotation":[20,117,0],"translation":[-0.5,0,0],"scale":[0.11,0.11,0.11]},"thirdperson_lefthand":{"rotation":[22,-72,0],"translation":[-0.5,0,0],"scale":[0.11,0.11,0.11]},"firstperson_righthand":{"rotation":[-71,66,80],"translation":[2.5,0,0],"scale":[0.175,0.175,0.175]},"firstperson_lefthand":{"rotation":[180,-66,168],"translation":[2.5,0,0],"scale":[0.175,0.175,0.175]},"ground":{"translation":[0,3,0],"scale":[0.11,0.11,0.11]},"gui":{"rotation":[0,-180,22],"scale":[0.4,0.4,0.4]},"head":{"scale":[0.22,0.22,0.22]},"fixed":{"rotation":[0,180,0],"translation":[0,0,-1],"scale":[0.22,0.22,0.22]}}}