{"textures":{"0":"block/furnace_top","1":"block/coal_block","2":"block/anvil","3":"block/chiseled_stone_bricks","4":"block/bedrock","5":"block/fire_coral","6":"block/observer_side","7":"block/green_concrete_powder","8":"block/green_shulker_box","9":"block/oak_door_bottom","particle":"block/observer_side"},"elements":[{"from":[4.18,9.575,7.0988],"to":[5.26,10.195,8.9012],"rotation":{"angle":0,"axis":"y","origin":[3.52,9.595,7.94]},"faces":{"north":{"uv":[0,13,5,14],"rotation":90,"texture":"#1"},"east":{"uv":[1,13,1.5,13.75],"texture":"#1"},"south":{"uv":[0,13,5,14],"rotation":90,"texture":"#1"},"west":{"uv":[1,13,2,14],"texture":"#1"},"up":{"uv":[4,3,8,4],"texture":"#1"},"down":{"uv":[11,5,12,6],"texture":"#1"}}},{"from":[-0.74,9.575,7.0988],"to":[0.34,10.195,8.9012],"rotation":{"angle":0,"axis":"y","origin":[-0.2,9.985,8]},"faces":{"north":{"uv":[0,13,5,14],"rotation":90,"texture":"#1"},"east":{"uv":[1,13,1.5,13.75],"texture":"#1"},"south":{"uv":[0,13,5,14],"rotation":90,"texture":"#1"},"west":{"uv":[1,13,2,14],"texture":"#1"},"up":{"uv":[4,3,8,4],"texture":"#1"},"down":{"uv":[11,5,12,6],"texture":"#1"}}},{"from":[0.07,10.06389,6.69769],"to":[7.27,11.11389,7.06009],"rotation":{"angle":0,"axis":"y","origin":[3.52,9.82389,8.58889]},"faces":{"north":{"uv":[0,13,5,14],"rotation":270,"texture":"#1"},"east":{"uv":[10,8,14.5,9],"rotation":90,"texture":"#1"},"west":{"uv":[0,13,6,14],"rotation":270,"texture":"#1"},"down":{"uv":[1,13,2,14],"texture":"#1"}}},{"from":[0.07012,10.94655,7.11495],"to":[7.26892,11.48655,7.59735],"rotation":{"angle":-45,"axis":"x","origin":[4.21,10.79655,7.35615]},"faces":{"east":{"uv":[10,8,11,9],"rotation":90,"texture":"#1"},"west":{"uv":[5,13,7,14],"texture":"#1"},"up":{"uv":[4,13,7,14],"rotation":90,"texture":"#1"}}},{"from":[-1.34,10.075,7.0388],"to":[1.15,11.695,8.9612],"rotation":{"angle":0,"axis":"y","origin":[3.52,9.835,8]},"faces":{"north":{"uv":[0,13,7,14],"rotation":270,"texture":"#1"},"east":{"uv":[10,8,14.5,9],"rotation":90,"texture":"#1"},"south":{"uv":[0,14,5,15],"rotation":270,"texture":"#1"},"west":{"uv":[0,12,5,15],"rotation":270,"texture":"#1"},"up":{"uv":[0,3,16,4],"rotation":270,"texture":"#2"},"down":{"uv":[1,13,2,14],"texture":"#1"}}},{"from":[1.15,10.075,7.0388],"to":[7.27,11.455,7.5212],"rotation":{"angle":0,"axis":"y","origin":[3.52,9.835,8]},"faces":{"east":{"uv":[9,8,14.5,9],"rotation":90,"texture":"#1"},"south":{"uv":[0,14,5,15],"rotation":270,"texture":"#1"},"up":{"uv":[0,15,16,16],"rotation":270,"texture":"#2"},"down":{"uv":[1,13,2,14],"texture":"#1"}}},{"from":[1.15,10.075,7.5188],"to":[7.27,11.335,8.4812],"rotation":{"angle":0,"axis":"y","origin":[3.52,9.835,8]},"faces":{"east":{"uv":[10,8,14.5,9],"rotation":90,"texture":"#1"},"up":{"uv":[0,3,16,4],"rotation":270,"texture":"#2"},"down":{"uv":[1,13,2,14],"texture":"#1"}}},{"from":[1.15,10.075,8.4788],"to":[7.27,11.455,8.9612],"rotation":{"angle":0,"axis":"y","origin":[3.52,9.835,8]},"faces":{"north":{"uv":[0,13,7,14],"rotation":270,"texture":"#1"},"east":{"uv":[9,8,14.5,9],"rotation":90,"texture":"#1"},"south":{"uv":[0,14,5,15],"rotation":270,"texture":"#1"},"up":{"uv":[0,15,16,16],"rotation":270,"texture":"#2"},"down":{"uv":[1,13,2,14],"texture":"#1"}}},{"from":[0.79,10.195,8.9288],"to":[5.41,11.335,9.0812],"rotation":{"angle":0,"axis":"y","origin":[3.52,9.835,8]},"faces":{"east":{"uv":[11,5,16,6],"rotation":90,"texture":"#0"},"south":{"uv":[0,14,5,15],"rotation":270,"texture":"#1"},"west":{"uv":[3,13,7,14],"rotation":270,"texture":"#1"},"up":{"uv":[0,2,6,3],"texture":"#0"},"down":{"uv":[1,13,2,14],"texture":"#1"}}},{"from":[4.36,10.435,8.0876],"to":[5.14,11.215,9.2324],"rotation":{"angle":0,"axis":"y","origin":[4.36,9.835,8.0012]},"faces":{"east":{"uv":[7,13,4,14],"rotation":90,"texture":"#1"},"south":{"uv":[5,10,10,5],"rotation":270,"texture":"#3"},"west":{"uv":[7,13,4,14],"rotation":90,"texture":"#1"},"up":{"uv":[13,6,16,5],"rotation":180,"texture":"#0"},"down":{"uv":[11,6,12,5],"texture":"#1"}}},{"from":[4.36,10.675,9.1676],"to":[5.14,10.975,9.5924],"rotation":{"angle":45,"axis":"z","origin":[4.75,10.825,9.38]},"faces":{"east":{"uv":[7,13,3,14],"texture":"#1"},"south":{"uv":[11,1,16,0],"rotation":90,"texture":"#2"},"west":{"uv":[2,13,1,14],"texture":"#1"},"up":{"uv":[3,14,7,13],"rotation":90,"texture":"#1"},"down":{"uv":[1,14,2,13],"texture":"#1"}}},{"from":[3.04,10.795,8.2076],"to":[3.34,11.095,9.2324],"rotation":{"angle":0,"axis":"y","origin":[4.6,9.835,7.9988]},"faces":{"east":{"uv":[11,5,12,6],"texture":"#1"},"south":{"uv":[2,9,4,11],"rotation":180,"texture":"#4"},"west":{"uv":[11,5,12,6],"texture":"#1"},"up":{"uv":[0,0,3,1],"rotation":180,"texture":"#1"},"down":{"uv":[11,5,12,6],"texture":"#1"}}},{"from":[1.24,10.795,8.2076],"to":[2.14,11.095,9.2324],"rotation":{"angle":0,"axis":"y","origin":[4.6,9.835,7.9988]},"faces":{"east":{"uv":[11,5,12,6],"texture":"#1"},"south":{"uv":[2,13,10,14],"texture":"#1"},"west":{"uv":[11,5,12,6],"texture":"#1"},"up":{"uv":[8,7,13,8],"texture":"#1"},"down":{"uv":[11,5,12,6],"texture":"#1"}}},{"from":[-0.44,10.765,9.1082],"to":[-0.08,11.125,9.173],"rotation":{"angle":0,"axis":"y","origin":[4.6,9.835,7.9988]},"faces":{"south":{"uv":[2,9,4,11],"rotation":180,"texture":"#4"}}},{"from":[-0.85147,10.69647,8.7476],"to":[0.34853,11.19353,9.1724],"rotation":{"angle":22.5,"axis":"z","origin":[-0.25147,10.945,8.96]},"faces":{"east":{"uv":[11,5,12,6],"texture":"#1"},"south":{"uv":[0,14,9,15],"texture":"#1"},"west":{"uv":[11,5,12,6],"texture":"#1"}}},{"from":[-0.85147,10.69647,8.74772],"to":[0.34853,11.19353,9.17252],"rotation":{"angle":-22.5,"axis":"z","origin":[-0.25147,10.945,8.96]},"faces":{"east":{"uv":[11,5,12,6],"rotation":180,"texture":"#1"},"south":{"uv":[0,14,9,15],"rotation":180,"texture":"#1"},"west":{"uv":[11,5,12,6],"rotation":180,"texture":"#1"}}},{"from":[-0.5,10.345,8.74748],"to":[-0.00295,11.545,9.17228],"rotation":{"angle":-22.5,"axis":"z","origin":[-0.25147,10.945,8.96]},"faces":{"south":{"uv":[0,14,9,15],"rotation":270,"texture":"#1"},"up":{"uv":[11,5,12,6],"rotation":270,"texture":"#1"},"down":{"uv":[11,5,12,6],"rotation":270,"texture":"#1"}}},{"from":[-0.5,10.345,8.7476],"to":[-0.00295,11.545,9.1724],"rotation":{"angle":22.5,"axis":"z","origin":[-0.25147,10.945,8.96]},"faces":{"south":{"uv":[0,14,9,15],"rotation":270,"texture":"#1"},"up":{"uv":[11,5,12,6],"rotation":270,"texture":"#1"},"down":{"uv":[11,5,12,6],"rotation":270,"texture":"#1"}}},{"from":[-0.5,11.6926,7.28],"to":[-0.21357,11.8726,8.72],"rotation":{"angle":0,"axis":"x","origin":[-0.35678,11.7826,8]},"faces":{"north":{"uv":[11,5,12,6],"rotation":90,"texture":"#1"},"south":{"uv":[11,5,12,6],"rotation":270,"texture":"#1"},"up":{"uv":[1,14,8,15],"rotation":270,"texture":"#1"}}},{"from":[-0.5,11.6926,7.28],"to":[-0.21357,11.8726,8.72],"rotation":{"angle":45,"axis":"y","origin":[-0.35678,11.7826,8]},"faces":{"north":{"uv":[11,5,12,6],"rotation":90,"texture":"#1"},"south":{"uv":[11,5,12,6],"rotation":270,"texture":"#1"},"up":{"uv":[1,14,8,15],"rotation":270,"texture":"#1"}}},{"from":[-0.5,11.6926,7.28],"to":[-0.21357,11.8726,8.72],"rotation":{"angle":22.5,"axis":"y","origin":[-0.35678,11.7826,8]},"faces":{"north":{"uv":[11,5,12,6],"rotation":90,"texture":"#1"},"south":{"uv":[11,5,12,6],"rotation":270,"texture":"#1"},"up":{"uv":[1,14,8,15],"rotation":270,"texture":"#1"}}},{"from":[-1.07678,11.6926,7.85678],"to":[0.36322,11.8726,8.14322],"rotation":{"angle":-22.5,"axis":"y","origin":[-0.35678,11.7826,8]},"faces":{"east":{"uv":[11,5,12,6],"rotation":90,"texture":"#1"},"west":{"uv":[11,5,12,6],"rotation":270,"texture":"#1"},"up":{"uv":[1,14,8,15],"texture":"#1"}}},{"from":[-1.07678,11.6926,7.85678],"to":[0.36322,11.8726,8.14322],"rotation":{"angle":0,"axis":"y","origin":[-0.35678,11.7826,8]},"faces":{"east":{"uv":[11,5,12,6],"rotation":90,"texture":"#1"},"west":{"uv":[11,5,12,6],"rotation":270,"texture":"#1"},"up":{"uv":[1,14,8,15],"texture":"#1"}}},{"from":[-1.07678,11.6926,7.85678],"to":[0.36322,11.8726,8.14322],"rotation":{"angle":22.5,"axis":"y","origin":[-0.35678,11.7826,8]},"faces":{"east":{"uv":[11,5,12,6],"rotation":90,"texture":"#1"},"west":{"uv":[11,5,12,6],"rotation":270,"texture":"#1"},"up":{"uv":[1,14,8,15],"texture":"#1"}}},{"from":[-0.5,11.6926,7.28],"to":[-0.21357,11.8726,8.72],"rotation":{"angle":-45,"axis":"y","origin":[-0.35678,11.7826,8]},"faces":{"north":{"uv":[11,5,12,6],"rotation":90,"texture":"#1"},"south":{"uv":[11,5,12,6],"rotation":270,"texture":"#1"},"up":{"uv":[1,14,8,15],"rotation":270,"texture":"#1"}}},{"from":[-0.5,11.6926,7.28],"to":[-0.21357,11.8726,8.72],"rotation":{"angle":-22.5,"axis":"y","origin":[-0.35678,11.7826,8]},"faces":{"north":{"uv":[11,5,12,6],"rotation":90,"texture":"#1"},"south":{"uv":[11,5,12,6],"rotation":270,"texture":"#1"},"up":{"uv":[1,14,8,15],"rotation":270,"texture":"#1"}}},{"from":[-0.59678,11.6932,7.76],"to":[-0.11678,11.8732,8.24],"rotation":{"angle":45,"axis":"y","origin":[-0.35678,11.78272,8]},"faces":{"up":{"uv":[7,11,10,14],"texture":"#4"}}},{"from":[6.25,11.35209,7.38289],"to":[7.18,11.62209,8.16709],"rotation":{"angle":22.5,"axis":"x","origin":[7.06,12.25209,8]},"faces":{"east":{"uv":[10,9,10.5,8],"rotation":90,"texture":"#1"},"west":{"uv":[16,8,15,9],"texture":"#1"},"up":{"uv":[16,15,10,16],"rotation":180,"texture":"#1"}}},{"from":[6.25,12.085,7.07],"to":[7.18,12.6592,7.37],"rotation":{"angle":-45,"axis":"x","origin":[7.06,12.25209,8]},"faces":{"east":{"uv":[10,9,10.5,8],"texture":"#1"},"south":{"uv":[16,15,10,16],"rotation":180,"texture":"#1"},"west":{"uv":[16,8,15,9],"rotation":90,"texture":"#1"}}},{"from":[6.25,12.085,7.1],"to":[7.18,12.5392,7.37],"rotation":{"angle":-22.5,"axis":"x","origin":[7.06,12.25209,8]},"faces":{"east":{"uv":[10,9,10.5,8],"texture":"#1"},"south":{"uv":[16,15,10,16],"rotation":180,"texture":"#1"},"west":{"uv":[16,8,15,9],"rotation":90,"texture":"#1"}}},{"from":[6.25,12.085,7.19],"to":[7.18,12.4192,7.37],"rotation":{"angle":0,"axis":"x","origin":[7.06,12.25209,8]},"faces":{"east":{"uv":[10,9,10.5,8],"texture":"#1"},"south":{"uv":[16,15,10,16],"rotation":180,"texture":"#1"},"west":{"uv":[16,8,15,9],"rotation":90,"texture":"#1"}}},{"from":[6.25,12.115,7.28],"to":[7.18,12.4192,7.37],"rotation":{"angle":22.5,"axis":"x","origin":[7.06,12.25209,8]},"faces":{"east":{"uv":[10,9,13,8],"rotation":180,"texture":"#1"},"south":{"uv":[16,15,10,16],"rotation":180,"texture":"#1"},"west":{"uv":[16,8,15,9],"rotation":90,"texture":"#1"}}},{"from":[6.25,12.115,7.28],"to":[7.18,12.4192,7.37],"rotation":{"angle":45,"axis":"x","origin":[7.06,12.25209,8]},"faces":{"east":{"uv":[10,9,13,8],"rotation":180,"texture":"#1"},"south":{"uv":[16,15,10,16],"rotation":180,"texture":"#1"},"west":{"uv":[16,8,15,9],"rotation":90,"texture":"#1"}}},{"from":[6.25,12.88209,7.86291],"to":[7.18,12.97209,8.16709],"rotation":{"angle":-22.5,"axis":"x","origin":[7.06,12.25209,8]},"faces":{"east":{"uv":[10,9,13,8],"rotation":90,"texture":"#1"},"west":{"uv":[16,8,15,9],"rotation":180,"texture":"#1"},"down":{"uv":[16,15,10,16],"rotation":180,"texture":"#1"}}},{"from":[6.25,12.88209,7.84791],"to":[7.18,12.97209,8.15209],"rotation":{"angle":0,"axis":"x","origin":[7.06,12.25209,8.015]},"faces":{"east":{"uv":[10,9,13,8],"rotation":90,"texture":"#1"},"west":{"uv":[16,8,15,9],"texture":"#1"},"down":{"uv":[10,16,16,15],"texture":"#1"}}},{"from":[6.25,12.88209,7.83291],"to":[7.18,12.97209,8.13709],"rotation":{"angle":22.5,"axis":"x","origin":[7.06,12.25209,8]},"faces":{"east":{"uv":[10,9,13,8],"rotation":90,"texture":"#1"},"west":{"uv":[16,8,15,9],"texture":"#1"},"down":{"uv":[10,16,16,15],"texture":"#1"}}},{"from":[6.25,12.115,8.63],"to":[7.18,12.41918,8.72],"rotation":{"angle":-45,"axis":"x","origin":[7.06,12.25209,8]},"faces":{"north":{"uv":[10,16,16,15],"rotation":180,"texture":"#1"},"east":{"uv":[10,9,13,8],"texture":"#1"},"west":{"uv":[16,8,15,9],"rotation":90,"texture":"#1"}}},{"from":[6.25,12.115,8.63],"to":[7.18,12.41918,8.72],"rotation":{"angle":-22.5,"axis":"x","origin":[7.06,12.25209,8]},"faces":{"north":{"uv":[10,16,16,15],"rotation":180,"texture":"#1"},"east":{"uv":[10,9,13,8],"texture":"#1"},"west":{"uv":[16,8,15,9],"rotation":90,"texture":"#1"}}},{"from":[6.25,12.085,8.63],"to":[7.18,12.41918,8.81],"rotation":{"angle":0,"axis":"x","origin":[7.06,12.25209,8]},"faces":{"north":{"uv":[10,16,16,15],"rotation":180,"texture":"#1"},"east":{"uv":[10,9,10.5,8],"texture":"#1"},"west":{"uv":[16,8,15,9],"rotation":90,"texture":"#1"}}},{"from":[6.25,12.085,8.63],"to":[7.18,12.62918,8.96],"rotation":{"angle":45,"axis":"x","origin":[7.06,12.25209,8]},"faces":{"north":{"uv":[10,16,16,15],"rotation":180,"texture":"#1"},"east":{"uv":[10,9,10.5,8],"texture":"#1"},"west":{"uv":[16,8,15,9],"rotation":90,"texture":"#1"}}},{"from":[6.25,12.085,8.63],"to":[7.18,12.53918,8.9],"rotation":{"angle":22.5,"axis":"x","origin":[7.06,12.25209,8]},"faces":{"north":{"uv":[10,16,16,15],"rotation":180,"texture":"#1"},"east":{"uv":[10,9,10.5,8],"texture":"#1"},"west":{"uv":[16,8,15,9],"rotation":90,"texture":"#1"}}},{"from":[6.25,11.35209,7.83291],"to":[7.18,11.62209,8.61709],"rotation":{"angle":-22.5,"axis":"x","origin":[7.06,12.25209,8]},"faces":{"east":{"uv":[10,9,10.5,8],"rotation":270,"texture":"#1"},"west":{"uv":[16,8,15,9],"rotation":180,"texture":"#1"},"up":{"uv":[10,16,16,15],"texture":"#1"}}},{"from":[6.2506,11.29209,7.14291],"to":[7.1806,11.62209,8.85709],"rotation":{"angle":0,"axis":"x","origin":[7.06,12.25209,8]},"faces":{"east":{"uv":[10,9,16,8],"rotation":90,"texture":"#1"},"west":{"uv":[16,8,15,9],"rotation":180,"texture":"#1"},"up":{"uv":[10,16,16,15],"texture":"#1"}}},{"from":[6.07,11.455,7.0388],"to":[7.24,12.133,7.1612],"rotation":{"angle":0,"axis":"y","origin":[4.36,9.835,8]},"faces":{"north":{"uv":[3,15,5,14],"rotation":270,"texture":"#1"},"east":{"uv":[10,9,14.5,8],"rotation":180,"texture":"#1"},"south":{"uv":[0,0,1,5],"rotation":270,"texture":"#1"},"west":{"uv":[16,8,15,9],"texture":"#1"}}},{"from":[6.07,11.7694,7.16],"to":[7.24,12.4192,7.28],"rotation":{"angle":22.5,"axis":"x","origin":[7.06,12.25209,8]},"faces":{"north":{"uv":[7,14,5,13],"rotation":90,"texture":"#1"},"east":{"uv":[14.5,9,10,8],"texture":"#1"},"south":{"uv":[16,16,10,15],"rotation":180,"texture":"#1"},"west":{"uv":[16,8,13,7],"rotation":180,"texture":"#1"}}},{"from":[6.07012,12.085,7.16],"to":[7.24012,12.41918,7.28],"rotation":{"angle":45,"axis":"x","origin":[7.06,12.25209,8]},"faces":{"north":{"uv":[14,6,16,5],"rotation":90,"texture":"#0"},"east":{"uv":[10,9,14.5,8],"rotation":180,"texture":"#1"},"south":{"uv":[16,15,10,16],"rotation":180,"texture":"#1"},"west":{"uv":[14,7,11,8],"rotation":180,"texture":"#1"}}},{"from":[6.07,12.97209,7.83291],"to":[7.24,13.09209,8.16709],"rotation":{"angle":-22.5,"axis":"x","origin":[7.06,12.25209,8]},"faces":{"east":{"uv":[10,9,14.5,8],"rotation":90,"texture":"#1"},"west":{"uv":[13,7,10,8],"rotation":270,"texture":"#1"},"up":{"uv":[13,6,15,5],"rotation":270,"texture":"#0"},"down":{"uv":[16,15,10,16],"rotation":180,"texture":"#1"}}},{"from":[6.07012,12.97209,7.83291],"to":[7.24012,13.09209,8.16709],"rotation":{"angle":0,"axis":"x","origin":[7.06,12.25209,8]},"faces":{"east":{"uv":[10,9,14.5,8],"rotation":90,"texture":"#1"},"west":{"uv":[13,7,10,8],"rotation":270,"texture":"#1"},"up":{"uv":[11,2,8,3],"rotation":270,"texture":"#0"},"down":{"uv":[10,16,16,15],"texture":"#1"}}},{"from":[6.07,12.97209,7.83291],"to":[7.24,13.09209,8.16709],"rotation":{"angle":22.5,"axis":"x","origin":[7.06,12.25209,8]},"faces":{"east":{"uv":[10,9,14.5,8],"rotation":90,"texture":"#1"},"west":{"uv":[13,7,10,8],"rotation":270,"texture":"#1"},"up":{"uv":[15,5,13,6],"rotation":270,"texture":"#0"},"down":{"uv":[10,16,16,15],"texture":"#1"}}},{"from":[6.07012,12.085,8.72],"to":[7.24012,12.41918,8.84],"rotation":{"angle":-45,"axis":"x","origin":[7.06,12.25209,8]},"faces":{"north":{"uv":[10,16,16,15],"rotation":180,"texture":"#1"},"east":{"uv":[10,9,14.5,8],"texture":"#1"},"south":{"uv":[16,5,14,6],"rotation":270,"texture":"#0"},"west":{"uv":[14,7,11,8],"texture":"#1"}}},{"from":[6.07,11.7694,8.72],"to":[7.24,12.4192,8.84],"rotation":{"angle":-22.5,"axis":"x","origin":[7.06,12.25209,8]},"faces":{"north":{"uv":[10,16,16,15],"rotation":180,"texture":"#1"},"east":{"uv":[10,9,14.5,8],"texture":"#1"},"south":{"uv":[7,13,5,14],"rotation":90,"texture":"#1"},"west":{"uv":[16,7,13,8],"texture":"#1"}}},{"from":[6.07,11.455,8.8388],"to":[7.24,12.133,8.9612],"rotation":{"angle":0,"axis":"y","origin":[4.36,9.835,8]},"faces":{"north":{"uv":[0,0,1,5],"rotation":90,"texture":"#1"},"east":{"uv":[10,8,14.5,9],"texture":"#1"},"south":{"uv":[4,14,5,15],"rotation":270,"texture":"#1"},"west":{"uv":[15,8,16,9],"texture":"#1"}}},{"from":[5.91058,11.21156,8.8388],"to":[6.21058,12.00956,8.9612],"rotation":{"angle":-22.5,"axis":"z","origin":[6.30058,11.67056,8.9]},"faces":{"north":{"uv":[0,1,1,0],"rotation":270,"texture":"#1"},"east":{"uv":[10,8,14.5,9],"rotation":90,"texture":"#1"},"south":{"uv":[4,14,5,15],"rotation":270,"texture":"#1"},"west":{"uv":[12,8,15,9],"rotation":180,"texture":"#1"}}},{"from":[5.91064,11.21156,7.03892],"to":[6.21064,12.00956,7.16132],"rotation":{"angle":-22.5,"axis":"z","origin":[6.30058,11.67056,7.1]},"faces":{"north":{"uv":[3,15,5,14],"rotation":270,"texture":"#1"},"east":{"uv":[10,9,14.5,8],"rotation":90,"texture":"#1"},"south":{"uv":[0,0,1,1],"rotation":270,"texture":"#1"},"west":{"uv":[15,8,12,9],"rotation":180,"texture":"#1"}}},{"from":[7.2292,12.235,8.045],"to":[7.4092,12.253,8.195],"rotation":{"angle":0,"axis":"x","origin":[7.318,12.295,8.015]},"faces":{"west":{"uv":[9,3,10,4],"rotation":90,"texture":"#5"}}},{"from":[7.2292,12.235,7.805],"to":[7.4092,12.253,7.955],"rotation":{"angle":0,"axis":"x","origin":[7.318,12.295,8.015]},"faces":{"west":{"uv":[9,3,10,4],"rotation":90,"texture":"#5"}}},{"from":[7.228,12.055,7.991],"to":[7.408,12.205,8.009],"rotation":{"angle":0,"axis":"y","origin":[9.16,9.535,8.051]},"faces":{"west":{"uv":[9,3,10,4],"rotation":180,"texture":"#5"}}},{"from":[-1.05,9.675,7.45],"to":[11.65,9.9,8.55],"rotation":{"angle":0,"axis":"z","origin":[7.4,9.15,8.075]},"faces":{"north":{"uv":[15,2,16,4],"texture":"#6"},"south":{"uv":[15,2,16,4],"texture":"#6"},"west":{"uv":[5,13,7,14],"rotation":270,"texture":"#1"},"up":{"uv":[5,12,10,13],"rotation":90,"texture":"#1"},"down":{"uv":[1,13,2,14],"texture":"#1"}}},{"from":[-1.05,9.9,7.45],"to":[-0.45,10.05,8.55],"rotation":{"angle":0,"axis":"z","origin":[7.4,9.475,8.075]},"faces":{"north":{"uv":[14,2,15,4],"texture":"#6"},"east":{"uv":[5,13,7,14],"rotation":270,"texture":"#1"},"south":{"uv":[14,2,16,3],"rotation":90,"texture":"#6"},"west":{"uv":[15,2,16,4],"texture":"#6"},"up":{"uv":[15,1,16,15],"rotation":180,"texture":"#6"}}},{"from":[6.35,9.9,7.45],"to":[6.75,10.05,8.55],"rotation":{"angle":0,"axis":"z","origin":[14.8,9.475,8.075]},"faces":{"north":{"uv":[14,2,15,4],"texture":"#6"},"east":{"uv":[5,13,7,14],"rotation":270,"texture":"#1"},"south":{"uv":[14,2,16,3],"rotation":90,"texture":"#6"},"west":{"uv":[5,13,7,14],"rotation":270,"texture":"#1"},"up":{"uv":[13,1,14,15],"rotation":180,"texture":"#6"}}},{"from":[2.75,9.9,7.45],"to":[3.15,10.05,8.55],"rotation":{"angle":0,"axis":"z","origin":[11.2,9.475,8.075]},"faces":{"north":{"uv":[14,2,15,4],"texture":"#6"},"east":{"uv":[5,13,7,14],"rotation":270,"texture":"#1"},"south":{"uv":[14,2,16,3],"rotation":90,"texture":"#6"},"west":{"uv":[5,13,7,14],"rotation":270,"texture":"#1"},"up":{"uv":[15,1,16,15],"rotation":180,"texture":"#6"}}},{"from":[9.95,9.9,7.45],"to":[10.35,10.05,8.55],"rotation":{"angle":0,"axis":"z","origin":[18.4,9.475,8.075]},"faces":{"north":{"uv":[14,2,15,4],"texture":"#6"},"east":{"uv":[5,13,7,14],"rotation":270,"texture":"#1"},"south":{"uv":[14,2,16,3],"rotation":90,"texture":"#6"},"west":{"uv":[5,13,7,14],"rotation":270,"texture":"#1"},"up":{"uv":[4,1,5,15],"rotation":180,"texture":"#6"}}},{"from":[0.95,9.9,7.45],"to":[1.35,10.05,8.55],"rotation":{"angle":0,"axis":"z","origin":[9.4,9.475,8.075]},"faces":{"north":{"uv":[14,2,15,4],"texture":"#6"},"east":{"uv":[5,13,7,14],"rotation":270,"texture":"#1"},"south":{"uv":[14,2,16,3],"rotation":90,"texture":"#6"},"west":{"uv":[5,13,7,14],"rotation":270,"texture":"#1"},"up":{"uv":[15,1,16,15],"rotation":180,"texture":"#6"}}},{"from":[8.15,9.9,7.45],"to":[8.55,10.05,8.55],"rotation":{"angle":0,"axis":"z","origin":[16.6,9.475,8.075]},"faces":{"north":{"uv":[14,2,15,4],"texture":"#6"},"east":{"uv":[5,13,7,14],"rotation":270,"texture":"#1"},"south":{"uv":[14,2,16,3],"rotation":90,"texture":"#6"},"west":{"uv":[5,13,7,14],"rotation":270,"texture":"#1"},"up":{"uv":[4,1,5,15],"rotation":180,"texture":"#6"}}},{"from":[0.05,9.9,7.45],"to":[0.45,10.05,8.55],"rotation":{"angle":0,"axis":"z","origin":[8.5,9.475,8.075]},"faces":{"north":{"uv":[14,2,15,4],"texture":"#6"},"east":{"uv":[5,13,7,14],"rotation":270,"texture":"#1"},"south":{"uv":[14,2,16,3],"rotation":90,"texture":"#6"},"west":{"uv":[5,13,7,14],"rotation":270,"texture":"#1"},"up":{"uv":[15,1,16,15],"rotation":180,"texture":"#6"}}},{"from":[11.3059,9.47008,7.45],"to":[13.8059,9.67008,8.55],"rotation":{"angle":-22.5,"axis":"z","origin":[12.0559,8.92008,8.075]},"faces":{"north":{"uv":[15,2,16,4],"texture":"#6"},"east":{"uv":[0,11,1,13],"texture":"#1"},"south":{"uv":[15,2,16,4],"texture":"#6"},"up":{"uv":[6,9,7,14],"texture":"#1"},"down":{"uv":[1,13,2,14],"texture":"#1"}}},{"from":[7.25,9.9,7.45],"to":[7.65,10.05,8.55],"rotation":{"angle":0,"axis":"z","origin":[15.7,9.475,8.075]},"faces":{"north":{"uv":[14,2,15,4],"texture":"#6"},"east":{"uv":[5,13,7,14],"rotation":270,"texture":"#1"},"south":{"uv":[14,2,16,3],"rotation":90,"texture":"#6"},"west":{"uv":[5,13,7,14],"rotation":270,"texture":"#1"},"up":{"uv":[2,1,3,15],"rotation":180,"texture":"#6"}}},{"from":[3.65,9.9,7.45],"to":[4.05,10.05,8.55],"rotation":{"angle":0,"axis":"z","origin":[12.1,9.475,8.075]},"faces":{"north":{"uv":[14,2,15,4],"texture":"#6"},"east":{"uv":[5,13,7,14],"rotation":270,"texture":"#1"},"south":{"uv":[14,2,16,3],"rotation":90,"texture":"#6"},"west":{"uv":[5,13,7,14],"rotation":270,"texture":"#1"},"up":{"uv":[15,1,16,15],"rotation":180,"texture":"#6"}}},{"from":[10.85,9.9,7.45],"to":[11.45,10.05,8.55],"rotation":{"angle":0,"axis":"z","origin":[19.3,9.475,8.075]},"faces":{"north":{"uv":[14,2,15,4],"texture":"#6"},"east":{"uv":[5,13,7,14],"rotation":270,"texture":"#1"},"south":{"uv":[14,2,16,3],"rotation":90,"texture":"#6"},"west":{"uv":[5,13,7,14],"rotation":270,"texture":"#1"},"up":{"uv":[2,1,3,15],"rotation":180,"texture":"#6"}}},{"from":[1.85,9.9,7.45],"to":[2.25,10.05,8.55],"rotation":{"angle":0,"axis":"z","origin":[10.3,9.475,8.075]},"faces":{"north":{"uv":[14,2,15,4],"texture":"#6"},"east":{"uv":[5,13,7,14],"rotation":270,"texture":"#1"},"south":{"uv":[14,2,16,3],"rotation":90,"texture":"#6"},"west":{"uv":[5,13,7,14],"rotation":270,"texture":"#1"},"up":{"uv":[15,1,16,15],"rotation":180,"texture":"#6"}}},{"from":[9.05,9.9,7.45],"to":[9.45,10.05,8.55],"rotation":{"angle":0,"axis":"z","origin":[17.5,9.475,8.075]},"faces":{"north":{"uv":[14,2,15,4],"texture":"#6"},"east":{"uv":[5,13,7,14],"rotation":270,"texture":"#1"},"south":{"uv":[14,2,16,3],"rotation":90,"texture":"#6"},"west":{"uv":[5,13,7,14],"rotation":270,"texture":"#1"},"up":{"uv":[13,1,14,15],"rotation":180,"texture":"#6"}}},{"from":[5.45,9.9,7.45],"to":[5.85,10.05,8.55],"rotation":{"angle":0,"axis":"z","origin":[13.9,9.475,8.075]},"faces":{"north":{"uv":[14,2,15,4],"texture":"#6"},"east":{"uv":[5,13,7,14],"rotation":270,"texture":"#1"},"south":{"uv":[14,2,16,3],"rotation":90,"texture":"#6"},"west":{"uv":[5,13,7,14],"rotation":270,"texture":"#1"},"up":{"uv":[15,1,16,15],"rotation":180,"texture":"#6"}}},{"from":[-0.95,7.975,7.6],"to":[11.65,9.675,8.4],"rotation":{"angle":0,"axis":"z","origin":[7.4,9.25,8.125]},"faces":{"north":{"uv":[0,13.1,7,13.2],"rotation":270,"texture":"#1"},"south":{"uv":[0,13,7,14],"rotation":270,"texture":"#1"},"west":{"uv":[0,13,7,14],"rotation":270,"texture":"#1"}}},{"from":[16,8.3,7.90054],"to":[25.1,8.5,8.09946],"rotation":{"angle":0,"axis":"y","origin":[19.5,8,8]},"faces":{"east":{"uv":[1,13,2,14],"texture":"#1"},"up":{"uv":[12,1.1,13,2.9],"texture":"#6"},"down":{"uv":[1,13,2,14],"texture":"#1"}}},{"from":[16,7.90054,8.3],"to":[25.1,8.09946,8.5],"rotation":{"angle":0,"axis":"x","origin":[19.5,8,8]},"faces":{"north":{"uv":[1,13,2,14],"texture":"#1"},"east":{"uv":[1,13,2,14],"texture":"#1"},"south":{"uv":[4,13,6,14],"rotation":270,"texture":"#1"}}},{"from":[16,8.3,7.90054],"to":[25.1,8.5,8.09946],"rotation":{"angle":-45,"axis":"x","origin":[19.5,8,8]},"faces":{"east":{"uv":[1,13,2,14],"texture":"#1"},"up":{"uv":[6,2,8,3],"rotation":90,"texture":"#6"},"down":{"uv":[1,13,2,14],"texture":"#1"}}},{"from":[16,8.3,7.90054],"to":[25.1,8.5,8.09946],"rotation":{"angle":45,"axis":"x","origin":[19.5,8,8]},"faces":{"east":{"uv":[1,13,2,14],"texture":"#1"},"up":{"uv":[5,2.1,6,4],"texture":"#6"},"down":{"uv":[1,13,2,14],"texture":"#1"}}},{"from":[16,8.3,7.90054],"to":[25.1,8.5,8.09946],"rotation":{"angle":22.5,"axis":"x","origin":[19.5,8,8]},"faces":{"east":{"uv":[1,13,2,14],"texture":"#1"},"up":{"uv":[6,2,8,3],"rotation":270,"texture":"#6"},"down":{"uv":[1,13,2,14],"texture":"#1"}}},{"from":[16,7.90054,8.3],"to":[25.1,8.09946,8.5],"rotation":{"angle":22.5,"axis":"x","origin":[19.5,8,8]},"faces":{"north":{"uv":[1,11,2,13],"rotation":180,"texture":"#1"},"east":{"uv":[1,13,2,14],"texture":"#1"},"south":{"uv":[3,13,5,14],"rotation":270,"texture":"#1"}}},{"from":[16,8.3,7.90054],"to":[25.1,8.5,8.09946],"rotation":{"angle":-22.5,"axis":"x","origin":[19.5,8,8]},"faces":{"east":{"uv":[1,13,2,14],"texture":"#1"},"up":{"uv":[8,1.1,9,2.9],"rotation":180,"texture":"#6"},"down":{"uv":[1,13,2,14],"texture":"#1"}}},{"from":[16,7.90054,8.3],"to":[25.1,8.09946,8.5],"rotation":{"angle":-22.5,"axis":"x","origin":[19.5,8,8]},"faces":{"north":{"uv":[1,13,2,14],"texture":"#1"},"east":{"uv":[1,13,2,14],"texture":"#1"},"south":{"uv":[6,3,7,5],"texture":"#6"}}},{"from":[16,7.5,7.90054],"to":[25.1,7.7,8.09946],"rotation":{"angle":0,"axis":"y","origin":[19.5,8,8]},"faces":{"east":{"uv":[1,13,2,14],"texture":"#1"},"up":{"uv":[6,13,7,15],"texture":"#1"},"down":{"uv":[1,13,2,14],"texture":"#1"}}},{"from":[16,7.5,7.90054],"to":[25.1,7.7,8.09946],"rotation":{"angle":-45,"axis":"x","origin":[19.5,8,8]},"faces":{"east":{"uv":[1,13,2,14],"texture":"#1"},"up":{"uv":[7,13,8,15],"texture":"#1"},"down":{"uv":[1,13,2,14],"texture":"#1"}}},{"from":[16,7.5,7.90054],"to":[25.1,7.7,8.09946],"rotation":{"angle":45,"axis":"x","origin":[19.5,8,8]},"faces":{"east":{"uv":[1,13,2,14],"texture":"#1"},"up":{"uv":[7,13,8,15],"texture":"#1"},"down":{"uv":[4,13,6,14],"rotation":90,"texture":"#1"}}},{"from":[16,7.90054,7.5],"to":[25.1,8.09946,7.7],"rotation":{"angle":0,"axis":"x","origin":[19.5,8,8]},"faces":{"north":{"uv":[6,3,7,5],"texture":"#6"},"east":{"uv":[1,13,2,14],"texture":"#1"},"south":{"uv":[1,13,2,14],"texture":"#1"}}},{"from":[16,7.5,7.90054],"to":[25.1,7.7,8.09946],"rotation":{"angle":22.5,"axis":"x","origin":[19.5,8,8]},"faces":{"east":{"uv":[1,13,2,14],"texture":"#1"},"up":{"uv":[6,13,7,15],"texture":"#1"},"down":{"uv":[3,13,5,14],"rotation":90,"texture":"#1"}}},{"from":[16,7.5,7.90054],"to":[25.1,7.7,8.09946],"rotation":{"angle":-22.5,"axis":"x","origin":[19.5,8,8]},"faces":{"east":{"uv":[1,13,2,14],"texture":"#1"},"up":{"uv":[6,13,7,15],"texture":"#1"},"down":{"uv":[1,13,2,14],"texture":"#1"}}},{"from":[16,7.90054,7.5],"to":[25.1,8.09946,7.7],"rotation":{"angle":-22.5,"axis":"x","origin":[19.5,8,8]},"faces":{"north":{"uv":[5,13,7,14],"rotation":270,"texture":"#1"},"east":{"uv":[1,13,2,14],"texture":"#1"},"south":{"uv":[1,11,2,13],"texture":"#1"}}},{"from":[16,7.90054,7.5],"to":[25.1,8.09946,7.7],"rotation":{"angle":22.5,"axis":"x","origin":[19.5,8,8]},"faces":{"north":{"uv":[5,2.1,6,4],"texture":"#6"},"east":{"uv":[1,13,2,14],"texture":"#1"},"south":{"uv":[1,13,2,14],"texture":"#1"}}},{"from":[13.3,7.35,7.87071],"to":[16.45,8.65,8.12929],"rotation":{"angle":0,"axis":"y","origin":[13,8,8]},"faces":{"east":{"uv":[4,0,5,2],"rotation":180,"texture":"#6"},"up":{"uv":[12,1.1,13,2.9],"texture":"#6"},"down":{"uv":[1,13,2,14],"texture":"#1"}}},{"from":[24.05,7.35,7.87071],"to":[28.05,7.55,8.12929],"rotation":{"angle":0,"axis":"y","origin":[24.6,8,8]},"faces":{"east":{"uv":[1,13,2,14],"texture":"#1"},"west":{"uv":[1,13,2,14],"texture":"#1"},"up":{"uv":[2,2,3,4],"rotation":90,"texture":"#6"},"down":{"uv":[1,13,2,14],"texture":"#1"}}},{"from":[24.05,8.45,7.87071],"to":[25.15,8.65,8.12929],"rotation":{"angle":0,"axis":"y","origin":[24.6,8,8]},"faces":{"east":{"uv":[0,0,1,1],"texture":"#6"},"west":{"uv":[6,13,7,14],"texture":"#1"},"up":{"uv":[10,1,12,2],"rotation":90,"texture":"#6"},"down":{"uv":[1,13,2,14],"texture":"#1"}}},{"from":[27.55,8.45,7.87071],"to":[28.05,8.65,8.12929],"rotation":{"angle":0,"axis":"y","origin":[27.5,8,8]},"faces":{"east":{"uv":[6,13,7,15],"texture":"#1"},"west":{"uv":[0,0,1,1],"texture":"#6"},"up":{"uv":[10,1,12,2],"rotation":90,"texture":"#6"},"down":{"uv":[1,13,2,14],"texture":"#1"}}},{"from":[13.3,7.87071,7.35],"to":[16.45,8.12929,8.65],"rotation":{"angle":0,"axis":"x","origin":[13,8,8]},"faces":{"north":{"uv":[6,3,7,5],"texture":"#6"},"east":{"uv":[0,0,1,1],"texture":"#6"},"south":{"uv":[4,13,6,14],"rotation":270,"texture":"#1"}}},{"from":[24.05,7.87071,8.45],"to":[28.05,8.12929,8.65],"rotation":{"angle":0,"axis":"x","origin":[24.6,8,8]},"faces":{"north":{"uv":[6,13,7,14],"rotation":180,"texture":"#1"},"east":{"uv":[1,13,2,14],"texture":"#1"},"south":{"uv":[5,13,7,14],"rotation":270,"texture":"#1"},"west":{"uv":[1,13,2,14],"texture":"#1"},"up":{"uv":[3,0,4,2],"texture":"#6"}}},{"from":[24.05,7.87071,7.35],"to":[28.05,8.12929,7.55],"rotation":{"angle":0,"axis":"x","origin":[24.6,8,8]},"faces":{"north":{"uv":[5,13,7,14],"rotation":270,"texture":"#1"},"east":{"uv":[1,13,2,14],"texture":"#1"},"south":{"uv":[6,13,7,14],"rotation":180,"texture":"#1"},"west":{"uv":[1,13,2,14],"texture":"#1"},"up":{"uv":[3,0,4,2],"rotation":180,"texture":"#6"}}},{"from":[13.3,7.35,7.87071],"to":[16.45,8.65,8.12929],"rotation":{"angle":-45,"axis":"x","origin":[13,8,8]},"faces":{"east":{"uv":[0,0,1,1],"texture":"#6"},"up":{"uv":[6,2,8,3],"rotation":90,"texture":"#6"},"down":{"uv":[1,13,2,14],"texture":"#1"}}},{"from":[24.05,7.35,7.87071],"to":[25.15,7.55,8.12929],"rotation":{"angle":-45,"axis":"x","origin":[24.6,8,8]},"faces":{"east":{"uv":[1,13,2,14],"texture":"#1"},"west":{"uv":[1,13,2,14],"texture":"#1"},"up":{"uv":[15,2,16,3],"rotation":180,"texture":"#6"},"down":{"uv":[2,13,4,14],"rotation":270,"texture":"#1"}}},{"from":[27.55,7.35,7.87071],"to":[28.05,7.55,8.12929],"rotation":{"angle":-45,"axis":"x","origin":[27.5,8,8]},"faces":{"east":{"uv":[1,13,2,14],"texture":"#1"},"west":{"uv":[1,13,2,14],"texture":"#1"},"up":{"uv":[15,2,16,3],"rotation":180,"texture":"#6"},"down":{"uv":[2,13,4,14],"rotation":270,"texture":"#1"}}},{"from":[24.05,8.45,7.87071],"to":[28.05,8.65,8.12929],"rotation":{"angle":-45,"axis":"x","origin":[24.6,8,8]},"faces":{"north":{"uv":[6,13,7,15],"texture":"#1"},"east":{"uv":[7,13,8,15],"texture":"#1"},"west":{"uv":[1,13,2,14],"texture":"#1"},"up":{"uv":[6,2,8,3],"rotation":90,"texture":"#6"},"down":{"uv":[1,13,2,14],"texture":"#1"}}},{"from":[13.3,7.35,7.87071],"to":[16.45,8.65,8.12929],"rotation":{"angle":45,"axis":"x","origin":[13,8,8]},"faces":{"east":{"uv":[0,0,1,1],"texture":"#6"},"up":{"uv":[5,2.1,6,4],"texture":"#6"},"down":{"uv":[4,13,6,14],"rotation":90,"texture":"#1"}}},{"from":[24.05,7.35,7.87071],"to":[25.15,7.55,8.12929],"rotation":{"angle":45,"axis":"x","origin":[24.6,8,8]},"faces":{"east":{"uv":[1,13,2,14],"texture":"#1"},"west":{"uv":[1,13,2,14],"texture":"#1"},"up":{"uv":[15,2,16,3],"rotation":180,"texture":"#6"},"down":{"uv":[2,13,4,14],"rotation":90,"texture":"#1"}}},{"from":[27.55,7.35,7.87071],"to":[28.05,7.55,8.12929],"rotation":{"angle":45,"axis":"x","origin":[27.5,8,8]},"faces":{"east":{"uv":[1,13,2,14],"texture":"#1"},"west":{"uv":[1,13,2,14],"texture":"#1"},"up":{"uv":[15,2,16,3],"rotation":180,"texture":"#6"},"down":{"uv":[2,13,4,14],"rotation":90,"texture":"#1"}}},{"from":[24.05,8.45,7.87071],"to":[28.05,8.65,8.12929],"rotation":{"angle":45,"axis":"x","origin":[24.6,8,8]},"faces":{"east":{"uv":[7,13,8,15],"texture":"#1"},"south":{"uv":[6,13,7,15],"texture":"#1"},"west":{"uv":[1,13,2,14],"texture":"#1"},"up":{"uv":[6,2,8,3],"rotation":270,"texture":"#6"},"down":{"uv":[1,13,2,14],"texture":"#1"}}},{"from":[13.3,7.35,7.87071],"to":[16.45,8.65,8.12929],"rotation":{"angle":22.5,"axis":"x","origin":[13,8,8]},"faces":{"east":{"uv":[2,2,3,4],"texture":"#6"},"up":{"uv":[6,2,8,3],"rotation":270,"texture":"#6"},"down":{"uv":[3,13,5,14],"rotation":90,"texture":"#1"}}},{"from":[24.05,7.35,7.87071],"to":[28.05,7.55,8.12929],"rotation":{"angle":22.5,"axis":"x","origin":[24.6,8,8]},"faces":{"north":{"uv":[1,13,2,14],"texture":"#1"},"east":{"uv":[1,13,2,14],"texture":"#1"},"west":{"uv":[1,13,2,14],"texture":"#1"},"up":{"uv":[2,2,3,4],"rotation":90,"texture":"#6"},"down":{"uv":[1,13,2,14],"texture":"#1"}}},{"from":[24.05,8.45,7.87071],"to":[28.05,8.65,8.12929],"rotation":{"angle":22.5,"axis":"x","origin":[24.6,8,8]},"faces":{"north":{"uv":[5,0,6,2],"rotation":180,"texture":"#6"},"east":{"uv":[6,13,7,15],"texture":"#1"},"west":{"uv":[5,13,6,14],"texture":"#1"},"up":{"uv":[7,1,9,2],"rotation":270,"texture":"#6"},"down":{"uv":[1,13,2,14],"texture":"#1"}}},{"from":[13.3,7.87071,7.35],"to":[16.45,8.12929,8.65],"rotation":{"angle":22.5,"axis":"x","origin":[13,8,8]},"faces":{"north":{"uv":[5,2.1,6,4],"texture":"#6"},"east":{"uv":[0,0,1,1],"texture":"#6"},"south":{"uv":[3,13,5,14],"rotation":270,"texture":"#1"}}},{"from":[24.05,7.87071,8.45],"to":[28.05,8.12929,8.65],"rotation":{"angle":22.5,"axis":"x","origin":[24.6,8,8]},"faces":{"north":{"uv":[15,2,16,3],"rotation":180,"texture":"#6"},"east":{"uv":[1,13,2,14],"texture":"#1"},"south":{"uv":[3,13,5,14],"rotation":270,"texture":"#1"},"west":{"uv":[1,13,2,14],"texture":"#1"},"down":{"uv":[1,13,2,14],"texture":"#1"}}},{"from":[24.05,7.87071,7.35],"to":[25.15,8.12929,7.55],"rotation":{"angle":22.5,"axis":"x","origin":[24.6,8,8]},"faces":{"north":{"uv":[14,2,16,3],"rotation":90,"texture":"#6"},"east":{"uv":[0,0,1,1],"texture":"#6"},"south":{"uv":[4,12,5,13],"texture":"#1"},"west":{"uv":[1,13,2,14],"texture":"#1"}}},{"from":[27.55,7.87071,7.35],"to":[28.05,8.12929,7.55],"rotation":{"angle":22.5,"axis":"x","origin":[27.5,8,8]},"faces":{"north":{"uv":[14,2,16,3],"rotation":90,"texture":"#6"},"east":{"uv":[2,11,3,13],"rotation":90,"texture":"#1"},"south":{"uv":[4,12,5,13],"texture":"#1"},"west":{"uv":[4,13,5,14],"texture":"#1"}}},{"from":[13.3,7.35,7.87071],"to":[16.45,8.65,8.12929],"rotation":{"angle":-22.5,"axis":"x","origin":[13,8,8]},"faces":{"east":{"uv":[3,2,4,4],"texture":"#6"},"up":{"uv":[8,1.1,9,2.9],"rotation":180,"texture":"#6"},"down":{"uv":[1,13,2,14],"texture":"#1"}}},{"from":[24.05,7.35,7.87071],"to":[28.05,7.55,8.12929],"rotation":{"angle":-22.5,"axis":"x","origin":[24.6,8,8]},"faces":{"east":{"uv":[1,13,2,14],"texture":"#1"},"south":{"uv":[1,13,2,14],"texture":"#1"},"west":{"uv":[1,13,2,14],"texture":"#1"},"up":{"uv":[2,2,3,4],"rotation":90,"texture":"#6"},"down":{"uv":[1,13,2,14],"texture":"#1"}}},{"from":[24.05,8.45,7.87071],"to":[28.05,8.65,8.12929],"rotation":{"angle":-22.5,"axis":"x","origin":[24.6,8,8]},"faces":{"east":{"uv":[6,13,7,15],"texture":"#1"},"south":{"uv":[5,0,6,2],"rotation":180,"texture":"#6"},"west":{"uv":[5,13,6,14],"texture":"#1"},"up":{"uv":[7,1,9,2],"rotation":90,"texture":"#6"},"down":{"uv":[1,13,2,14],"texture":"#1"}}},{"from":[13.3,7.87071,7.35],"to":[16.45,8.12929,8.65],"rotation":{"angle":-22.5,"axis":"x","origin":[13,8,8]},"faces":{"north":{"uv":[5,13,7,14],"rotation":270,"texture":"#1"},"east":{"uv":[0,0,1,1],"texture":"#6"},"south":{"uv":[6,3,7,5],"texture":"#6"}}},{"from":[24.05,7.87071,8.45],"to":[25.15,8.12929,8.65],"rotation":{"angle":-22.5,"axis":"x","origin":[24.6,8,8]},"faces":{"north":{"uv":[4,12,5,13],"texture":"#1"},"east":{"uv":[0,0,1,1],"texture":"#6"},"south":{"uv":[14,2,16,3],"rotation":90,"texture":"#6"},"west":{"uv":[1,13,2,14],"texture":"#1"}}},{"from":[27.55,7.87071,8.45],"to":[28.05,8.12929,8.65],"rotation":{"angle":-22.5,"axis":"x","origin":[27.5,8,8]},"faces":{"north":{"uv":[4,13,5,14],"texture":"#1"},"east":{"uv":[2,11,3,13],"rotation":270,"texture":"#1"},"south":{"uv":[14,2,16,3],"rotation":90,"texture":"#6"},"west":{"uv":[4,13,5,14],"texture":"#1"}}},{"from":[24.05,7.87071,7.35],"to":[28.05,8.12929,7.55],"rotation":{"angle":-22.5,"axis":"x","origin":[24.6,8,8]},"faces":{"north":{"uv":[3,13,5,14],"rotation":270,"texture":"#1"},"east":{"uv":[1,13,2,14],"texture":"#1"},"south":{"uv":[15,2,16,3],"rotation":180,"texture":"#6"},"west":{"uv":[1,13,2,14],"texture":"#1"},"down":{"uv":[1,13,2,14],"texture":"#1"}}},{"from":[11.3059,7.77008,7.6002],"to":[13.8059,9.57008,8.3998],"rotation":{"angle":-22.5,"axis":"z","origin":[12.0559,9.02008,8.1252]},"faces":{"north":{"uv":[0,13,7,14],"rotation":270,"texture":"#1"},"east":{"uv":[1,13,2,14],"texture":"#1"},"south":{"uv":[0,13,7,14],"rotation":270,"texture":"#1"}}},{"from":[12.75,9.075,7.87575],"to":[13.35,10,8.12425],"rotation":{"angle":0,"axis":"z","origin":[13.05,9.6375,8]},"faces":{"east":{"uv":[13,1,16,2],"texture":"#6"},"west":{"uv":[1,13,2,14],"texture":"#1"},"up":{"uv":[0,0,1,1],"texture":"#1"}}},{"from":[-12.35,5.51325,6.4375],"to":[-12,5.86325,9.1625],"rotation":{"angle":0,"axis":"x","origin":[-12.15,5.6375,6.8]},"faces":{"north":{"uv":[0,0,1,1],"rotation":180,"texture":"#1"},"east":{"uv":[13,1,16,2],"rotation":90,"texture":"#6"},"south":{"uv":[0,1,3,4],"texture":"#6"},"west":{"uv":[3,6,5,9],"rotation":270,"texture":"#6"},"up":{"uv":[7,0,8,1],"texture":"#6"},"down":{"uv":[1,12,2,13],"rotation":180,"texture":"#1"}}},{"from":[12.92575,9.075,7.7],"to":[13.17425,10,8.3],"rotation":{"angle":0,"axis":"y","origin":[13.05,9.6375,8]},"faces":{"north":{"uv":[2,13,4,14],"rotation":180,"texture":"#1"},"south":{"uv":[4,13,7,14],"texture":"#1"},"up":{"uv":[0,0,1,1],"texture":"#1"}}},{"from":[12.35,9.65,7.1],"to":[13.05,9.85,7.3],"rotation":{"angle":0,"axis":"z","origin":[13.05,9.75,8]},"faces":{"north":{"uv":[13,3,16,4],"rotation":90,"texture":"#6"},"east":{"uv":[6,13,9,14],"rotation":90,"texture":"#1"},"south":{"uv":[13,3,16,4],"rotation":90,"texture":"#6"},"west":{"uv":[13,1,16,2],"rotation":90,"texture":"#6"},"up":{"uv":[6,2,7,4],"rotation":180,"texture":"#6"},"down":{"uv":[1,13,2,14],"rotation":90,"texture":"#1"}}},{"from":[-12.85,4.7375,6.5875],"to":[-12.15,4.9375,6.7875],"rotation":{"angle":0,"axis":"x","origin":[-12.15,5.6375,6.8]},"faces":{"north":{"uv":[6,2,7,4],"texture":"#6"},"east":{"uv":[6,13,9,14],"rotation":180,"texture":"#1"},"south":{"uv":[1,13,2,14],"rotation":90,"texture":"#1"},"west":{"uv":[13,3,16,4],"texture":"#6"},"up":{"uv":[13,3,16,4],"rotation":90,"texture":"#6"},"down":{"uv":[13,3,16,4],"rotation":270,"texture":"#6"}}},{"from":[12.95,9.65,7.3],"to":[13.15,9.85,8.7],"rotation":{"angle":0,"axis":"z","origin":[13.05,9.75,8]},"faces":{"north":{"uv":[13,3,16,4],"rotation":90,"texture":"#6"},"east":{"uv":[6,13,9,14],"rotation":90,"texture":"#1"},"south":{"uv":[13,3,16,4],"rotation":90,"texture":"#6"},"west":{"uv":[4,13,7,14],"rotation":270,"texture":"#1"},"up":{"uv":[6,0,9,2],"rotation":90,"texture":"#6"},"down":{"uv":[1,13,2,14],"rotation":90,"texture":"#1"}}},{"from":[-12.25,4.9375,6.5875],"to":[-12.05,6.3375,6.7875],"rotation":{"angle":0,"axis":"x","origin":[-12.15,5.6375,6.8]},"faces":{"north":{"uv":[6,0,9,2],"rotation":270,"texture":"#6"},"east":{"uv":[6,13,9,14],"rotation":180,"texture":"#1"},"south":{"uv":[1,13,2,14],"rotation":90,"texture":"#1"},"west":{"uv":[4,13,7,14],"rotation":180,"texture":"#1"},"up":{"uv":[13,3,16,4],"rotation":90,"texture":"#6"},"down":{"uv":[13,3,16,4],"rotation":270,"texture":"#6"}}},{"from":[12.35,9.65,8.7],"to":[13.05,9.85,8.9],"rotation":{"angle":0,"axis":"z","origin":[13.05,9.75,8]},"faces":{"north":{"uv":[13,3,16,4],"rotation":90,"texture":"#6"},"east":{"uv":[6,13,9,14],"rotation":90,"texture":"#1"},"south":{"uv":[13,3,16,4],"rotation":90,"texture":"#6"},"west":{"uv":[13,1,16,2],"rotation":90,"texture":"#6"},"up":{"uv":[6,0,7,2],"rotation":180,"texture":"#6"},"down":{"uv":[1,13,2,14],"rotation":90,"texture":"#1"}}},{"from":[-12.85,6.3375,6.5875],"to":[-12.15,6.5375,6.7875],"rotation":{"angle":0,"axis":"x","origin":[-12.15,5.6375,6.8]},"faces":{"north":{"uv":[6,1,7,3],"texture":"#6"},"east":{"uv":[6,13,9,14],"rotation":180,"texture":"#1"},"south":{"uv":[1,13,2,14],"rotation":90,"texture":"#1"},"west":{"uv":[13,3,16,4],"texture":"#6"},"up":{"uv":[13,3,16,4],"rotation":90,"texture":"#6"},"down":{"uv":[13,3,16,4],"rotation":270,"texture":"#6"}}},{"from":[12.25,9.65,7.3],"to":[12.45,9.85,8.7],"rotation":{"angle":0,"axis":"z","origin":[13.05,9.75,8]},"faces":{"north":{"uv":[13,3,16,4],"rotation":90,"texture":"#6"},"east":{"uv":[4,13,7,14],"rotation":270,"texture":"#1"},"south":{"uv":[13,3,16,4],"rotation":90,"texture":"#6"},"west":{"uv":[13,1,16,2],"rotation":90,"texture":"#6"},"up":{"uv":[6,2,9,4],"rotation":90,"texture":"#6"},"down":{"uv":[1,13,2,14],"rotation":90,"texture":"#1"}}},{"from":[-12.95,4.9375,6.5875],"to":[-12.75,6.3375,6.7875],"rotation":{"angle":0,"axis":"x","origin":[-12.15,5.6375,6.8]},"faces":{"north":{"uv":[6,2,9,4],"rotation":270,"texture":"#6"},"east":{"uv":[4,13,7,14],"texture":"#1"},"south":{"uv":[1,13,2,14],"rotation":90,"texture":"#1"},"west":{"uv":[13,3,16,4],"texture":"#6"},"up":{"uv":[13,3,16,4],"rotation":90,"texture":"#6"},"down":{"uv":[13,3,16,4],"rotation":270,"texture":"#6"}}},{"from":[12.75,9.075,7.87575],"to":[13.35,10,8.12425],"rotation":{"angle":-45,"axis":"y","origin":[13.05,9.6375,8]},"faces":{"east":{"uv":[3,2,4,4],"rotation":90,"texture":"#6"},"west":{"uv":[1,13,2,14],"texture":"#1"},"up":{"uv":[0,0,1,1],"texture":"#1"}}},{"from":[12.75,9.075,7.87575],"to":[13.35,10,8.12425],"rotation":{"angle":45,"axis":"y","origin":[13.05,9.6375,8]},"faces":{"east":{"uv":[4,13,7,14],"rotation":180,"texture":"#1"},"west":{"uv":[2,13,4,14],"texture":"#1"},"up":{"uv":[0,0,1,1],"texture":"#1"}}},{"from":[8.65,5.3,7.4502],"to":[10.175,6.9,8.5498],"rotation":{"angle":45,"axis":"z","origin":[9.4,6.05,8.0002]},"faces":{"north":{"uv":[6,6,9,9],"rotation":270,"texture":"#8"},"south":{"uv":[6,6,9,9],"rotation":270,"texture":"#8"},"west":{"uv":[15,15,16,16],"texture":"#8"},"down":{"uv":[0,0,1,1],"texture":"#8"}}},{"from":[8.34794,-0.00207,7.45],"to":[8.94794,5.09793,8.55],"rotation":{"angle":-45,"axis":"z","origin":[8.19794,4.14793,8]},"faces":{"north":{"uv":[0,8,3,9],"texture":"#8"},"east":{"uv":[5,2,6,7],"rotation":180,"texture":"#8"},"south":{"uv":[0,8,3,9],"rotation":180,"texture":"#8"},"west":{"uv":[3,7,16,9],"rotation":270,"texture":"#8"}}},{"from":[3.98162,0.47096,7.45],"to":[5.28162,1.07096,8.55],"rotation":{"angle":0,"axis":"z","origin":[4.63162,1.22096,8]},"faces":{"north":{"uv":[0,8,3,9],"rotation":270,"texture":"#8"},"south":{"uv":[0,8,3,9],"rotation":270,"texture":"#8"},"up":{"uv":[2,2,5,3],"rotation":180,"texture":"#7"},"down":{"uv":[15,15,16,16],"texture":"#8"}}},{"from":[4.99461,0.41387,7.45],"to":[5.54896,1.01387,8.55],"rotation":{"angle":22.5,"axis":"z","origin":[4.99461,1.16387,8]},"faces":{"north":{"uv":[0,8,3,9],"rotation":270,"texture":"#8"},"south":{"uv":[0,8,3,9],"rotation":270,"texture":"#8"},"up":{"uv":[4,10,7,11],"rotation":180,"texture":"#7"},"down":{"uv":[15,10,16,12],"rotation":90,"texture":"#8"}}},{"from":[3.88162,0.37096,7.4501],"to":[4.48162,0.97096,8.5499],"rotation":{"angle":-45,"axis":"z","origin":[4.53162,1.12096,8.0001]},"faces":{"north":{"uv":[2,8,5,9],"rotation":270,"texture":"#8"},"south":{"uv":[2,8,5,9],"rotation":270,"texture":"#8"},"up":{"uv":[1,8,4,9],"texture":"#8"}}},{"from":[2.18162,0.47096,7.2],"to":[3.78162,2.57096,8.8],"rotation":{"angle":0,"axis":"z","origin":[3.13162,1.22096,7.75]},"faces":{"north":{"uv":[5,6,9,14],"texture":"#8"},"east":{"uv":[0,0,1,1],"texture":"#8"},"south":{"uv":[9,6,5,14],"texture":"#8"},"west":{"uv":[0,7,7,9],"rotation":270,"texture":"#8"},"down":{"uv":[15,15,16,16],"texture":"#8"}}},{"from":[3.78162,0.47096,7.4],"to":[3.98162,2.57096,8.6],"rotation":{"angle":0,"axis":"z","origin":[3.33162,1.22096,7.75]},"faces":{"north":{"uv":[0,7,11,9],"rotation":270,"texture":"#8"},"east":{"uv":[0,0,1,1],"texture":"#8"},"south":{"uv":[0,7,11,9],"rotation":270,"texture":"#8"},"down":{"uv":[15,15,16,16],"texture":"#8"}}},{"from":[1.88162,0.47096,7.45],"to":[2.18162,2.57096,8.55],"rotation":{"angle":0,"axis":"z","origin":[2.83162,1.22096,7.8]},"faces":{"north":{"uv":[0,7,7,8],"rotation":270,"texture":"#8"},"south":{"uv":[0,7,7,8],"rotation":270,"texture":"#8"},"west":{"uv":[0,7,7,9],"rotation":270,"texture":"#8"},"down":{"uv":[15,15,16,16],"texture":"#8"}}},{"from":[2.50351,2.08922,7.20022],"to":[4.20351,7.08922,8.79978],"rotation":{"angle":-22.5,"axis":"z","origin":[3.55351,3.13922,8.00022]},"faces":{"north":{"uv":[6,3,6.9,15],"rotation":180,"texture":"#8"},"east":{"uv":[15,15,16,16],"texture":"#8"},"south":{"uv":[5,3,5.9,15],"rotation":180,"texture":"#8"},"west":{"uv":[5,2,6,6],"texture":"#8"}}},{"from":[4.10351,2.08922,7.4001],"to":[4.40351,5.28922,8.5999],"rotation":{"angle":-22.5,"axis":"z","origin":[3.75351,3.13922,8.0001]},"faces":{"north":{"uv":[0,7,5,8],"rotation":90,"texture":"#8"},"east":{"uv":[15,9,16,13],"rotation":180,"texture":"#8"},"south":{"uv":[0,7,5,8],"rotation":90,"texture":"#8"}}},{"from":[5.00351,4.48922,7.4],"to":[5.90351,6.51422,8.6],"rotation":{"angle":0,"axis":"z","origin":[5.25351,5.53922,8]},"faces":{"north":{"uv":[0,3,4,5],"rotation":180,"texture":"#8"},"east":{"uv":[15,9,16,13],"rotation":180,"texture":"#8"},"south":{"uv":[0,3,4,5],"texture":"#8"},"down":{"uv":[15,15,16,16],"texture":"#8"}}},{"from":[5.02851,6.08922,6.825],"to":[5.72851,6.78922,8.95],"rotation":{"angle":0,"axis":"z","origin":[5.47851,7.33922,8.35]},"faces":{"north":{"uv":[3,5,8,6],"rotation":270,"texture":"#6"},"east":{"uv":[0,0,1,1],"texture":"#1"},"south":{"uv":[3,6,8,7],"rotation":90,"texture":"#6"},"west":{"uv":[10,7,14,8],"rotation":90,"texture":"#1"},"up":{"uv":[6,13,7,14],"texture":"#1"},"down":{"uv":[1,13,2,14],"texture":"#1"}}},{"from":[5.028,6.36422,6.975],"to":[5.728,6.51422,7.125],"rotation":{"angle":0,"axis":"z","origin":[5.47851,7.31422,8.4]},"faces":{"west":{"uv":[9,2,11,4],"rotation":90,"texture":"#5"}}},{"from":[5.85351,4.71422,7.75],"to":[6.85351,6.33922,8.25],"rotation":{"angle":0,"axis":"z","origin":[6.20351,5.56422,7.95]},"faces":{"north":{"uv":[2,2,7,7],"rotation":90,"texture":"#8"},"east":{"uv":[0,8,3,9],"rotation":90,"texture":"#8"},"south":{"uv":[2,2,7,7],"texture":"#8"},"down":{"uv":[15,15,16,16],"rotation":270,"texture":"#8"}}},{"from":[6.50812,4.62563,7.7501],"to":[6.70812,5.12563,8.2499],"rotation":{"angle":22.5,"axis":"z","origin":[6.45812,5.53813,8.0001]},"faces":{"north":{"uv":[2,6,4,7],"texture":"#8"},"east":{"uv":[2,2,4,3],"rotation":270,"texture":"#7"},"south":{"uv":[2,6,4,7],"rotation":180,"texture":"#8"},"down":{"uv":[15,15,16,16],"rotation":270,"texture":"#8"}}},{"from":[6.93312,5.70063,7.7501],"to":[7.10812,6.22563,8.2499],"rotation":{"angle":-22.5,"axis":"z","origin":[6.85812,6.33813,8.0001]},"faces":{"north":{"uv":[2,6,4,7],"texture":"#8"},"east":{"uv":[15,9,16,12],"rotation":180,"texture":"#8"},"south":{"uv":[2,6,4,7],"rotation":180,"texture":"#8"}}},{"from":[2.20351,2.08922,7.45025],"to":[2.50351,4.98922,8.54975],"rotation":{"angle":-22.5,"axis":"z","origin":[3.25351,3.13922,8.05025]},"faces":{"north":{"uv":[5,2,6,6],"texture":"#8"},"south":{"uv":[5,2,6,6],"texture":"#8"},"west":{"uv":[5,2,6,6],"texture":"#8"}}},{"from":[3.20351,4.98922,7.2],"to":[4.70351,6.78922,8.8],"rotation":{"angle":0,"axis":"z","origin":[4.25351,4.63922,8]},"faces":{"north":{"uv":[9,1,10.9,7],"texture":"#8"},"south":{"uv":[9,1,10.9,7],"texture":"#8"},"west":{"uv":[5,3,6,4],"rotation":270,"texture":"#8"}}},{"from":[2.90351,4.98922,7.45],"to":[3.20351,5.68922,8.55],"rotation":{"angle":0,"axis":"z","origin":[3.95351,4.63922,8.05]},"faces":{"north":{"uv":[0,0,1,1],"rotation":270,"texture":"#8"},"south":{"uv":[0,0,1,1],"rotation":270,"texture":"#8"},"west":{"uv":[5,3,6,4],"rotation":270,"texture":"#8"}}},{"from":[3.25351,5.41422,7.2],"to":[3.45351,5.73922,8.8],"rotation":{"angle":22.5,"axis":"z","origin":[3.55351,5.23922,8]},"faces":{"north":{"uv":[9,9,9.9,10],"rotation":180,"texture":"#8"},"south":{"uv":[9,9,9.9,10],"rotation":180,"texture":"#8"},"west":{"uv":[5,2,6,3],"rotation":270,"texture":"#8"}}},{"from":[2.95351,5.41422,7.45],"to":[3.15351,5.73922,8.55],"rotation":{"angle":22.5,"axis":"z","origin":[3.25351,5.23922,8.05]},"faces":{"north":{"uv":[0,0,1,1],"rotation":270,"texture":"#8"},"south":{"uv":[0,0,1,1],"rotation":270,"texture":"#8"},"west":{"uv":[5,2,6,3],"rotation":270,"texture":"#8"}}},{"from":[3.55351,5.78922,7.2],"to":[3.72851,6.23922,8.8],"rotation":{"angle":45,"axis":"z","origin":[3.65351,5.13922,8]},"faces":{"north":{"uv":[9,9,9.9,10],"rotation":180,"texture":"#8"},"south":{"uv":[9,9,9.9,10],"rotation":180,"texture":"#8"},"west":{"uv":[0,0,1,1],"rotation":270,"texture":"#8"}}},{"from":[3.25351,5.78922,7.45],"to":[3.42851,6.23922,8.55],"rotation":{"angle":45,"axis":"z","origin":[3.35351,5.13922,8.05]},"faces":{"north":{"uv":[0,0,1,1],"rotation":270,"texture":"#8"},"south":{"uv":[0,0,1,1],"rotation":270,"texture":"#8"},"west":{"uv":[0,0,1,1],"rotation":270,"texture":"#8"}}},{"from":[1.85351,5.43922,7.2002],"to":[3.15351,6.43922,8.7992],"rotation":{"angle":-22.5,"axis":"z","origin":[3.65351,5.13922,8.0002]},"faces":{"north":{"uv":[5,11,6.9,15],"rotation":180,"texture":"#8"},"south":{"uv":[5,11,6.9,15],"rotation":180,"texture":"#8"},"down":{"uv":[0,0,1,1],"rotation":270,"texture":"#8"}}},{"from":[1.85351,5.43922,7.45],"to":[2.85351,5.73922,8.55],"rotation":{"angle":-22.5,"axis":"z","origin":[3.35351,5.13922,8.05]},"faces":{"north":{"uv":[0,0,1,1],"rotation":270,"texture":"#8"},"south":{"uv":[0,0,1,1],"rotation":270,"texture":"#8"},"down":{"uv":[0,0,1,1],"rotation":270,"texture":"#8"}}},{"from":[-1.15,5.975,7.2],"to":[3.2,6.775,8.8],"rotation":{"angle":0,"axis":"z","origin":[3.20351,5.28922,8]},"faces":{"north":{"uv":[5,12,6.9,15],"rotation":180,"texture":"#8"},"south":{"uv":[5,12,6.9,15],"rotation":180,"texture":"#8"},"down":{"uv":[15,15,16,16],"rotation":270,"texture":"#8"}}},{"from":[-0.95,6.675,7.2002],"to":[1.7,7.675,8.7992],"rotation":{"angle":22.5,"axis":"z","origin":[3.20351,5.28922,8.0002]},"faces":{"north":{"uv":[1,5,7,7],"rotation":270,"texture":"#8"},"south":{"uv":[1,5,7,7],"rotation":270,"texture":"#8"},"down":{"uv":[15,15,16,16],"rotation":270,"texture":"#8"}}},{"from":[-5.15,4.575,6.8],"to":[-1,7.275,9.2],"rotation":{"angle":0,"axis":"z","origin":[3.20351,5.28922,8]},"faces":{"north":{"uv":[9,5.1,15,7],"rotation":270,"texture":"#8"},"east":{"uv":[14,11,16,15.898],"texture":"#8"},"south":{"uv":[9,5.1,15,7],"rotation":270,"texture":"#8"}}},{"from":[-1,6.275,7.05],"to":[0.25,7.175,7.45],"rotation":{"angle":-22.5,"axis":"x","origin":[-0.425,6.675,7.25]},"faces":{"north":{"uv":[0,0,3,1.899],"rotation":270,"texture":"#1"},"east":{"uv":[0,0,0.9,1],"rotation":180,"texture":"#1"}}},{"from":[-0.8,6.275,8.55],"to":[0.25,7.175,8.95],"rotation":{"angle":22.5,"axis":"x","origin":[-0.425,6.675,8.75]},"faces":{"east":{"uv":[0,0,0.9,1],"rotation":180,"texture":"#1"},"south":{"uv":[0,0,3,1.899],"rotation":270,"texture":"#1"}}},{"from":[-6.2,4.85,6.775],"to":[-5.35,6.95,6.9],"rotation":{"angle":0,"axis":"x","origin":[-5.925,6.65,6.975]},"faces":{"north":{"uv":[6,6,14,7],"rotation":90,"texture":"#6"},"east":{"uv":[0,0,1,1],"rotation":270,"texture":"#6"},"west":{"uv":[0,0,1,1],"rotation":270,"texture":"#6"},"up":{"uv":[5,2,6,4],"texture":"#6"},"down":{"uv":[10,7,11,8],"rotation":270,"texture":"#1"}}},{"from":[-4.85,2.775,7.3005],"to":[-3.025,4.475,8.6995],"rotation":{"angle":0,"axis":"z","origin":[3.20351,2.48922,8.0005]},"faces":{"north":{"uv":[1,14,13.9,3],"rotation":180,"texture":"#9"},"south":{"uv":[1,3,13.9,14],"texture":"#9"},"west":{"uv":[15,0,15.9,4],"rotation":90,"texture":"#9"}}},{"from":[-4.85,1.075,7.3005],"to":[-3.025,2.775,8.6995],"rotation":{"angle":0,"axis":"z","origin":[3.20351,2.78922,8.0005]},"faces":{"north":{"uv":[1,13,13.9,2],"rotation":180,"texture":"#9"},"south":{"uv":[1,2,13.9,13],"texture":"#9"},"west":{"uv":[15,0,15.9,4],"rotation":90,"texture":"#9"}}},{"from":[-3.025,2.775,7.3005],"to":[-1.2,4.475,8.6995],"rotation":{"angle":0,"axis":"z","origin":[3.20351,2.48922,8.0005]},"faces":{"north":{"uv":[2,14,14.9,3],"rotation":180,"texture":"#9"},"east":{"uv":[0,2,0.1,5],"rotation":90,"texture":"#9"},"south":{"uv":[2,3,14.9,14],"texture":"#9"}}},{"from":[-3.025,1.075,7.3005],"to":[-1.2,2.775,8.6995],"rotation":{"angle":0,"axis":"z","origin":[3.20351,2.78922,8.0005]},"faces":{"north":{"uv":[2,13,14.9,2],"rotation":180,"texture":"#9"},"east":{"uv":[0,2,0.1,5],"rotation":90,"texture":"#9"},"south":{"uv":[2,2,14.9,13],"texture":"#9"}}},{"from":[-4.28096,0.11422,7.3],"to":[-2.45596,1.91422,8.7],"rotation":{"angle":22.5,"axis":"z","origin":[-2.45596,0.06422,8]},"faces":{"north":{"uv":[14,2,1,14],"texture":"#9"},"south":{"uv":[1,2,13.9,14],"texture":"#9"},"west":{"uv":[15,0,15.9,4],"rotation":90,"texture":"#9"},"down":{"uv":[8,4,11,7],"rotation":270,"texture":"#9"}}},{"from":[-4.28096,-1.58578,7.3],"to":[-2.45596,0.11422,8.7],"rotation":{"angle":22.5,"axis":"z","origin":[-2.45596,0.06422,8]},"faces":{"north":{"uv":[14,1,1,14],"texture":"#9"},"south":{"uv":[1,2,13.9,14],"texture":"#9"},"west":{"uv":[15,0,15.9,4],"rotation":90,"texture":"#9"}}},{"from":[-4.38096,-2.18578,7.2],"to":[-0.55596,-1.48578,8.8],"rotation":{"angle":22.5,"axis":"z","origin":[-2.45596,0.06422,7.9]},"faces":{"north":{"uv":[2,2,2.9,5],"texture":"#6"},"east":{"uv":[12,2,12.9,5],"texture":"#6"},"south":{"uv":[2,2,2.9,5],"texture":"#6"},"west":{"uv":[15,2,15.9,5],"texture":"#6"},"up":{"uv":[2,2,3,3],"texture":"#6"},"down":{"uv":[0,0,0.9,1],"texture":"#6"}}},{"from":[-2.45596,0.11422,7.3],"to":[-0.63096,1.31422,8.7],"rotation":{"angle":22.5,"axis":"z","origin":[-2.45596,0.06422,8]},"faces":{"north":{"uv":[15,6,2,14],"texture":"#9"},"east":{"uv":[0,2,0.1,5],"rotation":90,"texture":"#9"},"south":{"uv":[2,6,14.9,14],"texture":"#9"},"down":{"uv":[8,4,11,7],"rotation":270,"texture":"#9"}}},{"from":[-2.45596,-1.58578,7.3],"to":[-0.63096,0.11422,8.7],"rotation":{"angle":22.5,"axis":"z","origin":[-2.45596,0.06422,8]},"faces":{"north":{"uv":[15,1,2,14],"texture":"#9"},"east":{"uv":[0,2,0.1,5],"rotation":90,"texture":"#9"},"south":{"uv":[2,2,14.9,14],"texture":"#9"}}},{"from":[-5.5354,4.475,8.42388],"to":[-5.0354,7.175,9.02388],"rotation":{"angle":-22.5,"axis":"y","origin":[-5.5354,6.275,8.82388]},"faces":{"south":{"uv":[9,5.1,15,7],"rotation":270,"texture":"#8"},"down":{"uv":[0,0,1,1],"rotation":270,"texture":"#8"}}},{"from":[-5.5354,4.475,6.97612],"to":[-5.0354,7.175,7.57612],"rotation":{"angle":22.5,"axis":"y","origin":[-5.5354,6.275,7.17612]},"faces":{"north":{"uv":[9,5.1,15,7],"rotation":270,"texture":"#8"},"down":{"uv":[0,0,1,1],"rotation":270,"texture":"#8"}}},{"from":[-8.125,6.375,6.9005],"to":[-4.575,9.575,9.0995],"rotation":{"angle":22.5,"axis":"z","origin":[-0.97149,7.08922,8.0005]},"faces":{"north":{"uv":[5,9,7,15],"rotation":180,"texture":"#8"},"south":{"uv":[5,9,7,15],"rotation":180,"texture":"#8"},"down":{"uv":[0,0,1,1],"rotation":270,"texture":"#8"}}},{"from":[-8.125,5.875,7.4001],"to":[-4.575,6.375,8.5999],"rotation":{"angle":22.5,"axis":"z","origin":[-0.97149,6.58922,8.0001]},"faces":{"north":{"uv":[12,10,15,11],"rotation":90,"texture":"#8"},"south":{"uv":[12,10,15,11],"rotation":90,"texture":"#8"},"down":{"uv":[15,15,16,16],"rotation":270,"texture":"#8"}}},{"from":[-9.325,7.8,7.6],"to":[-7.975,8.3,8.4],"rotation":{"angle":45,"axis":"z","origin":[-2.17149,8.51422,8]},"faces":{"north":{"uv":[5,1,6,4],"texture":"#8"},"south":{"uv":[5,1,6,4],"texture":"#8"},"west":{"uv":[15,9,16,12],"rotation":180,"texture":"#8"},"down":{"uv":[0,0,1,1],"rotation":270,"texture":"#8"}}},{"from":[-7.025,6.15,7.6],"to":[-5.675,6.65,8.4],"rotation":{"angle":22.5,"axis":"z","origin":[0.12851,6.86422,8]},"faces":{"north":{"uv":[5,1,6,4],"texture":"#8"},"south":{"uv":[5,1,6,4],"texture":"#8"},"down":{"uv":[0,0,1,1],"rotation":270,"texture":"#8"}}},{"from":[-11.825,6.375,6.9002],"to":[-8.675,7.875,9.0998],"rotation":{"angle":45,"axis":"z","origin":[-4.87149,7.08922,8.0002]},"faces":{"north":{"uv":[7,7,9,11],"rotation":270,"texture":"#8"},"south":{"uv":[7,7,9,11],"rotation":270,"texture":"#8"},"down":{"uv":[0,0,3,1],"rotation":180,"texture":"#8"}}},{"from":[-11.825,5.875,7.4],"to":[-8.85,6.375,8.6],"rotation":{"angle":45,"axis":"z","origin":[-4.87149,6.58922,8]},"faces":{"north":{"uv":[12,10,15,11],"rotation":90,"texture":"#8"},"south":{"uv":[12,10,15,11],"rotation":90,"texture":"#8"},"down":{"uv":[13,15,16,16],"texture":"#8"}}},{"from":[-13.65,0.475,6.9],"to":[-9.2,7.075,9.1],"rotation":{"angle":0,"axis":"z","origin":[-6.52149,4.18922,8]},"faces":{"north":{"uv":[11,2,12.9,16],"rotation":180,"texture":"#8"},"east":{"uv":[3,0,5,16],"rotation":180,"texture":"#8"},"south":{"uv":[11,2,13,16],"rotation":180,"texture":"#8"},"west":{"uv":[0.5,0.5,0.6,0.6],"rotation":270,"texture":"#8"},"down":{"uv":[15,6,16,10],"rotation":180,"texture":"#8"}}},{"from":[-14.1,0.575,7],"to":[-13.65,7.875,9],"rotation":{"angle":0,"axis":"z","origin":[-6.52149,4.18922,8]},"faces":{"north":{"uv":[0,0,1,1],"rotation":90,"texture":"#6"},"south":{"uv":[0,0,1,1],"rotation":270,"texture":"#6"},"west":{"uv":[0,5,16,12],"rotation":270,"texture":"#6"},"down":{"uv":[0,0,1,1],"rotation":270,"texture":"#6"}}},{"from":[-14.0995,7.04657,8.1],"to":[-13.6495,7.875,9],"rotation":{"angle":-45,"axis":"x","origin":[-13.875,7.46079,8]},"faces":{"south":{"uv":[0,0,1,1],"rotation":270,"texture":"#6"},"west":{"uv":[0,9,1,10],"texture":"#6"}}},{"from":[-14.0995,7.04657,7],"to":[-13.6495,7.875,7.9],"rotation":{"angle":45,"axis":"x","origin":[-13.875,7.46079,8]},"faces":{"north":{"uv":[0,1,1,0],"rotation":270,"texture":"#6"},"west":{"uv":[1,5,0,6],"texture":"#6"}}},{"from":[-14.1,7.56079,7.58579],"to":[-13.65,8.46079,8.41421],"rotation":{"angle":0,"axis":"x","origin":[-13.875,7.46079,8]},"faces":{"west":{"uv":[1,8,0,9],"rotation":90,"texture":"#6"},"up":{"uv":[0,1,1,0],"rotation":90,"texture":"#6"}}},{"from":[-9.2,3.875,6.9],"to":[-6.95,7.075,9.1],"rotation":{"angle":0,"axis":"z","origin":[-2.07149,4.58922,8]},"faces":{"north":{"uv":[9,8,11,15],"rotation":180,"texture":"#8"},"south":{"uv":[9,8,10.9,15],"rotation":180,"texture":"#8"}}},{"from":[-4.17421,5.90844,6.8002],"to":[-2.34502,6.60844,9.1998],"rotation":{"angle":22.5,"axis":"z","origin":[1.67931,8.62265,8.0002]},"faces":{"north":{"uv":[13,12,16,13],"rotation":90,"texture":"#8"},"south":{"uv":[13,11,16,12],"rotation":90,"texture":"#8"},"down":{"uv":[0,0,1,1],"rotation":270,"texture":"#8"}}},{"from":[-5.15,3.875,6.8],"to":[-2.68995,4.575,9.2],"rotation":{"angle":0,"axis":"z","origin":[1.85351,8.68922,8]},"faces":{"north":{"uv":[13,12,16,13],"rotation":90,"texture":"#8"},"south":{"uv":[13,12,16,13],"rotation":90,"texture":"#8"},"west":{"uv":[15,9,16,13],"rotation":180,"texture":"#8"},"down":{"uv":[0,0,1,1],"rotation":270,"texture":"#8"}}},{"from":[8.80002,4.28935,7.4501],"to":[9.40002,5.68935,8.5499],"rotation":{"angle":0,"axis":"z","origin":[8.65002,4.03935,8.0001]},"faces":{"north":{"uv":[6,7,7,8],"rotation":270,"texture":"#8"},"south":{"uv":[5,5,6,6],"rotation":270,"texture":"#8"},"west":{"uv":[15,8,16,12],"rotation":180,"texture":"#8"}}},{"from":[9.06144,4.59539,7.45],"to":[9.36144,5.89539,8.55],"rotation":{"angle":-22.5,"axis":"z","origin":[8.61144,4.34539,8]},"faces":{"north":{"uv":[2,6,4,7],"texture":"#8"},"east":{"uv":[1,4,5,5],"rotation":90,"texture":"#8"},"south":{"uv":[2,6,4,7],"rotation":180,"texture":"#8"}}},{"from":[8.33856,4.19539,7.45],"to":[8.43856,4.49539,8.55],"rotation":{"angle":-22.5,"axis":"z","origin":[9.08856,3.44539,8]},"faces":{"north":{"uv":[6,7,7,8],"rotation":270,"texture":"#8"},"south":{"uv":[6,7,7,8],"rotation":270,"texture":"#8"},"west":{"uv":[1,5,2,4],"rotation":270,"texture":"#8"}}},{"from":[4.65,6.1,7.45],"to":[10.45,6.6,8.55],"rotation":{"angle":0,"axis":"z","origin":[7.9,6.85,8]},"faces":{"north":{"uv":[9,13,10,15],"rotation":180,"texture":"#8"},"south":{"uv":[9,13,10,15],"rotation":180,"texture":"#8"},"down":{"uv":[15,15,16,16],"texture":"#8"}}},{"from":[10.11656,6.27992,7.4502],"to":[11.31656,6.77992,8.5498],"rotation":{"angle":22.5,"axis":"z","origin":[10.86656,7.02992,8.0002]},"faces":{"north":{"uv":[9,13,11,15],"rotation":180,"texture":"#8"},"south":{"uv":[9,13,11,15],"rotation":180,"texture":"#8"},"down":{"uv":[15,15,16,16],"texture":"#8"}}},{"from":[-13.65,8.4,7.92044],"to":[5.75,9,8.07957],"rotation":{"angle":0,"axis":"y","origin":[1.5,8.6,8]},"faces":{"west":{"uv":[0.5,0.5,0.6,0.6],"rotation":270,"texture":"#8"},"up":{"uv":[2,2,3,3],"texture":"#7"}}},{"from":[-13.65,6.43223,7.56688],"to":[12.75,7.73223,8.43309],"rotation":{"angle":0,"axis":"y","origin":[1.5,6.83223,7.64645]},"faces":{"down":{"uv":[15,15,16,16],"texture":"#8"}}},{"from":[12.75,6.43223,7.56688],"to":[13.55,7.73223,8.43309],"rotation":{"angle":0,"axis":"y","origin":[1.5,6.83223,7.64645]},"faces":{"east":{"uv":[1,13,2,14],"texture":"#1"},"down":{"uv":[1,13,2,14],"texture":"#1"}}},{"from":[13.55,6.43223,7.6669],"to":[14.55,7.73223,8.3331],"rotation":{"angle":0,"axis":"y","origin":[28.7,6.83223,7.44646]},"faces":{"north":{"uv":[0,12,5,15],"rotation":90,"texture":"#1"},"east":{"uv":[0,13,4,14],"rotation":90,"texture":"#1"},"south":{"uv":[0,15,5,12],"rotation":90,"texture":"#1"},"down":{"uv":[1,13,2,14],"texture":"#1"}}},{"from":[14.15,6.53223,7.66675],"to":[14.35,6.73223,8.33325],"rotation":{"angle":0,"axis":"y","origin":[28.5,6.93223,7.44631]},"faces":{"north":{"uv":[13,1,15,3],"rotation":90,"texture":"#6"},"south":{"uv":[13,3,15,1],"rotation":180,"texture":"#6"}}},{"from":[14.05,6.13223,7.8],"to":[14.45,6.53223,8.2],"rotation":{"angle":0,"axis":"y","origin":[28.7,5.63223,7.47957]},"faces":{"north":{"uv":[5,13,8,14],"texture":"#1"},"east":{"uv":[0,0,1,1],"texture":"#1"},"south":{"uv":[5,13,8,14],"texture":"#1"},"west":{"uv":[0,0,1,1],"texture":"#1"}}},{"from":[12.95,6.93223,6.6],"to":[13.35,7.33223,7],"rotation":{"angle":45,"axis":"x","origin":[27.6,6.43223,6.27957]},"faces":{"north":{"uv":[13,3,16,4],"texture":"#6"},"east":{"uv":[15,4,16,5],"texture":"#6"},"south":{"uv":[1,13,4,14],"texture":"#1"},"west":{"uv":[2,13,5,14],"rotation":180,"texture":"#1"},"down":{"uv":[0,2,3,5],"rotation":180,"texture":"#6"}}},{"from":[13.45,0.83223,7.66863],"to":[15.05,6.13223,8.33137],"rotation":{"angle":0,"axis":"y","origin":[14.25,3.48223,8]},"faces":{"east":{"uv":[15,10,16,14],"rotation":90,"texture":"#8"},"west":{"uv":[15,9,16,15],"rotation":90,"texture":"#8"},"up":{"uv":[15,2,16,6],"rotation":90,"texture":"#8"},"down":{"uv":[15,15,16,16],"texture":"#8"}}},{"from":[14.8817,0.87832,7.66863],"to":[15.2817,1.97832,8.33137],"rotation":{"angle":22.5,"axis":"z","origin":[15.0817,1.27832,8]},"faces":{"north":{"uv":[0,0,1,1],"texture":"#8"},"east":{"uv":[15,10,16,14],"rotation":90,"texture":"#8"},"south":{"uv":[0,0,1,1],"texture":"#8"},"down":{"uv":[15,15,16,16],"texture":"#8"}}},{"from":[13.91863,0.83223,7.2],"to":[14.58137,6.13233,8.8],"rotation":{"angle":0,"axis":"y","origin":[14.25,3.48223,8]},"faces":{"north":{"uv":[6,4,9,5],"texture":"#8"},"south":{"uv":[6,4,9,5],"texture":"#8"},"up":{"uv":[15,2,16,6],"rotation":180,"texture":"#8"},"down":{"uv":[15,15,16,16],"texture":"#8"}}},{"from":[13.4505,4.38594,7.96412],"to":[15.0495,6.08594,8.66412],"rotation":{"angle":22.5,"axis":"x","origin":[13.98137,5.18594,8.26412]},"faces":{"east":{"uv":[0,0,1,1],"texture":"#8"},"south":{"uv":[1,9,15,10],"texture":"#8"},"west":{"uv":[0,0,1,1],"texture":"#8"},"up":{"uv":[6,11,10,15],"texture":"#8"}}},{"from":[13.4505,4.38594,7.33588],"to":[15.0495,6.08594,8.03588],"rotation":{"angle":-22.5,"axis":"x","origin":[13.98137,5.18594,7.73588]},"faces":{"north":{"uv":[1,9,15,10],"texture":"#8"},"east":{"uv":[1,0,0,1],"texture":"#8"},"west":{"uv":[1,0,0,1],"texture":"#8"},"up":{"uv":[6,11,10,15],"rotation":180,"texture":"#8"}}},{"from":[13.45,0.83223,7.66863],"to":[15.05,6.13213,8.33137],"rotation":{"angle":-45,"axis":"y","origin":[14.25,3.48223,8]},"faces":{"east":{"uv":[12,9,15,10],"texture":"#8"},"west":{"uv":[12,9,15,10],"texture":"#8"},"up":{"uv":[15,2,16,6],"rotation":90,"texture":"#8"},"down":{"uv":[15,15,16,16],"texture":"#8"}}},{"from":[13.45,0.83223,7.66863],"to":[15.05,6.13213,8.33137],"rotation":{"angle":45,"axis":"y","origin":[14.25,3.48223,8]},"faces":{"east":{"uv":[12,9,15,10],"rotation":180,"texture":"#8"},"west":{"uv":[12,9,15,10],"rotation":180,"texture":"#8"},"up":{"uv":[15,2,16,6],"rotation":90,"texture":"#8"},"down":{"uv":[15,15,16,16],"texture":"#8"}}},{"from":[11.25,6.925,8.72043],"to":[16.25,7.725,8.87956],"rotation":{"angle":22.5,"axis":"x","origin":[15.465,7.325,8.8]},"faces":{"east":{"uv":[1,13,2,14],"texture":"#1"},"up":{"uv":[5,2.1,6,4],"rotation":180,"texture":"#6"},"down":{"uv":[1,13,2,14],"texture":"#1"}}},{"from":[16.25,7.025,8.67574],"to":[16.55,7.625,8.92426],"rotation":{"angle":22.5,"axis":"x","origin":[15.465,7.325,8.8]},"faces":{"up":{"uv":[10,0,11,3],"rotation":90,"texture":"#6"},"down":{"uv":[15,0,16,3],"rotation":90,"texture":"#6"}}},{"from":[16.25,7.20074,8.5],"to":[16.55,7.44926,9.1],"rotation":{"angle":22.5,"axis":"x","origin":[15.465,7.325,8.8]},"faces":{"north":{"uv":[15,0,16,3],"rotation":270,"texture":"#6"},"south":{"uv":[6,0,7,3],"rotation":90,"texture":"#6"}}},{"from":[16.25,7.025,8.67574],"to":[16.55,7.625,8.92426],"rotation":{"angle":-22.5,"axis":"x","origin":[15.465,7.325,8.8]},"faces":{"up":{"uv":[6,0,7,3],"rotation":90,"texture":"#6"},"down":{"uv":[6,0,7,3],"rotation":90,"texture":"#6"}}},{"from":[16.25,7.20074,8.5],"to":[16.55,7.44926,9.1],"rotation":{"angle":-22.5,"axis":"x","origin":[15.465,7.325,8.8]},"faces":{"north":{"uv":[15,0,16,3],"rotation":270,"texture":"#6"},"south":{"uv":[9,0,10,3],"rotation":90,"texture":"#6"}}},{"from":[16.55,6.925,8.72043],"to":[16.85,7.725,8.87956],"rotation":{"angle":22.5,"axis":"x","origin":[15.465,7.325,8.8]},"faces":{"east":{"uv":[0,0,1,1],"texture":"#6"},"west":{"uv":[0,0,1,1],"rotation":90,"texture":"#6"},"up":{"uv":[5,1,6,5],"rotation":270,"texture":"#6"},"down":{"uv":[3,1,4,5],"rotation":270,"texture":"#6"}}},{"from":[-13.65,7.45977,9.16066],"to":[5.75,7.6189,9.46066],"rotation":{"angle":0,"axis":"x","origin":[1.5,7.53934,9.06066]},"faces":{"east":{"uv":[4,13,7,14],"rotation":180,"texture":"#1"},"south":{"uv":[2.5,6.5,2.6,6.6],"texture":"#8"},"west":{"uv":[0.5,0.5,0.6,0.6],"rotation":270,"texture":"#8"}}},{"from":[5.75,7.24764,8.94853],"to":[13.55,7.40677,9.24853],"rotation":{"angle":0,"axis":"x","origin":[10.5,7.32721,8.84853]},"faces":{"east":{"uv":[1,13,2,14],"rotation":270,"texture":"#1"},"south":{"uv":[16,2,15,4],"texture":"#6"}}},{"from":[5.75,7.24764,6.75147],"to":[13.55,7.40677,7.05147],"rotation":{"angle":0,"axis":"x","origin":[10.5,7.32721,7.15147]},"faces":{"north":{"uv":[16,2,15,4],"texture":"#6"},"east":{"uv":[1,13,2,14],"rotation":270,"texture":"#1"}}},{"from":[-13.65,7.45977,6.53934],"to":[5.75,7.6189,6.83934],"rotation":{"angle":0,"axis":"x","origin":[1.5,7.53934,6.93934]},"faces":{"north":{"uv":[2.5,6.5,2.6,6.6],"texture":"#8"},"east":{"uv":[4,13,7,14],"texture":"#1"},"west":{"uv":[0.5,0.5,0.6,0.6],"rotation":270,"texture":"#8"}}},{"from":[11.25,7.24543,8.4],"to":[16.25,7.40456,9.2],"rotation":{"angle":22.5,"axis":"x","origin":[15.465,7.325,8.8]},"faces":{"north":{"uv":[1,13,2,14],"texture":"#1"},"east":{"uv":[1,13,2,14],"texture":"#1"},"south":{"uv":[6,3,7,5],"texture":"#6"}}},{"from":[16.55,7.24543,8.4],"to":[16.85,7.40456,9.2],"rotation":{"angle":45,"axis":"x","origin":[15.465,7.325,8.8]},"faces":{"north":{"uv":[3,1,4,5],"rotation":90,"texture":"#6"},"east":{"uv":[0,0,1,1],"texture":"#6"},"south":{"uv":[3,1,4,5],"rotation":270,"texture":"#6"},"west":{"uv":[0,0,1,1],"rotation":90,"texture":"#6"}}},{"from":[-5.85,8.7,7.92044],"to":[-5.25,9,9.57957],"rotation":{"angle":45,"axis":"x","origin":[1.5,8.6,8]},"faces":{"east":{"uv":[0,2,2,3],"texture":"#8"},"west":{"uv":[4,4,5,5],"texture":"#8"},"up":{"uv":[9,0,10,5],"texture":"#7"}}},{"from":[-5.25,8.675,9.12044],"to":[-1.15,9,9.57957],"rotation":{"angle":45,"axis":"x","origin":[5.6,8.6,8]},"faces":{"north":{"uv":[5,5,6,6],"texture":"#8"},"up":{"uv":[11,0,12,2],"rotation":180,"texture":"#7"}}},{"from":[-5.25,8.475,8.37044],"to":[-1.15,8.8,9.12957],"rotation":{"angle":45,"axis":"x","origin":[5.6,8.6,8]},"faces":{"up":{"uv":[4,0,10,1],"rotation":90,"texture":"#6"}}},{"from":[-13.65,8.55,8.37044],"to":[-5.85,8.875,9.12957],"rotation":{"angle":45,"axis":"x","origin":[5.6,8.6,8]},"faces":{"west":{"uv":[0.5,0.5,0.6,0.6],"rotation":270,"texture":"#8"},"up":{"uv":[2,7,9,5],"rotation":90,"texture":"#8"}}},{"from":[-13.65,8.55,6.87043],"to":[-5.85,8.875,7.62956],"rotation":{"angle":-45,"axis":"x","origin":[5.6,8.6,8]},"faces":{"west":{"uv":[0.5,0.5,0.6,0.6],"rotation":270,"texture":"#8"},"up":{"uv":[2,5,9,7],"rotation":270,"texture":"#8"}}},{"from":[-5.35,8.725,6.77043],"to":[-1.05,9.05,7.72956],"rotation":{"angle":-45,"axis":"x","origin":[5.6,8.6,8]},"faces":{"north":{"uv":[0,0,1,1],"texture":"#8"},"east":{"uv":[0,0,1,1],"texture":"#8"},"south":{"uv":[5,7,6,8],"texture":"#8"},"west":{"uv":[0,0,1,1],"texture":"#8"},"up":{"uv":[6,8,7,5],"rotation":180,"texture":"#8"}}},{"from":[-5.25,8.675,7.92044],"to":[-1.15,9,8.37957],"rotation":{"angle":45,"axis":"x","origin":[5.6,8.6,8]},"faces":{"south":{"uv":[15,15,16,16],"texture":"#8"},"up":{"uv":[5,0,6,1],"texture":"#7"}}},{"from":[-1.15,8.675,7.92044],"to":[5.75,9,9.57957],"rotation":{"angle":45,"axis":"x","origin":[12,8.6,8]},"faces":{"east":{"uv":[4,13,7,14],"rotation":270,"texture":"#1"},"west":{"uv":[0,2,2,3],"rotation":180,"texture":"#8"},"up":{"uv":[9,0,10,5],"texture":"#7"}}},{"from":[5.75,8.46287,8.7083],"to":[13.55,8.78787,9.36743],"rotation":{"angle":45,"axis":"x","origin":[10.5,8.38787,7.78787]},"faces":{"east":{"uv":[1,13,2,14],"rotation":270,"texture":"#1"},"up":{"uv":[1,4.999,1.9,1.102],"texture":"#6"}}},{"from":[12.75,8.46287,6.63257],"to":[13.55,8.78787,7.3917],"rotation":{"angle":-45,"axis":"x","origin":[10.5,8.38787,8.21213]},"faces":{"east":{"uv":[1,13,2,14],"rotation":270,"texture":"#1"},"west":{"uv":[0,0,1,1],"texture":"#1"},"up":{"uv":[0,4.898,0.9,1],"rotation":180,"texture":"#6"}}},{"from":[11.75,8.78787,6.65757],"to":[13.35,9.18787,7.2167],"rotation":{"angle":-45,"axis":"x","origin":[10.5,8.38787,8.21213]},"faces":{"north":{"uv":[15,15,16,16],"texture":"#8"},"east":{"uv":[1,5,4,7],"rotation":180,"texture":"#8"},"south":{"uv":[4,3,7,4],"texture":"#7"},"west":{"uv":[1,5,4,7],"texture":"#8"},"up":{"uv":[1,5,4,7],"rotation":90,"texture":"#8"}}},{"from":[11.95,9.18787,6.65757],"to":[12.95,10.38787,7.2167],"rotation":{"angle":-45,"axis":"x","origin":[10.5,8.38787,8.21213]},"faces":{"north":{"uv":[15,15,16,16],"texture":"#8"},"east":{"uv":[1,5,4,7],"rotation":180,"texture":"#8"},"south":{"uv":[4,3,7,4],"texture":"#7"},"west":{"uv":[1,5,4,7],"texture":"#8"},"up":{"uv":[1,5,4,7],"rotation":90,"texture":"#8"}}},{"from":[12.25,10.38787,6.65757],"to":[13.15,10.68787,7.2167],"rotation":{"angle":-45,"axis":"x","origin":[10.5,8.38787,8.21213]},"faces":{"north":{"uv":[15,15,16,16],"texture":"#8"},"east":{"uv":[0,0,3,1],"rotation":180,"texture":"#7"},"south":{"uv":[5,3,8,4],"texture":"#7"},"west":{"uv":[1,5,4,7],"texture":"#8"},"up":{"uv":[0,0,3,1],"rotation":90,"texture":"#7"},"down":{"uv":[15,15,16,16],"texture":"#8"}}},{"from":[5.15,8.48787,6.63257],"to":[5.95,8.78787,7.3917],"rotation":{"angle":-45,"axis":"x","origin":[10.5,8.38787,8.21213]},"faces":{"east":{"uv":[1,0,0,1],"texture":"#6"},"up":{"uv":[1,5,1.9,1.102],"rotation":180,"texture":"#6"}}},{"from":[5.95,8.48787,6.63257],"to":[12.75,8.78787,6.8917],"rotation":{"angle":-45,"axis":"x","origin":[10.5,8.38787,8.21213]},"faces":{"south":{"uv":[0,0,1,1],"texture":"#6"},"up":{"uv":[1,4.897,1.9,2],"rotation":180,"texture":"#6"}}},{"from":[5.95,8.33787,6.73257],"to":[12.75,8.63787,7.1917],"rotation":{"angle":-45,"axis":"x","origin":[10.5,8.38787,8.21213]},"faces":{"up":{"uv":[0,1,1,0],"texture":"#1"},"down":{"uv":[1,13,2,14],"texture":"#1"}}},{"from":[-5.85,8.7,6.42044],"to":[5.75,9,8.07956],"rotation":{"angle":-45,"axis":"x","origin":[1.5,8.6,8]},"faces":{"east":{"uv":[4,13,7,14],"rotation":270,"texture":"#1"},"west":{"uv":[4,6,5,7],"texture":"#8"},"up":{"uv":[9,0,10,5],"rotation":180,"texture":"#7"}}},{"from":[11.25,7.24543,8.4],"to":[16.25,7.40456,9.2],"rotation":{"angle":-22.5,"axis":"x","origin":[15.465,7.325,8.8]},"faces":{"north":{"uv":[1,13,2,14],"texture":"#1"},"east":{"uv":[1,13,2,14],"texture":"#1"},"south":{"uv":[6,2,8,3],"rotation":270,"texture":"#6"}}},{"from":[16.55,7.24543,8.4],"to":[16.85,7.40456,9.2],"rotation":{"angle":-22.5,"axis":"x","origin":[15.465,7.325,8.8]},"faces":{"north":{"uv":[3,1,4,5],"rotation":90,"texture":"#6"},"east":{"uv":[0,0,1,1],"texture":"#6"},"south":{"uv":[11,1,12,5],"rotation":270,"texture":"#6"},"west":{"uv":[0,0,1,1],"rotation":90,"texture":"#6"}}},{"from":[-13.65,7.52043,9.3],"to":[5.75,8.67956,9.9],"rotation":{"angle":45,"axis":"x","origin":[1.5,8.6,8]},"faces":{"east":{"uv":[4,13,5,14],"texture":"#1"},"south":{"uv":[11.5,15.5,12.5,15.6],"rotation":270,"texture":"#8"},"west":{"uv":[0.5,0.5,0.6,0.6],"rotation":270,"texture":"#8"}}},{"from":[5.75,7.52043,9],"to":[12.75,8.37956,9.9],"rotation":{"angle":45,"axis":"x","origin":[10.5,8.6,8]},"faces":{"south":{"uv":[11.5,15.5,12.5,15.6],"rotation":270,"texture":"#8"}}},{"from":[12.75,7.52043,9],"to":[13.55,8.37956,9.9],"rotation":{"angle":45,"axis":"x","origin":[10.5,8.6,8]},"faces":{"east":{"uv":[1,13,2,14],"rotation":270,"texture":"#1"},"south":{"uv":[7,13,5,14],"rotation":90,"texture":"#1"}}},{"from":[-13.65,7.52043,6.1],"to":[5.75,8.67956,6.725],"rotation":{"angle":-45,"axis":"x","origin":[1.5,8.6,8]},"faces":{"north":{"uv":[11.5,15.5,12.5,15.6],"rotation":270,"texture":"#8"},"east":{"uv":[4,13,5,14],"texture":"#1"},"west":{"uv":[0.5,0.5,0.6,0.6],"rotation":270,"texture":"#8"}}},{"from":[5.75,7.52043,6.1],"to":[12.75,8.37956,7],"rotation":{"angle":-45,"axis":"x","origin":[10.5,8.6,8]},"faces":{"north":{"uv":[11.5,15.5,12.5,15.6],"rotation":270,"texture":"#8"}}},{"from":[12.75,7.52043,6.1],"to":[13.55,8.37956,7],"rotation":{"angle":-45,"axis":"x","origin":[10.5,8.6,8]},"faces":{"north":{"uv":[7,13,5,14],"rotation":90,"texture":"#1"},"east":{"uv":[1,13,2,14],"rotation":270,"texture":"#1"}}},{"from":[11.25,6.925,8.72043],"to":[16.25,7.725,8.87956],"rotation":{"angle":-22.5,"axis":"x","origin":[15.465,7.325,8.8]},"faces":{"east":{"uv":[1,13,2,14],"texture":"#1"},"up":{"uv":[3,13,5,14],"rotation":90,"texture":"#1"},"down":{"uv":[4,13,6,14],"rotation":90,"texture":"#1"}}},{"from":[16.55,6.925,8.72043],"to":[16.85,7.725,8.87956],"rotation":{"angle":-22.5,"axis":"x","origin":[15.465,7.325,8.8]},"faces":{"east":{"uv":[0,0,1,1],"texture":"#6"},"west":{"uv":[0,0,1,1],"rotation":90,"texture":"#6"},"up":{"uv":[5,1,6,5],"rotation":270,"texture":"#6"},"down":{"uv":[3,1,4,5],"rotation":270,"texture":"#6"}}},{"from":[-13.65,8.7,7.92044],"to":[5.75,9,8.07957],"rotation":{"angle":22.5,"axis":"x","origin":[1.5,8.6,8]},"faces":{"west":{"uv":[0.5,0.5,0.6,0.6],"rotation":270,"texture":"#8"},"up":{"uv":[2,0,3,1],"texture":"#7"}}},{"from":[-13.65,8.52043,8.1],"to":[-5.85,8.67956,8.4],"rotation":{"angle":-45,"axis":"x","origin":[1.5,8.6,8]},"faces":{"south":{"uv":[5,0,6,1],"texture":"#7"},"west":{"uv":[0.5,0.5,0.6,0.6],"rotation":270,"texture":"#8"}}},{"from":[-13.65,8.52043,7.6],"to":[-5.85,8.67956,7.9],"rotation":{"angle":45,"axis":"x","origin":[1.5,8.6,8]},"faces":{"north":{"uv":[5,0,6,1],"texture":"#7"},"west":{"uv":[0.5,0.5,0.6,0.6],"rotation":270,"texture":"#8"}}},{"from":[-13.65,8.02043,8],"to":[-5.85,8.67956,8.4],"rotation":{"angle":-22.5,"axis":"x","origin":[1.5,8.6,8]},"faces":{"south":{"uv":[6,5,5,6],"texture":"#8"},"west":{"uv":[0.5,0.5,0.6,0.6],"rotation":270,"texture":"#8"}}},{"from":[-13.65,8.02043,7.6],"to":[-5.85,8.67956,8],"rotation":{"angle":22.5,"axis":"x","origin":[1.5,8.6,8]},"faces":{"north":{"uv":[6,5,5,6],"texture":"#8"},"west":{"uv":[0.5,0.5,0.6,0.6],"rotation":270,"texture":"#8"}}},{"from":[11.25,6.925,8.72043],"to":[16.25,7.725,8.87956],"rotation":{"angle":45,"axis":"x","origin":[15.465,7.325,8.8]},"faces":{"east":{"uv":[1,13,2,14],"texture":"#1"},"up":{"uv":[6,2,8,3],"rotation":270,"texture":"#6"},"down":{"uv":[1,13,2,14],"texture":"#1"}}},{"from":[16.55,6.925,8.72043],"to":[16.85,7.725,8.87956],"rotation":{"angle":45,"axis":"x","origin":[15.465,7.325,8.8]},"faces":{"east":{"uv":[0,0,1,1],"texture":"#6"},"west":{"uv":[0,0,1,1],"rotation":90,"texture":"#6"},"up":{"uv":[11,1,12,5],"rotation":270,"texture":"#6"},"down":{"uv":[3,1,4,5],"rotation":270,"texture":"#6"}}},{"from":[-13.65,7.45977,9.16066],"to":[5.75,7.6189,9.46066],"rotation":{"angle":22.5,"axis":"x","origin":[1.5,7.53934,9.06066]},"faces":{"east":{"uv":[4,13,7,14],"rotation":180,"texture":"#1"},"south":{"uv":[1.5,6.5,1.6,6.6],"texture":"#8"},"west":{"uv":[0.5,0.5,0.6,0.6],"rotation":270,"texture":"#8"}}},{"from":[5.75,7.24764,8.94853],"to":[13.55,7.40677,9.24853],"rotation":{"angle":22.5,"axis":"x","origin":[10.5,7.32721,8.84853]},"faces":{"east":{"uv":[1,13,2,14],"rotation":270,"texture":"#1"},"south":{"uv":[6,13,7,14],"texture":"#1"}}},{"from":[5.75,7.24764,6.75147],"to":[13.55,7.40677,7.05147],"rotation":{"angle":-22.5,"axis":"x","origin":[10.5,7.32721,7.15147]},"faces":{"north":{"uv":[6,13,7,14],"texture":"#1"},"east":{"uv":[1,13,2,14],"rotation":270,"texture":"#1"}}},{"from":[-13.65,7.45977,6.53934],"to":[5.75,7.6189,6.83934],"rotation":{"angle":-22.5,"axis":"x","origin":[1.5,7.53934,6.93934]},"faces":{"north":{"uv":[1.5,6.5,1.6,6.6],"texture":"#8"},"east":{"uv":[4,13,7,14],"texture":"#1"},"west":{"uv":[0.5,0.5,0.6,0.6],"rotation":270,"texture":"#8"}}},{"from":[11.25,7.24543,8.4],"to":[16.25,7.40456,9.2],"rotation":{"angle":45,"axis":"x","origin":[15.465,7.325,8.8]},"faces":{"north":{"uv":[1,13,2,14],"texture":"#1"},"east":{"uv":[1,13,2,14],"texture":"#1"},"south":{"uv":[5,13,7,14],"rotation":270,"texture":"#1"}}},{"from":[16.55,7.24543,8.4],"to":[17.05,7.40456,9.2],"rotation":{"angle":22.5,"axis":"x","origin":[15.465,7.325,8.8]},"faces":{"north":{"uv":[3,1,4,8],"rotation":90,"texture":"#6"},"east":{"uv":[0,0,1,1],"texture":"#6"},"south":{"uv":[5,1,6,8],"rotation":270,"texture":"#6"},"west":{"uv":[0,0,1,1],"rotation":90,"texture":"#6"},"up":{"uv":[0,0,2,2],"rotation":180,"texture":"#6"},"down":{"uv":[1,13,2,14],"texture":"#1"}}},{"from":[-13.65,7.45977,9.16066],"to":[5.75,7.6189,9.46066],"rotation":{"angle":-22.5,"axis":"x","origin":[1.5,7.53934,9.06066]},"faces":{"east":{"uv":[4,13,7,14],"rotation":180,"texture":"#1"},"south":{"uv":[6,5,5,6],"texture":"#8"},"west":{"uv":[0.5,0.5,0.6,0.6],"rotation":270,"texture":"#8"}}},{"from":[-13.65,7.45977,9.13566],"to":[-5.85,7.6189,9.46066],"rotation":{"angle":-45,"axis":"x","origin":[1.5,7.53934,9.06066]},"faces":{"south":{"uv":[5,0,6,1],"texture":"#7"},"west":{"uv":[0.5,0.5,0.6,0.6],"rotation":270,"texture":"#8"}}},{"from":[-13.65,7.45977,6.53934],"to":[-5.85,7.6189,6.88934],"rotation":{"angle":45,"axis":"x","origin":[1.5,7.53934,6.93934]},"faces":{"north":{"uv":[5,0,6,1],"texture":"#7"},"west":{"uv":[0.5,0.5,0.6,0.6],"rotation":270,"texture":"#8"}}},{"from":[-13.65,7.63934,8.4811],"to":[-5.85,7.93934,9.14023],"rotation":{"angle":22.5,"axis":"x","origin":[1.5,7.53934,9.06066]},"faces":{"west":{"uv":[0.5,0.5,0.6,0.6],"rotation":270,"texture":"#8"},"up":{"uv":[4,1,9,2],"rotation":90,"texture":"#7"}}},{"from":[-13.65,7.63934,6.85977],"to":[-5.85,7.93934,7.5189],"rotation":{"angle":-22.5,"axis":"x","origin":[1.5,7.53934,6.93934]},"faces":{"west":{"uv":[0.5,0.5,0.6,0.6],"rotation":270,"texture":"#8"},"up":{"uv":[4,1,9,2],"rotation":270,"texture":"#7"}}},{"from":[12.35,7.85977,8.36066],"to":[13.55,8.8189,8.76066],"rotation":{"angle":-22.5,"axis":"x","origin":[1.5,7.93934,8.86066]},"faces":{"east":{"uv":[1,13,2,14],"rotation":270,"texture":"#1"},"south":{"uv":[0,2,0.9,5],"rotation":180,"texture":"#6"},"west":{"uv":[4,13,7,14],"rotation":90,"texture":"#1"}}},{"from":[12.35,7.85977,7.23934],"to":[13.55,8.8189,7.63934],"rotation":{"angle":22.5,"axis":"x","origin":[1.5,7.93934,7.13934]},"faces":{"north":{"uv":[0,2,1,5],"rotation":180,"texture":"#6"},"east":{"uv":[1,13,2,14],"rotation":270,"texture":"#1"},"west":{"uv":[4,13,7,14],"rotation":90,"texture":"#1"},"down":{"uv":[1,13,2,14],"texture":"#1"}}},{"from":[10.25,7.85977,8.36066],"to":[10.55,8.8189,8.76066],"rotation":{"angle":-22.5,"axis":"x","origin":[1.5,7.93934,8.86066]},"faces":{"east":{"uv":[4,13,7,14],"rotation":90,"texture":"#1"},"south":{"uv":[0,2,0.9,5],"rotation":180,"texture":"#6"},"west":{"uv":[4,13,7,14],"rotation":90,"texture":"#1"}}},{"from":[10.25,7.85977,7.23934],"to":[10.55,8.8189,7.63934],"rotation":{"angle":22.5,"axis":"x","origin":[1.5,7.93934,7.13934]},"faces":{"north":{"uv":[0,2,0.9,5],"rotation":180,"texture":"#6"},"east":{"uv":[4,13,7,14],"rotation":90,"texture":"#1"},"west":{"uv":[4,13,7,14],"rotation":90,"texture":"#1"},"down":{"uv":[1,13,2,14],"texture":"#1"}}},{"from":[8.45,8.65977,8.46066],"to":[10.25,8.8189,8.76066],"rotation":{"angle":-22.5,"axis":"x","origin":[1.5,7.93934,8.86066]},"faces":{"south":{"uv":[5,4,6,5],"rotation":180,"texture":"#6"},"down":{"uv":[1,13,2,14],"texture":"#1"}}},{"from":[8.45,8.65977,7.23934],"to":[10.25,8.8189,7.53934],"rotation":{"angle":22.5,"axis":"x","origin":[1.5,7.93934,7.13934]},"faces":{"north":{"uv":[5,4,6,5],"rotation":180,"texture":"#6"},"down":{"uv":[1,13,2,14],"texture":"#1"}}},{"from":[8.45,8.05977,8.36066],"to":[10.25,8.2189,8.76066],"rotation":{"angle":-22.5,"axis":"x","origin":[1.5,7.93934,8.86066]},"faces":{"south":{"uv":[0,2,0.9,3.5],"rotation":180,"texture":"#6"},"up":{"uv":[3,5,4,2],"texture":"#6"}}},{"from":[8.45,7.85977,7.23934],"to":[10.25,8.2189,7.63934],"rotation":{"angle":22.5,"axis":"x","origin":[1.5,7.93934,7.13934]},"faces":{"north":{"uv":[0,2,0.9,3.5],"rotation":180,"texture":"#6"},"up":{"uv":[3,5,4,2],"rotation":180,"texture":"#6"},"down":{"uv":[1,13,2,14],"texture":"#1"}}},{"from":[10.55,8.65977,8.46066],"to":[12.35,8.8189,8.76066],"rotation":{"angle":-22.5,"axis":"x","origin":[1.5,7.93934,8.86066]},"faces":{"south":{"uv":[5,4,6,5],"rotation":180,"texture":"#6"},"down":{"uv":[1,13,2,14],"texture":"#1"}}},{"from":[10.55,8.65977,7.23934],"to":[12.35,8.8189,7.53934],"rotation":{"angle":22.5,"axis":"x","origin":[1.5,7.93934,7.13934]},"faces":{"north":{"uv":[5,4,6,5],"rotation":180,"texture":"#6"},"down":{"uv":[1,13,2,14],"texture":"#1"}}},{"from":[10.55,8.05977,8.36066],"to":[12.35,8.2189,8.76066],"rotation":{"angle":-22.5,"axis":"x","origin":[1.5,7.93934,8.86066]},"faces":{"south":{"uv":[0,2,0.9,3.5],"rotation":180,"texture":"#6"},"up":{"uv":[3,5,4,2],"texture":"#6"}}},{"from":[10.55,7.85977,7.23934],"to":[12.35,8.2189,7.63934],"rotation":{"angle":22.5,"axis":"x","origin":[1.5,7.93934,7.13934]},"faces":{"north":{"uv":[0,2,0.9,3.5],"rotation":180,"texture":"#6"},"up":{"uv":[3,5,4,2],"rotation":180,"texture":"#6"},"down":{"uv":[1,13,2,14],"texture":"#1"}}},{"from":[5.75,7.85977,8.36066],"to":[8.45,8.8189,8.76066],"rotation":{"angle":-22.5,"axis":"x","origin":[1.5,7.93934,8.86066]},"faces":{"east":{"uv":[4,13,7,14],"rotation":90,"texture":"#1"},"south":{"uv":[0,2,1,5],"rotation":180,"texture":"#6"}}},{"from":[5.75,7.85977,7.23934],"to":[8.45,8.8189,7.63934],"rotation":{"angle":22.5,"axis":"x","origin":[1.5,7.93934,7.13934]},"faces":{"north":{"uv":[0,2,0.9,5],"rotation":180,"texture":"#6"},"east":{"uv":[4,13,7,14],"rotation":90,"texture":"#1"},"down":{"uv":[1,13,2,14],"texture":"#1"}}},{"from":[5.75,8.76109,8.04613],"to":[13.55,8.92022,8.34613],"rotation":{"angle":-45,"axis":"x","origin":[1.5,8.84066,8.44613]},"faces":{"east":{"uv":[1,13,2,14],"rotation":270,"texture":"#1"},"south":{"uv":[6,13,7,14],"texture":"#1"}}},{"from":[5.75,8.76109,7.65387],"to":[13.55,8.92022,7.95387],"rotation":{"angle":45,"axis":"x","origin":[1.5,8.84066,7.55387]},"faces":{"north":{"uv":[7,13,6,14],"texture":"#1"},"east":{"uv":[1,13,2,14],"rotation":270,"texture":"#1"}}},{"from":[7.65,7.95977,7.03934],"to":[8.35,8.2189,7.33934],"rotation":{"angle":-22.5,"axis":"y","origin":[7.5,8.43934,7.38934]},"faces":{"north":{"uv":[7,13,4,14],"rotation":90,"texture":"#1"},"west":{"uv":[14,2,16,4],"texture":"#6"},"up":{"uv":[13,1,16,2],"rotation":90,"texture":"#6"}}},{"from":[5.75,7.24764,8.94853],"to":[13.55,7.40677,9.24853],"rotation":{"angle":-22.5,"axis":"x","origin":[10.5,7.32721,8.84853]},"faces":{"east":{"uv":[1,13,2,14],"rotation":270,"texture":"#1"},"south":{"uv":[15,2,14,3.9],"texture":"#6"}}},{"from":[5.75,7.24764,6.75147],"to":[13.55,7.40677,7.05147],"rotation":{"angle":22.5,"axis":"x","origin":[10.5,7.32721,7.15147]},"faces":{"north":{"uv":[15.999,2,14.1,3],"rotation":270,"texture":"#6"},"east":{"uv":[1,13,2,14],"rotation":270,"texture":"#1"}}},{"from":[-13.65,7.45977,6.53934],"to":[5.75,7.6189,6.83934],"rotation":{"angle":22.5,"axis":"x","origin":[1.5,7.53934,6.93934]},"faces":{"north":{"uv":[6,5,5,6],"texture":"#8"},"east":{"uv":[4,13,7,14],"texture":"#1"},"west":{"uv":[0.5,0.5,0.6,0.6],"rotation":270,"texture":"#8"}}},{"from":[11.25,7.24543,8.4],"to":[16.25,7.40456,9.2],"rotation":{"angle":0,"axis":"x","origin":[15.465,7.325,8.8]},"faces":{"north":{"uv":[1,13,2,14],"texture":"#1"},"east":{"uv":[1,13,2,14],"texture":"#1"},"south":{"uv":[5,2.1,6,4],"texture":"#6"}}},{"from":[16.55,7.24543,8.4],"to":[16.85,7.40456,9.2],"rotation":{"angle":0,"axis":"x","origin":[15.465,7.325,8.8]},"faces":{"north":{"uv":[3,1,4,5],"rotation":90,"texture":"#6"},"east":{"uv":[0,0,1,1],"texture":"#6"},"south":{"uv":[5,1,6,5],"rotation":270,"texture":"#6"},"west":{"uv":[0,0,1,1],"rotation":90,"texture":"#6"}}},{"from":[-13.65,8.7,7.92044],"to":[5.75,9,8.07956],"rotation":{"angle":-22.5,"axis":"x","origin":[1.5,8.6,8]},"faces":{"west":{"uv":[0.5,0.5,0.6,0.6],"rotation":270,"texture":"#8"},"up":{"uv":[2,0,3,1],"texture":"#7"}}},{"from":[-13.65,6.43223,8.27399],"to":[12.75,6.73223,8.43312],"rotation":{"angle":-22.5,"axis":"x","origin":[1.5,6.83223,8.35355]},"faces":{"down":{"uv":[0.5,0.5,0.6,0.6],"texture":"#8"}}},{"from":[12.75,6.43223,8.27399],"to":[13.55,6.73223,8.43312],"rotation":{"angle":-22.5,"axis":"x","origin":[1.5,6.83223,8.35355]},"faces":{"east":{"uv":[1,13,2,14],"rotation":180,"texture":"#1"},"down":{"uv":[4,13,5,14],"texture":"#1"}}},{"from":[-13.65,6.43223,7.56688],"to":[12.75,6.73223,7.72601],"rotation":{"angle":22.5,"axis":"x","origin":[1.5,6.83223,7.64645]},"faces":{"down":{"uv":[0.5,0.5,0.6,0.6],"texture":"#8"}}},{"from":[12.75,6.43223,7.56688],"to":[13.55,6.73223,7.72601],"rotation":{"angle":22.5,"axis":"x","origin":[2.4,6.83223,7.64645]},"faces":{"east":{"uv":[1,13,2,14],"rotation":270,"texture":"#1"},"down":{"uv":[5,14,6,13],"texture":"#1"}}},{"from":[11.25,6.925,8.72043],"to":[16.25,7.725,8.87956],"rotation":{"angle":0,"axis":"x","origin":[15.465,7.325,8.8]},"faces":{"east":{"uv":[1,13,2,14],"texture":"#1"},"up":{"uv":[4,13,6,14],"rotation":90,"texture":"#1"},"down":{"uv":[3,13,5,14],"rotation":90,"texture":"#1"}}},{"from":[16.55,6.925,8.72043],"to":[16.85,7.725,8.87956],"rotation":{"angle":0,"axis":"x","origin":[15.465,7.325,8.8]},"faces":{"east":{"uv":[0,0,1,1],"texture":"#6"},"west":{"uv":[0,0,1,1],"rotation":90,"texture":"#6"},"up":{"uv":[5,1,6,5],"rotation":270,"texture":"#6"},"down":{"uv":[3,1,4,5],"rotation":270,"texture":"#6"}}}],"gui_light":"front","display":{"thirdperson_righthand":{"rotation":[0,100,0],"translation":[-1,1,0],"scale":[0.5,0.5,0.5]},"thirdperson_lefthand":{"rotation":[0,-90,-165],"translation":[-1.5,-5.5,10],"scale":[0.5,0.5,0.5]},"firstperson_righthand":{"rotation":[0,90,0],"translation":[0,2.25,-5.75]},"firstperson_lefthand":{"scale":[0,0,0]},"ground":{"translation":[0,2,0],"scale":[0.5,0.5,0.5]},"gui":{"rotation":[0,0,45],"translation":[-1,1.5,0],"scale":[0.5,0.5,0.5]},"head":{"scale":[1.2,1.2,1.2]},"fixed":{"translation":[0,4.25,-2.75],"scale":[-1,1,-1]}}}