{
    "parent": "item/handheld_rod",
    "textures": {
      "layer0": "item/carrot_on_a_stick"
    },
    "overrides": [
      {
        "predicate": {
          "damaged": 0,
          "damage": 0
        },
        "model": "item/carrot_on_a_stick"
      },
      {
        "predicate": {
          "damaged": 0,
          "custom_model_data": 1
        },
        "model": "item/_tmp"
      },
      {
        "predicate": {
          "damaged": 0,
          "custom_model_data": 10
        },
        "model": "item/m16a3"
      },
      {
        "predicate": {
          "damaged": 0,
          "custom_model_data": 11
        },
        "model": "item/m16a3_1"
      },
      {
        "predicate": {
          "damaged": 0,
          "custom_model_data": 12
        },
        "model": "item/m16a3_2"
      },
      {
        "predicate": {
          "damaged": 0,
          "custom_model_data": 13
        },
        "model": "item/m16a3_3"
      },
      {
        "predicate": {
          "damaged": 0,
          "custom_model_data": 14
        },
        "model": "item/m16a3_4"
      },
      {
        "predicate": {
          "damaged": 0,
          "custom_model_data": 15
        },
        "model": "item/m16a3_zoom"
      },
      {
        "predicate": {
          "damaged": 0,
          "custom_model_data": 16
        },
        "model": "item/m16a3_zoom_1"
      },
      {
        "predicate": {
          "damaged": 0,
          "custom_model_data": 17
        },
        "model": "item/m16a3_zoom_2"
      },
      {
        "predicate": {
          "damaged": 0,
          "custom_model_data": 18
        },
        "model": "item/m16a3_zoom_3"
      },
      {
        "predicate": {
          "damaged": 0,
          "custom_model_data": 19
        },
        "model": "item/m16a3_zoom_4"
      },
      {
        "predicate": {
          "damaged": 0,
          "custom_model_data": 20
        },
        "model": "item/ak47"
      },
      {
        "predicate": {
          "damaged": 0,
          "custom_model_data": 21
        },
        "model": "item/ak47_1"
      },
      {
        "predicate": {
          "damaged": 0,
          "custom_model_data": 22
        },
        "model": "item/ak47_2"
      },
      {
        "predicate": {
          "damaged": 0,
          "custom_model_data": 23
        },
        "model": "item/ak47_3"
      },
      {
        "predicate": {
          "damaged": 0,
          "custom_model_data": 24
        },
        "model": "item/ak47_4"
      },
      {
        "predicate": {
          "damaged": 0,
          "custom_model_data": 25
        },
        "model": "item/ak47_zoom"
      },
      {
        "predicate": {
          "damaged": 0,
          "custom_model_data": 26
        },
        "model": "item/ak47_zoom_1"
      },
      {
        "predicate": {
          "damaged": 0,
          "custom_model_data": 27
        },
        "model": "item/ak47_zoom_2"
      },
      {
        "predicate": {
          "damaged": 0,
          "custom_model_data": 28
        },
        "model": "item/ak47_zoom_3"
      },
      {
        "predicate": {
          "damaged": 0,
          "custom_model_data": 29
        },
        "model": "item/ak47_zoom_4"
      },
      {
        "predicate": {
          "damaged": 0,
          "custom_model_data": 30
        },
        "model": "item/fnfal"
      },
      {
        "predicate": {
          "damaged": 0,
          "custom_model_data": 31
        },
        "model": "item/fnfal_1"
      },
      {
        "predicate": {
          "damaged": 0,
          "custom_model_data": 32
        },
        "model": "item/fnfal_2"
      },
      {
        "predicate": {
          "damaged": 0,
          "custom_model_data": 33
        },
        "model": "item/fnfal_3"
      },
      {
        "predicate": {
          "damaged": 0,
          "custom_model_data": 34
        },
        "model": "item/fnfal_4"
      },
      {
        "predicate": {
          "damaged": 0,
          "custom_model_data": 35
        },
        "model": "item/fnfal_zoom"
      },
      {
        "predicate": {
          "damaged": 0,
          "custom_model_data": 36
        },
        "model": "item/fnfal_zoom_1"
      },
      {
        "predicate": {
          "damaged": 0,
          "custom_model_data": 37
        },
        "model": "item/fnfal_zoom_2"
      },
      {
        "predicate": {
          "damaged": 0,
          "custom_model_data": 38
        },
        "model": "item/fnfal_zoom_3"
      },
      {
        "predicate": {
          "damaged": 0,
          "custom_model_data": 39
        },
        "model": "item/fnfal_zoom_4"
      },
      {
        "predicate": {
          "damaged": 0,
          "custom_model_data": 40
        },
        "model": "item/aug"
      },
      {
        "predicate": {
          "damaged": 0,
          "custom_model_data": 41
        },
        "model": "item/aug_1"
      },
      {
        "predicate": {
          "damaged": 0,
          "custom_model_data": 42
        },
        "model": "item/aug_2"
      },
      {
        "predicate": {
          "damaged": 0,
          "custom_model_data": 43
        },
        "model": "item/aug_3"
      },
      {
        "predicate": {
          "damaged": 0,
          "custom_model_data": 44
        },
        "model": "item/aug_4"
      },
      {
        "predicate": {
          "damaged": 0,
          "custom_model_data": 45
        },
        "model": "item/aug_zoom"
      },
      {
        "predicate": {
          "damaged": 0,
          "custom_model_data": 46
        },
        "model": "item/aug_zoom_1"
      },
      {
        "predicate": {
          "damaged": 0,
          "custom_model_data": 47
        },
        "model": "item/aug_zoom_2"
      },
      {
        "predicate": {
          "damaged": 0,
          "custom_model_data": 48
        },
        "model": "item/aug_zoom_3"
      },
      {
        "predicate": {
          "damaged": 0,
          "custom_model_data": 49
        },
        "model": "item/aug_zoom_4"
      },
      {
        "predicate": {
          "damaged": 0,
          "custom_model_data": 50
        },
        "model": "item/carrot_on_a_stick"
      },
      {
        "predicate": {
          "damaged": 0,
          "custom_model_data": 110
        },
        "model": "item/m1911"
      },
      {
        "predicate": {
          "damaged": 0,
          "custom_model_data": 115
        },
        "model": "item/m1911_zoom"
      },
      {
        "predicate": {
          "damaged": 0,
          "custom_model_data": 120
        },
        "model": "item/m9"
      },
      {
        "predicate": {
          "damaged": 0,
          "custom_model_data": 125
        },
        "model": "item/m9_zoom"
      },
      {
        "predicate": {
          "damaged": 0,
          "custom_model_data": 130
        },
        "model": "item/deagle"
      },
      {
        "predicate": {
          "damaged": 0,
          "custom_model_data": 135
        },
        "model": "item/deagle_zoom"
      },
      {
        "predicate": {
          "damaged": 0,
          "custom_model_data": 140
        },
        "model": "item/makarov"
      },
      {
        "predicate": {
          "damaged": 0,
          "custom_model_data": 145
        },
        "model": "item/makarov_zoom"
      },
      {
        "predicate": {
          "damaged": 0,
          "custom_model_data": 150
        },
        "model": "item/carrot_on_a_stick"
      },
      {
        "predicate": {
          "damaged": 0,
          "custom_model_data": 210
        },
        "model": "item/mp5"
      },
      {
        "predicate": {
          "damaged": 0,
          "custom_model_data": 211
        },
        "model": "item/mp5_1"
      },
      {
        "predicate": {
          "damaged": 0,
          "custom_model_data": 212
        },
        "model": "item/mp5_2"
      },
      {
        "predicate": {
          "damaged": 0,
          "custom_model_data": 213
        },
        "model": "item/mp5_3"
      },
      {
        "predicate": {
          "damaged": 0,
          "custom_model_data": 214
        },
        "model": "item/mp5_4"
      },
      {
        "predicate": {
          "damaged": 0,
          "custom_model_data": 215
        },
        "model": "item/mp5_zoom"
      },
      {
        "predicate": {
          "damaged": 0,
          "custom_model_data": 216
        },
        "model": "item/mp5_zoom_1"
      },
      {
        "predicate": {
          "damaged": 0,
          "custom_model_data": 217
        },
        "model": "item/mp5_zoom_2"
      },
      {
        "predicate": {
          "damaged": 0,
          "custom_model_data": 218
        },
        "model": "item/mp5_zoom_3"
      },
      {
        "predicate": {
          "damaged": 0,
          "custom_model_data": 219
        },
        "model": "item/mp5_zoom_4"
      },
      {
        "predicate": {
          "damaged": 0,
          "custom_model_data": 220
        },
        "model": "item/mac10"
      },
      {
        "predicate": {
          "damaged": 0,
          "custom_model_data": 225
        },
        "model": "item/mac10_zoom"
      },
      {
        "predicate": {
          "damaged": 0,
          "custom_model_data": 230
        },
        "model": "item/carrot_on_a_stick"
      },
      {
        "predicate": {
          "damaged": 0,
          "custom_model_data": 310
        },
        "model": "item/spas12"
      },
      {
        "predicate": {
          "damaged": 0,
          "custom_model_data": 311
        },
        "model": "item/spas12_1"
      },
      {
        "predicate": {
          "damaged": 0,
          "custom_model_data": 312
        },
        "model": "item/spas12_2"
      },
      {
        "predicate": {
          "damaged": 0,
          "custom_model_data": 313
        },
        "model": "item/spas12_3"
      },
      {
        "predicate": {
          "damaged": 0,
          "custom_model_data": 315
        },
        "model": "item/spas12_zoom"
      },
      {
        "predicate": {
          "damaged": 0,
          "custom_model_data": 316
        },
        "model": "item/spas12_zoom_1"
      },
      {
        "predicate": {
          "damaged": 0,
          "custom_model_data": 317
        },
        "model": "item/spas12_zoom_2"
      },
      {
        "predicate": {
          "damaged": 0,
          "custom_model_data": 318
        },
        "model": "item/spas12_zoom_3"
      },
      {
        "predicate": {
          "damaged": 0,
          "custom_model_data": 320
        },
        "model": "item/m500"
      },
      {
        "predicate": {
          "damaged": 0,
          "custom_model_data": 321
        },
        "model": "item/m500_1"
      },
      {
        "predicate": {
          "damaged": 0,
          "custom_model_data": 322
        },
        "model": "item/m500_2"
      },
      {
        "predicate": {
          "damaged": 0,
          "custom_model_data": 323
        },
        "model": "item/m500_3"
      },
      {
        "predicate": {
          "damaged": 0,
          "custom_model_data": 325
        },
        "model": "item/m500_zoom"
      },
      {
        "predicate": {
          "damaged": 0,
          "custom_model_data": 326
        },
        "model": "item/m500_zoom_1"
      },
      {
        "predicate": {
          "damaged": 0,
          "custom_model_data": 327
        },
        "model": "item/m500_zoom_2"
      },
      {
        "predicate": {
          "damaged": 0,
          "custom_model_data": 328
        },
        "model": "item/m500_zoom_3"
      },
      {
        "predicate": {
          "damaged": 0,
          "custom_model_data": 330
        },
        "model": "item/carrot_on_a_stick"
      },
      {
        "predicate": {
          "damaged": 0,
          "custom_model_data": 410
        },
        "model": "item/svd"
      },
      {
        "predicate": {
          "damaged": 0,
          "custom_model_data": 411
        },
        "model": "item/svd_1"
      },
      {
        "predicate": {
          "damaged": 0,
          "custom_model_data": 412
        },
        "model": "item/svd_2"
      },
      {
        "predicate": {
          "damaged": 0,
          "custom_model_data": 413
        },
        "model": "item/svd_3"
      },
      {
        "predicate": {
          "damaged": 0,
          "custom_model_data": 414
        },
        "model": "item/svd_4"
      },
      {
        "predicate": {
          "damaged": 0,
          "custom_model_data": 415
        },
        "model": "item/svd_zoom"
      },
      {
        "predicate": {
          "damaged": 0,
          "custom_model_data": 416
        },
        "model": "item/svd_zoom_1"
      },
      {
        "predicate": {
          "damaged": 0,
          "custom_model_data": 417
        },
        "model": "item/svd_zoom_2"
      },
      {
        "predicate": {
          "damaged": 0,
          "custom_model_data": 418
        },
        "model": "item/svd_zoom_3"
      },
      {
        "predicate": {
          "damaged": 0,
          "custom_model_data": 419
        },
        "model": "item/svd_zoom_4"
      },
      {
        "predicate": {
          "damaged": 0,
          "custom_model_data": 420
        },
        "model": "item/m82"
      },
      {
        "predicate": {
          "damaged": 0,
          "custom_model_data": 421
        },
        "model": "item/m82_1"
      },
      {
        "predicate": {
          "damaged": 0,
          "custom_model_data": 422
        },
        "model": "item/m82_2"
      },
      {
        "predicate": {
          "damaged": 0,
          "custom_model_data": 423
        },
        "model": "item/m82_3"
      },
      {
        "predicate": {
          "damaged": 0,
          "custom_model_data": 424
        },
        "model": "item/m82_4"
      },
      {
        "predicate": {
          "damaged": 0,
          "custom_model_data": 425
        },
        "model": "item/m82_zoom"
      },
      {
        "predicate": {
          "damaged": 0,
          "custom_model_data": 426
        },
        "model": "item/m82_zoom_1"
      },
      {
        "predicate": {
          "damaged": 0,
          "custom_model_data": 427
        },
        "model": "item/m82_zoom_2"
      },
      {
        "predicate": {
          "damaged": 0,
          "custom_model_data": 428
        },
        "model": "item/m82_zoom_3"
      },
      {
        "predicate": {
          "damaged": 0,
          "custom_model_data": 429
        },
        "model": "item/m82_zoom_4"
      },
      {
        "predicate": {
          "damaged": 0,
          "custom_model_data": 430
        },
        "model": "item/mosin"
      },
      {
        "predicate": {
          "damaged": 0,
          "custom_model_data": 431
        },
        "model": "item/mosin_1"
      },
      {
        "predicate": {
          "damaged": 0,
          "custom_model_data": 435
        },
        "model": "item/mosin_zoom"
      },
      {
        "predicate": {
          "damaged": 0,
          "custom_model_data": 436
        },
        "model": "item/mosin_zoom_1"
      },
      {
        "predicate": {
          "damaged": 0,
          "custom_model_data": 440
        },
        "model": "item/carrot_on_a_stick"
      },
      {
        "predicate": {
          "damaged": 0,
          "custom_model_data": 510
        },
        "model": "item/rpg7_empty"
      },
      {
        "predicate": {
          "damaged": 0,
          "damage": 0.04,
          "custom_model_data": 510
        },
        "model": "item/rpg7"
      },
      {
        "predicate": {
          "damaged": 0,
          "custom_model_data": 515
        },
        "model": "item/rpg7_zoom_empty"
      },
      {
        "predicate": {
          "damaged": 0,
          "damage": 0.04,
          "custom_model_data": 515
        },
        "model": "item/rpg7_zoom"
      },
      {
        "predicate": {
          "damaged": 0,
          "custom_model_data": 520
        },
        "model": "item/carrot_on_a_stick"
      },
      {
        "predicate": {
          "damaged": 1
        },
        "model": "item/carrot_on_a_stick"
      }
    ]
  }