{"textures":{"2":"block/coal_block","3":"block/furnace_side","5":"block/chiseled_stone_bricks","6":"block/iron_door_bottom","7":"block/fire_coral_block","8":"block/observer_side","9":"block/black_glazed_terracotta","particle":"block/coal_block"},"elements":[{"from":[6.475,6.55055,8.24941],"to":[12.35,7.29947,8.39941],"rotation":{"angle":-22.5,"axis":"x","origin":[12.101,7.20001,7.9994]},"faces":{"north":{"uv":[0,13,16,14],"rotation":270,"texture":"#2"},"east":{"uv":[12,8,13,9],"rotation":270,"texture":"#3"},"south":{"uv":[0,1,5,2],"rotation":270,"texture":"#5"},"up":{"uv":[0,0,1,1],"rotation":180,"texture":"#5"}}},{"from":[6.475,6.55055,7.60059],"to":[12.35,7.29947,7.75059],"rotation":{"angle":22.5,"axis":"x","origin":[12.101,7.20001,8.0006]},"faces":{"north":{"uv":[5,1,0,2],"rotation":90,"texture":"#5"},"east":{"uv":[12,8,13,9],"rotation":270,"texture":"#3"},"south":{"uv":[9,3,8,16],"texture":"#8"},"up":{"uv":[0,0,1,1],"rotation":180,"texture":"#5"}}},{"from":[12.175,6.69496,7.3825],"to":[12.3505,6.75306,8.6175],"rotation":{"angle":0,"axis":"y","origin":[12.1,7.10601,8.25695]},"faces":{"north":{"uv":[2,1,3,2],"texture":"#5"},"east":{"uv":[14,7,14.9,8],"texture":"#3"},"south":{"uv":[2,1,3,2],"texture":"#5"}}},{"from":[12.15,6.645,7.382],"to":[12.2,6.7031,8.617],"rotation":{"angle":0,"axis":"y","origin":[12.1,7.10605,8.25646]},"faces":{"north":{"uv":[2,1,3,2],"texture":"#5"},"south":{"uv":[2,1,3,2],"texture":"#5"}}},{"from":[12.15051,6.3462,7.38225],"to":[12.30051,6.8043,8.61775],"rotation":{"angle":-22.5,"axis":"z","origin":[12.05051,6.62525,7.99975]},"faces":{"north":{"uv":[2,1,2.9,5],"texture":"#5"},"east":{"uv":[2,1,4,2],"rotation":270,"texture":"#3"},"south":{"uv":[2,1,3,5],"texture":"#5"}}},{"from":[11.3879,6.27177,7.3825],"to":[12.1747,6.75307,8.6175],"rotation":{"angle":0,"axis":"z","origin":[11.92469,6.85082,8]},"faces":{"north":{"uv":[2,1,2.9,6],"texture":"#5"},"south":{"uv":[2,1,2.9,6],"texture":"#5"},"west":{"uv":[1,1,2,2],"texture":"#8"},"down":{"uv":[0,3,1,4],"texture":"#3"}}},{"from":[8.225,6.27177,7.4825],"to":[11.4497,6.32807,8.5175],"rotation":{"angle":0,"axis":"z","origin":[11.19969,6.85082,8]},"faces":{"north":{"uv":[2,1,3,2.9],"rotation":180,"texture":"#8"},"south":{"uv":[2,1,3,2.9],"rotation":180,"texture":"#8"}}},{"from":[7.20961,5.08496,7.6825],"to":[7.35961,5.443,8.3175],"rotation":{"angle":22.5,"axis":"z","origin":[8.25961,5.26398,8]},"faces":{"north":{"uv":[11,2.1,12,3],"rotation":90,"texture":"#8"},"east":{"uv":[6,1.1,9,2],"rotation":90,"texture":"#8"},"south":{"uv":[10,2.1,11,3],"rotation":270,"texture":"#8"},"down":{"uv":[6,1,7,3],"rotation":90,"texture":"#8"}}},{"from":[5.9426,5.27515,7.8324],"to":[6.1176,5.63319,8.1676],"rotation":{"angle":22.5,"axis":"z","origin":[6.9926,5.45417,8.1499]},"faces":{"north":{"uv":[5,1,7,2],"rotation":270,"texture":"#8"},"east":{"uv":[5,1,6,4],"rotation":180,"texture":"#8"},"south":{"uv":[3,1.1,5,2],"rotation":90,"texture":"#8"},"west":{"uv":[0,0,1,1],"rotation":270,"texture":"#8"},"down":{"uv":[1,13,2,14],"rotation":270,"texture":"#2"}}},{"from":[7.20804,4.69677,7.6825],"to":[7.35804,6.15481,8.3175],"rotation":{"angle":0,"axis":"z","origin":[8.25804,5.27579,8]},"faces":{"north":{"uv":[9,2,16,2.9],"rotation":270,"texture":"#8"},"east":{"uv":[1,1,2,4],"rotation":180,"texture":"#8"},"south":{"uv":[9,2,16,2.9],"rotation":270,"texture":"#8"},"west":{"uv":[7,3,11,4],"rotation":180,"texture":"#8"},"down":{"uv":[10,10,11,11],"rotation":270,"texture":"#8"}}},{"from":[5.95402,5.21775,7.8325],"to":[6.12902,5.67579,8.1675],"rotation":{"angle":0,"axis":"z","origin":[7.00402,5.39677,8.15]},"faces":{"north":{"uv":[3,2.1,5,3],"rotation":90,"texture":"#8"},"east":{"uv":[5,3,6,4],"rotation":270,"texture":"#8"},"south":{"uv":[3,2.1,5,3],"rotation":90,"texture":"#8"},"west":{"uv":[0,4,1,5],"rotation":270,"texture":"#8"}}},{"from":[5.65,4.69677,7.6825],"to":[7.20804,4.84677,8.3175],"rotation":{"angle":0,"axis":"z","origin":[8.25402,5.27177,8]},"faces":{"north":{"uv":[11,1.1,12,3],"texture":"#8"},"south":{"uv":[10,1.1,11,3],"texture":"#8"},"up":{"uv":[6,13,13,14],"rotation":270,"texture":"#8"},"down":{"uv":[0,3,8,4],"texture":"#8"}}},{"from":[5.41985,4.754,7.6826],"to":[6.1529,4.929,8.3174],"rotation":{"angle":-45,"axis":"z","origin":[6.02387,4.879,8.0001]},"faces":{"north":{"uv":[11,1,12,2],"rotation":180,"texture":"#8"},"south":{"uv":[11,1,12,2],"rotation":180,"texture":"#8"},"up":{"uv":[7,0,12,1],"rotation":270,"texture":"#3"}}},{"from":[7.20402,5.09275,7.6824],"to":[7.35402,5.45079,8.3176],"rotation":{"angle":-22.5,"axis":"z","origin":[8.25402,5.27177,7.7999]},"faces":{"north":{"uv":[4,2.1,5,3],"rotation":90,"texture":"#8"},"east":{"uv":[1.1,2,4,3],"rotation":270,"texture":"#8"},"south":{"uv":[4,2.1,5,3],"rotation":270,"texture":"#8"}}},{"from":[5.9407,5.25078,7.8325],"to":[6.1157,5.60882,8.1675],"rotation":{"angle":-22.5,"axis":"z","origin":[7.0157,5.4298,7.95]},"faces":{"north":{"uv":[2,2.1,3,4],"rotation":180,"texture":"#8"},"east":{"uv":[4,4,5,5],"rotation":270,"texture":"#8"},"south":{"uv":[2,2.1,3,4],"rotation":180,"texture":"#8"},"west":{"uv":[0,0,1,1],"rotation":270,"texture":"#2"}}},{"from":[7.825,6.17177,7.48255],"to":[8.43304,6.74677,8.51745],"rotation":{"angle":45,"axis":"z","origin":[8.25402,5.27177,8.00005]},"faces":{"north":{"uv":[2,3,6,4],"rotation":90,"texture":"#3"},"south":{"uv":[2,3,6,4],"rotation":90,"texture":"#3"},"west":{"uv":[15,2,16,5],"rotation":180,"texture":"#8"},"down":{"uv":[1,2,5,4],"rotation":270,"texture":"#8"}}},{"from":[6.80246,6.09253,8.3825],"to":[7.40246,6.30058,8.6175],"rotation":{"angle":0,"axis":"z","origin":[7.35246,5.99656,10]},"faces":{"east":{"uv":[2,0,3,3],"texture":"#5"},"south":{"uv":[6,0,11,2],"texture":"#5"},"west":{"uv":[2,0,3,3],"texture":"#5"},"up":{"uv":[7,7,8,8],"rotation":270,"texture":"#5"},"down":{"uv":[0,0,1,1],"rotation":270,"texture":"#2"}}},{"from":[7.75,6.17177,7.68245],"to":[7.90804,6.69677,8.31755],"rotation":{"angle":45,"axis":"z","origin":[8.25402,5.27177,4.79995]},"faces":{"north":{"uv":[7,2.1,4,5.1],"rotation":90,"texture":"#8"},"south":{"uv":[8,2.1,5,5.1],"rotation":270,"texture":"#8"},"west":{"uv":[10,3,9,5],"rotation":180,"texture":"#8"}}},{"from":[6.70402,5.31775,7.68255],"to":[6.85402,5.40079,8.31745],"rotation":{"angle":-22.5,"axis":"z","origin":[8.25402,5.27177,4.80005]},"faces":{"north":{"uv":[6,2,5,3],"rotation":90,"texture":"#8"},"south":{"uv":[6,2,5,3],"rotation":270,"texture":"#8"},"down":{"uv":[1,0,0,1],"rotation":270,"texture":"#2"}}},{"from":[7.75,4.14677,7.6826],"to":[7.83304,4.29677,8.3174],"rotation":{"angle":-45,"axis":"z","origin":[8.25402,5.27177,4.8001]},"faces":{"north":{"uv":[11,1,12,2],"texture":"#8"},"south":{"uv":[10,1,9,2],"texture":"#8"},"west":{"uv":[1,6,0,10],"rotation":90,"texture":"#3"}}},{"from":[7.85,6.17177,7.48245],"to":[8.73304,6.57177,8.51755],"rotation":{"angle":22.5,"axis":"z","origin":[8.25402,5.27177,7.99995]},"faces":{"north":{"uv":[1,3.1,6,4],"rotation":90,"texture":"#3"},"south":{"uv":[1,3,6,4],"rotation":90,"texture":"#3"},"down":{"uv":[6,3,12,4],"rotation":270,"texture":"#8"}}},{"from":[11.38787,6.13267,7.60049],"to":[12.11257,6.31767,8.00049],"rotation":{"angle":22.5,"axis":"x","origin":[11.81235,6.75017,7.84114]},"faces":{"east":{"uv":[2,1,3,2],"rotation":270,"texture":"#3"},"west":{"uv":[1,4,2,1],"rotation":90,"texture":"#8"},"down":{"uv":[3,4,4,1],"texture":"#8"}}},{"from":[7.725,6.13267,7.70049],"to":[11.3997,6.31767,8.10049],"rotation":{"angle":22.5,"axis":"x","origin":[11.08735,6.75017,7.94114]},"faces":{"down":{"uv":[3,3.9,4,1],"texture":"#8"}}},{"from":[7.725,6.13267,7.89951],"to":[11.3997,6.31767,8.29951],"rotation":{"angle":-22.5,"axis":"x","origin":[11.08735,6.75017,8.05886]},"faces":{"down":{"uv":[3,1,4,3.9],"texture":"#8"}}},{"from":[11.38787,6.13267,7.99951],"to":[12.11257,6.31767,8.39951],"rotation":{"angle":-22.5,"axis":"x","origin":[11.81235,6.75017,8.15886]},"faces":{"east":{"uv":[2,1,3,2],"rotation":270,"texture":"#3"},"west":{"uv":[1,4,2,1],"rotation":270,"texture":"#8"},"down":{"uv":[3,1,4,4],"texture":"#8"}}},{"from":[11.38787,6.1187,7.75205],"to":[12.11257,6.3037,8.24795],"rotation":{"angle":0,"axis":"x","origin":[11.81235,6.7362,7.9114]},"faces":{"west":{"uv":[0,0,1,1],"rotation":90,"texture":"#8"},"down":{"uv":[0,0,1,1],"texture":"#8"}}},{"from":[11.93182,6.15465,7.75205],"to":[12.15652,6.34201,8.24795],"rotation":{"angle":-22.5,"axis":"z","origin":[12.04417,6.24715,8]},"faces":{"north":{"uv":[0,4,1,6],"texture":"#3"},"east":{"uv":[2,2,3,1],"rotation":270,"texture":"#3"},"south":{"uv":[0,4,1,6],"texture":"#3"}}},{"from":[7.725,6.1187,7.85205],"to":[11.3997,6.3037,8.14795],"rotation":{"angle":0,"axis":"x","origin":[11.08735,6.7362,7.9114]},"faces":{"down":{"uv":[0,0,1,1],"texture":"#8"}}},{"from":[6.4,6.325,7.3825],"to":[11.3997,6.7531,8.6175],"rotation":{"angle":0,"axis":"z","origin":[11.19969,6.85082,8]},"faces":{"north":{"uv":[2,1,2.9,6],"texture":"#5"},"south":{"uv":[2,1,2.9,6],"texture":"#5"},"down":{"uv":[0,0,1,1],"texture":"#2"}}},{"from":[11.35,6.325,7.3823],"to":[11.3997,6.7531,7.6173],"rotation":{"angle":0,"axis":"z","origin":[11.19969,6.85082,8]},"faces":{"north":{"uv":[0,1,0.9,5],"texture":"#8"}}},{"from":[11.35,6.325,8.3827],"to":[11.3997,6.7531,8.6177],"rotation":{"angle":0,"axis":"z","origin":[11.19969,6.85082,8]},"faces":{"south":{"uv":[0.9,1,0,5],"texture":"#8"}}},{"from":[11.35,6.69184,7.45527],"to":[11.3997,7.04494,7.69027],"rotation":{"angle":22.5,"axis":"x","origin":[11.37485,6.90589,7.57277]},"faces":{"north":{"uv":[0,1,0.9,5],"rotation":180,"texture":"#8"}}},{"from":[11.35,6.69184,8.30973],"to":[11.3997,7.04494,8.54473],"rotation":{"angle":-22.5,"axis":"x","origin":[11.37485,6.90589,8.42723]},"faces":{"south":{"uv":[0.9,1,0,5],"rotation":180,"texture":"#8"}}},{"from":[6.45,7.01684,7.45527],"to":[11.3497,7.04494,7.69027],"rotation":{"angle":22.5,"axis":"x","origin":[11.37485,6.90589,7.57277]},"faces":{"north":{"uv":[0,1,0.9,3],"rotation":180,"texture":"#8"}}},{"from":[6.45,7.01684,8.30973],"to":[11.3497,7.04494,8.54473],"rotation":{"angle":-22.5,"axis":"x","origin":[11.37485,6.90589,8.42723]},"faces":{"south":{"uv":[0.9,1,0,3],"rotation":180,"texture":"#8"}}},{"from":[3.65,6.325,7.3825],"to":[6.4005,7.6563,8.6175],"rotation":{"angle":0,"axis":"z","origin":[11.97469,6.97582,8]},"faces":{"north":{"uv":[13.5,3,13.6,16],"texture":"#5"},"east":{"uv":[2,1.1,3,2],"texture":"#3"},"south":{"uv":[13.5,3,13.6,16],"texture":"#5"},"up":{"uv":[2,7,9,8],"rotation":90,"texture":"#6"},"down":{"uv":[0,0,1,1],"texture":"#2"}}},{"from":[5.95,6.35,7.3824],"to":[6.1005,7.5813,8.6176],"rotation":{"angle":-22.5,"axis":"z","origin":[6.02525,6.96565,8]},"faces":{"north":{"uv":[4.5,4,5.1,8],"rotation":90,"texture":"#3"},"south":{"uv":[4.5,8,5.1,4],"rotation":90,"texture":"#3"}}},{"from":[5.15,6.35,7.3824],"to":[5.3005,7.5813,8.6176],"rotation":{"angle":-22.5,"axis":"z","origin":[5.22525,6.96565,8]},"faces":{"north":{"uv":[4.5,4,5.1,8],"rotation":90,"texture":"#3"},"south":{"uv":[4.5,8,5.1,4],"rotation":90,"texture":"#3"}}},{"from":[5.55,6.35,7.3824],"to":[5.7005,7.5813,8.6176],"rotation":{"angle":-22.5,"axis":"z","origin":[5.62525,6.96565,8]},"faces":{"north":{"uv":[4.5,4,5.1,8],"rotation":90,"texture":"#3"},"south":{"uv":[4.5,8,5.1,4],"rotation":90,"texture":"#3"}}},{"from":[4.75,6.35,7.3824],"to":[4.9005,6.8813,8.6176],"rotation":{"angle":-22.5,"axis":"z","origin":[4.82525,6.96565,8]},"faces":{"north":{"uv":[4.8,4,5.1,8],"rotation":90,"texture":"#3"},"south":{"uv":[4.8,8,5.1,4],"rotation":90,"texture":"#3"}}},{"from":[4.15,6.35,7.3824],"to":[4.3005,6.6813,8.6176],"rotation":{"angle":-22.5,"axis":"z","origin":[4.22525,6.96565,8]},"faces":{"north":{"uv":[4.9,4,5.1,8],"rotation":90,"texture":"#3"},"south":{"uv":[4.9,8,5.1,4],"rotation":90,"texture":"#3"}}},{"from":[5.75,6.35,7.3824],"to":[5.9005,7.5813,8.6176],"rotation":{"angle":-22.5,"axis":"z","origin":[5.82525,6.96565,8]},"faces":{"north":{"uv":[4.5,4,5.1,8],"rotation":90,"texture":"#3"},"south":{"uv":[4.5,8,5.1,4],"rotation":90,"texture":"#3"}}},{"from":[4.95,6.35,7.3824],"to":[5.1005,7.5813,8.6176],"rotation":{"angle":-22.5,"axis":"z","origin":[5.02525,6.96565,8]},"faces":{"north":{"uv":[4.5,4,5.1,8],"rotation":90,"texture":"#3"},"south":{"uv":[4.5,8,5.1,4],"rotation":90,"texture":"#3"}}},{"from":[4.35,6.35,7.3824],"to":[4.5005,6.6813,8.6176],"rotation":{"angle":-22.5,"axis":"z","origin":[4.42525,6.96565,8]},"faces":{"north":{"uv":[4.9,4,5.1,8],"rotation":90,"texture":"#3"},"south":{"uv":[4.9,8,5.1,4],"rotation":90,"texture":"#3"}}},{"from":[5.35,6.35,7.3824],"to":[5.5005,7.5813,8.6176],"rotation":{"angle":-22.5,"axis":"z","origin":[5.42525,6.96565,8]},"faces":{"north":{"uv":[4.5,4,5.1,8],"rotation":90,"texture":"#3"},"south":{"uv":[4.5,8,5.1,4],"rotation":90,"texture":"#3"}}},{"from":[4.55,6.35,7.3824],"to":[4.7005,6.6813,8.6176],"rotation":{"angle":-22.5,"axis":"z","origin":[4.62525,6.96565,8]},"faces":{"north":{"uv":[4.9,4,5.1,8],"rotation":90,"texture":"#3"},"south":{"uv":[4.9,8,5.1,4],"rotation":90,"texture":"#3"}}},{"from":[3.95,6.35,7.3824],"to":[4.1005,6.6813,8.6176],"rotation":{"angle":-22.5,"axis":"z","origin":[4.02525,6.96565,8]},"faces":{"north":{"uv":[4.9,4,5.1,8],"rotation":90,"texture":"#3"},"south":{"uv":[4.9,8,5.1,4],"rotation":90,"texture":"#3"}}},{"from":[3.88914,2.42863,7.4824],"to":[5.93914,5.48493,8.5176],"rotation":{"angle":-22.5,"axis":"z","origin":[4.76414,5.50678,7.9999]},"faces":{"north":{"uv":[0,3.1,5.9,4],"rotation":180,"texture":"#3"},"east":{"uv":[5,13.1,14,14],"texture":"#8"},"south":{"uv":[0,3.1,5.9,4],"texture":"#3"}}},{"from":[3.88914,2.52863,7.4],"to":[5.53914,5.48493,8.6],"rotation":{"angle":-22.5,"axis":"z","origin":[4.76414,5.50678,7.9175]},"faces":{"north":{"uv":[0,0,16,16],"texture":"#2"},"east":{"uv":[1,13,2,14],"texture":"#2"},"south":{"uv":[0,0,16,16],"texture":"#2"},"west":{"uv":[0,0,1,5],"texture":"#2"}}},{"from":[3.84679,5.19001,7.40015],"to":[5.47179,5.84631,8.59985],"rotation":{"angle":0,"axis":"z","origin":[4.89679,5.66816,8.41765]},"faces":{"north":{"uv":[5,3,16,7],"texture":"#2"},"east":{"uv":[0,0,1,4],"texture":"#2"},"south":{"uv":[0,0,11,4],"texture":"#2"},"west":{"uv":[0,0,1,1],"texture":"#2"},"up":{"uv":[0,4,1,5],"texture":"#2"}}},{"from":[3.84679,5.84001,7.40015],"to":[4.47179,6.22131,8.59985],"rotation":{"angle":0,"axis":"z","origin":[4.89679,5.66816,8.41765]},"faces":{"north":{"uv":[0,0,4,2],"texture":"#2"},"east":{"uv":[1,13,2,14],"texture":"#2"},"south":{"uv":[0,0,4,3],"texture":"#2"},"west":{"uv":[5,3,7,4],"rotation":90,"texture":"#2"},"up":{"uv":[0,4,1,5],"texture":"#2"}}},{"from":[3.95,3.9,7.3999],"to":[4.25,4.2,8.6001],"rotation":{"angle":-22.5,"axis":"z","origin":[4.25,4.5,8]},"faces":{"north":{"uv":[0,0,16,16],"texture":"#9"},"south":{"uv":[0,0,16,16],"rotation":90,"texture":"#9"}}},{"from":[4.25,3.9,7.3999],"to":[4.55,4.2,8.6001],"rotation":{"angle":-22.5,"axis":"z","origin":[4.25,4.5,8]},"faces":{"north":{"uv":[16,0,0,16],"texture":"#9"},"south":{"uv":[0,16,16,0],"rotation":90,"texture":"#9"}}},{"from":[3.95,4.2,7.3999],"to":[4.25,4.5,8.6001],"rotation":{"angle":-22.5,"axis":"z","origin":[4.25,4.5,8]},"faces":{"north":{"uv":[0,0,16,16],"rotation":270,"texture":"#9"},"south":{"uv":[0,0,16,16],"rotation":180,"texture":"#9"}}},{"from":[4.25,4.2,7.3999],"to":[4.55,4.5,8.6001],"rotation":{"angle":-22.5,"axis":"z","origin":[4.25,4.5,8]},"faces":{"north":{"uv":[0,16,16,0],"rotation":270,"texture":"#9"},"south":{"uv":[16,0,0,16],"rotation":180,"texture":"#9"}}},{"from":[12.04679,7.66501,7.92475],"to":[12.17179,7.94631,8.07525],"rotation":{"angle":0,"axis":"z","origin":[12.59679,7.39316,7.89225]},"faces":{"north":{"uv":[4,13,7,14],"rotation":270,"texture":"#2"},"east":{"uv":[4,13,7,14],"rotation":270,"texture":"#2"},"south":{"uv":[4,13,7,14],"rotation":270,"texture":"#2"},"up":{"uv":[5,13,8,14],"rotation":90,"texture":"#2"}}},{"from":[11.68037,7.6518,7.925],"to":[12.10537,7.9331,8.075],"rotation":{"angle":22.5,"axis":"z","origin":[12.04287,7.79245,8]},"faces":{"north":{"uv":[4,13,7,14],"rotation":270,"texture":"#2"},"south":{"uv":[4,13,7,14],"rotation":270,"texture":"#2"},"west":{"uv":[1,13,2,14],"rotation":270,"texture":"#2"},"up":{"uv":[5,13,8,14],"rotation":90,"texture":"#2"}}},{"from":[3.84679,7.51501,7.525],"to":[4.07179,7.96501,7.675],"rotation":{"angle":0,"axis":"z","origin":[4.69679,7.34316,7.4925]},"faces":{"north":{"uv":[0,0,1,5],"texture":"#2"},"south":{"uv":[0,3,1,4],"texture":"#2"},"west":{"uv":[0,0,1,5],"texture":"#2"},"up":{"uv":[0,0,3,3],"texture":"#2"}}},{"from":[3.84679,7.54001,7.675],"to":[4.29679,7.74001,8.325],"rotation":{"angle":0,"axis":"z","origin":[4.69679,7.36816,8.1425]},"faces":{"east":{"uv":[0,0,1,1],"texture":"#2"},"west":{"uv":[0,4,1,5],"texture":"#2"},"up":{"uv":[0,13,5,14],"texture":"#2"}}},{"from":[3.84679,7.74001,7.675],"to":[3.97179,7.86501,8.325],"rotation":{"angle":0,"axis":"z","origin":[4.69679,7.56816,8.1425]},"faces":{"east":{"uv":[0,4,1,5],"texture":"#2"},"west":{"uv":[0,3,1,4],"texture":"#2"},"up":{"uv":[0,0,5,1],"texture":"#2"}}},{"from":[3.84679,7.86501,7.675],"to":[3.97179,7.96501,7.95],"rotation":{"angle":0,"axis":"z","origin":[4.69679,7.64316,8.1425]},"faces":{"east":{"uv":[0,3,1,4],"texture":"#2"},"south":{"uv":[0,0,1,1],"texture":"#2"},"west":{"uv":[0,0,1,3],"texture":"#2"},"up":{"uv":[0,0,5,1],"texture":"#2"}}},{"from":[3.84679,7.86501,8.05],"to":[3.97179,7.96501,8.325],"rotation":{"angle":0,"axis":"z","origin":[4.69679,7.64316,8.5425]},"faces":{"north":{"uv":[0,0,1,1],"texture":"#2"},"east":{"uv":[0,3,1,4],"texture":"#2"},"west":{"uv":[0,0,1,3],"texture":"#2"},"up":{"uv":[0,0,5,1],"texture":"#2"}}},{"from":[3.94822,7.6667,7.5252],"to":[4.47322,7.923,7.6752],"rotation":{"angle":-45,"axis":"z","origin":[4.06072,7.79485,8]},"faces":{"north":{"uv":[0,0,1,4],"texture":"#2"},"south":{"uv":[0,3,1,4],"texture":"#2"},"up":{"uv":[0,0,1,4],"texture":"#2"}}},{"from":[3.84679,7.51501,8.325],"to":[4.07179,7.96501,8.475],"rotation":{"angle":0,"axis":"z","origin":[4.69679,7.34316,8.5075]},"faces":{"north":{"uv":[1,3,0,4],"texture":"#2"},"south":{"uv":[1,0,0,5],"texture":"#2"},"west":{"uv":[1,0,0,5],"texture":"#2"},"up":{"uv":[0,3,3,0],"texture":"#2"}}},{"from":[3.94822,7.6667,8.3248],"to":[4.47322,7.923,8.4748],"rotation":{"angle":-45,"axis":"z","origin":[4.06072,7.79485,8]},"faces":{"north":{"uv":[1,3,0,4],"texture":"#2"},"south":{"uv":[1,0,0,4],"texture":"#2"},"up":{"uv":[0,4,1,0],"texture":"#2"}}},{"from":[2.81606,2.45888,7.3999],"to":[4.46606,3.09018,8.6001],"rotation":{"angle":0,"axis":"z","origin":[3.69106,3.11203,11.4174]},"faces":{"north":{"uv":[7,7,16,14],"texture":"#2"},"south":{"uv":[3,4,13,10],"texture":"#2"},"west":{"uv":[1,13,2,14],"texture":"#2"},"down":{"uv":[1,13,2,14],"texture":"#2"}}},{"from":[4.46606,2.45888,7.40015],"to":[4.91606,3.89018,8.59985],"rotation":{"angle":0,"axis":"z","origin":[3.69106,3.11203,11.41765]},"faces":{"north":{"uv":[5,8,10,13],"texture":"#2"},"east":{"uv":[1,13,7,14],"rotation":90,"texture":"#2"},"south":{"uv":[6,3,12,10],"rotation":180,"texture":"#2"},"down":{"uv":[0,0,1,1],"texture":"#2"}}},{"from":[3.78914,2.42863,7.475],"to":[4.03914,5.48493,8.525],"rotation":{"angle":-22.5,"axis":"z","origin":[4.76414,5.50678,7.9925]},"faces":{"north":{"uv":[0,0,2,10],"texture":"#2"},"south":{"uv":[0,0,2,9],"texture":"#2"},"west":{"uv":[10,0,16,1],"texture":"#2"}}},{"from":[2.68541,2.55476,7.475],"to":[2.93541,3.03606,8.525],"rotation":{"angle":0,"axis":"z","origin":[3.66041,3.05791,11.4925]},"faces":{"north":{"uv":[4,3,8,8],"texture":"#2"},"south":{"uv":[0,0,3,5],"texture":"#2"},"west":{"uv":[10,0,16,1],"texture":"#2"},"down":{"uv":[1,13,2,14],"texture":"#2"}}},{"from":[6.79426,7.83677,7.4825],"to":[7.14426,7.99307,8.5175],"rotation":{"angle":-45,"axis":"z","origin":[2.91926,8.01492,8]},"faces":{"north":{"uv":[3,3,4,4],"texture":"#3"},"south":{"uv":[3,3,4,4],"texture":"#3"},"up":{"uv":[6,1,10,2],"texture":"#8"}}},{"from":[5.71634,4.78064,7.4824],"to":[5.89134,5.01194,8.5176],"rotation":{"angle":0,"axis":"z","origin":[5.20384,5.15879,7.9999]},"faces":{"north":{"uv":[5,3.1,5.1,3.2],"rotation":180,"texture":"#3"},"east":{"uv":[6,1,7,4],"texture":"#8"},"south":{"uv":[5,3,5.9,4],"rotation":180,"texture":"#3"},"down":{"uv":[0,0,1,1],"rotation":180,"texture":"#8"}}},{"from":[7.16634,5.78064,7.3575],"to":[7.41634,6.03064,7.5175],"rotation":{"angle":0,"axis":"z","origin":[5.20384,5.15879,8]},"faces":{"north":{"uv":[0,8,3,11],"rotation":270,"texture":"#3"},"east":{"uv":[2,12,3,15],"texture":"#3"},"west":{"uv":[2,8,3,11],"rotation":180,"texture":"#3"},"up":{"uv":[1,9,4,10],"rotation":180,"texture":"#3"},"down":{"uv":[0,8,1,9],"rotation":180,"texture":"#3"}}},{"from":[5.54134,4.83064,7.3575],"to":[5.79134,5.08064,7.5175],"rotation":{"angle":0,"axis":"z","origin":[3.57884,4.20879,8]},"faces":{"north":{"uv":[12,8,15,11],"rotation":180,"texture":"#3"},"east":{"uv":[2,12,3,15],"texture":"#3"},"west":{"uv":[2,8,3,11],"rotation":180,"texture":"#3"},"up":{"uv":[1,9,4,10],"rotation":180,"texture":"#3"},"down":{"uv":[0,8,1,9],"rotation":180,"texture":"#3"}}},{"from":[7.24134,5.85564,8.4825],"to":[7.36634,5.98064,8.6425],"rotation":{"angle":0,"axis":"z","origin":[5.20384,5.15879,8]},"faces":{"east":{"uv":[3,12,2,15],"texture":"#3"},"south":{"uv":[0,11,3,8],"rotation":270,"texture":"#3"},"west":{"uv":[3,8,2,11],"rotation":180,"texture":"#3"},"up":{"uv":[1,10,4,9],"rotation":180,"texture":"#3"},"down":{"uv":[0,9,1,8],"rotation":180,"texture":"#3"}}},{"from":[4.56634,5.90564,7.3575],"to":[6.01634,6.15564,7.7175],"rotation":{"angle":0,"axis":"z","origin":[5.20384,5.15879,8]},"faces":{"north":{"uv":[14,1,16,3],"texture":"#8"},"east":{"uv":[5,2,10,3],"rotation":270,"texture":"#8"},"west":{"uv":[4,3,5,4],"rotation":180,"texture":"#8"},"up":{"uv":[9,1,10,6],"texture":"#8"},"down":{"uv":[0,0,6,1],"rotation":90,"texture":"#8"}}},{"from":[3.93468,7.05877,7.34],"to":[4.93468,7.28377,8.66],"rotation":{"angle":22.5,"axis":"z","origin":[4.35968,7.18377,7.52]},"faces":{"north":{"uv":[1.1,1.1,1.2,1.2],"rotation":180,"texture":"#3"},"south":{"uv":[1.1,1.1,1.2,1.2],"rotation":180,"texture":"#3"},"down":{"uv":[0,0,1,1],"rotation":180,"texture":"#8"}}},{"from":[4.5665,5.95033,7.32396],"to":[5.3165,6.10033,7.48396],"rotation":{"angle":-45,"axis":"x","origin":[5.29134,5.97533,7.35396]},"faces":{"north":{"uv":[3,0,5,1],"rotation":90,"texture":"#3"},"east":{"uv":[0,0,2,2],"texture":"#5"},"west":{"uv":[3,2,5,4],"texture":"#8"},"up":{"uv":[9,4,10,8],"rotation":180,"texture":"#3"}}},{"from":[4.49134,7.30033,7.30646],"to":[4.94134,7.45033,7.46646],"rotation":{"angle":-45,"axis":"x","origin":[5.21634,7.32533,7.33646]},"faces":{"north":{"uv":[0,6,1,9],"texture":"#3"},"east":{"uv":[0,0,1,1],"rotation":180,"texture":"#3"},"west":{"uv":[2,0,4,3],"texture":"#5"},"up":{"uv":[6,9,7,14],"texture":"#3"}}},{"from":[4.49134,7.30033,8.53354],"to":[4.94134,7.45033,8.69354],"rotation":{"angle":45,"axis":"x","origin":[5.21634,7.32533,8.66354]},"faces":{"east":{"uv":[1,0,0,1],"rotation":180,"texture":"#3"},"south":{"uv":[1,6,0,9],"texture":"#3"},"west":{"uv":[4,0,2,3],"texture":"#5"},"up":{"uv":[6,14,7,9],"texture":"#3"}}},{"from":[4.56634,6.15564,7.3575],"to":[5.01634,6.30564,7.5425],"rotation":{"angle":0,"axis":"z","origin":[5.20384,5.15879,8]},"faces":{"north":{"uv":[3,2,4,5],"texture":"#3"},"east":{"uv":[1,1,4,3],"rotation":90,"texture":"#8"},"west":{"uv":[5,2,6,4],"texture":"#8"},"up":{"uv":[5,7,6,14],"rotation":180,"texture":"#8"}}},{"from":[3.76634,7.28064,7.3401],"to":[4.94134,7.50564,8.6599],"rotation":{"angle":0,"axis":"z","origin":[5.12884,6.35879,7.9826]},"faces":{"north":{"uv":[1,1,2,4],"rotation":180,"texture":"#3"},"east":{"uv":[0,0,1,1],"rotation":180,"texture":"#3"},"south":{"uv":[1,1,2,4],"rotation":180,"texture":"#3"},"up":{"uv":[7,9,8,10],"rotation":180,"texture":"#3"},"down":{"uv":[0,0,1,1],"rotation":180,"texture":"#8"}}},{"from":[3.76634,6.90564,7.34],"to":[4.01487,7.50564,8.66],"rotation":{"angle":0,"axis":"z","origin":[3.89061,7.20564,7.52]},"faces":{"north":{"uv":[1.1,1.1,1.2,1.2],"rotation":180,"texture":"#3"},"south":{"uv":[1.1,1.1,1.2,1.2],"texture":"#3"},"down":{"uv":[0,0,1,1],"texture":"#8"}}},{"from":[3.76634,6.90564,7.34],"to":[4.01487,7.50564,8.66],"rotation":{"angle":45,"axis":"z","origin":[3.89061,7.20564,7.52]},"faces":{"north":{"uv":[1.1,1.1,1.2,1.2],"rotation":180,"texture":"#3"},"south":{"uv":[1.1,1.1,1.2,1.2],"rotation":180,"texture":"#3"},"up":{"uv":[5,9,6,13],"rotation":90,"texture":"#3"}}},{"from":[3.79134,7.10564,7.3399],"to":[3.98987,7.30564,8.6601],"rotation":{"angle":45,"axis":"z","origin":[3.89061,7.20564,7.5199]},"faces":{"north":{"uv":[5,1,8,4],"rotation":180,"texture":"#5"},"south":{"uv":[5,1,8,4],"rotation":180,"texture":"#5"}}},{"from":[4.39061,6.80637,7.3823],"to":[4.49061,6.90637,8.6177],"rotation":{"angle":0,"axis":"z","origin":[4.49061,6.90564,7.5123]},"faces":{"north":{"uv":[0,0,3,3],"rotation":270,"texture":"#7"},"south":{"uv":[0,0,3,3],"rotation":90,"texture":"#7"}}},{"from":[3.59061,7.08138,7.34],"to":[4.34061,7.3299,8.66],"rotation":{"angle":0,"axis":"z","origin":[3.89061,7.20564,7.52]},"faces":{"north":{"uv":[1.1,1.1,1.2,1.2],"rotation":270,"texture":"#3"},"south":{"uv":[1.1,1.1,1.2,1.2],"rotation":90,"texture":"#3"},"west":{"uv":[0,3,1,6],"texture":"#3"}}},{"from":[3.59061,7.08138,7.34],"to":[4.19061,7.3299,8.66],"rotation":{"angle":45,"axis":"z","origin":[3.89061,7.20564,7.52]},"faces":{"north":{"uv":[1.1,1.1,1.2,1.2],"rotation":270,"texture":"#3"},"south":{"uv":[1.1,1.1,1.2,1.2],"rotation":90,"texture":"#3"},"west":{"uv":[4,0,6,1],"rotation":270,"texture":"#8"}}},{"from":[3.6,4.575,7.4825],"to":[5.65,6.8313,8.5175],"rotation":{"angle":0,"axis":"z","origin":[4.475,7.65315,8]},"faces":{"north":{"uv":[1,3.1,5,4],"rotation":90,"texture":"#3"},"east":{"uv":[7,0,8,7],"texture":"#3"},"south":{"uv":[1,3.1,5,4],"rotation":90,"texture":"#3"},"west":{"uv":[3,2,4,3],"rotation":90,"texture":"#3"}}},{"from":[3.5,4.575,7.6001],"to":[3.75,5.6313,8.3999],"rotation":{"angle":0,"axis":"z","origin":[4.475,7.65315,8.1176]},"faces":{"north":{"uv":[9,4,10,5],"texture":"#8"},"south":{"uv":[8,4,9,5],"texture":"#8"},"west":{"uv":[3,2,4,4],"rotation":180,"texture":"#3"}}},{"from":[2.55,5.975,7.4825],"to":[3.6,6.325,8.5175],"rotation":{"angle":0,"axis":"z","origin":[3.125,6.2,8]},"faces":{"north":{"uv":[2.1,3.1,6,4],"rotation":270,"texture":"#3"},"south":{"uv":[2.1,3.1,6,4],"rotation":270,"texture":"#3"},"up":{"uv":[12,5,16,6],"texture":"#3"},"down":{"uv":[0,8,1,9],"texture":"#3"}}},{"from":[3.5,5.225,7.4825],"to":[3.65,5.775,8.5175],"rotation":{"angle":22.5,"axis":"z","origin":[3.525,5.6,8]},"faces":{"north":{"uv":[4,3,5,4],"rotation":270,"texture":"#3"},"south":{"uv":[3,3,4,4],"rotation":90,"texture":"#3"},"west":{"uv":[2,3,3,5],"rotation":180,"texture":"#3"}}},{"from":[3.4,5.225,7.6],"to":[3.525,5.775,8.4],"rotation":{"angle":22.5,"axis":"z","origin":[3.525,5.6,8.1175]},"faces":{"north":{"uv":[9,3.1,10,5],"rotation":90,"texture":"#8"},"south":{"uv":[9,3.1,10,5],"rotation":270,"texture":"#8"},"west":{"uv":[2,4,4,5],"rotation":90,"texture":"#3"}}},{"from":[3.5,5.6,7.4825],"to":[3.9,6.075,8.5175],"rotation":{"angle":45,"axis":"z","origin":[3.525,5.6,8]},"faces":{"north":{"uv":[4,3,4.9,4],"rotation":270,"texture":"#3"},"south":{"uv":[3,3,4,4],"rotation":90,"texture":"#3"},"west":{"uv":[1,4,3,5],"rotation":90,"texture":"#3"}}},{"from":[3.4,5.6,7.59995],"to":[3.525,5.975,8.40005],"rotation":{"angle":45,"axis":"z","origin":[3.525,5.6,8.11745]},"faces":{"north":{"uv":[4,0,6,1],"texture":"#8"},"south":{"uv":[7,3,9,4],"texture":"#8"},"west":{"uv":[1,4,3,5],"rotation":90,"texture":"#3"}}},{"from":[2.775,5.7,7.4825],"to":[3.225,5.85,8.5175],"rotation":{"angle":-22.5,"axis":"z","origin":[3.525,5.6,8]},"faces":{"north":{"uv":[4,3,5,4],"texture":"#3"},"south":{"uv":[3,3,4,4],"texture":"#3"},"down":{"uv":[14,5,16,6],"rotation":180,"texture":"#3"}}},{"from":[2.775,5.6,7.5999],"to":[3.2,5.7,8.4001],"rotation":{"angle":-22.5,"axis":"z","origin":[3.525,5.6,8.1174]},"faces":{"north":{"uv":[13,5.1,16,6],"rotation":270,"texture":"#3"},"south":{"uv":[13,5,16,6],"rotation":270,"texture":"#3"},"down":{"uv":[0,5,2,6],"texture":"#3"}}},{"from":[2.08399,6.00274,7.4825],"to":[2.63399,6.15274,8.5175],"rotation":{"angle":22.5,"axis":"z","origin":[2.15899,6.02774,8]},"faces":{"north":{"uv":[4,3.1,6,3.999],"rotation":270,"texture":"#3"},"south":{"uv":[4,3,6,4],"rotation":270,"texture":"#3"},"up":{"uv":[8,9,9,15],"rotation":270,"texture":"#3"}}},{"from":[2.04187,5.975,7.4824],"to":[2.55,6.11452,8.5176],"rotation":{"angle":0,"axis":"z","origin":[2.075,5.975,7.9999]},"faces":{"north":{"uv":[2,1,4,3],"rotation":270,"texture":"#3"},"south":{"uv":[2,3,4,1],"rotation":270,"texture":"#3"},"west":{"uv":[6,2,11,3],"rotation":270,"texture":"#8"},"down":{"uv":[12,5,16,6],"texture":"#3"}}},{"from":[2.042,5.875,7.6],"to":[3.55013,5.98952,8.4],"rotation":{"angle":0,"axis":"z","origin":[2.075,5.975,8.1175]},"faces":{"north":{"uv":[10,0,11,3],"texture":"#3"},"south":{"uv":[10,0,11,3],"texture":"#3"},"west":{"uv":[5,2,6,4],"texture":"#8"},"down":{"uv":[0,0,6,1],"rotation":180,"texture":"#8"}}},{"from":[2.45,6.248,7.48275],"to":[3.375,6.398,8.51725],"rotation":{"angle":22.5,"axis":"z","origin":[3.15,6.2,8.00025]},"faces":{"north":{"uv":[2,1,3,2],"texture":"#3"},"south":{"uv":[2,1,3,2],"texture":"#3"},"up":{"uv":[15,5,16,6],"texture":"#3"}}},{"from":[5.65,6,7.4825],"to":[7.55,6.3563,8.5175],"rotation":{"angle":0,"axis":"z","origin":[4.475,7.65315,8]},"faces":{"north":{"uv":[1,3.1,5,4],"rotation":90,"texture":"#3"},"south":{"uv":[1,3,5,4],"rotation":90,"texture":"#3"},"down":{"uv":[0,0,1,1],"texture":"#8"}}},{"from":[5.85,5.9,7.6825],"to":[7.05,6.2563,8.3175],"rotation":{"angle":0,"axis":"z","origin":[4.475,7.65315,8]},"faces":{"north":{"uv":[4,2.1,7,8.1],"rotation":180,"texture":"#8"},"south":{"uv":[3,2.1,6,8],"rotation":180,"texture":"#8"},"down":{"uv":[0,13,1,14],"texture":"#2"}}},{"from":[5.375,5.22,7.68245],"to":[5.725,5.62,8.31755],"rotation":{"angle":0,"axis":"z","origin":[4.475,7.65315,7.99995]},"faces":{"north":{"uv":[7,2,12,3],"rotation":90,"texture":"#8"},"east":{"uv":[0,6,1,10],"rotation":270,"texture":"#3"},"south":{"uv":[5,2.1,10,3],"rotation":90,"texture":"#8"}}},{"from":[5.6,5.495,7.6825],"to":[5.7,5.745,8.3175],"rotation":{"angle":-22.5,"axis":"z","origin":[5.55,5.42,8]},"faces":{"north":{"uv":[7,2,8,3],"rotation":90,"texture":"#8"},"east":{"uv":[6,3,12,4],"rotation":180,"texture":"#8"},"south":{"uv":[6,2,7,3],"rotation":90,"texture":"#8"}}},{"from":[5.3,5.62,7.68255],"to":[5.675,6.32,8.31745],"rotation":{"angle":-45,"axis":"z","origin":[5.55,5.57,8.00005]},"faces":{"north":{"uv":[6,2,7,4],"rotation":270,"texture":"#8"},"east":{"uv":[6,3,12,4],"rotation":180,"texture":"#8"},"south":{"uv":[6,2.1,7,3.999],"rotation":90,"texture":"#8"}}},{"from":[6,5.645,7.6826],"to":[6.3,5.695,8.3174],"rotation":{"angle":22.5,"axis":"z","origin":[5.55,5.57,8.0001]},"faces":{"north":{"uv":[7,2,8,3],"texture":"#8"},"south":{"uv":[6,2,7,3],"texture":"#8"},"down":{"uv":[9,11,13,12],"rotation":90,"texture":"#2"}}},{"from":[2.83541,2.17976,7.48235],"to":[4.91041,2.53606,8.51765],"rotation":{"angle":0,"axis":"z","origin":[4.06041,4.75791,7.99985]},"faces":{"north":{"uv":[3,0,4,3],"texture":"#3"},"south":{"uv":[3,0,4,3],"texture":"#3"},"west":{"uv":[3,0,4,3],"texture":"#3"},"down":{"uv":[7,3,11,4],"rotation":270,"texture":"#8"}}},{"from":[3.23541,1.97976,7.4825],"to":[5.38541,2.18606,8.5175],"rotation":{"angle":0,"axis":"z","origin":[4.06041,4.75791,8]},"faces":{"north":{"uv":[9,7,10,10],"rotation":180,"texture":"#3"},"east":{"uv":[13,4,16,5],"rotation":90,"texture":"#3"},"south":{"uv":[9,7,10,10],"rotation":180,"texture":"#3"},"west":{"uv":[13,5,16,6],"rotation":270,"texture":"#3"},"up":{"uv":[5,1.9,6,4.9],"rotation":90,"texture":"#8"},"down":{"uv":[6,3,7,4],"texture":"#8"}}},{"from":[4.68541,2.17976,7.4825],"to":[5.23541,3.63606,8.5175],"rotation":{"angle":0,"axis":"z","origin":[4.39208,4.18158,8]},"faces":{"north":{"uv":[5,3.1,5.1,3.2],"texture":"#3"},"east":{"uv":[5,13,14,14],"texture":"#8"},"south":{"uv":[3,3,4,4],"texture":"#3"}}},{"from":[4.13251,6.64644,7.3826],"to":[4.48251,7.02774,8.6174],"rotation":{"angle":45,"axis":"z","origin":[3.30751,6.33709,8.0005]},"faces":{"north":{"uv":[13,4,14,5],"texture":"#5"},"south":{"uv":[13,4,14,5],"texture":"#5"},"west":{"uv":[0,7,1,8],"texture":"#3"},"up":{"uv":[0,14,2,10],"texture":"#3"}}},{"from":[2.90029,6.508,7.3826],"to":[3.25029,7.234,7.8426],"rotation":{"angle":-22.5,"axis":"z","origin":[3.59094,6.05895,8]},"faces":{"north":{"uv":[13.5,5,13.6,11],"texture":"#5"},"south":{"uv":[0,0,1,1],"rotation":270,"texture":"#2"},"west":{"uv":[0,1.1,5,2],"rotation":180,"texture":"#3"}}},{"from":[2.90029,6.508,8.1574],"to":[3.25029,7.234,8.6174],"rotation":{"angle":-22.5,"axis":"z","origin":[3.59094,6.05895,8]},"faces":{"north":{"uv":[0,1,1,0],"rotation":270,"texture":"#2"},"south":{"uv":[13.5,5,13.4,11],"texture":"#5"},"west":{"uv":[5,1.1,0,2],"rotation":180,"texture":"#3"}}},{"from":[3.12471,6.325,7.3825],"to":[3.50502,6.73808,7.8425],"rotation":{"angle":0,"axis":"z","origin":[3.81536,5.96307,8]},"faces":{"north":{"uv":[13.5,12,13.6,16],"texture":"#5"},"west":{"uv":[4,7,0,4],"rotation":180,"texture":"#5"},"down":{"uv":[0,0,1,1],"rotation":270,"texture":"#2"}}},{"from":[3.12471,6.325,8.1575],"to":[3.50502,6.73808,8.6175],"rotation":{"angle":0,"axis":"z","origin":[3.81536,5.96307,8]},"faces":{"south":{"uv":[13.5,16,13.6,12],"rotation":180,"texture":"#5"},"west":{"uv":[0,7,4,4],"rotation":180,"texture":"#5"},"down":{"uv":[1,0,0,1],"rotation":270,"texture":"#2"}}},{"from":[3.09971,6.325,7.5827],"to":[3.98002,6.86308,7.8427],"rotation":{"angle":0,"axis":"z","origin":[3.79036,5.96307,8]},"faces":{"north":{"uv":[0,0,1,1],"rotation":90,"texture":"#3"},"south":{"uv":[0,0,1,1],"rotation":270,"texture":"#8"},"west":{"uv":[11,5,16,6],"rotation":90,"texture":"#3"},"up":{"uv":[7,9,8,10],"texture":"#3"},"down":{"uv":[0,0,1,1],"rotation":270,"texture":"#2"}}},{"from":[3.09971,6.325,8.1573],"to":[3.98002,6.86308,8.4173],"rotation":{"angle":0,"axis":"z","origin":[3.79036,5.96307,8]},"faces":{"north":{"uv":[0,1,1,0],"rotation":270,"texture":"#8"},"south":{"uv":[0,1,1,0],"rotation":90,"texture":"#3"},"west":{"uv":[11,6,16,5],"rotation":90,"texture":"#3"},"up":{"uv":[7,10,8,9],"texture":"#3"},"down":{"uv":[1,0,0,1],"rotation":270,"texture":"#2"}}},{"from":[2.30557,6.09335,7.8425],"to":[3.73057,6.44335,8.1575],"rotation":{"angle":-22.5,"axis":"z","origin":[3.41807,6.76835,8]},"faces":{"north":{"uv":[5,6,6,10],"rotation":180,"texture":"#3"},"south":{"uv":[5,6,6,10],"rotation":180,"texture":"#3"},"west":{"uv":[2,5,14,6],"rotation":90,"texture":"#8"},"up":{"uv":[0,5,3,12],"rotation":270,"texture":"#8"}}},{"from":[2.30557,5.84335,7.8425],"to":[2.53057,6.09335,8.1575],"rotation":{"angle":-22.5,"axis":"z","origin":[3.41807,6.76835,8]},"faces":{"north":{"uv":[5.1,6,5.9,7],"rotation":180,"texture":"#3"},"south":{"uv":[5,6,6,7],"rotation":180,"texture":"#3"},"west":{"uv":[9,12,10,16],"texture":"#8"}}},{"from":[2.3645,5.28192,7.8425],"to":[2.4895,5.43192,8.1575],"rotation":{"angle":-45,"axis":"z","origin":[3.477,6.20692,8]},"faces":{"north":{"uv":[5,6,6,7],"rotation":180,"texture":"#3"},"south":{"uv":[5,6,6,7],"rotation":180,"texture":"#3"},"down":{"uv":[0,0,1,1],"rotation":180,"texture":"#8"}}},{"from":[2.12466,6.25111,7.8405],"to":[2.24966,6.40111,8.1555],"rotation":{"angle":0,"axis":"z","origin":[3.43716,6.27611,7.998]},"faces":{"north":{"uv":[5.4,6.4,5.5,6.5],"rotation":180,"texture":"#3"},"south":{"uv":[5,6,6,7],"rotation":180,"texture":"#3"},"down":{"uv":[1,13,2,14],"rotation":180,"texture":"#2"}}},{"from":[2.24414,6.2534,7.8426],"to":[2.96914,6.6034,8.1574],"rotation":{"angle":0,"axis":"z","origin":[3.45664,6.7534,8.0001]},"faces":{"north":{"uv":[5,6,6,7],"rotation":180,"texture":"#3"},"south":{"uv":[5,6,6,7],"rotation":180,"texture":"#3"},"down":{"uv":[1,13,2,14],"rotation":180,"texture":"#2"}}},{"from":[3.505,6.325,7.3827],"to":[3.65,7.4,8.6173],"rotation":{"angle":0,"axis":"z","origin":[4.08065,6.225,8.0002]},"faces":{"north":{"uv":[13.1,6,13.2,16],"texture":"#5"},"south":{"uv":[13.5,6,13.6,16],"texture":"#5"},"west":{"uv":[0,7,16,11],"rotation":270,"texture":"#8"},"down":{"uv":[0,0,1,1],"rotation":270,"texture":"#2"}}},{"from":[3.504,7.075,7.9],"to":[3.649,7.275,8.1],"rotation":{"angle":0,"axis":"z","origin":[4.08065,6.975,8.5175]},"faces":{"west":{"uv":[5,5,10,10],"rotation":270,"texture":"#5"}}},{"from":[6.3,6.625,7.38275],"to":[6.55,7.2563,8.61725],"rotation":{"angle":22.5,"axis":"z","origin":[6.3,6.89065,8.00025]},"faces":{"north":{"uv":[13.5,8,13.6,11],"texture":"#5"},"east":{"uv":[3,4,7,5],"rotation":270,"texture":"#5"},"south":{"uv":[13.5,8,13.6,11],"texture":"#5"}}},{"from":[4.9,7.62159,7.38941],"to":[6.4,7.85659,7.63941],"rotation":{"angle":-22.5,"axis":"x","origin":[6.2,7.73909,7.88941]},"faces":{"east":{"uv":[2,0,3,3],"rotation":180,"texture":"#3"},"west":{"uv":[10,9,11,14],"texture":"#3"},"up":{"uv":[13,0,14,3],"rotation":180,"texture":"#5"}}},{"from":[4.9,7.62159,8.36059],"to":[6.4,7.85659,8.61059],"rotation":{"angle":22.5,"axis":"x","origin":[6.2,7.73909,8.11059]},"faces":{"east":{"uv":[2,0,3,3],"rotation":180,"texture":"#3"},"west":{"uv":[10,9,11,14],"texture":"#3"},"up":{"uv":[13,3,14,0],"rotation":180,"texture":"#5"}}},{"from":[4.9,7.51697,7.61347],"to":[6.4,7.75197,8.38653],"rotation":{"angle":0,"axis":"x","origin":[6.2,7.63447,7.76907]},"faces":{"east":{"uv":[2,0,3,3],"rotation":180,"texture":"#3"},"up":{"uv":[2,8,9,7],"rotation":90,"texture":"#6"}}},{"from":[4.3678,7.41111,7.61347],"to":[4.9678,7.64611,8.38653],"rotation":{"angle":22.5,"axis":"z","origin":[4.6678,7.52861,8]},"faces":{"north":{"uv":[7,5,8,6],"texture":"#3"},"south":{"uv":[7,5,8,6],"rotation":180,"texture":"#3"},"up":{"uv":[2,8,9,7],"rotation":90,"texture":"#6"}}},{"from":[6.35,6.875,7.90064],"to":[12.35,6.95,8.09955],"rotation":{"angle":22.5,"axis":"x","origin":[12.1,7.2,8.00009]},"faces":{"east":{"uv":[12,7,13,8],"texture":"#3"},"up":{"uv":[4,0,5,2],"texture":"#5"}}},{"from":[6.35,6.75,7.52555],"to":[12.35,6.95,8.47446],"rotation":{"angle":0,"axis":"x","origin":[12.1,7.2,8]},"faces":{"east":{"uv":[12,7,13,8],"texture":"#3"},"up":{"uv":[3,0,4,1.948],"texture":"#5"}}},{"from":[6.35,6.875,7.90064],"to":[12.35,6.95,8.09955],"rotation":{"angle":-22.5,"axis":"x","origin":[12.1,7.2,8.00009]},"faces":{"east":{"uv":[12,7,13,8],"texture":"#3"},"up":{"uv":[4,0,5,2],"texture":"#5"}}},{"from":[6.35,6.725,7.90064],"to":[12.35,6.95,8.09955],"rotation":{"angle":-45,"axis":"x","origin":[12.1,7.2,8.00009]},"faces":{"east":{"uv":[12,7,13,8],"texture":"#3"},"up":{"uv":[7,1,8,3],"texture":"#5"}}},{"from":[6.35,7.10054,8.25009],"to":[12.35,7.29946,8.45009],"rotation":{"angle":22.5,"axis":"x","origin":[12.1,7.2,8.00009]},"faces":{"north":{"uv":[0,4,1,6],"rotation":180,"texture":"#3"},"east":{"uv":[12,7,13,8],"rotation":90,"texture":"#3"}}},{"from":[6.35,6.725,7.90064],"to":[12.35,6.95,8.09955],"rotation":{"angle":45,"axis":"x","origin":[12.1,7.2,8.00009]},"faces":{"east":{"uv":[12,7,13,8],"texture":"#3"},"up":{"uv":[6,1,7,3],"texture":"#5"}}},{"from":[6.35,7.10054,7.70009],"to":[12.35,7.29946,7.75009],"rotation":{"angle":0,"axis":"x","origin":[12.1,7.2,8.00009]},"faces":{"east":{"uv":[12,7,13,8],"rotation":270,"texture":"#3"},"south":{"uv":[2,3,3,5],"texture":"#8"}}},{"from":[6.35,7.10054,7.55009],"to":[12.35,7.29946,7.75009],"rotation":{"angle":-22.5,"axis":"x","origin":[12.1,7.2,8.00009]},"faces":{"east":{"uv":[12,7,13,8],"rotation":270,"texture":"#3"},"south":{"uv":[0,4,1,6],"texture":"#3"}}},{"from":[11.65,7.45,7.90064],"to":[12.35,7.7,8.09955],"rotation":{"angle":0,"axis":"y","origin":[12.1,7.2,8.00009]},"faces":{"east":{"uv":[10,7,14,8],"rotation":90,"texture":"#3"},"west":{"uv":[3,2,4,8],"texture":"#3"},"up":{"uv":[12,8,13,11],"texture":"#3"},"down":{"uv":[1,13,2,14],"texture":"#2"}}},{"from":[11.15,7.45,7.71687],"to":[11.65,7.62388,8.28328],"rotation":{"angle":0,"axis":"y","origin":[13.8,6.7,7.81632]},"faces":{"west":{"uv":[4,2,5,5],"texture":"#3"},"up":{"uv":[7,3,8,9],"texture":"#6"},"down":{"uv":[1,13,2,14],"texture":"#2"}}},{"from":[10.725,7.45,7.71687],"to":[10.95,7.62388,8.28328],"rotation":{"angle":0,"axis":"y","origin":[13.1,6.7,7.81632]},"faces":{"east":{"uv":[4,4,7,5],"rotation":90,"texture":"#3"},"west":{"uv":[4,2,5,5],"texture":"#3"},"up":{"uv":[7,3,8,9],"texture":"#6"}}},{"from":[9.725,7.45,7.71687],"to":[9.95,7.62388,8.28328],"rotation":{"angle":0,"axis":"y","origin":[12.1,6.7,7.81632]},"faces":{"east":{"uv":[4,4,7,5],"rotation":90,"texture":"#3"},"west":{"uv":[4,2,5,5],"texture":"#3"},"up":{"uv":[7,3,8,9],"texture":"#6"}}},{"from":[8.725,7.45,7.71687],"to":[8.95,7.62388,8.28328],"rotation":{"angle":0,"axis":"y","origin":[11.1,6.7,7.81632]},"faces":{"east":{"uv":[4,4,7,5],"rotation":90,"texture":"#3"},"west":{"uv":[4,2,5,5],"texture":"#3"},"up":{"uv":[7,3,8,9],"texture":"#6"}}},{"from":[8.225,7.45,7.71687],"to":[8.45,7.62388,8.28328],"rotation":{"angle":0,"axis":"y","origin":[10.6,6.7,7.81632]},"faces":{"east":{"uv":[4,4,7,5],"rotation":90,"texture":"#3"},"west":{"uv":[4,2,5,5],"texture":"#3"},"up":{"uv":[7,3,8,9],"texture":"#6"}}},{"from":[10.225,7.45,7.71687],"to":[10.45,7.62388,8.28328],"rotation":{"angle":0,"axis":"y","origin":[12.6,6.7,7.81632]},"faces":{"east":{"uv":[4,4,7,5],"rotation":90,"texture":"#3"},"west":{"uv":[4,2,5,5],"texture":"#3"},"up":{"uv":[7,3,8,9],"texture":"#6"}}},{"from":[9.225,7.45,7.71687],"to":[9.45,7.62388,8.28328],"rotation":{"angle":0,"axis":"y","origin":[11.6,6.7,7.81632]},"faces":{"east":{"uv":[4,4,7,5],"rotation":90,"texture":"#3"},"west":{"uv":[4,2,5,5],"texture":"#3"},"up":{"uv":[7,3,8,9],"texture":"#6"}}},{"from":[6.35,7.45,7.71687],"to":[7.95,7.62388,8.28328],"rotation":{"angle":0,"axis":"y","origin":[10,6.7,7.81632]},"faces":{"east":{"uv":[4,4,7,5],"rotation":90,"texture":"#3"},"up":{"uv":[7,3,8,9],"texture":"#6"}}},{"from":[7.65,7.45,7.71687],"to":[11.65,7.52388,8.28328],"rotation":{"angle":0,"axis":"y","origin":[13.8,7.7,7.81632]},"faces":{"north":{"uv":[1,1,2,2],"texture":"#5"},"south":{"uv":[1,1,2,2],"texture":"#5"},"up":{"uv":[5,13,14,14],"rotation":90,"texture":"#8"},"down":{"uv":[1,13,2,14],"texture":"#2"}}},{"from":[6.35,7.45,7.90064],"to":[7.65,7.7,8.09955],"rotation":{"angle":0,"axis":"y","origin":[6.8,7.2,8.00009]},"faces":{"east":{"uv":[4,2,5,11],"texture":"#3"},"up":{"uv":[11,6,12,10],"rotation":180,"texture":"#6"},"down":{"uv":[1,13,1.5,13.199],"texture":"#2"}}},{"from":[6.35,7.10055,7.50009],"to":[7.65,7.29946,7.75009],"rotation":{"angle":0,"axis":"x","origin":[6.8,7.2,8.00009]},"faces":{"north":{"uv":[12,8,15,9],"rotation":90,"texture":"#3"},"east":{"uv":[1,3,2,10],"rotation":90,"texture":"#3"}}},{"from":[6.35,7.10055,8.24991],"to":[7.65,7.29946,8.49991],"rotation":{"angle":0,"axis":"x","origin":[6.8,7.2,7.99991]},"faces":{"east":{"uv":[1,3,2,11],"rotation":270,"texture":"#3"},"south":{"uv":[14,8,11,9],"rotation":270,"texture":"#3"}}},{"from":[11.65,7.45,7.90064],"to":[12.35,7.7,8.09955],"rotation":{"angle":22.5,"axis":"x","origin":[12.1,7.2,8.00009]},"faces":{"east":{"uv":[10,7,14,8],"rotation":90,"texture":"#3"},"west":{"uv":[3,2,4,8],"texture":"#3"},"up":{"uv":[10,7,11,10],"texture":"#6"},"down":{"uv":[1,13,2,14],"texture":"#2"}}},{"from":[7.65,7.45,7.90064],"to":[11.65,7.5,8.09955],"rotation":{"angle":22.5,"axis":"x","origin":[11.4,7.2,8.00009]},"faces":{"down":{"uv":[1,13,2,14],"texture":"#2"}}},{"from":[6.35,7.45,7.90064],"to":[7.65,7.7,8.09955],"rotation":{"angle":22.5,"axis":"x","origin":[6.8,7.2,8.00009]},"faces":{"east":{"uv":[4,2,5,11],"texture":"#3"},"up":{"uv":[11,10,12,13],"texture":"#3"},"down":{"uv":[1,6,1.5,6.199],"texture":"#2"}}},{"from":[6.35,7.10055,7.50009],"to":[7.65,7.29946,7.75009],"rotation":{"angle":22.5,"axis":"x","origin":[6.8,7.2,8.00009]},"faces":{"north":{"uv":[11,8,14,9],"rotation":90,"texture":"#3"},"east":{"uv":[1,3,2,10],"rotation":90,"texture":"#3"}}},{"from":[6.35,7.10055,8.24991],"to":[7.65,7.29946,8.49991],"rotation":{"angle":-22.5,"axis":"x","origin":[6.8,7.2,7.99991]},"faces":{"east":{"uv":[1,3,2,11],"rotation":270,"texture":"#3"},"south":{"uv":[12,13,11,14.9],"texture":"#3"}}},{"from":[11.65,7.45,7.90064],"to":[12.35,7.7,8.09955],"rotation":{"angle":-22.5,"axis":"x","origin":[12.1,7.2,8.00009]},"faces":{"east":{"uv":[10,7,14,8],"rotation":90,"texture":"#3"},"west":{"uv":[3,2,4,8],"texture":"#3"},"up":{"uv":[8,8,9,11],"rotation":180,"texture":"#6"},"down":{"uv":[1,13,2,14],"texture":"#2"}}},{"from":[7.65,7.45,7.90064],"to":[11.65,7.5,8.09955],"rotation":{"angle":-22.5,"axis":"x","origin":[11.4,7.2,8.00009]},"faces":{"down":{"uv":[1,13,2,14],"texture":"#2"}}},{"from":[6.35,7.45,7.90064],"to":[7.65,7.7,8.09955],"rotation":{"angle":-22.5,"axis":"x","origin":[6.8,7.2,8.00009]},"faces":{"east":{"uv":[4,2,5,11],"texture":"#3"},"up":{"uv":[11,11,12,13.9],"rotation":180,"texture":"#3"},"down":{"uv":[1,6,1.5,6.199],"texture":"#2"}}},{"from":[6.35,7.10055,7.50009],"to":[7.65,7.29946,7.75009],"rotation":{"angle":-22.5,"axis":"x","origin":[6.8,7.2,8.00009]},"faces":{"north":{"uv":[13,5,14,6],"rotation":180,"texture":"#3"},"east":{"uv":[1,3,2,10],"rotation":90,"texture":"#3"}}},{"from":[6.35,7.10055,8.24991],"to":[7.65,7.29946,8.49991],"rotation":{"angle":22.5,"axis":"x","origin":[6.8,7.2,7.99991]},"faces":{"east":{"uv":[1,3,2,11],"rotation":270,"texture":"#3"},"south":{"uv":[14,5,13,6],"rotation":180,"texture":"#3"}}},{"from":[6.35,7.45,7.92564],"to":[12.35,7.6,8.04955],"rotation":{"angle":-45,"axis":"x","origin":[12.1,7.2,8.00009]},"faces":{"up":{"uv":[0,0,1,1],"texture":"#5"},"down":{"uv":[0,2,1,4],"texture":"#2"}}},{"from":[11.15,7.45,7.90064],"to":[12.35,7.7,8.09955],"rotation":{"angle":-45,"axis":"x","origin":[12.1,7.2,8.00009]},"faces":{"north":{"uv":[0,0,7,1],"rotation":270,"texture":"#8"},"east":{"uv":[10,7,14,8],"rotation":90,"texture":"#3"},"west":{"uv":[4,2,5,5],"texture":"#3"},"up":{"uv":[11,13,12,15],"rotation":180,"texture":"#3"}}},{"from":[10.725,7.45,7.90064],"to":[10.95,7.7,8.09955],"rotation":{"angle":-45,"axis":"x","origin":[11.4,7.2,8.00009]},"faces":{"north":{"uv":[0,0,7,1],"rotation":270,"texture":"#8"},"east":{"uv":[4,4,7,5],"rotation":90,"texture":"#3"},"west":{"uv":[4,2,5,5],"texture":"#3"},"up":{"uv":[11,12,12,15],"rotation":180,"texture":"#3"}}},{"from":[9.725,7.45,7.90064],"to":[9.95,7.7,8.09955],"rotation":{"angle":-45,"axis":"x","origin":[10.4,7.2,8.00009]},"faces":{"north":{"uv":[0,0,7,1],"rotation":270,"texture":"#8"},"east":{"uv":[4,4,7,5],"rotation":90,"texture":"#3"},"west":{"uv":[4,2,5,5],"texture":"#3"},"up":{"uv":[11,12,12,15],"rotation":180,"texture":"#3"}}},{"from":[8.725,7.45,7.90064],"to":[8.95,7.7,8.09955],"rotation":{"angle":-45,"axis":"x","origin":[9.4,7.2,8.00009]},"faces":{"north":{"uv":[0,0,7,1],"rotation":270,"texture":"#8"},"east":{"uv":[4,4,7,5],"rotation":90,"texture":"#3"},"west":{"uv":[4,2,5,5],"texture":"#3"},"up":{"uv":[11,12,12,15],"rotation":180,"texture":"#3"}}},{"from":[8.225,7.45,7.90064],"to":[8.45,7.7,8.09955],"rotation":{"angle":-45,"axis":"x","origin":[8.9,7.2,8.00009]},"faces":{"north":{"uv":[0,0,7,1],"rotation":270,"texture":"#8"},"east":{"uv":[4,4,7,5],"rotation":90,"texture":"#3"},"west":{"uv":[4,2,5,5],"texture":"#3"},"up":{"uv":[11,12,12,15],"rotation":180,"texture":"#3"}}},{"from":[10.225,7.45,7.90064],"to":[10.45,7.7,8.09955],"rotation":{"angle":-45,"axis":"x","origin":[10.9,7.2,8.00009]},"faces":{"north":{"uv":[0,0,7,1],"rotation":270,"texture":"#8"},"east":{"uv":[4,4,7,5],"rotation":90,"texture":"#3"},"west":{"uv":[4,2,5,5],"texture":"#3"},"up":{"uv":[11,12,12,15],"rotation":180,"texture":"#3"}}},{"from":[9.225,7.45,7.90064],"to":[9.45,7.7,8.09955],"rotation":{"angle":-45,"axis":"x","origin":[9.9,7.2,8.00009]},"faces":{"north":{"uv":[0,0,7,1],"rotation":270,"texture":"#8"},"east":{"uv":[4,4,7,5],"rotation":90,"texture":"#3"},"west":{"uv":[4,2,5,5],"texture":"#3"},"up":{"uv":[11,12,12,15],"rotation":180,"texture":"#3"}}},{"from":[6.35,7.45,7.90064],"to":[7.95,7.7,8.09955],"rotation":{"angle":-45,"axis":"x","origin":[8.3,7.2,8.00009]},"faces":{"north":{"uv":[0,0,7,1],"rotation":270,"texture":"#8"},"east":{"uv":[4,4,7,5],"rotation":90,"texture":"#3"},"up":{"uv":[11,13.05,12,14.949],"rotation":180,"texture":"#3"}}},{"from":[6.35,7.45,7.95064],"to":[12.35,7.6,8.07455],"rotation":{"angle":45,"axis":"x","origin":[12.1,7.2,8.00009]},"faces":{"up":{"uv":[0,0,1,1],"texture":"#5"},"down":{"uv":[0,3,1,5],"texture":"#2"}}},{"from":[11.15,7.45,7.90064],"to":[12.35,7.7,8.09955],"rotation":{"angle":45,"axis":"x","origin":[12.1,7.2,8.00009]},"faces":{"east":{"uv":[10,7,14,8],"rotation":90,"texture":"#3"},"south":{"uv":[0,0,7,1],"rotation":270,"texture":"#8"},"west":{"uv":[4,2,5,5],"texture":"#3"},"up":{"uv":[11,13,12,15],"texture":"#3"}}},{"from":[10.725,7.45,7.90064],"to":[10.95,7.7,8.09955],"rotation":{"angle":45,"axis":"x","origin":[11.4,7.2,8.00009]},"faces":{"east":{"uv":[4,4,7,5],"rotation":90,"texture":"#3"},"south":{"uv":[0,0,7,1],"rotation":270,"texture":"#8"},"west":{"uv":[4,2,5,5],"texture":"#3"},"up":{"uv":[11,12,12,15],"texture":"#3"}}},{"from":[9.725,7.45,7.90064],"to":[9.95,7.7,8.09955],"rotation":{"angle":45,"axis":"x","origin":[10.4,7.2,8.00009]},"faces":{"east":{"uv":[4,4,7,5],"rotation":90,"texture":"#3"},"south":{"uv":[0,0,7,1],"rotation":270,"texture":"#8"},"west":{"uv":[4,2,5,5],"texture":"#3"},"up":{"uv":[11,12,12,15],"texture":"#3"}}},{"from":[8.725,7.45,7.90064],"to":[8.95,7.7,8.09955],"rotation":{"angle":45,"axis":"x","origin":[9.4,7.2,8.00009]},"faces":{"east":{"uv":[4,4,7,5],"rotation":90,"texture":"#3"},"south":{"uv":[0,0,7,1],"rotation":270,"texture":"#8"},"west":{"uv":[4,2,5,5],"texture":"#3"},"up":{"uv":[11,12,12,15],"texture":"#3"}}},{"from":[8.225,7.45,7.90064],"to":[8.45,7.7,8.09955],"rotation":{"angle":45,"axis":"x","origin":[8.9,7.2,8.00009]},"faces":{"east":{"uv":[4,4,7,5],"rotation":90,"texture":"#3"},"south":{"uv":[0,0,7,1],"rotation":270,"texture":"#8"},"west":{"uv":[4,2,5,5],"texture":"#3"},"up":{"uv":[11,12,12,15],"texture":"#3"}}},{"from":[10.225,7.45,7.90064],"to":[10.45,7.7,8.09955],"rotation":{"angle":45,"axis":"x","origin":[10.9,7.2,8.00009]},"faces":{"east":{"uv":[4,4,7,5],"rotation":90,"texture":"#3"},"south":{"uv":[0,0,7,1],"rotation":270,"texture":"#8"},"west":{"uv":[4,2,5,5],"texture":"#3"},"up":{"uv":[11,12,12,15],"texture":"#3"}}},{"from":[9.225,7.45,7.90064],"to":[9.45,7.7,8.09955],"rotation":{"angle":45,"axis":"x","origin":[9.9,7.2,8.00009]},"faces":{"east":{"uv":[4,4,7,5],"rotation":90,"texture":"#3"},"south":{"uv":[0,0,7,1],"rotation":270,"texture":"#8"},"west":{"uv":[4,2,5,5],"texture":"#3"},"up":{"uv":[11,12,12,15],"texture":"#3"}}},{"from":[6.35,7.45,7.90064],"to":[7.95,7.7,8.09955],"rotation":{"angle":45,"axis":"x","origin":[8.3,7.2,8.00009]},"faces":{"east":{"uv":[4,4,7,5],"rotation":90,"texture":"#3"},"south":{"uv":[0,0,7,1],"rotation":270,"texture":"#8"},"up":{"uv":[11,11,12,14],"texture":"#3"}}},{"from":[6.35,7.10054,8.25009],"to":[12.35,7.29946,8.30009],"rotation":{"angle":0,"axis":"x","origin":[12.1,7.2,8.00009]},"faces":{"north":{"uv":[4,4,5,6],"rotation":180,"texture":"#8"},"east":{"uv":[12,7,13,8],"rotation":270,"texture":"#3"}}}],"gui_light":"front","display":{"thirdperson_righthand":{"rotation":[5.5,90,0],"translation":[0,2.25,-0.5]},"thirdperson_lefthand":{"rotation":[5.5,90,144],"translation":[-2,-6.5,5]},"firstperson_righthand":{"rotation":[0,80,0],"translation":[0.75,5.5,-3],"scale":[1.5,1.5,1.5]},"firstperson_lefthand":{"rotation":[0,-100,0],"translation":[7,-2.25,3],"scale":[0,0,0]},"ground":{"translation":[0,3.5,0]},"gui":{"rotation":[0,0,45],"translation":[-0.75,3.5,-0.5],"scale":[1.5,1.5,1.5]},"head":{"scale":[2,2,2]},"fixed":{"translation":[0,5.5,-2],"scale":[-2,2,-2]}}}