{"gui_light":"front","textures":{"2":"block/gold_block","3":"block/furnace_side"},"elements":[{"from":[3.35,-4.75,6.35],"to":[10.75,14.75,9.65],"rotation":{"angle":0,"axis":"y","origin":[8,9,7.5]},"faces":{"east":{"uv":[1,11,15,15],"rotation":270,"texture":"#3"},"south":{"uv":[1,10,15,13],"rotation":270,"texture":"#3"},"west":{"uv":[1,11,15,15],"rotation":270,"texture":"#3"},"down":{"uv":[0,7,0.69984,8.29934],"texture":"#3"}}},{"from":[7.85,14.75,6.35],"to":[10.75,15.15,6.55],"rotation":{"angle":0,"axis":"y","origin":[8,10,7.5]},"faces":{"north":{"uv":[12,9.00987,15,11.00987],"texture":"#3"},"east":{"uv":[1,13,15,15],"rotation":90,"texture":"#3"},"south":{"uv":[0,0,13,0.00987],"texture":"#3"},"west":{"uv":[1,13,15,15],"rotation":270,"texture":"#3"},"up":{"uv":[1,13,15,15],"texture":"#3"}}},{"from":[3.35,14.75,6.35],"to":[6.75,15.15,6.55],"rotation":{"angle":0,"axis":"y","origin":[7,10,7.5]},"faces":{"north":{"uv":[12,9.00987,15,11.00987],"texture":"#3"},"east":{"uv":[1,13,15,15],"rotation":90,"texture":"#3"},"south":{"uv":[0,0,13,0.00987],"texture":"#3"},"west":{"uv":[1,13,15,15],"rotation":270,"texture":"#3"},"up":{"uv":[1,13,15,15],"texture":"#3"}}},{"from":[7.85,15.15,6.35],"to":[8.55,16.05,6.55],"rotation":{"angle":45,"axis":"x","origin":[7.9,15.15,6.35]},"faces":{"north":{"uv":[6,11.01,15,11.01987],"texture":"#3"},"east":{"uv":[1,13,15,15],"rotation":90,"texture":"#3"},"south":{"uv":[0,0,13,0.00987],"texture":"#3"},"west":{"uv":[1,13,15,15],"rotation":270,"texture":"#3"},"up":{"uv":[1,13,15,15],"texture":"#3"}}},{"from":[6.75,15.75,6.35],"to":[7.85,16.05,6.55],"rotation":{"angle":45,"axis":"x","origin":[7,15.15,6.35]},"faces":{"north":{"uv":[6,11.01,15,11.01987],"texture":"#3"},"south":{"uv":[0,0,13,0.00987],"texture":"#3"},"up":{"uv":[1,13,15,15],"texture":"#3"},"down":{"uv":[0,7,1,8],"texture":"#3"}}},{"from":[3.35,15.15,6.35],"to":[6.75,16.05,6.55],"rotation":{"angle":45,"axis":"x","origin":[6.9,15.15,6.35]},"faces":{"north":{"uv":[6,11.01,15,11.01987],"texture":"#3"},"east":{"uv":[1,13,15,15],"rotation":90,"texture":"#3"},"south":{"uv":[0,0,13,0.00987],"texture":"#3"},"west":{"uv":[1,13,15,15],"rotation":270,"texture":"#3"},"up":{"uv":[1,13,15,15],"texture":"#3"}}},{"from":[3.35,15.15,9.45],"to":[8.55,16.05,9.65],"rotation":{"angle":-45,"axis":"x","origin":[7.9,15.15,9.65]},"faces":{"north":{"uv":[13,0,0,0.00987],"texture":"#3"},"east":{"uv":[1,15,15,13],"rotation":90,"texture":"#3"},"south":{"uv":[15,11.01,6,11.01987],"texture":"#3"},"west":{"uv":[1,15,15,13],"rotation":270,"texture":"#3"},"up":{"uv":[1,15,15,13],"texture":"#3"}}},{"from":[3.35,14.75,9.45],"to":[10.75,15.15,9.65],"rotation":{"angle":0,"axis":"y","origin":[8,10,8.5]},"faces":{"north":{"uv":[13,0,0,0.00987],"texture":"#3"},"east":{"uv":[1,15,15,13],"rotation":90,"texture":"#3"},"south":{"uv":[15,9.00987,12,11.00987],"texture":"#3"},"west":{"uv":[1,15,15,13],"rotation":270,"texture":"#3"},"up":{"uv":[1,15,15,13],"texture":"#3"}}},{"from":[10.55,-4.75,6.35],"to":[10.75,14.75,9.65],"rotation":{"angle":0,"axis":"y","origin":[8,9,7.5]},"faces":{"west":{"uv":[0,7,1,9],"rotation":270,"texture":"#3"},"up":{"uv":[1,13,15,15],"rotation":90,"texture":"#3"}}},{"from":[3.35,-4.75,6.35],"to":[3.55,14.75,9.65],"rotation":{"angle":0,"axis":"y","origin":[8,9,7.5]},"faces":{"east":{"uv":[0,9,1,7],"rotation":270,"texture":"#3"},"up":{"uv":[1,15,15,13],"rotation":90,"texture":"#3"}}},{"from":[7.85,-4.75,6.35],"to":[10.75,14.75,6.55],"rotation":{"angle":0,"axis":"y","origin":[8,9,7.5]},"faces":{"north":{"uv":[1,10,15,12],"rotation":270,"texture":"#3"},"south":{"uv":[0,11,1,13],"texture":"#3"},"west":{"uv":[1,8,12,10],"rotation":90,"texture":"#3"}}},{"from":[3.35,-4.75,6.35],"to":[6.75,14.75,6.55],"rotation":{"angle":0,"axis":"y","origin":[7,9,7.5]},"faces":{"north":{"uv":[1,12,15,14],"rotation":270,"texture":"#3"},"east":{"uv":[5,8,15,10],"rotation":270,"texture":"#3"},"south":{"uv":[0,11,1,13],"texture":"#3"}}},{"from":[6.75,-4.75,6.35],"to":[7.85,10.75,6.55],"rotation":{"angle":0,"axis":"y","origin":[8.1,9,7.5]},"faces":{"north":{"uv":[1,12,11,13],"rotation":270,"texture":"#3"},"south":{"uv":[0,11,1,13],"texture":"#3"},"up":{"uv":[4,9,9,11],"texture":"#3"}}},{"from":[3.35,-4.75,9.45],"to":[10.75,14.75,9.65],"rotation":{"angle":0,"axis":"y","origin":[8,9,8.5]},"faces":{"north":{"uv":[1,11,0,13],"texture":"#3"},"up":{"uv":[1,15,15,13],"texture":"#3"}}},{"from":[3.58468,10.22,7.80506],"to":[3.7528,12.18,8.19494],"rotation":{"angle":0,"axis":"y","origin":[6.5,5.04,8]},"faces":{"east":{"uv":[15,14,16,15],"rotation":270,"texture":"#2"},"west":{"uv":[2,0,3,16],"rotation":180,"texture":"#2"},"up":{"uv":[1,2,2,3],"rotation":270,"texture":"#2"},"down":{"uv":[0,0,1,1],"rotation":270,"texture":"#2"}}},{"from":[3.58468,12.22,7.80506],"to":[3.7528,14.18,8.19494],"rotation":{"angle":0,"axis":"y","origin":[6.5,7.04,8]},"faces":{"east":{"uv":[15,14,16,15],"rotation":270,"texture":"#2"},"west":{"uv":[2,0,3,16],"rotation":180,"texture":"#2"},"up":{"uv":[1,2,2,3],"rotation":270,"texture":"#2"},"down":{"uv":[0,0,1,1],"rotation":270,"texture":"#2"}}},{"from":[3.58468,14.195,7.80506],"to":[3.7528,16.155,8.19494],"rotation":{"angle":0,"axis":"y","origin":[6.5,9.015,8]},"faces":{"east":{"uv":[15,14,16,15],"rotation":270,"texture":"#2"},"west":{"uv":[2,0,3,16],"rotation":180,"texture":"#2"},"up":{"uv":[1,2,2,3],"rotation":270,"texture":"#2"},"down":{"uv":[0,0,1,1],"rotation":270,"texture":"#2"}}},{"from":[3.55568,10.752,7.91089],"to":[3.66768,11.648,8.08912],"rotation":{"angle":0,"axis":"y","origin":[6.5,5.04,8]},"faces":{"west":{"uv":[5,3.01,9,3.02],"rotation":90,"texture":"#3"},"up":{"uv":[0,0,1,1],"rotation":270,"texture":"#3"},"down":{"uv":[0,0,1,1],"rotation":270,"texture":"#3"}}},{"from":[3.55568,12.752,7.91089],"to":[3.66768,13.648,8.08912],"rotation":{"angle":0,"axis":"y","origin":[6.5,7.04,8]},"faces":{"west":{"uv":[5,3.01,9,3.02],"rotation":90,"texture":"#3"},"up":{"uv":[0,0,1,1],"rotation":270,"texture":"#3"},"down":{"uv":[0,0,1,1],"rotation":270,"texture":"#3"}}},{"from":[3.55568,14.727,7.91089],"to":[3.66768,15.623,8.08912],"rotation":{"angle":0,"axis":"y","origin":[6.5,9.015,8]},"faces":{"west":{"uv":[5,3.01,9,3.02],"rotation":90,"texture":"#3"},"up":{"uv":[0,0,1,1],"rotation":270,"texture":"#3"},"down":{"uv":[0,0,1,1],"rotation":270,"texture":"#3"}}},{"from":[4.1728,10.22,7.80506],"to":[9.1448,12.18,8.19494],"rotation":{"angle":0,"axis":"y","origin":[6.5,5.04,8]},"faces":{"east":{"uv":[0,0,1,1],"texture":"#2"},"west":{"uv":[0,0,1,1],"texture":"#2"},"up":{"uv":[4,10,6,14],"rotation":270,"texture":"#2"},"down":{"uv":[13,15,14,16],"rotation":90,"texture":"#2"}}},{"from":[4.1728,12.22,7.80506],"to":[9.1448,14.18,8.19494],"rotation":{"angle":0,"axis":"y","origin":[6.5,7.04,8]},"faces":{"east":{"uv":[0,0,1,1],"texture":"#2"},"west":{"uv":[0,0,1,1],"texture":"#2"},"up":{"uv":[4,10,6,14],"rotation":270,"texture":"#2"},"down":{"uv":[13,15,14,16],"rotation":90,"texture":"#2"}}},{"from":[4.1728,14.195,7.80506],"to":[9.1448,16.155,8.19494],"rotation":{"angle":0,"axis":"y","origin":[6.5,9.015,8]},"faces":{"east":{"uv":[0,0,1,1],"texture":"#2"},"west":{"uv":[0,0,1,1],"texture":"#2"},"up":{"uv":[4,10,6,14],"rotation":270,"texture":"#2"},"down":{"uv":[13,15,14,16],"rotation":90,"texture":"#2"}}},{"from":[4.1728,10.22,7.80506],"to":[9.1448,12.18,8.19494],"rotation":{"angle":22.5,"axis":"x","origin":[6.5248,11.2,8]},"faces":{"east":{"uv":[0,0,1,1],"texture":"#2"},"west":{"uv":[0,0,1,1],"texture":"#2"},"up":{"uv":[4,10,6,14],"rotation":270,"texture":"#2"},"down":{"uv":[13,15,14,16],"rotation":90,"texture":"#2"}}},{"from":[4.1728,12.22,7.80506],"to":[9.1448,14.18,8.19494],"rotation":{"angle":22.5,"axis":"x","origin":[6.5248,13.2,8]},"faces":{"east":{"uv":[0,0,1,1],"texture":"#2"},"west":{"uv":[0,0,1,1],"texture":"#2"},"up":{"uv":[4,10,6,14],"rotation":270,"texture":"#2"},"down":{"uv":[13,15,14,16],"rotation":90,"texture":"#2"}}},{"from":[4.1728,14.195,7.80506],"to":[9.1448,16.155,8.19494],"rotation":{"angle":22.5,"axis":"x","origin":[6.5248,15.175,8]},"faces":{"east":{"uv":[0,0,1,1],"texture":"#2"},"west":{"uv":[0,0,1,1],"texture":"#2"},"up":{"uv":[4,10,6,14],"rotation":270,"texture":"#2"},"down":{"uv":[13,15,14,16],"rotation":90,"texture":"#2"}}},{"from":[4.1728,10.22,7.80506],"to":[9.1448,12.18,8.19494],"rotation":{"angle":-22.5,"axis":"x","origin":[6.5248,11.2,8]},"faces":{"east":{"uv":[0,0,1,1],"texture":"#2"},"west":{"uv":[0,0,1,1],"texture":"#2"},"up":{"uv":[4,10,6,14],"rotation":270,"texture":"#2"},"down":{"uv":[13,15,14,16],"rotation":90,"texture":"#2"}}},{"from":[4.1728,12.22,7.80506],"to":[9.1448,14.18,8.19494],"rotation":{"angle":-22.5,"axis":"x","origin":[6.5248,13.2,8]},"faces":{"east":{"uv":[0,0,1,1],"texture":"#2"},"west":{"uv":[0,0,1,1],"texture":"#2"},"up":{"uv":[4,10,6,14],"rotation":270,"texture":"#2"},"down":{"uv":[13,15,14,16],"rotation":90,"texture":"#2"}}},{"from":[4.1728,14.195,7.80506],"to":[9.1448,16.155,8.19494],"rotation":{"angle":-22.5,"axis":"x","origin":[6.5248,15.175,8]},"faces":{"east":{"uv":[0,0,1,1],"texture":"#2"},"west":{"uv":[0,0,1,1],"texture":"#2"},"up":{"uv":[4,10,6,14],"rotation":270,"texture":"#2"},"down":{"uv":[13,15,14,16],"rotation":90,"texture":"#2"}}},{"from":[4.1728,10.22,7.80506],"to":[9.1448,12.18,8.19494],"rotation":{"angle":45,"axis":"x","origin":[6.5248,11.2,8]},"faces":{"east":{"uv":[0,0,1,1],"texture":"#2"},"west":{"uv":[0,0,1,1],"texture":"#2"},"up":{"uv":[4,10,6,14],"rotation":270,"texture":"#2"},"down":{"uv":[13,15,14,16],"rotation":90,"texture":"#2"}}},{"from":[4.1728,12.22,7.80506],"to":[9.1448,14.18,8.19494],"rotation":{"angle":45,"axis":"x","origin":[6.5248,13.2,8]},"faces":{"east":{"uv":[0,0,1,1],"texture":"#2"},"west":{"uv":[0,0,1,1],"texture":"#2"},"up":{"uv":[4,10,6,14],"rotation":270,"texture":"#2"},"down":{"uv":[13,15,14,16],"rotation":90,"texture":"#2"}}},{"from":[4.1728,14.195,7.80506],"to":[9.1448,16.155,8.19494],"rotation":{"angle":45,"axis":"x","origin":[6.5248,15.175,8]},"faces":{"east":{"uv":[0,0,1,1],"texture":"#2"},"west":{"uv":[0,0,1,1],"texture":"#2"},"up":{"uv":[4,10,6,14],"rotation":270,"texture":"#2"},"down":{"uv":[13,15,14,16],"rotation":90,"texture":"#2"}}},{"from":[4.1728,10.22,7.80506],"to":[9.1448,12.18,8.19494],"rotation":{"angle":-45,"axis":"x","origin":[6.5248,11.2,8]},"faces":{"east":{"uv":[0,0,1,1],"texture":"#2"},"west":{"uv":[0,0,1,1],"texture":"#2"},"up":{"uv":[4,10,6,14],"rotation":270,"texture":"#2"},"down":{"uv":[13,13,14,14],"rotation":90,"texture":"#2"}}},{"from":[4.1728,12.22,7.80506],"to":[9.1448,14.18,8.19494],"rotation":{"angle":-45,"axis":"x","origin":[6.5248,13.2,8]},"faces":{"east":{"uv":[0,0,1,1],"texture":"#2"},"west":{"uv":[0,0,1,1],"texture":"#2"},"up":{"uv":[4,10,6,14],"rotation":270,"texture":"#2"},"down":{"uv":[13,13,14,14],"rotation":90,"texture":"#2"}}},{"from":[4.1728,14.195,7.80506],"to":[9.1448,16.155,8.19494],"rotation":{"angle":-45,"axis":"x","origin":[6.5248,15.175,8]},"faces":{"east":{"uv":[0,0,1,1],"texture":"#2"},"west":{"uv":[0,0,1,1],"texture":"#2"},"up":{"uv":[4,10,6,14],"rotation":270,"texture":"#2"},"down":{"uv":[13,13,14,14],"rotation":90,"texture":"#2"}}},{"from":[4.1728,11.00506,7.02],"to":[9.1448,11.39494,8.98],"rotation":{"angle":-22.5,"axis":"x","origin":[6.5248,11.2,8]},"faces":{"north":{"uv":[11,12,12,13],"rotation":270,"texture":"#2"},"east":{"uv":[0,0,1,1],"rotation":270,"texture":"#2"},"south":{"uv":[4,10,6,14],"rotation":270,"texture":"#2"},"west":{"uv":[0,0,1,1],"texture":"#2"}}},{"from":[4.1728,13.00506,7.02],"to":[9.1448,13.39494,8.98],"rotation":{"angle":-22.5,"axis":"x","origin":[6.5248,13.2,8]},"faces":{"north":{"uv":[11,12,12,13],"rotation":270,"texture":"#2"},"east":{"uv":[0,0,1,1],"rotation":270,"texture":"#2"},"south":{"uv":[4,10,6,14],"rotation":270,"texture":"#2"},"west":{"uv":[0,0,1,1],"texture":"#2"}}},{"from":[4.1728,14.98006,7.02],"to":[9.1448,15.36994,8.98],"rotation":{"angle":-22.5,"axis":"x","origin":[6.5248,15.175,8]},"faces":{"north":{"uv":[11,12,12,13],"rotation":270,"texture":"#2"},"east":{"uv":[0,0,1,1],"rotation":270,"texture":"#2"},"south":{"uv":[4,10,6,14],"rotation":270,"texture":"#2"},"west":{"uv":[0,0,1,1],"texture":"#2"}}},{"from":[4.1728,11.00506,7.02],"to":[9.1448,11.39494,8.98],"rotation":{"angle":22.5,"axis":"x","origin":[6.5248,11.2,8]},"faces":{"north":{"uv":[4,10,6,14],"rotation":90,"texture":"#2"},"east":{"uv":[0,0,1,1],"rotation":90,"texture":"#2"},"south":{"uv":[11,12,12,13],"rotation":90,"texture":"#2"},"west":{"uv":[0,0,1,1],"texture":"#2"}}},{"from":[4.1728,13.00506,7.02],"to":[9.1448,13.39494,8.98],"rotation":{"angle":22.5,"axis":"x","origin":[6.5248,13.2,8]},"faces":{"north":{"uv":[4,10,6,14],"rotation":90,"texture":"#2"},"east":{"uv":[0,0,1,1],"rotation":90,"texture":"#2"},"south":{"uv":[11,12,12,13],"rotation":90,"texture":"#2"},"west":{"uv":[0,0,1,1],"texture":"#2"}}},{"from":[4.1728,14.98006,7.02],"to":[9.1448,15.36994,8.98],"rotation":{"angle":22.5,"axis":"x","origin":[6.5248,15.175,8]},"faces":{"north":{"uv":[4,10,6,14],"rotation":90,"texture":"#2"},"east":{"uv":[0,0,1,1],"rotation":90,"texture":"#2"},"south":{"uv":[11,12,12,13],"rotation":90,"texture":"#2"},"west":{"uv":[0,0,1,1],"texture":"#2"}}},{"from":[4.1728,11.00506,7.02],"to":[9.1448,11.39494,8.98],"rotation":{"angle":0,"axis":"y","origin":[6.5,5.04,8]},"faces":{"north":{"uv":[4,10,6,14],"rotation":90,"texture":"#2"},"east":{"uv":[0,0,1,1],"rotation":90,"texture":"#2"},"south":{"uv":[8,10,9,11],"rotation":90,"texture":"#2"},"west":{"uv":[0,0,1,1],"texture":"#2"}}},{"from":[4.1728,13.00506,7.02],"to":[9.1448,13.39494,8.98],"rotation":{"angle":0,"axis":"y","origin":[6.5,7.04,8]},"faces":{"north":{"uv":[4,10,6,14],"rotation":90,"texture":"#2"},"east":{"uv":[0,0,1,1],"rotation":90,"texture":"#2"},"south":{"uv":[8,10,9,11],"rotation":90,"texture":"#2"},"west":{"uv":[0,0,1,1],"texture":"#2"}}},{"from":[4.1728,14.98006,7.02],"to":[9.1448,15.36994,8.98],"rotation":{"angle":0,"axis":"y","origin":[6.5,9.015,8]},"faces":{"north":{"uv":[4,10,6,14],"rotation":90,"texture":"#2"},"east":{"uv":[0,0,1,1],"rotation":90,"texture":"#2"},"south":{"uv":[8,10,9,11],"rotation":90,"texture":"#2"},"west":{"uv":[0,0,1,1],"texture":"#2"}}},{"from":[9.0328,10.304,7.82177],"to":[9.5928,12.096,8.17823],"rotation":{"angle":0,"axis":"y","origin":[8,5.04,8]},"faces":{"east":{"uv":[4,10,5,11],"texture":"#3"},"up":{"uv":[6,9,8,10],"rotation":270,"texture":"#3"},"down":{"uv":[11,8,12,9],"rotation":270,"texture":"#3"}}},{"from":[9.0328,12.304,7.82177],"to":[9.5928,14.096,8.17823],"rotation":{"angle":0,"axis":"y","origin":[8,7.04,8]},"faces":{"east":{"uv":[4,10,5,11],"texture":"#3"},"up":{"uv":[6,9,8,10],"rotation":270,"texture":"#3"},"down":{"uv":[11,8,12,9],"rotation":270,"texture":"#3"}}},{"from":[9.0328,14.279,7.82177],"to":[9.5928,16.071,8.17823],"rotation":{"angle":0,"axis":"y","origin":[8,9.015,8]},"faces":{"east":{"uv":[4,10,5,11],"texture":"#3"},"up":{"uv":[6,9,8,10],"rotation":270,"texture":"#3"},"down":{"uv":[11,8,12,9],"rotation":270,"texture":"#3"}}},{"from":[9.0328,10.304,7.82177],"to":[9.5928,12.096,8.17823],"rotation":{"angle":-22.5,"axis":"x","origin":[9.6208,11.2,8]},"faces":{"east":{"uv":[4,10,5,11],"texture":"#3"},"up":{"uv":[9,9.01,10,11.01],"rotation":180,"texture":"#3"},"down":{"uv":[10,8.01,12,8.51],"rotation":90,"texture":"#3"}}},{"from":[9.0328,12.304,7.82177],"to":[9.5928,14.096,8.17823],"rotation":{"angle":-22.5,"axis":"x","origin":[9.6208,13.2,8]},"faces":{"east":{"uv":[4,10,5,11],"texture":"#3"},"up":{"uv":[9,9.01,10,11.01],"rotation":180,"texture":"#3"},"down":{"uv":[10,8.01,12,8.51],"rotation":90,"texture":"#3"}}},{"from":[9.0328,14.279,7.82177],"to":[9.5928,16.071,8.17823],"rotation":{"angle":-22.5,"axis":"x","origin":[9.6208,15.175,8]},"faces":{"east":{"uv":[4,10,5,11],"texture":"#3"},"up":{"uv":[9,9.01,10,11.01],"rotation":180,"texture":"#3"},"down":{"uv":[10,8.01,12,8.51],"rotation":90,"texture":"#3"}}},{"from":[9.0328,10.304,7.82177],"to":[9.5928,12.096,8.17823],"rotation":{"angle":22.5,"axis":"x","origin":[9.6208,11.2,8]},"faces":{"east":{"uv":[4,10,5,11],"texture":"#3"},"up":{"uv":[9,10,11,11],"rotation":270,"texture":"#3"},"down":{"uv":[10,8,12,9],"rotation":270,"texture":"#3"}}},{"from":[9.0328,12.304,7.82177],"to":[9.5928,14.096,8.17823],"rotation":{"angle":22.5,"axis":"x","origin":[9.6208,13.2,8]},"faces":{"east":{"uv":[4,10,5,11],"texture":"#3"},"up":{"uv":[9,10,11,11],"rotation":270,"texture":"#3"},"down":{"uv":[10,8,12,9],"rotation":270,"texture":"#3"}}},{"from":[9.0328,14.279,7.82177],"to":[9.5928,16.071,8.17823],"rotation":{"angle":22.5,"axis":"x","origin":[9.6208,15.175,8]},"faces":{"east":{"uv":[4,10,5,11],"texture":"#3"},"up":{"uv":[9,10,11,11],"rotation":270,"texture":"#3"},"down":{"uv":[10,8,12,9],"rotation":270,"texture":"#3"}}},{"from":[9.0328,10.304,7.82177],"to":[9.5928,12.096,8.17823],"rotation":{"angle":-45,"axis":"x","origin":[9.6208,11.2,8]},"faces":{"east":{"uv":[4,10,5,11],"texture":"#3"},"up":{"uv":[11,10,13,11],"rotation":270,"texture":"#3"},"down":{"uv":[9,8.01,11,8.51],"rotation":90,"texture":"#3"}}},{"from":[9.0328,12.304,7.82177],"to":[9.5928,14.096,8.17823],"rotation":{"angle":-45,"axis":"x","origin":[9.6208,13.2,8]},"faces":{"east":{"uv":[4,10,5,11],"texture":"#3"},"up":{"uv":[11,10,13,11],"rotation":270,"texture":"#3"},"down":{"uv":[9,8.01,11,8.51],"rotation":90,"texture":"#3"}}},{"from":[9.0328,14.279,7.82177],"to":[9.5928,16.071,8.17823],"rotation":{"angle":-45,"axis":"x","origin":[9.6208,15.175,8]},"faces":{"east":{"uv":[4,10,5,11],"texture":"#3"},"up":{"uv":[11,10,13,11],"rotation":270,"texture":"#3"},"down":{"uv":[9,8.01,11,8.51],"rotation":90,"texture":"#3"}}},{"from":[9.0328,10.304,7.82177],"to":[9.5928,12.096,8.17823],"rotation":{"angle":45,"axis":"x","origin":[9.6208,11.2,8]},"faces":{"east":{"uv":[4,10,5,11],"texture":"#3"},"up":{"uv":[11,10,12,12],"texture":"#3"},"down":{"uv":[9,8,11,9],"rotation":270,"texture":"#3"}}},{"from":[9.0328,12.304,7.82177],"to":[9.5928,14.096,8.17823],"rotation":{"angle":45,"axis":"x","origin":[9.6208,13.2,8]},"faces":{"east":{"uv":[4,10,5,11],"texture":"#3"},"up":{"uv":[11,10,12,12],"texture":"#3"},"down":{"uv":[9,8,11,9],"rotation":270,"texture":"#3"}}},{"from":[9.0328,14.279,7.82177],"to":[9.5928,16.071,8.17823],"rotation":{"angle":45,"axis":"x","origin":[9.6208,15.175,8]},"faces":{"east":{"uv":[4,10,5,11],"texture":"#3"},"up":{"uv":[11,10,12,12],"texture":"#3"},"down":{"uv":[9,8,11,9],"rotation":270,"texture":"#3"}}},{"from":[9.0328,11.02177,7.104],"to":[9.5928,11.37823,8.896],"rotation":{"angle":22.5,"axis":"x","origin":[9.6208,11.2,8]},"faces":{"north":{"uv":[3,8,5,9],"rotation":270,"texture":"#3"},"east":{"uv":[4,10,5,11],"rotation":90,"texture":"#3"},"south":{"uv":[8,8.01,10,8.51],"rotation":90,"texture":"#3"}}},{"from":[9.0328,13.02177,7.104],"to":[9.5928,13.37823,8.896],"rotation":{"angle":22.5,"axis":"x","origin":[9.6208,13.2,8]},"faces":{"north":{"uv":[3,8,5,9],"rotation":270,"texture":"#3"},"east":{"uv":[4,10,5,11],"rotation":90,"texture":"#3"},"south":{"uv":[8,8.01,10,8.51],"rotation":90,"texture":"#3"}}},{"from":[9.0328,14.99677,7.104],"to":[9.5928,15.35323,8.896],"rotation":{"angle":22.5,"axis":"x","origin":[9.6208,15.175,8]},"faces":{"north":{"uv":[3,8,5,9],"rotation":270,"texture":"#3"},"east":{"uv":[4,10,5,11],"rotation":90,"texture":"#3"},"south":{"uv":[8,8.01,10,8.51],"rotation":90,"texture":"#3"}}},{"from":[9.0328,11.02177,7.104],"to":[9.5928,11.37823,8.896],"rotation":{"angle":-22.5,"axis":"x","origin":[9.6208,11.2,8]},"faces":{"north":{"uv":[8,8,10,9],"rotation":90,"texture":"#3"},"east":{"uv":[4,10,5,11],"rotation":270,"texture":"#3"},"south":{"uv":[3,8,4.9,9],"rotation":270,"texture":"#3"}}},{"from":[9.0328,13.02177,7.104],"to":[9.5928,13.37823,8.896],"rotation":{"angle":-22.5,"axis":"x","origin":[9.6208,13.2,8]},"faces":{"north":{"uv":[8,8,10,9],"rotation":90,"texture":"#3"},"east":{"uv":[4,10,5,11],"rotation":270,"texture":"#3"},"south":{"uv":[3,8,4.9,9],"rotation":270,"texture":"#3"}}},{"from":[9.0328,14.99677,7.104],"to":[9.5928,15.35323,8.896],"rotation":{"angle":-22.5,"axis":"x","origin":[9.6208,15.175,8]},"faces":{"north":{"uv":[8,8,10,9],"rotation":90,"texture":"#3"},"east":{"uv":[4,10,5,11],"rotation":270,"texture":"#3"},"south":{"uv":[3,8,4.9,9],"rotation":270,"texture":"#3"}}},{"from":[9.0328,11.02177,7.104],"to":[9.5928,11.37823,8.896],"rotation":{"angle":0,"axis":"y","origin":[8,5.04,8]},"faces":{"north":{"uv":[7,8,9,9],"rotation":90,"texture":"#3"},"east":{"uv":[4,10,5,11],"rotation":90,"texture":"#3"},"south":{"uv":[7,8.01,9,8.51],"rotation":90,"texture":"#3"}}},{"from":[9.0328,13.02177,7.104],"to":[9.5928,13.37823,8.896],"rotation":{"angle":0,"axis":"y","origin":[8,7.04,8]},"faces":{"north":{"uv":[7,8,9,9],"rotation":90,"texture":"#3"},"east":{"uv":[4,10,5,11],"rotation":90,"texture":"#3"},"south":{"uv":[7,8.01,9,8.51],"rotation":90,"texture":"#3"}}},{"from":[9.0328,14.99677,7.104],"to":[9.5928,15.35323,8.896],"rotation":{"angle":0,"axis":"y","origin":[8,9.015,8]},"faces":{"north":{"uv":[7,8,9,9],"rotation":90,"texture":"#3"},"east":{"uv":[4,10,5,11],"rotation":90,"texture":"#3"},"south":{"uv":[7,8.01,9,8.51],"rotation":90,"texture":"#3"}}},{"from":[9.5178,10.36,7.83292],"to":[9.8538,12.04,8.16708],"rotation":{"angle":0,"axis":"y","origin":[7.925,5.04,8]},"faces":{"east":{"uv":[4,10,5,11],"texture":"#3"},"up":{"uv":[6,9,8,10],"rotation":270,"texture":"#3"},"down":{"uv":[11,8,12,9],"rotation":270,"texture":"#3"}}},{"from":[9.5178,12.36,7.83292],"to":[9.8538,14.04,8.16708],"rotation":{"angle":0,"axis":"y","origin":[7.925,7.04,8]},"faces":{"east":{"uv":[4,10,5,11],"texture":"#3"},"up":{"uv":[6,9,8,10],"rotation":270,"texture":"#3"},"down":{"uv":[11,8,12,9],"rotation":270,"texture":"#3"}}},{"from":[9.5178,14.335,7.83292],"to":[9.8538,16.015,8.16708],"rotation":{"angle":0,"axis":"y","origin":[7.925,9.015,8]},"faces":{"east":{"uv":[4,10,5,11],"texture":"#3"},"up":{"uv":[6,9,8,10],"rotation":270,"texture":"#3"},"down":{"uv":[11,8,12,9],"rotation":270,"texture":"#3"}}},{"from":[9.5178,10.36,7.83292],"to":[9.8538,12.04,8.16708],"rotation":{"angle":22.5,"axis":"x","origin":[10.3578,11.2,8]},"faces":{"east":{"uv":[4,10,5,11],"texture":"#3"},"up":{"uv":[9,10,11,11],"rotation":270,"texture":"#3"},"down":{"uv":[10,8,12,9],"rotation":270,"texture":"#3"}}},{"from":[9.5178,12.36,7.83292],"to":[9.8538,14.04,8.16708],"rotation":{"angle":22.5,"axis":"x","origin":[10.3578,13.2,8]},"faces":{"east":{"uv":[4,10,5,11],"texture":"#3"},"up":{"uv":[9,10,11,11],"rotation":270,"texture":"#3"},"down":{"uv":[10,8,12,9],"rotation":270,"texture":"#3"}}},{"from":[9.5178,14.335,7.83292],"to":[9.8538,16.015,8.16708],"rotation":{"angle":22.5,"axis":"x","origin":[10.3578,15.175,8]},"faces":{"east":{"uv":[4,10,5,11],"texture":"#3"},"up":{"uv":[9,10,11,11],"rotation":270,"texture":"#3"},"down":{"uv":[10,8,12,9],"rotation":270,"texture":"#3"}}},{"from":[9.5178,10.36,7.83292],"to":[9.8538,12.04,8.16708],"rotation":{"angle":-22.5,"axis":"x","origin":[10.3578,11.2,8]},"faces":{"east":{"uv":[4,10,5,11],"texture":"#3"},"up":{"uv":[9,9.01,10,11.01],"rotation":180,"texture":"#3"},"down":{"uv":[10,8.01,12,8.51],"rotation":90,"texture":"#3"}}},{"from":[9.5178,12.36,7.83292],"to":[9.8538,14.04,8.16708],"rotation":{"angle":-22.5,"axis":"x","origin":[10.3578,13.2,8]},"faces":{"east":{"uv":[4,10,5,11],"texture":"#3"},"up":{"uv":[9,9.01,10,11.01],"rotation":180,"texture":"#3"},"down":{"uv":[10,8.01,12,8.51],"rotation":90,"texture":"#3"}}},{"from":[9.5178,14.335,7.83292],"to":[9.8538,16.015,8.16708],"rotation":{"angle":-22.5,"axis":"x","origin":[10.3578,15.175,8]},"faces":{"east":{"uv":[4,10,5,11],"texture":"#3"},"up":{"uv":[9,9.01,10,11.01],"rotation":180,"texture":"#3"},"down":{"uv":[10,8.01,12,8.51],"rotation":90,"texture":"#3"}}},{"from":[9.5178,10.36,7.83292],"to":[9.8538,12.04,8.16708],"rotation":{"angle":45,"axis":"x","origin":[10.3578,11.2,8]},"faces":{"east":{"uv":[4,10,5,11],"texture":"#3"},"up":{"uv":[11,10,12,12],"texture":"#3"},"down":{"uv":[9,8,11,9],"rotation":270,"texture":"#3"}}},{"from":[9.5178,12.36,7.83292],"to":[9.8538,14.04,8.16708],"rotation":{"angle":45,"axis":"x","origin":[10.3578,13.2,8]},"faces":{"east":{"uv":[4,10,5,11],"texture":"#3"},"up":{"uv":[11,10,12,12],"texture":"#3"},"down":{"uv":[9,8,11,9],"rotation":270,"texture":"#3"}}},{"from":[9.5178,14.335,7.83292],"to":[9.8538,16.015,8.16708],"rotation":{"angle":45,"axis":"x","origin":[10.3578,15.175,8]},"faces":{"east":{"uv":[4,10,5,11],"texture":"#3"},"up":{"uv":[11,10,12,12],"texture":"#3"},"down":{"uv":[9,8,11,9],"rotation":270,"texture":"#3"}}},{"from":[9.5178,10.36,7.83292],"to":[9.8538,12.04,8.16708],"rotation":{"angle":-45,"axis":"x","origin":[10.3578,11.2,8]},"faces":{"east":{"uv":[4,10,5,11],"texture":"#3"},"up":{"uv":[11,10,13,11],"rotation":270,"texture":"#3"},"down":{"uv":[9,8.01,11,8.51],"rotation":90,"texture":"#3"}}},{"from":[9.5178,12.36,7.83292],"to":[9.8538,14.04,8.16708],"rotation":{"angle":-45,"axis":"x","origin":[10.3578,13.2,8]},"faces":{"east":{"uv":[4,10,5,11],"texture":"#3"},"up":{"uv":[11,10,13,11],"rotation":270,"texture":"#3"},"down":{"uv":[9,8.01,11,8.51],"rotation":90,"texture":"#3"}}},{"from":[9.5178,14.335,7.83292],"to":[9.8538,16.015,8.16708],"rotation":{"angle":-45,"axis":"x","origin":[10.3578,15.175,8]},"faces":{"east":{"uv":[4,10,5,11],"texture":"#3"},"up":{"uv":[11,10,13,11],"rotation":270,"texture":"#3"},"down":{"uv":[9,8.01,11,8.51],"rotation":90,"texture":"#3"}}},{"from":[9.5178,11.03292,7.16],"to":[9.8538,11.36708,8.84],"rotation":{"angle":-22.5,"axis":"x","origin":[10.3578,11.2,8]},"faces":{"north":{"uv":[8,8,10,9],"rotation":90,"texture":"#3"},"east":{"uv":[4,10,5,11],"rotation":270,"texture":"#3"},"south":{"uv":[3,8,4.9,9],"rotation":270,"texture":"#3"}}},{"from":[9.5178,13.03292,7.16],"to":[9.8538,13.36708,8.84],"rotation":{"angle":-22.5,"axis":"x","origin":[10.3578,13.2,8]},"faces":{"north":{"uv":[8,8,10,9],"rotation":90,"texture":"#3"},"east":{"uv":[4,10,5,11],"rotation":270,"texture":"#3"},"south":{"uv":[3,8,4.9,9],"rotation":270,"texture":"#3"}}},{"from":[9.5178,15.00792,7.16],"to":[9.8538,15.34208,8.84],"rotation":{"angle":-22.5,"axis":"x","origin":[10.3578,15.175,8]},"faces":{"north":{"uv":[8,8,10,9],"rotation":90,"texture":"#3"},"east":{"uv":[4,10,5,11],"rotation":270,"texture":"#3"},"south":{"uv":[3,8,4.9,9],"rotation":270,"texture":"#3"}}},{"from":[9.5178,11.03292,7.16],"to":[9.8538,11.36708,8.84],"rotation":{"angle":22.5,"axis":"x","origin":[10.3578,11.2,8]},"faces":{"north":{"uv":[3,8,5,9],"rotation":270,"texture":"#3"},"east":{"uv":[4,10,5,11],"rotation":90,"texture":"#3"},"south":{"uv":[8,8.01,10,8.51],"rotation":90,"texture":"#3"}}},{"from":[9.5178,13.03292,7.16],"to":[9.8538,13.36708,8.84],"rotation":{"angle":22.5,"axis":"x","origin":[10.3578,13.2,8]},"faces":{"north":{"uv":[3,8,5,9],"rotation":270,"texture":"#3"},"east":{"uv":[4,10,5,11],"rotation":90,"texture":"#3"},"south":{"uv":[8,8.01,10,8.51],"rotation":90,"texture":"#3"}}},{"from":[9.5178,15.00792,7.16],"to":[9.8538,15.34208,8.84],"rotation":{"angle":22.5,"axis":"x","origin":[10.3578,15.175,8]},"faces":{"north":{"uv":[3,8,5,9],"rotation":270,"texture":"#3"},"east":{"uv":[4,10,5,11],"rotation":90,"texture":"#3"},"south":{"uv":[8,8.01,10,8.51],"rotation":90,"texture":"#3"}}},{"from":[9.5178,11.03292,7.16],"to":[9.8538,11.36708,8.84],"rotation":{"angle":0,"axis":"y","origin":[7.925,5.04,8]},"faces":{"north":{"uv":[7,8,9,9],"rotation":90,"texture":"#3"},"east":{"uv":[4,10,5,11],"rotation":270,"texture":"#3"},"south":{"uv":[7,8.01,9,8.51],"rotation":90,"texture":"#3"}}},{"from":[9.5178,13.03292,7.16],"to":[9.8538,13.36708,8.84],"rotation":{"angle":0,"axis":"y","origin":[7.925,7.04,8]},"faces":{"north":{"uv":[7,8,9,9],"rotation":90,"texture":"#3"},"east":{"uv":[4,10,5,11],"rotation":270,"texture":"#3"},"south":{"uv":[7,8.01,9,8.51],"rotation":90,"texture":"#3"}}},{"from":[9.5178,15.00792,7.16],"to":[9.8538,15.34208,8.84],"rotation":{"angle":0,"axis":"y","origin":[7.925,9.015,8]},"faces":{"north":{"uv":[7,8,9,9],"rotation":90,"texture":"#3"},"east":{"uv":[4,10,5,11],"rotation":270,"texture":"#3"},"south":{"uv":[7,8.01,9,8.51],"rotation":90,"texture":"#3"}}},{"from":[9.7788,10.416,7.84405],"to":[10.0588,11.984,8.15595],"rotation":{"angle":0,"axis":"y","origin":[7.85,5.04,8]},"faces":{"east":{"uv":[4,10,5,11],"texture":"#3"},"up":{"uv":[6,9,8,10],"rotation":270,"texture":"#3"},"down":{"uv":[11,8,12,9],"rotation":270,"texture":"#3"}}},{"from":[9.7788,12.416,7.84405],"to":[10.0588,13.984,8.15595],"rotation":{"angle":0,"axis":"y","origin":[7.85,7.04,8]},"faces":{"east":{"uv":[4,10,5,11],"texture":"#3"},"up":{"uv":[6,9,8,10],"rotation":270,"texture":"#3"},"down":{"uv":[11,8,12,9],"rotation":270,"texture":"#3"}}},{"from":[9.7788,14.391,7.84405],"to":[10.0588,15.959,8.15595],"rotation":{"angle":0,"axis":"y","origin":[7.85,9.015,8]},"faces":{"east":{"uv":[4,10,5,11],"texture":"#3"},"up":{"uv":[6,9,8,10],"rotation":270,"texture":"#3"},"down":{"uv":[11,8,12,9],"rotation":270,"texture":"#3"}}},{"from":[9.7788,10.416,7.84405],"to":[10.0588,11.984,8.15595],"rotation":{"angle":-22.5,"axis":"x","origin":[10.7308,11.2,8]},"faces":{"east":{"uv":[4,10,5,11],"texture":"#3"},"up":{"uv":[9,9.01,10,11.01],"rotation":180,"texture":"#3"},"down":{"uv":[10,8.01,12,8.51],"rotation":90,"texture":"#3"}}},{"from":[9.7788,12.416,7.84405],"to":[10.0588,13.984,8.15595],"rotation":{"angle":-22.5,"axis":"x","origin":[10.7308,13.2,8]},"faces":{"east":{"uv":[4,10,5,11],"texture":"#3"},"up":{"uv":[9,9.01,10,11.01],"rotation":180,"texture":"#3"},"down":{"uv":[10,8.01,12,8.51],"rotation":90,"texture":"#3"}}},{"from":[9.7788,14.391,7.84405],"to":[10.0588,15.959,8.15595],"rotation":{"angle":-22.5,"axis":"x","origin":[10.7308,15.175,8]},"faces":{"east":{"uv":[4,10,5,11],"texture":"#3"},"up":{"uv":[9,9.01,10,11.01],"rotation":180,"texture":"#3"},"down":{"uv":[10,8.01,12,8.51],"rotation":90,"texture":"#3"}}},{"from":[9.7788,10.416,7.84405],"to":[10.0588,11.984,8.15595],"rotation":{"angle":22.5,"axis":"x","origin":[10.7308,11.2,8]},"faces":{"east":{"uv":[4,10,5,11],"texture":"#3"},"up":{"uv":[9,10,11,11],"rotation":270,"texture":"#3"},"down":{"uv":[10,8,12,9],"rotation":270,"texture":"#3"}}},{"from":[9.7788,12.416,7.84405],"to":[10.0588,13.984,8.15595],"rotation":{"angle":22.5,"axis":"x","origin":[10.7308,13.2,8]},"faces":{"east":{"uv":[4,10,5,11],"texture":"#3"},"up":{"uv":[9,10,11,11],"rotation":270,"texture":"#3"},"down":{"uv":[10,8,12,9],"rotation":270,"texture":"#3"}}},{"from":[9.7788,14.391,7.84405],"to":[10.0588,15.959,8.15595],"rotation":{"angle":22.5,"axis":"x","origin":[10.7308,15.175,8]},"faces":{"east":{"uv":[4,10,5,11],"texture":"#3"},"up":{"uv":[9,10,11,11],"rotation":270,"texture":"#3"},"down":{"uv":[10,8,12,9],"rotation":270,"texture":"#3"}}},{"from":[9.7788,10.416,7.84405],"to":[10.0588,11.984,8.15595],"rotation":{"angle":-45,"axis":"x","origin":[10.7308,11.2,8]},"faces":{"east":{"uv":[4,10,5,11],"texture":"#3"},"up":{"uv":[11,10,13,11],"rotation":270,"texture":"#3"},"down":{"uv":[9,8.01,11,8.51],"rotation":90,"texture":"#3"}}},{"from":[9.7788,12.416,7.84405],"to":[10.0588,13.984,8.15595],"rotation":{"angle":-45,"axis":"x","origin":[10.7308,13.2,8]},"faces":{"east":{"uv":[4,10,5,11],"texture":"#3"},"up":{"uv":[11,10,13,11],"rotation":270,"texture":"#3"},"down":{"uv":[9,8.01,11,8.51],"rotation":90,"texture":"#3"}}},{"from":[9.7788,14.391,7.84405],"to":[10.0588,15.959,8.15595],"rotation":{"angle":-45,"axis":"x","origin":[10.7308,15.175,8]},"faces":{"east":{"uv":[4,10,5,11],"texture":"#3"},"up":{"uv":[11,10,13,11],"rotation":270,"texture":"#3"},"down":{"uv":[9,8.01,11,8.51],"rotation":90,"texture":"#3"}}},{"from":[9.7788,11.04405,7.216],"to":[10.0588,11.35595,8.784],"rotation":{"angle":22.5,"axis":"x","origin":[10.7308,11.2,8]},"faces":{"north":{"uv":[3,8,5,9],"rotation":270,"texture":"#3"},"east":{"uv":[4,10,5,11],"rotation":90,"texture":"#3"},"south":{"uv":[8,8.01,10,8.51],"rotation":90,"texture":"#3"}}},{"from":[9.7788,13.04405,7.216],"to":[10.0588,13.35595,8.784],"rotation":{"angle":22.5,"axis":"x","origin":[10.7308,13.2,8]},"faces":{"north":{"uv":[3,8,5,9],"rotation":270,"texture":"#3"},"east":{"uv":[4,10,5,11],"rotation":90,"texture":"#3"},"south":{"uv":[8,8.01,10,8.51],"rotation":90,"texture":"#3"}}},{"from":[9.7788,15.01905,7.216],"to":[10.0588,15.33095,8.784],"rotation":{"angle":22.5,"axis":"x","origin":[10.7308,15.175,8]},"faces":{"north":{"uv":[3,8,5,9],"rotation":270,"texture":"#3"},"east":{"uv":[4,10,5,11],"rotation":90,"texture":"#3"},"south":{"uv":[8,8.01,10,8.51],"rotation":90,"texture":"#3"}}},{"from":[9.7788,10.416,7.84405],"to":[10.0588,11.984,8.15595],"rotation":{"angle":45,"axis":"x","origin":[10.7308,11.2,8]},"faces":{"east":{"uv":[4,10,5,11],"texture":"#3"},"up":{"uv":[10,10,11,12],"texture":"#3"},"down":{"uv":[9,8,11,9],"rotation":270,"texture":"#3"}}},{"from":[9.7788,12.416,7.84405],"to":[10.0588,13.984,8.15595],"rotation":{"angle":45,"axis":"x","origin":[10.7308,13.2,8]},"faces":{"east":{"uv":[4,10,5,11],"texture":"#3"},"up":{"uv":[10,10,11,12],"texture":"#3"},"down":{"uv":[9,8,11,9],"rotation":270,"texture":"#3"}}},{"from":[9.7788,14.391,7.84405],"to":[10.0588,15.959,8.15595],"rotation":{"angle":45,"axis":"x","origin":[10.7308,15.175,8]},"faces":{"east":{"uv":[4,10,5,11],"texture":"#3"},"up":{"uv":[10,10,11,12],"texture":"#3"},"down":{"uv":[9,8,11,9],"rotation":270,"texture":"#3"}}},{"from":[9.7788,11.04405,7.216],"to":[10.0588,11.35595,8.784],"rotation":{"angle":-22.5,"axis":"x","origin":[10.7308,11.2,8]},"faces":{"north":{"uv":[8,8,10,9],"rotation":90,"texture":"#3"},"east":{"uv":[4,10,5,11],"rotation":270,"texture":"#3"},"south":{"uv":[3,8,4.9,9],"rotation":270,"texture":"#3"}}},{"from":[9.7788,13.04405,7.216],"to":[10.0588,13.35595,8.784],"rotation":{"angle":-22.5,"axis":"x","origin":[10.7308,13.2,8]},"faces":{"north":{"uv":[8,8,10,9],"rotation":90,"texture":"#3"},"east":{"uv":[4,10,5,11],"rotation":270,"texture":"#3"},"south":{"uv":[3,8,4.9,9],"rotation":270,"texture":"#3"}}},{"from":[9.7788,15.01905,7.216],"to":[10.0588,15.33095,8.784],"rotation":{"angle":-22.5,"axis":"x","origin":[10.7308,15.175,8]},"faces":{"north":{"uv":[8,8,10,9],"rotation":90,"texture":"#3"},"east":{"uv":[4,10,5,11],"rotation":270,"texture":"#3"},"south":{"uv":[3,8,4.9,9],"rotation":270,"texture":"#3"}}},{"from":[9.7788,11.04405,7.216],"to":[10.0588,11.35595,8.784],"rotation":{"angle":0,"axis":"y","origin":[7.85,5.04,8]},"faces":{"north":{"uv":[7,8,9,9],"rotation":90,"texture":"#3"},"east":{"uv":[4,10,5,11],"rotation":270,"texture":"#3"},"south":{"uv":[7,8.01,9,8.51],"rotation":90,"texture":"#3"}}},{"from":[9.7788,13.04405,7.216],"to":[10.0588,13.35595,8.784],"rotation":{"angle":0,"axis":"y","origin":[7.85,7.04,8]},"faces":{"north":{"uv":[7,8,9,9],"rotation":90,"texture":"#3"},"east":{"uv":[4,10,5,11],"rotation":270,"texture":"#3"},"south":{"uv":[7,8.01,9,8.51],"rotation":90,"texture":"#3"}}},{"from":[9.7788,15.01905,7.216],"to":[10.0588,15.33095,8.784],"rotation":{"angle":0,"axis":"y","origin":[7.85,9.015,8]},"faces":{"north":{"uv":[7,8,9,9],"rotation":90,"texture":"#3"},"east":{"uv":[4,10,5,11],"rotation":270,"texture":"#3"},"south":{"uv":[7,8.01,9,8.51],"rotation":90,"texture":"#3"}}},{"from":[10.0088,10.472,7.8552],"to":[10.1768,11.928,8.1448],"rotation":{"angle":0,"axis":"y","origin":[7.8,5.04,8]},"faces":{"east":{"uv":[4,10,5,11],"texture":"#3"},"up":{"uv":[6,9,8,10],"rotation":270,"texture":"#3"},"down":{"uv":[11,8,12,9],"rotation":270,"texture":"#3"}}},{"from":[10.0088,12.472,7.8552],"to":[10.1768,13.928,8.1448],"rotation":{"angle":0,"axis":"y","origin":[7.8,7.04,8]},"faces":{"east":{"uv":[4,10,5,11],"texture":"#3"},"up":{"uv":[6,9,8,10],"rotation":270,"texture":"#3"},"down":{"uv":[11,8,12,9],"rotation":270,"texture":"#3"}}},{"from":[10.0088,14.447,7.8552],"to":[10.1768,15.903,8.1448],"rotation":{"angle":0,"axis":"y","origin":[7.8,9.015,8]},"faces":{"east":{"uv":[4,10,5,11],"texture":"#3"},"up":{"uv":[6,9,8,10],"rotation":270,"texture":"#3"},"down":{"uv":[11,8,12,9],"rotation":270,"texture":"#3"}}},{"from":[10.0088,10.472,7.8552],"to":[10.1768,11.928,8.1448],"rotation":{"angle":22.5,"axis":"x","origin":[10.1488,11.2,8]},"faces":{"east":{"uv":[4,10,5,11],"texture":"#3"},"up":{"uv":[9,10,11,11],"rotation":270,"texture":"#3"},"down":{"uv":[10,8,12,9],"rotation":270,"texture":"#3"}}},{"from":[10.0088,12.472,7.8552],"to":[10.1768,13.928,8.1448],"rotation":{"angle":22.5,"axis":"x","origin":[10.1488,13.2,8]},"faces":{"east":{"uv":[4,10,5,11],"texture":"#3"},"up":{"uv":[9,10,11,11],"rotation":270,"texture":"#3"},"down":{"uv":[10,8,12,9],"rotation":270,"texture":"#3"}}},{"from":[10.0088,14.447,7.8552],"to":[10.1768,15.903,8.1448],"rotation":{"angle":22.5,"axis":"x","origin":[10.1488,15.175,8]},"faces":{"east":{"uv":[4,10,5,11],"texture":"#3"},"up":{"uv":[9,10,11,11],"rotation":270,"texture":"#3"},"down":{"uv":[10,8,12,9],"rotation":270,"texture":"#3"}}},{"from":[10.0088,10.472,7.8552],"to":[10.1768,11.928,8.1448],"rotation":{"angle":-22.5,"axis":"x","origin":[10.1488,11.2,8]},"faces":{"east":{"uv":[4,10,5,11],"texture":"#3"},"up":{"uv":[9,9.01,10,11.01],"rotation":180,"texture":"#3"},"down":{"uv":[10,8.01,12,8.51],"rotation":90,"texture":"#3"}}},{"from":[10.0088,12.472,7.8552],"to":[10.1768,13.928,8.1448],"rotation":{"angle":-22.5,"axis":"x","origin":[10.1488,13.2,8]},"faces":{"east":{"uv":[4,10,5,11],"texture":"#3"},"up":{"uv":[9,9.01,10,11.01],"rotation":180,"texture":"#3"},"down":{"uv":[10,8.01,12,8.51],"rotation":90,"texture":"#3"}}},{"from":[10.0088,14.447,7.8552],"to":[10.1768,15.903,8.1448],"rotation":{"angle":-22.5,"axis":"x","origin":[10.1488,15.175,8]},"faces":{"east":{"uv":[4,10,5,11],"texture":"#3"},"up":{"uv":[9,9.01,10,11.01],"rotation":180,"texture":"#3"},"down":{"uv":[10,8.01,12,8.51],"rotation":90,"texture":"#3"}}},{"from":[10.0088,10.472,7.8552],"to":[10.1768,11.928,8.1448],"rotation":{"angle":45,"axis":"x","origin":[10.1488,11.2,8]},"faces":{"east":{"uv":[4,10,5,11],"texture":"#3"},"up":{"uv":[10,10,11,12],"texture":"#3"},"down":{"uv":[9,8,11,9],"rotation":270,"texture":"#3"}}},{"from":[10.0088,12.472,7.8552],"to":[10.1768,13.928,8.1448],"rotation":{"angle":45,"axis":"x","origin":[10.1488,13.2,8]},"faces":{"east":{"uv":[4,10,5,11],"texture":"#3"},"up":{"uv":[10,10,11,12],"texture":"#3"},"down":{"uv":[9,8,11,9],"rotation":270,"texture":"#3"}}},{"from":[10.0088,14.447,7.8552],"to":[10.1768,15.903,8.1448],"rotation":{"angle":45,"axis":"x","origin":[10.1488,15.175,8]},"faces":{"east":{"uv":[4,10,5,11],"texture":"#3"},"up":{"uv":[10,10,11,12],"texture":"#3"},"down":{"uv":[9,8,11,9],"rotation":270,"texture":"#3"}}},{"from":[10.0088,10.472,7.8552],"to":[10.1768,11.928,8.1448],"rotation":{"angle":-45,"axis":"x","origin":[10.1488,11.2,8]},"faces":{"east":{"uv":[4,10,5,11],"texture":"#3"},"up":{"uv":[11,10,13,11],"rotation":270,"texture":"#3"},"down":{"uv":[9,8.01,11,8.51],"rotation":90,"texture":"#3"}}},{"from":[10.0088,12.472,7.8552],"to":[10.1768,13.928,8.1448],"rotation":{"angle":-45,"axis":"x","origin":[10.1488,13.2,8]},"faces":{"east":{"uv":[4,10,5,11],"texture":"#3"},"up":{"uv":[11,10,13,11],"rotation":270,"texture":"#3"},"down":{"uv":[9,8.01,11,8.51],"rotation":90,"texture":"#3"}}},{"from":[10.0088,14.447,7.8552],"to":[10.1768,15.903,8.1448],"rotation":{"angle":-45,"axis":"x","origin":[10.1488,15.175,8]},"faces":{"east":{"uv":[4,10,5,11],"texture":"#3"},"up":{"uv":[11,10,13,11],"rotation":270,"texture":"#3"},"down":{"uv":[9,8.01,11,8.51],"rotation":90,"texture":"#3"}}},{"from":[10.0088,11.0552,7.272],"to":[10.1768,11.3448,8.728],"rotation":{"angle":-22.5,"axis":"x","origin":[10.1488,11.2,8]},"faces":{"north":{"uv":[8,8,10,9],"rotation":90,"texture":"#3"},"east":{"uv":[4,10,5,11],"rotation":270,"texture":"#3"},"south":{"uv":[3,8,4.9,9],"rotation":270,"texture":"#3"}}},{"from":[10.0088,13.0552,7.272],"to":[10.1768,13.3448,8.728],"rotation":{"angle":-22.5,"axis":"x","origin":[10.1488,13.2,8]},"faces":{"north":{"uv":[8,8,10,9],"rotation":90,"texture":"#3"},"east":{"uv":[4,10,5,11],"rotation":270,"texture":"#3"},"south":{"uv":[3,8,4.9,9],"rotation":270,"texture":"#3"}}},{"from":[10.0088,15.0302,7.272],"to":[10.1768,15.3198,8.728],"rotation":{"angle":-22.5,"axis":"x","origin":[10.1488,15.175,8]},"faces":{"north":{"uv":[8,8,10,9],"rotation":90,"texture":"#3"},"east":{"uv":[4,10,5,11],"rotation":270,"texture":"#3"},"south":{"uv":[3,8,4.9,9],"rotation":270,"texture":"#3"}}},{"from":[10.0088,11.0552,7.272],"to":[10.1768,11.3448,8.728],"rotation":{"angle":22.5,"axis":"x","origin":[10.1488,11.2,8]},"faces":{"north":{"uv":[3,8,5,9],"rotation":270,"texture":"#3"},"east":{"uv":[4,10,5,11],"rotation":90,"texture":"#3"},"south":{"uv":[8,8.01,10,8.51],"rotation":90,"texture":"#3"}}},{"from":[10.0088,13.0552,7.272],"to":[10.1768,13.3448,8.728],"rotation":{"angle":22.5,"axis":"x","origin":[10.1488,13.2,8]},"faces":{"north":{"uv":[3,8,5,9],"rotation":270,"texture":"#3"},"east":{"uv":[4,10,5,11],"rotation":90,"texture":"#3"},"south":{"uv":[8,8.01,10,8.51],"rotation":90,"texture":"#3"}}},{"from":[10.0088,15.0302,7.272],"to":[10.1768,15.3198,8.728],"rotation":{"angle":22.5,"axis":"x","origin":[10.1488,15.175,8]},"faces":{"north":{"uv":[3,8,5,9],"rotation":270,"texture":"#3"},"east":{"uv":[4,10,5,11],"rotation":90,"texture":"#3"},"south":{"uv":[8,8.01,10,8.51],"rotation":90,"texture":"#3"}}},{"from":[10.0088,11.0552,7.272],"to":[10.1768,11.3448,8.728],"rotation":{"angle":0,"axis":"y","origin":[7.8,5.04,8]},"faces":{"north":{"uv":[7,8,9,9],"rotation":90,"texture":"#3"},"east":{"uv":[4,10,5,11],"rotation":270,"texture":"#3"},"south":{"uv":[7,8.01,9,8.51],"rotation":90,"texture":"#3"}}},{"from":[10.0088,13.0552,7.272],"to":[10.1768,13.3448,8.728],"rotation":{"angle":0,"axis":"y","origin":[7.8,7.04,8]},"faces":{"north":{"uv":[7,8,9,9],"rotation":90,"texture":"#3"},"east":{"uv":[4,10,5,11],"rotation":270,"texture":"#3"},"south":{"uv":[7,8.01,9,8.51],"rotation":90,"texture":"#3"}}},{"from":[10.0088,15.0302,7.272],"to":[10.1768,15.3198,8.728],"rotation":{"angle":0,"axis":"y","origin":[7.8,9.015,8]},"faces":{"north":{"uv":[7,8,9,9],"rotation":90,"texture":"#3"},"east":{"uv":[4,10,5,11],"rotation":270,"texture":"#3"},"south":{"uv":[7,8.01,9,8.51],"rotation":90,"texture":"#3"}}},{"from":[10.1768,11.312,7.776],"to":[10.6808,11.872,8.224],"rotation":{"angle":-45,"axis":"z","origin":[10.1768,11.872,7.90967]},"faces":{"north":{"uv":[9,9,10,12],"texture":"#3"},"east":{"uv":[8,3,9,4],"texture":"#3"},"south":{"uv":[9,9,10,12],"texture":"#3"},"up":{"uv":[8,9.5,13,10],"rotation":270,"texture":"#3"}}},{"from":[10.1768,13.312,7.776],"to":[10.6808,13.872,8.224],"rotation":{"angle":-45,"axis":"z","origin":[10.1768,13.872,7.90967]},"faces":{"north":{"uv":[9,9,10,12],"texture":"#3"},"east":{"uv":[8,3,9,4],"texture":"#3"},"south":{"uv":[9,9,10,12],"texture":"#3"},"up":{"uv":[8,9.5,13,10],"rotation":270,"texture":"#3"}}},{"from":[10.1768,15.287,7.776],"to":[10.6808,15.847,8.224],"rotation":{"angle":-45,"axis":"z","origin":[10.1768,15.847,7.90967]},"faces":{"north":{"uv":[9,9,10,12],"texture":"#3"},"east":{"uv":[8,3,9,4],"texture":"#3"},"south":{"uv":[9,9,10,12],"texture":"#3"},"up":{"uv":[8,9.5,13,10],"rotation":270,"texture":"#3"}}},{"from":[10.1768,10.528,7.776],"to":[10.6808,11.088,8.224],"rotation":{"angle":45,"axis":"z","origin":[10.1768,10.528,7.90967]},"faces":{"north":{"uv":[8,8,11,9],"rotation":90,"texture":"#3"},"east":{"uv":[5,11,4,10],"texture":"#3"},"south":{"uv":[9,8,12,9],"rotation":90,"texture":"#3"},"down":{"uv":[9,1.5,13,2],"rotation":270,"texture":"#3"}}},{"from":[10.1768,12.528,7.776],"to":[10.6808,13.088,8.224],"rotation":{"angle":45,"axis":"z","origin":[10.1768,12.528,7.90967]},"faces":{"north":{"uv":[8,8,11,9],"rotation":90,"texture":"#3"},"east":{"uv":[5,11,4,10],"texture":"#3"},"south":{"uv":[9,8,12,9],"rotation":90,"texture":"#3"},"down":{"uv":[9,1.5,13,2],"rotation":270,"texture":"#3"}}},{"from":[10.1768,14.503,7.776],"to":[10.6808,15.063,8.224],"rotation":{"angle":45,"axis":"z","origin":[10.1768,14.503,7.90967]},"faces":{"north":{"uv":[8,8,11,9],"rotation":90,"texture":"#3"},"east":{"uv":[5,11,4,10],"texture":"#3"},"south":{"uv":[9,8,12,9],"rotation":90,"texture":"#3"},"down":{"uv":[9,1.5,13,2],"rotation":270,"texture":"#3"}}},{"from":[10.1768,10.976,8.056],"to":[10.6808,11.424,8.672],"rotation":{"angle":45,"axis":"y","origin":[10.1768,11.2,8.672]},"faces":{"east":{"uv":[11,6,12,7],"rotation":270,"texture":"#3"},"south":{"uv":[7,8,10,9],"rotation":90,"texture":"#3"},"up":{"uv":[5,11,6,12],"rotation":180,"texture":"#3"},"down":{"uv":[5,11,6,12],"texture":"#3"}}},{"from":[10.1768,12.976,8.056],"to":[10.6808,13.424,8.672],"rotation":{"angle":45,"axis":"y","origin":[10.1768,13.2,8.672]},"faces":{"east":{"uv":[11,6,12,7],"rotation":270,"texture":"#3"},"south":{"uv":[7,8,10,9],"rotation":90,"texture":"#3"},"up":{"uv":[5,11,6,12],"rotation":180,"texture":"#3"},"down":{"uv":[5,11,6,12],"texture":"#3"}}},{"from":[10.1768,14.951,8.056],"to":[10.6808,15.399,8.672],"rotation":{"angle":45,"axis":"y","origin":[10.1768,15.175,8.672]},"faces":{"east":{"uv":[11,6,12,7],"rotation":270,"texture":"#3"},"south":{"uv":[7,8,10,9],"rotation":90,"texture":"#3"},"up":{"uv":[5,11,6,12],"rotation":180,"texture":"#3"},"down":{"uv":[5,11,6,12],"texture":"#3"}}},{"from":[10.1768,10.976,7.328],"to":[10.6808,11.424,7.944],"rotation":{"angle":-45,"axis":"y","origin":[10.1768,11.2,7.328]},"faces":{"north":{"uv":[7,9,10,8],"rotation":90,"texture":"#3"},"east":{"uv":[11,6,12,5],"rotation":270,"texture":"#3"},"up":{"uv":[5,11,6,12],"rotation":180,"texture":"#3"},"down":{"uv":[5,11,6,12],"texture":"#3"}}},{"from":[10.1768,12.976,7.328],"to":[10.6808,13.424,7.944],"rotation":{"angle":-45,"axis":"y","origin":[10.1768,13.2,7.328]},"faces":{"north":{"uv":[7,9,10,8],"rotation":90,"texture":"#3"},"east":{"uv":[11,6,12,5],"rotation":270,"texture":"#3"},"up":{"uv":[5,11,6,12],"rotation":180,"texture":"#3"},"down":{"uv":[5,11,6,12],"texture":"#3"}}},{"from":[10.1768,14.951,7.328],"to":[10.6808,15.399,7.944],"rotation":{"angle":-45,"axis":"y","origin":[10.1768,15.175,7.328]},"faces":{"north":{"uv":[7,9,10,8],"rotation":90,"texture":"#3"},"east":{"uv":[11,6,12,5],"rotation":270,"texture":"#3"},"up":{"uv":[5,11,6,12],"rotation":180,"texture":"#3"},"down":{"uv":[5,11,6,12],"texture":"#3"}}},{"from":[3.58457,10.22,7.80506],"to":[3.75268,12.18,8.19494],"rotation":{"angle":22.5,"axis":"x","origin":[3.72474,11.2,8]},"faces":{"east":{"uv":[15,14,16,15],"rotation":270,"texture":"#2"},"west":{"uv":[2,0,3,16],"rotation":180,"texture":"#2"},"up":{"uv":[1,2,2,3],"rotation":270,"texture":"#2"},"down":{"uv":[0,0,1,1],"rotation":270,"texture":"#2"}}},{"from":[3.58457,12.22,7.80506],"to":[3.75268,14.18,8.19494],"rotation":{"angle":22.5,"axis":"x","origin":[3.72474,13.2,8]},"faces":{"east":{"uv":[15,14,16,15],"rotation":270,"texture":"#2"},"west":{"uv":[2,0,3,16],"rotation":180,"texture":"#2"},"up":{"uv":[1,2,2,3],"rotation":270,"texture":"#2"},"down":{"uv":[0,0,1,1],"rotation":270,"texture":"#2"}}},{"from":[3.58457,14.195,7.80506],"to":[3.75268,16.155,8.19494],"rotation":{"angle":22.5,"axis":"x","origin":[3.72474,15.175,8]},"faces":{"east":{"uv":[15,14,16,15],"rotation":270,"texture":"#2"},"west":{"uv":[2,0,3,16],"rotation":180,"texture":"#2"},"up":{"uv":[1,2,2,3],"rotation":270,"texture":"#2"},"down":{"uv":[0,0,1,1],"rotation":270,"texture":"#2"}}},{"from":[3.58457,10.22,7.80506],"to":[3.75268,12.18,8.19494],"rotation":{"angle":-22.5,"axis":"x","origin":[3.72474,11.2,8]},"faces":{"east":{"uv":[15,14,16,15],"rotation":270,"texture":"#2"},"west":{"uv":[2,0,3,16],"rotation":180,"texture":"#2"},"up":{"uv":[1,2,2,3],"rotation":270,"texture":"#2"},"down":{"uv":[0,0,1,1],"rotation":270,"texture":"#2"}}},{"from":[3.58457,12.22,7.80506],"to":[3.75268,14.18,8.19494],"rotation":{"angle":-22.5,"axis":"x","origin":[3.72474,13.2,8]},"faces":{"east":{"uv":[15,14,16,15],"rotation":270,"texture":"#2"},"west":{"uv":[2,0,3,16],"rotation":180,"texture":"#2"},"up":{"uv":[1,2,2,3],"rotation":270,"texture":"#2"},"down":{"uv":[0,0,1,1],"rotation":270,"texture":"#2"}}},{"from":[3.58457,14.195,7.80506],"to":[3.75268,16.155,8.19494],"rotation":{"angle":-22.5,"axis":"x","origin":[3.72474,15.175,8]},"faces":{"east":{"uv":[15,14,16,15],"rotation":270,"texture":"#2"},"west":{"uv":[2,0,3,16],"rotation":180,"texture":"#2"},"up":{"uv":[1,2,2,3],"rotation":270,"texture":"#2"},"down":{"uv":[0,0,1,1],"rotation":270,"texture":"#2"}}},{"from":[3.58468,10.22,7.80506],"to":[3.7528,12.18,8.19494],"rotation":{"angle":45,"axis":"x","origin":[3.72474,11.2,8]},"faces":{"east":{"uv":[15,14,16,15],"rotation":270,"texture":"#2"},"west":{"uv":[2,0,3,16],"rotation":180,"texture":"#2"},"up":{"uv":[1,2,2,3],"rotation":270,"texture":"#2"},"down":{"uv":[0,0,1,1],"rotation":270,"texture":"#2"}}},{"from":[3.58468,12.22,7.80506],"to":[3.7528,14.18,8.19494],"rotation":{"angle":45,"axis":"x","origin":[3.72474,13.2,8]},"faces":{"east":{"uv":[15,14,16,15],"rotation":270,"texture":"#2"},"west":{"uv":[2,0,3,16],"rotation":180,"texture":"#2"},"up":{"uv":[1,2,2,3],"rotation":270,"texture":"#2"},"down":{"uv":[0,0,1,1],"rotation":270,"texture":"#2"}}},{"from":[3.58468,14.195,7.80506],"to":[3.7528,16.155,8.19494],"rotation":{"angle":45,"axis":"x","origin":[3.72474,15.175,8]},"faces":{"east":{"uv":[15,14,16,15],"rotation":270,"texture":"#2"},"west":{"uv":[2,0,3,16],"rotation":180,"texture":"#2"},"up":{"uv":[1,2,2,3],"rotation":270,"texture":"#2"},"down":{"uv":[0,0,1,1],"rotation":270,"texture":"#2"}}},{"from":[3.58468,10.22,7.80506],"to":[3.7528,12.18,8.19494],"rotation":{"angle":-45,"axis":"x","origin":[3.72474,11.2,8]},"faces":{"east":{"uv":[15,14,16,15],"rotation":270,"texture":"#2"},"west":{"uv":[2,0,3,16],"rotation":180,"texture":"#2"},"up":{"uv":[1,2,2,3],"rotation":270,"texture":"#2"},"down":{"uv":[0,0,1,1],"rotation":270,"texture":"#2"}}},{"from":[3.58468,12.22,7.80506],"to":[3.7528,14.18,8.19494],"rotation":{"angle":-45,"axis":"x","origin":[3.72474,13.2,8]},"faces":{"east":{"uv":[15,14,16,15],"rotation":270,"texture":"#2"},"west":{"uv":[2,0,3,16],"rotation":180,"texture":"#2"},"up":{"uv":[1,2,2,3],"rotation":270,"texture":"#2"},"down":{"uv":[0,0,1,1],"rotation":270,"texture":"#2"}}},{"from":[3.58468,14.195,7.80506],"to":[3.7528,16.155,8.19494],"rotation":{"angle":-45,"axis":"x","origin":[3.72474,15.175,8]},"faces":{"east":{"uv":[15,14,16,15],"rotation":270,"texture":"#2"},"west":{"uv":[2,0,3,16],"rotation":180,"texture":"#2"},"up":{"uv":[1,2,2,3],"rotation":270,"texture":"#2"},"down":{"uv":[0,0,1,1],"rotation":270,"texture":"#2"}}},{"from":[3.58468,11.00506,7.02],"to":[3.7528,11.39494,8.98],"rotation":{"angle":-22.5,"axis":"x","origin":[3.72474,11.2,8]},"faces":{"north":{"uv":[0,0,1,1],"rotation":90,"texture":"#2"},"east":{"uv":[15,14,16,15],"rotation":180,"texture":"#2"},"south":{"uv":[1,2,2,3],"rotation":270,"texture":"#2"},"west":{"uv":[2,0,3,16],"rotation":270,"texture":"#2"}}},{"from":[3.58468,13.00506,7.02],"to":[3.7528,13.39494,8.98],"rotation":{"angle":-22.5,"axis":"x","origin":[3.72474,13.2,8]},"faces":{"north":{"uv":[0,0,1,1],"rotation":90,"texture":"#2"},"east":{"uv":[15,14,16,15],"rotation":180,"texture":"#2"},"south":{"uv":[1,2,2,3],"rotation":270,"texture":"#2"},"west":{"uv":[2,0,3,16],"rotation":270,"texture":"#2"}}},{"from":[3.58468,14.98006,7.02],"to":[3.7528,15.36994,8.98],"rotation":{"angle":-22.5,"axis":"x","origin":[3.72474,15.175,8]},"faces":{"north":{"uv":[0,0,1,1],"rotation":90,"texture":"#2"},"east":{"uv":[15,14,16,15],"rotation":180,"texture":"#2"},"south":{"uv":[1,2,2,3],"rotation":270,"texture":"#2"},"west":{"uv":[2,0,3,16],"rotation":270,"texture":"#2"}}},{"from":[3.58468,11.00506,7.02],"to":[3.7528,11.39494,8.98],"rotation":{"angle":22.5,"axis":"x","origin":[3.72474,11.2,8]},"faces":{"north":{"uv":[1,2,2,3],"rotation":90,"texture":"#2"},"east":{"uv":[15,14,16,15],"texture":"#2"},"south":{"uv":[0,0,1,1],"rotation":270,"texture":"#2"},"west":{"uv":[2,0,3,16],"rotation":90,"texture":"#2"}}},{"from":[3.58468,13.00506,7.02],"to":[3.7528,13.39494,8.98],"rotation":{"angle":22.5,"axis":"x","origin":[3.72474,13.2,8]},"faces":{"north":{"uv":[1,2,2,3],"rotation":90,"texture":"#2"},"east":{"uv":[15,14,16,15],"texture":"#2"},"south":{"uv":[0,0,1,1],"rotation":270,"texture":"#2"},"west":{"uv":[2,0,3,16],"rotation":90,"texture":"#2"}}},{"from":[3.58468,14.98006,7.02],"to":[3.7528,15.36994,8.98],"rotation":{"angle":22.5,"axis":"x","origin":[3.72474,15.175,8]},"faces":{"north":{"uv":[1,2,2,3],"rotation":90,"texture":"#2"},"east":{"uv":[15,14,16,15],"texture":"#2"},"south":{"uv":[0,0,1,1],"rotation":270,"texture":"#2"},"west":{"uv":[2,0,3,16],"rotation":90,"texture":"#2"}}},{"from":[3.58457,11.00506,7.02],"to":[3.75268,11.39494,8.98],"rotation":{"angle":0,"axis":"y","origin":[6.5,5.04,8]},"faces":{"north":{"uv":[0,0,1,1],"rotation":90,"texture":"#2"},"east":{"uv":[15,14,16,15],"rotation":180,"texture":"#2"},"south":{"uv":[1,2,2,3],"rotation":270,"texture":"#2"},"west":{"uv":[2,0,3,16],"rotation":270,"texture":"#2"}}},{"from":[3.58457,13.00506,7.02],"to":[3.75268,13.39494,8.98],"rotation":{"angle":0,"axis":"y","origin":[6.5,7.04,8]},"faces":{"north":{"uv":[0,0,1,1],"rotation":90,"texture":"#2"},"east":{"uv":[15,14,16,15],"rotation":180,"texture":"#2"},"south":{"uv":[1,2,2,3],"rotation":270,"texture":"#2"},"west":{"uv":[2,0,3,16],"rotation":270,"texture":"#2"}}},{"from":[3.58457,14.98006,7.02],"to":[3.75268,15.36994,8.98],"rotation":{"angle":0,"axis":"y","origin":[6.5,9.015,8]},"faces":{"north":{"uv":[0,0,1,1],"rotation":90,"texture":"#2"},"east":{"uv":[15,14,16,15],"rotation":180,"texture":"#2"},"south":{"uv":[1,2,2,3],"rotation":270,"texture":"#2"},"west":{"uv":[2,0,3,16],"rotation":270,"texture":"#2"}}},{"from":[3.5568,10.752,7.91089],"to":[3.6688,11.648,8.08912],"rotation":{"angle":-22.5,"axis":"x","origin":[3.6128,11.2,8]},"faces":{"west":{"uv":[5,3.01,9,3.02],"rotation":90,"texture":"#3"},"up":{"uv":[0,0,1,1],"rotation":270,"texture":"#3"},"down":{"uv":[0,0,1,1],"rotation":270,"texture":"#3"}}},{"from":[3.5568,12.752,7.91089],"to":[3.6688,13.648,8.08912],"rotation":{"angle":-22.5,"axis":"x","origin":[3.6128,13.2,8]},"faces":{"west":{"uv":[5,3.01,9,3.02],"rotation":90,"texture":"#3"},"up":{"uv":[0,0,1,1],"rotation":270,"texture":"#3"},"down":{"uv":[0,0,1,1],"rotation":270,"texture":"#3"}}},{"from":[3.5568,14.727,7.91089],"to":[3.6688,15.623,8.08912],"rotation":{"angle":-22.5,"axis":"x","origin":[3.6128,15.175,8]},"faces":{"west":{"uv":[5,3.01,9,3.02],"rotation":90,"texture":"#3"},"up":{"uv":[0,0,1,1],"rotation":270,"texture":"#3"},"down":{"uv":[0,0,1,1],"rotation":270,"texture":"#3"}}},{"from":[3.5568,10.752,7.91089],"to":[3.6688,11.648,8.08912],"rotation":{"angle":22.5,"axis":"x","origin":[3.6128,11.2,8]},"faces":{"west":{"uv":[5,3.01,9,3.02],"rotation":90,"texture":"#3"},"up":{"uv":[0,0,1,1],"rotation":270,"texture":"#3"},"down":{"uv":[0,0,1,1],"rotation":270,"texture":"#3"}}},{"from":[3.5568,12.752,7.91089],"to":[3.6688,13.648,8.08912],"rotation":{"angle":22.5,"axis":"x","origin":[3.6128,13.2,8]},"faces":{"west":{"uv":[5,3.01,9,3.02],"rotation":90,"texture":"#3"},"up":{"uv":[0,0,1,1],"rotation":270,"texture":"#3"},"down":{"uv":[0,0,1,1],"rotation":270,"texture":"#3"}}},{"from":[3.5568,14.727,7.91089],"to":[3.6688,15.623,8.08912],"rotation":{"angle":22.5,"axis":"x","origin":[3.6128,15.175,8]},"faces":{"west":{"uv":[5,3.01,9,3.02],"rotation":90,"texture":"#3"},"up":{"uv":[0,0,1,1],"rotation":270,"texture":"#3"},"down":{"uv":[0,0,1,1],"rotation":270,"texture":"#3"}}},{"from":[3.55568,10.752,7.91089],"to":[3.66768,11.648,8.08912],"rotation":{"angle":-45,"axis":"x","origin":[3.6128,11.2,8]},"faces":{"west":{"uv":[5,3.01,9,3.02],"rotation":90,"texture":"#3"},"up":{"uv":[0,0,1,1],"rotation":270,"texture":"#3"},"down":{"uv":[0,0,1,1],"rotation":270,"texture":"#3"}}},{"from":[3.55568,12.752,7.91089],"to":[3.66768,13.648,8.08912],"rotation":{"angle":-45,"axis":"x","origin":[3.6128,13.2,8]},"faces":{"west":{"uv":[5,3.01,9,3.02],"rotation":90,"texture":"#3"},"up":{"uv":[0,0,1,1],"rotation":270,"texture":"#3"},"down":{"uv":[0,0,1,1],"rotation":270,"texture":"#3"}}},{"from":[3.55568,14.727,7.91089],"to":[3.66768,15.623,8.08912],"rotation":{"angle":-45,"axis":"x","origin":[3.6128,15.175,8]},"faces":{"west":{"uv":[5,3.01,9,3.02],"rotation":90,"texture":"#3"},"up":{"uv":[0,0,1,1],"rotation":270,"texture":"#3"},"down":{"uv":[0,0,1,1],"rotation":270,"texture":"#3"}}},{"from":[3.55568,10.752,7.91089],"to":[3.66768,11.648,8.08912],"rotation":{"angle":45,"axis":"x","origin":[3.6128,11.2,8]},"faces":{"west":{"uv":[5,3.01,9,3.02],"rotation":90,"texture":"#3"},"up":{"uv":[0,0,1,1],"rotation":270,"texture":"#3"},"down":{"uv":[0,0,1,1],"rotation":270,"texture":"#3"}}},{"from":[3.55568,12.752,7.91089],"to":[3.66768,13.648,8.08912],"rotation":{"angle":45,"axis":"x","origin":[3.6128,13.2,8]},"faces":{"west":{"uv":[5,3.01,9,3.02],"rotation":90,"texture":"#3"},"up":{"uv":[0,0,1,1],"rotation":270,"texture":"#3"},"down":{"uv":[0,0,1,1],"rotation":270,"texture":"#3"}}},{"from":[3.55568,14.727,7.91089],"to":[3.66768,15.623,8.08912],"rotation":{"angle":45,"axis":"x","origin":[3.6128,15.175,8]},"faces":{"west":{"uv":[5,3.01,9,3.02],"rotation":90,"texture":"#3"},"up":{"uv":[0,0,1,1],"rotation":270,"texture":"#3"},"down":{"uv":[0,0,1,1],"rotation":270,"texture":"#3"}}},{"from":[3.5568,11.11089,7.552],"to":[3.6688,11.28912,8.448],"rotation":{"angle":22.5,"axis":"x","origin":[3.6128,11.2,8]},"faces":{"north":{"uv":[0,0,1,1],"rotation":90,"texture":"#3"},"south":{"uv":[0,0,1,1],"rotation":270,"texture":"#3"},"west":{"uv":[5,3.01,9,3.02],"texture":"#3"}}},{"from":[3.5568,13.11089,7.552],"to":[3.6688,13.28912,8.448],"rotation":{"angle":22.5,"axis":"x","origin":[3.6128,13.2,8]},"faces":{"north":{"uv":[0,0,1,1],"rotation":90,"texture":"#3"},"south":{"uv":[0,0,1,1],"rotation":270,"texture":"#3"},"west":{"uv":[5,3.01,9,3.02],"texture":"#3"}}},{"from":[3.5568,15.08589,7.552],"to":[3.6688,15.26412,8.448],"rotation":{"angle":22.5,"axis":"x","origin":[3.6128,15.175,8]},"faces":{"north":{"uv":[0,0,1,1],"rotation":90,"texture":"#3"},"south":{"uv":[0,0,1,1],"rotation":270,"texture":"#3"},"west":{"uv":[5,3.01,9,3.02],"texture":"#3"}}},{"from":[3.5568,11.11089,7.552],"to":[3.6688,11.28912,8.448],"rotation":{"angle":-22.5,"axis":"x","origin":[3.6128,11.2,8]},"faces":{"north":{"uv":[0,0,1,1],"rotation":90,"texture":"#3"},"south":{"uv":[0,0,1,1],"rotation":270,"texture":"#3"},"west":{"uv":[5,3.01,9,3.02],"rotation":180,"texture":"#3"}}},{"from":[3.5568,13.11089,7.552],"to":[3.6688,13.28912,8.448],"rotation":{"angle":-22.5,"axis":"x","origin":[3.6128,13.2,8]},"faces":{"north":{"uv":[0,0,1,1],"rotation":90,"texture":"#3"},"south":{"uv":[0,0,1,1],"rotation":270,"texture":"#3"},"west":{"uv":[5,3.01,9,3.02],"rotation":180,"texture":"#3"}}},{"from":[3.5568,15.08589,7.552],"to":[3.6688,15.26412,8.448],"rotation":{"angle":-22.5,"axis":"x","origin":[3.6128,15.175,8]},"faces":{"north":{"uv":[0,0,1,1],"rotation":90,"texture":"#3"},"south":{"uv":[0,0,1,1],"rotation":270,"texture":"#3"},"west":{"uv":[5,3.01,9,3.02],"rotation":180,"texture":"#3"}}},{"from":[3.55456,11.11089,7.552],"to":[3.66656,11.28912,8.448],"rotation":{"angle":0,"axis":"y","origin":[6.5,5.04,8]},"faces":{"north":{"uv":[0,0,1,1],"rotation":90,"texture":"#3"},"south":{"uv":[0,0,1,1],"rotation":270,"texture":"#3"},"west":{"uv":[5,3.01,9,3.02],"texture":"#3"}}},{"from":[3.55456,13.11089,7.552],"to":[3.66656,13.28912,8.448],"rotation":{"angle":0,"axis":"y","origin":[6.5,7.04,8]},"faces":{"north":{"uv":[0,0,1,1],"rotation":90,"texture":"#3"},"south":{"uv":[0,0,1,1],"rotation":270,"texture":"#3"},"west":{"uv":[5,3.01,9,3.02],"texture":"#3"}}},{"from":[3.55456,15.08589,7.552],"to":[3.66656,15.26412,8.448],"rotation":{"angle":0,"axis":"y","origin":[6.5,9.015,8]},"faces":{"north":{"uv":[0,0,1,1],"rotation":90,"texture":"#3"},"south":{"uv":[0,0,1,1],"rotation":270,"texture":"#3"},"west":{"uv":[5,3.01,9,3.02],"texture":"#3"}}},{"from":[3.7248,10.332,7.82734],"to":[4.3968,12.068,8.17266],"rotation":{"angle":0,"axis":"y","origin":[6.5,5.04,8]},"faces":{"east":{"uv":[0,0,1,1],"texture":"#2"},"west":{"uv":[0,0,1,1],"texture":"#2"},"up":{"uv":[4,10,6,14],"rotation":270,"texture":"#2"},"down":{"uv":[13,15,14,16],"rotation":90,"texture":"#2"}}},{"from":[3.7248,12.332,7.82734],"to":[4.3968,14.068,8.17266],"rotation":{"angle":0,"axis":"y","origin":[6.5,7.04,8]},"faces":{"east":{"uv":[0,0,1,1],"texture":"#2"},"west":{"uv":[0,0,1,1],"texture":"#2"},"up":{"uv":[4,10,6,14],"rotation":270,"texture":"#2"},"down":{"uv":[13,15,14,16],"rotation":90,"texture":"#2"}}},{"from":[3.7248,14.307,7.82734],"to":[4.3968,16.043,8.17266],"rotation":{"angle":0,"axis":"y","origin":[6.5,9.015,8]},"faces":{"east":{"uv":[0,0,1,1],"texture":"#2"},"west":{"uv":[0,0,1,1],"texture":"#2"},"up":{"uv":[4,10,6,14],"rotation":270,"texture":"#2"},"down":{"uv":[13,15,14,16],"rotation":90,"texture":"#2"}}},{"from":[3.7248,10.332,7.82734],"to":[4.3968,12.068,8.17266],"rotation":{"angle":22.5,"axis":"x","origin":[4.0608,11.2,8]},"faces":{"east":{"uv":[0,0,1,1],"texture":"#2"},"west":{"uv":[0,0,1,1],"texture":"#2"},"up":{"uv":[4,10,6,14],"rotation":270,"texture":"#2"},"down":{"uv":[13,15,14,16],"rotation":90,"texture":"#2"}}},{"from":[3.7248,12.332,7.82734],"to":[4.3968,14.068,8.17266],"rotation":{"angle":22.5,"axis":"x","origin":[4.0608,13.2,8]},"faces":{"east":{"uv":[0,0,1,1],"texture":"#2"},"west":{"uv":[0,0,1,1],"texture":"#2"},"up":{"uv":[4,10,6,14],"rotation":270,"texture":"#2"},"down":{"uv":[13,15,14,16],"rotation":90,"texture":"#2"}}},{"from":[3.7248,14.307,7.82734],"to":[4.3968,16.043,8.17266],"rotation":{"angle":22.5,"axis":"x","origin":[4.0608,15.175,8]},"faces":{"east":{"uv":[0,0,1,1],"texture":"#2"},"west":{"uv":[0,0,1,1],"texture":"#2"},"up":{"uv":[4,10,6,14],"rotation":270,"texture":"#2"},"down":{"uv":[13,15,14,16],"rotation":90,"texture":"#2"}}},{"from":[3.7248,10.332,7.82734],"to":[4.3968,12.068,8.17266],"rotation":{"angle":-22.5,"axis":"x","origin":[4.0608,11.2,8]},"faces":{"east":{"uv":[0,0,1,1],"texture":"#2"},"west":{"uv":[0,0,1,1],"texture":"#2"},"up":{"uv":[4,10,6,14],"rotation":270,"texture":"#2"},"down":{"uv":[13,15,14,16],"rotation":90,"texture":"#2"}}},{"from":[3.7248,12.332,7.82734],"to":[4.3968,14.068,8.17266],"rotation":{"angle":-22.5,"axis":"x","origin":[4.0608,13.2,8]},"faces":{"east":{"uv":[0,0,1,1],"texture":"#2"},"west":{"uv":[0,0,1,1],"texture":"#2"},"up":{"uv":[4,10,6,14],"rotation":270,"texture":"#2"},"down":{"uv":[13,15,14,16],"rotation":90,"texture":"#2"}}},{"from":[3.7248,14.307,7.82734],"to":[4.3968,16.043,8.17266],"rotation":{"angle":-22.5,"axis":"x","origin":[4.0608,15.175,8]},"faces":{"east":{"uv":[0,0,1,1],"texture":"#2"},"west":{"uv":[0,0,1,1],"texture":"#2"},"up":{"uv":[4,10,6,14],"rotation":270,"texture":"#2"},"down":{"uv":[13,15,14,16],"rotation":90,"texture":"#2"}}},{"from":[3.7248,10.332,7.82734],"to":[4.3968,12.068,8.17266],"rotation":{"angle":45,"axis":"x","origin":[4.0608,11.2,8]},"faces":{"east":{"uv":[0,0,1,1],"texture":"#2"},"west":{"uv":[0,0,1,1],"texture":"#2"},"up":{"uv":[4,10,6,14],"rotation":270,"texture":"#2"},"down":{"uv":[13,15,14,16],"rotation":90,"texture":"#2"}}},{"from":[3.7248,12.332,7.82734],"to":[4.3968,14.068,8.17266],"rotation":{"angle":45,"axis":"x","origin":[4.0608,13.2,8]},"faces":{"east":{"uv":[0,0,1,1],"texture":"#2"},"west":{"uv":[0,0,1,1],"texture":"#2"},"up":{"uv":[4,10,6,14],"rotation":270,"texture":"#2"},"down":{"uv":[13,15,14,16],"rotation":90,"texture":"#2"}}},{"from":[3.7248,14.307,7.82734],"to":[4.3968,16.043,8.17266],"rotation":{"angle":45,"axis":"x","origin":[4.0608,15.175,8]},"faces":{"east":{"uv":[0,0,1,1],"texture":"#2"},"west":{"uv":[0,0,1,1],"texture":"#2"},"up":{"uv":[4,10,6,14],"rotation":270,"texture":"#2"},"down":{"uv":[13,15,14,16],"rotation":90,"texture":"#2"}}},{"from":[3.7248,10.332,7.82734],"to":[4.3968,12.068,8.17266],"rotation":{"angle":-45,"axis":"x","origin":[4.0608,11.2,8]},"faces":{"east":{"uv":[0,0,1,1],"texture":"#2"},"west":{"uv":[0,0,1,1],"texture":"#2"},"up":{"uv":[4,10,6,14],"rotation":270,"texture":"#2"},"down":{"uv":[13,15,14,16],"rotation":90,"texture":"#2"}}},{"from":[3.7248,12.332,7.82734],"to":[4.3968,14.068,8.17266],"rotation":{"angle":-45,"axis":"x","origin":[4.0608,13.2,8]},"faces":{"east":{"uv":[0,0,1,1],"texture":"#2"},"west":{"uv":[0,0,1,1],"texture":"#2"},"up":{"uv":[4,10,6,14],"rotation":270,"texture":"#2"},"down":{"uv":[13,15,14,16],"rotation":90,"texture":"#2"}}},{"from":[3.7248,14.307,7.82734],"to":[4.3968,16.043,8.17266],"rotation":{"angle":-45,"axis":"x","origin":[4.0608,15.175,8]},"faces":{"east":{"uv":[0,0,1,1],"texture":"#2"},"west":{"uv":[0,0,1,1],"texture":"#2"},"up":{"uv":[4,10,6,14],"rotation":270,"texture":"#2"},"down":{"uv":[13,15,14,16],"rotation":90,"texture":"#2"}}},{"from":[3.7248,11.02734,7.132],"to":[4.3968,11.37266,8.868],"rotation":{"angle":-22.5,"axis":"x","origin":[4.0608,11.2,8]},"faces":{"north":{"uv":[13,15,14,16],"rotation":270,"texture":"#2"},"east":{"uv":[0,0,1,1],"rotation":270,"texture":"#2"},"south":{"uv":[4,10,6,14],"rotation":270,"texture":"#2"},"west":{"uv":[0,0,1,1],"rotation":90,"texture":"#2"}}},{"from":[3.7248,13.02734,7.132],"to":[4.3968,13.37266,8.868],"rotation":{"angle":-22.5,"axis":"x","origin":[4.0608,13.2,8]},"faces":{"north":{"uv":[13,15,14,16],"rotation":270,"texture":"#2"},"east":{"uv":[0,0,1,1],"rotation":270,"texture":"#2"},"south":{"uv":[4,10,6,14],"rotation":270,"texture":"#2"},"west":{"uv":[0,0,1,1],"rotation":90,"texture":"#2"}}},{"from":[3.7248,15.00234,7.132],"to":[4.3968,15.34766,8.868],"rotation":{"angle":-22.5,"axis":"x","origin":[4.0608,15.175,8]},"faces":{"north":{"uv":[13,15,14,16],"rotation":270,"texture":"#2"},"east":{"uv":[0,0,1,1],"rotation":270,"texture":"#2"},"south":{"uv":[4,10,6,14],"rotation":270,"texture":"#2"},"west":{"uv":[0,0,1,1],"rotation":90,"texture":"#2"}}},{"from":[3.7248,11.02734,7.132],"to":[4.3968,11.37266,8.868],"rotation":{"angle":22.5,"axis":"x","origin":[4.0608,11.2,8]},"faces":{"north":{"uv":[4,10,6,14],"rotation":90,"texture":"#2"},"east":{"uv":[0,0,1,1],"rotation":90,"texture":"#2"},"south":{"uv":[13,15,14,16],"rotation":90,"texture":"#2"},"west":{"uv":[0,0,1,1],"rotation":270,"texture":"#2"}}},{"from":[3.7248,13.02734,7.132],"to":[4.3968,13.37266,8.868],"rotation":{"angle":22.5,"axis":"x","origin":[4.0608,13.2,8]},"faces":{"north":{"uv":[4,10,6,14],"rotation":90,"texture":"#2"},"east":{"uv":[0,0,1,1],"rotation":90,"texture":"#2"},"south":{"uv":[13,15,14,16],"rotation":90,"texture":"#2"},"west":{"uv":[0,0,1,1],"rotation":270,"texture":"#2"}}},{"from":[3.7248,15.00234,7.132],"to":[4.3968,15.34766,8.868],"rotation":{"angle":22.5,"axis":"x","origin":[4.0608,15.175,8]},"faces":{"north":{"uv":[4,10,6,14],"rotation":90,"texture":"#2"},"east":{"uv":[0,0,1,1],"rotation":90,"texture":"#2"},"south":{"uv":[13,15,14,16],"rotation":90,"texture":"#2"},"west":{"uv":[0,0,1,1],"rotation":270,"texture":"#2"}}},{"from":[3.7248,11.02734,7.132],"to":[4.3968,11.37266,8.868],"rotation":{"angle":0,"axis":"y","origin":[6.5,5.04,8]},"faces":{"north":{"uv":[4,10,6,14],"rotation":90,"texture":"#2"},"east":{"uv":[0,0,1,1],"rotation":90,"texture":"#2"},"south":{"uv":[13,15,14,16],"rotation":90,"texture":"#2"},"west":{"uv":[0,0,1,1],"rotation":270,"texture":"#2"}}},{"from":[3.7248,13.02734,7.132],"to":[4.3968,13.37266,8.868],"rotation":{"angle":0,"axis":"y","origin":[6.5,7.04,8]},"faces":{"north":{"uv":[4,10,6,14],"rotation":90,"texture":"#2"},"east":{"uv":[0,0,1,1],"rotation":90,"texture":"#2"},"south":{"uv":[13,15,14,16],"rotation":90,"texture":"#2"},"west":{"uv":[0,0,1,1],"rotation":270,"texture":"#2"}}},{"from":[3.7248,15.00234,7.132],"to":[4.3968,15.34766,8.868],"rotation":{"angle":0,"axis":"y","origin":[6.5,9.015,8]},"faces":{"north":{"uv":[4,10,6,14],"rotation":90,"texture":"#2"},"east":{"uv":[0,0,1,1],"rotation":90,"texture":"#2"},"south":{"uv":[13,15,14,16],"rotation":90,"texture":"#2"},"west":{"uv":[0,0,1,1],"rotation":270,"texture":"#2"}}},{"from":[3.35,-4.75,6.35],"to":[10.75,9.75,9.65],"rotation":{"angle":0,"axis":"y","origin":[8,9,7.5]},"faces":{"up":{"uv":[0,8,1,9],"texture":"#3"}}},{"from":[3.35,-4.749,6.65],"to":[9.05,9.751,8.65],"rotation":{"angle":0,"axis":"y","origin":[8,9,7.5]},"faces":{"up":{"uv":[0,0,7,10],"texture":"#2"}}},{"from":[9.05,-4.749,6.75],"to":[10.55,9.751,8.55],"rotation":{"angle":0,"axis":"y","origin":[8,9,7.5]},"faces":{"up":{"uv":[3,8,10,15],"texture":"#3"}}},{"from":[3.25,-5.35,6.35],"to":[12.65,-4.55,9.65],"rotation":{"angle":0,"axis":"z","origin":[8,7,8]},"faces":{"north":{"uv":[2,9.01,15,9.02],"texture":"#3"},"east":{"uv":[1,11,15,15],"rotation":270,"texture":"#3"},"south":{"uv":[2,9.01,15,9.02],"texture":"#3"},"west":{"uv":[1,11,15,15],"rotation":270,"texture":"#3"},"up":{"uv":[4,9,9,15],"texture":"#3"},"down":{"uv":[0,7,0.69984,8.29934],"texture":"#3"}}},{"from":[4.85,4.65,6.349],"to":[5.65,5.45,8.651],"rotation":{"angle":0,"axis":"y","origin":[6.5,6.5,7.5]},"faces":{"north":{"uv":[10,14,12,16],"texture":"#2"},"south":{"uv":[0,11,1,12.00987],"texture":"#3"}}},{"from":[4.85,-0.35,6.349],"to":[5.65,0.45,8.651],"rotation":{"angle":0,"axis":"y","origin":[6.5,6,7.5]},"faces":{"north":{"uv":[0,11,1,12.00987],"texture":"#3"},"south":{"uv":[0,11,1,12.00987],"texture":"#3"}}},{"from":[4.85,7.15,6.349],"to":[5.65,7.95,8.651],"rotation":{"angle":0,"axis":"y","origin":[6.5,13.5,7.5]},"faces":{"north":{"uv":[4,14,6,16],"texture":"#2"},"south":{"uv":[0,11,1,12.00987],"texture":"#3"}}},{"from":[4.85,2.15,6.349],"to":[5.65,2.95,8.651],"rotation":{"angle":0,"axis":"y","origin":[4.3,6,7.5]},"faces":{"north":{"uv":[0,11,1,12.00987],"texture":"#3"},"south":{"uv":[0,11,1,12.00987],"texture":"#3"}}}],"display":{"thirdperson_righthand":{"rotation":[25,111,-23],"translation":[-1,0,0],"scale":[0.25,0.25,0.25]},"thirdperson_lefthand":{"rotation":[69,-71,65],"translation":[-1,0,0],"scale":[0.25,0.25,0.25]},"firstperson_righthand":{"rotation":[-87,65,68],"translation":[3,0,0],"scale":[0.5,0.5,0.5]},"firstperson_lefthand":{"rotation":[-40,-110,-41],"translation":[3,0,0],"scale":[0.5,0.5,0.5]},"ground":{"translation":[0,2.5,0],"scale":[0.25,0.25,0.25]},"gui":{"rotation":[0,180,32],"translation":[1,2,0],"scale":[0.85,0.85,0.85]},"head":{"scale":[0.5,0.5,0.5]},"fixed":{"rotation":[0,180,0],"translation":[0,0,-1],"scale":[0.5,0.5,0.5]}}}