{"gui_light":"front","textures":{"1":"block/gray_wool","3":"block/furnace_side","1_1":"block/gray_wool","1_2":"block/gold_block","1_9":"block/furnace_side","particle":"block/furnace_side","1_1_2":"block/anvil"},"elements":[{"from":[10.875,20.125,7.02595],"to":[12.875,21.875,7.37405],"rotation":{"angle":0,"axis":"y","origin":[8.4,17.6,8]},"faces":{"east":{"uv":[0,0,1,1],"texture":"#1_2"},"up":{"uv":[4,10,6,14],"rotation":270,"texture":"#1_2"},"down":{"uv":[13,15,14,16],"rotation":90,"texture":"#1_2"}}},{"from":[10.875,20.125,7.02595],"to":[12.875,21.875,7.37405],"rotation":{"angle":22.5,"axis":"x","origin":[11.875,21,7.2]},"faces":{"east":{"uv":[0,0,1,1],"texture":"#1_2"},"up":{"uv":[4,10,6,14],"rotation":270,"texture":"#1_2"},"down":{"uv":[13,15,14,16],"rotation":90,"texture":"#1_2"}}},{"from":[10.875,20.125,7.02595],"to":[12.875,21.875,7.37405],"rotation":{"angle":45,"axis":"x","origin":[11.875,21,7.2]},"faces":{"east":{"uv":[0,0,1,1],"texture":"#1_2"},"up":{"uv":[4,10,6,14],"rotation":270,"texture":"#1_2"},"down":{"uv":[13,15,14,16],"rotation":90,"texture":"#1_2"}}},{"from":[10.875,20.82595,6.325],"to":[12.875,21.17405,8.075],"rotation":{"angle":-22.5,"axis":"x","origin":[11.875,21,7.2]},"faces":{"north":{"uv":[11,12,12,13],"rotation":270,"texture":"#1_2"},"east":{"uv":[0,0,1,1],"rotation":270,"texture":"#1_2"},"south":{"uv":[4,10,6,14],"rotation":270,"texture":"#1_2"}}},{"from":[10.875,20.82595,6.325],"to":[12.875,21.17405,8.075],"rotation":{"angle":0,"axis":"y","origin":[8.4,17.6,8]},"faces":{"north":{"uv":[4,10,6,14],"rotation":90,"texture":"#1_2"},"east":{"uv":[0,0,1,1],"rotation":90,"texture":"#1_2"},"south":{"uv":[8,10,9,11],"rotation":90,"texture":"#1_2"}}},{"from":[10.875,20.82595,6.325],"to":[12.875,21.17405,8.075],"rotation":{"angle":22.5,"axis":"x","origin":[11.875,21,7.2]},"faces":{"north":{"uv":[4,10,6,14],"rotation":90,"texture":"#1_2"},"east":{"uv":[0,0,1,1],"rotation":90,"texture":"#1_2"},"south":{"uv":[11,12,12,13],"rotation":90,"texture":"#1_2"}}},{"from":[10.875,20.125,7.02595],"to":[12.875,21.875,7.37405],"rotation":{"angle":-45,"axis":"x","origin":[11.875,21,7.2]},"faces":{"east":{"uv":[0,0,1,1],"texture":"#1_2"},"up":{"uv":[4,10,6,14],"rotation":270,"texture":"#1_2"},"down":{"uv":[13,13,14,14],"rotation":90,"texture":"#1_2"}}},{"from":[10.875,20.125,7.02595],"to":[12.875,21.875,7.37405],"rotation":{"angle":-22.5,"axis":"x","origin":[11.875,21,7.2]},"faces":{"east":{"uv":[0,0,1,1],"texture":"#1_2"},"up":{"uv":[4,10,6,14],"rotation":270,"texture":"#1_2"},"down":{"uv":[13,15,14,16],"rotation":90,"texture":"#1_2"}}},{"from":[2.7,19.95,6.76508],"to":[11.075,22.05,7.63492],"rotation":{"angle":45,"axis":"x","origin":[10.8375,21,7.2]},"faces":{"east":{"uv":[14,3,15,16],"texture":"#1_2"},"up":{"uv":[3,9,5,14],"rotation":270,"texture":"#1_2"},"down":{"uv":[12,12,13,16],"rotation":180,"texture":"#1_2"}}},{"from":[2.7,19.95,6.76508],"to":[11.075,22.05,7.63492],"rotation":{"angle":0,"axis":"y","origin":[8.6,17.6,8]},"faces":{"east":{"uv":[13,3,14,16],"texture":"#1_2"},"up":{"uv":[4,10,6,14],"rotation":270,"texture":"#1_2"},"down":{"uv":[13,15,14,16],"rotation":90,"texture":"#1_2"}}},{"from":[2.7,20.56508,6.15],"to":[11.075,21.43492,8.25],"rotation":{"angle":0,"axis":"y","origin":[8.6,17.6,8]},"faces":{"north":{"uv":[2,3,3,4],"rotation":270,"texture":"#1_2"},"east":{"uv":[10,14,14,16],"texture":"#1_2"},"south":{"uv":[4,11,5,12],"rotation":270,"texture":"#1_2"}}},{"from":[2.7,19.95,6.76508],"to":[11.075,22.05,7.63492],"rotation":{"angle":-45,"axis":"x","origin":[10.8375,21,7.2]},"faces":{"east":{"uv":[13,3,14,16],"texture":"#1_2"},"up":{"uv":[1,2,3,6],"rotation":270,"texture":"#1_2"},"down":{"uv":[11,12,12,16],"texture":"#1_2"}}},{"from":[10.6,21.25,6.95136],"to":[11.85,22.25,7.44864],"rotation":{"angle":-22.5,"axis":"z","origin":[10.6,22.25,7.2]},"faces":{"north":{"uv":[2,3,3,4],"texture":"#1_2"},"south":{"uv":[2,3,3,4],"texture":"#1_2"},"up":{"uv":[4,1,6,16],"rotation":270,"texture":"#1_2"}}},{"from":[10.6,20.75136,7.45],"to":[11.85,21.24864,8.45],"rotation":{"angle":22.5,"axis":"y","origin":[10.6,21,8.45]},"faces":{"south":{"uv":[4,1,6,16],"rotation":270,"texture":"#1_2"},"up":{"uv":[2,3,3,4],"rotation":180,"texture":"#1_2"},"down":{"uv":[2,3,3,4],"texture":"#1_2"}}},{"from":[10.6,20.75136,5.95],"to":[11.85,21.24864,6.95],"rotation":{"angle":-22.5,"axis":"y","origin":[10.6,21,5.95]},"faces":{"north":{"uv":[4,16,6,1],"rotation":270,"texture":"#1_2"},"up":{"uv":[2,3,3,4],"rotation":180,"texture":"#1_2"},"down":{"uv":[2,3,3,4],"texture":"#1_2"}}},{"from":[10.6,19.75,6.95136],"to":[11.85,20.75,7.44864],"rotation":{"angle":22.5,"axis":"z","origin":[10.6,19.75,7.2]},"faces":{"north":{"uv":[15,15,16,16],"texture":"#1_2"},"south":{"uv":[15,15,16,16],"texture":"#1_2"},"down":{"uv":[16,1,15,16],"rotation":270,"texture":"#1_2"}}},{"from":[3.2,19.75,6.9514],"to":[10.6,22.25,7.4487],"rotation":{"angle":0,"axis":"y","origin":[8.6,17.6,8]},"faces":{"east":{"uv":[2,3,3,4],"texture":"#1_2"},"west":{"uv":[15,15,16,16],"texture":"#1_2"},"up":{"uv":[4,0,6,15],"rotation":270,"texture":"#1_2"},"down":{"uv":[15,1,16,16],"rotation":90,"texture":"#1_2"}}},{"from":[3.2,19.75,6.95136],"to":[10.6,22.25,7.44864],"rotation":{"angle":22.5,"axis":"x","origin":[3.6,21,7.2]},"faces":{"east":{"uv":[12,1,13,16],"texture":"#1_2"},"west":{"uv":[15,15,16,16],"texture":"#1_2"},"up":{"uv":[11,0,13,15],"rotation":270,"texture":"#1_2"},"down":{"uv":[16,1,14,16],"rotation":90,"texture":"#1_2"}}},{"from":[3.2,19.75,6.95136],"to":[10.6,22.25,7.44864],"rotation":{"angle":45,"axis":"x","origin":[3.6,21,7.2]},"faces":{"east":{"uv":[12,1,13,16],"texture":"#1_2"},"west":{"uv":[15,15,16,16],"texture":"#1_2"},"up":{"uv":[11,0,13,15],"rotation":270,"texture":"#1_2"},"down":{"uv":[13,1,15,16],"rotation":90,"texture":"#1_2"}}},{"from":[3.2,20.75136,5.95],"to":[10.6,21.24864,8.45],"rotation":{"angle":-22.5,"axis":"x","origin":[3.6,21,7.2]},"faces":{"north":{"uv":[12,1,14,16],"rotation":270,"texture":"#1_2"},"east":{"uv":[10,1,11,15],"rotation":270,"texture":"#1_2"},"south":{"uv":[8,1,10,16],"rotation":90,"texture":"#1_2"},"west":{"uv":[15,15,16,16],"texture":"#1_2"}}},{"from":[3.2,20.75136,5.95],"to":[10.6,21.24864,8.45],"rotation":{"angle":22.5,"axis":"x","origin":[3.6,21,7.2]},"faces":{"north":{"uv":[8,1,10,16],"rotation":270,"texture":"#1_2"},"east":{"uv":[10,1,11,15],"rotation":90,"texture":"#1_2"},"south":{"uv":[10,1,12,16],"rotation":90,"texture":"#1_2"},"west":{"uv":[15,15,16,16],"texture":"#1_2"}}},{"from":[3.2,19.75,6.95136],"to":[10.6,22.25,7.44864],"rotation":{"angle":-45,"axis":"x","origin":[3.6,21,7.2]},"faces":{"east":{"uv":[13,1,14,16],"texture":"#1_2"},"west":{"uv":[15,15,16,16],"texture":"#1_2"},"up":{"uv":[2,0,4,15],"rotation":270,"texture":"#1_2"},"down":{"uv":[11,1,13,16],"rotation":90,"texture":"#1_2"}}},{"from":[3.2,20.75136,5.95],"to":[10.6,21.24864,8.45],"rotation":{"angle":0,"axis":"y","origin":[8.6,17.6,8]},"faces":{"north":{"uv":[9,1,11,16],"rotation":270,"texture":"#1_2"},"east":{"uv":[2,3,3,4],"rotation":270,"texture":"#1_2"},"south":{"uv":[9,1,11,16],"rotation":90,"texture":"#1_2"},"west":{"uv":[15,15,16,16],"texture":"#1_2"}}},{"from":[3.2,19.75,6.95136],"to":[10.6,22.25,7.44864],"rotation":{"angle":-22.5,"axis":"x","origin":[3.6,21,7.2]},"faces":{"east":{"uv":[12,1,13,16],"texture":"#1_2"},"west":{"uv":[15,15,16,16],"texture":"#1_2"},"up":{"uv":[1,0,3,15],"rotation":270,"texture":"#1_2"},"down":{"uv":[14,1,16,16],"rotation":90,"texture":"#1_2"}}},{"from":[10.875,18.175,8.72595],"to":[12.875,19.925,9.07405],"rotation":{"angle":0,"axis":"y","origin":[8.4,17.6,8]},"faces":{"east":{"uv":[0,0,1,1],"texture":"#1_2"},"up":{"uv":[4,10,6,14],"rotation":270,"texture":"#1_2"}}},{"from":[10.875,18.175,8.72595],"to":[12.875,19.925,9.07405],"rotation":{"angle":22.5,"axis":"x","origin":[11.875,19.05,8.9]},"faces":{"east":{"uv":[0,0,1,1],"texture":"#1_2"},"up":{"uv":[4,10,6,14],"rotation":270,"texture":"#1_2"}}},{"from":[10.875,18.175,8.72595],"to":[12.875,19.925,9.07405],"rotation":{"angle":45,"axis":"x","origin":[11.875,19.05,8.9]},"faces":{"east":{"uv":[0,0,1,1],"texture":"#1_2"},"up":{"uv":[4,10,6,14],"rotation":270,"texture":"#1_2"},"down":{"uv":[13,15,14,16],"rotation":90,"texture":"#1_2"}}},{"from":[10.875,18.87595,8.025],"to":[12.875,19.22405,9.775],"rotation":{"angle":-22.5,"axis":"x","origin":[11.875,19.05,8.9]},"faces":{"north":{"uv":[15,15,16,16],"rotation":270,"texture":"#1_2"},"east":{"uv":[0,0,1,1],"rotation":270,"texture":"#1_2"},"south":{"uv":[4,10,6,14],"rotation":270,"texture":"#1_2"}}},{"from":[10.875,18.87595,8.025],"to":[12.875,19.22405,9.775],"rotation":{"angle":0,"axis":"y","origin":[8.4,17.6,8]},"faces":{"north":{"uv":[15,12,16,16],"rotation":90,"texture":"#1_2"},"east":{"uv":[0,0,1,1],"rotation":90,"texture":"#1_2"},"south":{"uv":[15,15,16,16],"rotation":90,"texture":"#1_2"}}},{"from":[10.875,18.87595,8.025],"to":[12.875,19.22405,9.775],"rotation":{"angle":22.5,"axis":"x","origin":[11.875,19.05,8.9]},"faces":{"north":{"uv":[15,12,16,16],"rotation":90,"texture":"#1_2"},"east":{"uv":[0,0,1,1],"rotation":90,"texture":"#1_2"},"south":{"uv":[15,15,16,16],"rotation":90,"texture":"#1_2"}}},{"from":[10.875,18.175,8.72595],"to":[12.875,19.925,9.07405],"rotation":{"angle":-45,"axis":"x","origin":[11.875,19.05,8.9]},"faces":{"east":{"uv":[0,0,1,1],"texture":"#1_2"},"up":{"uv":[12,14,16,16],"rotation":180,"texture":"#1_2"},"down":{"uv":[15,15,16,16],"rotation":90,"texture":"#1_2"}}},{"from":[10.875,18.175,8.72595],"to":[12.875,19.925,9.07405],"rotation":{"angle":-22.5,"axis":"x","origin":[11.875,19.05,8.9]},"faces":{"east":{"uv":[0,0,1,1],"texture":"#1_2"},"up":{"uv":[4,10,6,14],"rotation":270,"texture":"#1_2"}}},{"from":[10.6,19.3,8.65136],"to":[11.85,20.3,9.14864],"rotation":{"angle":-22.5,"axis":"z","origin":[10.6,20.3,8.9]},"faces":{"north":{"uv":[2,3,3,4],"texture":"#1_2"},"south":{"uv":[2,3,3,4],"texture":"#1_2"},"up":{"uv":[4,1,6,16],"rotation":270,"texture":"#1_2"}}},{"from":[2.7,18,8.46508],"to":[11.075,20.1,9.33492],"rotation":{"angle":0,"axis":"y","origin":[8.6,17.6,8]},"faces":{"east":{"uv":[13,3,14,16],"texture":"#1_2"},"up":{"uv":[4,10,6,14],"rotation":270,"texture":"#1_2"},"down":{"uv":[13,15,14,16],"rotation":90,"texture":"#1_2"}}},{"from":[2.7,18,8.46508],"to":[11.075,20.1,9.33492],"rotation":{"angle":45,"axis":"x","origin":[10.8375,19.05,8.9]},"faces":{"east":{"uv":[14,2,15,16],"texture":"#1_2"},"up":{"uv":[3,9,5,14],"rotation":270,"texture":"#1_2"},"down":{"uv":[12,12,13,16],"rotation":180,"texture":"#1_2"}}},{"from":[2.7,18.61508,7.85],"to":[11.075,19.48492,9.95],"rotation":{"angle":0,"axis":"y","origin":[8.6,17.6,8]},"faces":{"north":{"uv":[2,3,3,4],"rotation":270,"texture":"#1_2"},"east":{"uv":[10,11,11,16],"texture":"#1_2"},"south":{"uv":[4,11,5,12],"rotation":270,"texture":"#1_2"}}},{"from":[10.6,18.80136,9.15],"to":[11.85,19.29864,10.15],"rotation":{"angle":22.5,"axis":"y","origin":[10.6,19.05,10.15]},"faces":{"south":{"uv":[15,1,16,16],"rotation":270,"texture":"#1_2"},"up":{"uv":[2,3,3,4],"rotation":180,"texture":"#1_2"},"down":{"uv":[2,3,3,4],"texture":"#1_2"}}},{"from":[2.7,18,8.46508],"to":[11.075,20.1,9.33492],"rotation":{"angle":-45,"axis":"x","origin":[10.8375,19.05,8.9]},"faces":{"east":{"uv":[13,3,14,16],"texture":"#1_2"},"up":{"uv":[13,14,16,16],"rotation":180,"texture":"#1_2"},"down":{"uv":[11,12,12,16],"texture":"#1_2"}}},{"from":[3.2,17.8,8.65136],"to":[10.6,20.3,9.14864],"rotation":{"angle":0,"axis":"y","origin":[8.6,17.6,8]},"faces":{"east":{"uv":[2,3,3,4],"texture":"#1_2"},"west":{"uv":[15,15,16,16],"texture":"#1_2"},"up":{"uv":[4,0,6,15],"rotation":270,"texture":"#1_2"}}},{"from":[3.2,17.8,8.65136],"to":[10.6,20.3,9.14864],"rotation":{"angle":22.5,"axis":"x","origin":[3.6,19.05,8.9]},"faces":{"east":{"uv":[12,1,13,16],"texture":"#1_2"},"west":{"uv":[15,15,16,16],"texture":"#1_2"},"up":{"uv":[11,0,13,15],"rotation":270,"texture":"#1_2"}}},{"from":[3.2,17.8,8.65136],"to":[10.6,20.3,9.14864],"rotation":{"angle":45,"axis":"x","origin":[3.6,19.05,8.9]},"faces":{"east":{"uv":[12,1,13,16],"texture":"#1_2"},"west":{"uv":[15,15,16,16],"texture":"#1_2"},"up":{"uv":[14,0,16,15],"rotation":90,"texture":"#1_2"}}},{"from":[3.2,18.80136,7.65],"to":[10.6,19.29864,10.15],"rotation":{"angle":-22.5,"axis":"x","origin":[3.6,19.05,8.9]},"faces":{"east":{"uv":[10,1,11,15],"rotation":270,"texture":"#1_2"},"south":{"uv":[15,1,16,16],"rotation":90,"texture":"#1_2"},"west":{"uv":[15,15,16,16],"texture":"#1_2"}}},{"from":[3.2,18.80136,7.65],"to":[10.6,19.29864,10.15],"rotation":{"angle":0,"axis":"y","origin":[8.6,17.6,8]},"faces":{"north":{"uv":[15,1,16,16],"rotation":270,"texture":"#1_2"},"east":{"uv":[2,3,3,4],"rotation":270,"texture":"#1_2"},"south":{"uv":[15,1,16,16],"rotation":90,"texture":"#1_2"},"west":{"uv":[15,15,16,16],"texture":"#1_2"}}},{"from":[3.2,17.8,8.65136],"to":[10.6,20.3,9.14864],"rotation":{"angle":-45,"axis":"x","origin":[3.6,19.05,8.9]},"faces":{"east":{"uv":[13,1,14,16],"texture":"#1_2"},"west":{"uv":[15,15,16,16],"texture":"#1_2"},"up":{"uv":[15,1,16,16],"rotation":270,"texture":"#1_2"}}},{"from":[3.2,18.80136,7.65],"to":[10.6,19.29864,10.15],"rotation":{"angle":22.5,"axis":"x","origin":[3.6,19.05,8.9]},"faces":{"north":{"uv":[15,1,16,16],"rotation":270,"texture":"#1_2"},"east":{"uv":[10,1,11,15],"rotation":90,"texture":"#1_2"},"west":{"uv":[15,15,16,16],"texture":"#1_2"}}},{"from":[3.2,17.8,8.65136],"to":[10.6,20.3,9.14864],"rotation":{"angle":-22.5,"axis":"x","origin":[3.6,19.05,8.9]},"faces":{"east":{"uv":[12,1,13,16],"texture":"#1_2"},"west":{"uv":[15,15,16,16],"texture":"#1_2"},"up":{"uv":[14,0,16,15],"rotation":270,"texture":"#1_2"}}},{"from":[2.1,-8.3,5.549],"to":[2.4,21.1,10.451],"rotation":{"angle":0,"axis":"y","origin":[8,17.6,8]},"faces":{"east":{"uv":[0,10,3,11],"texture":"#1_1_2"},"west":{"uv":[0,10,3,11],"texture":"#1_1_2"},"up":{"uv":[0,0,16,1],"texture":"#1_1_2"}}},{"from":[2.1,-8.3,10.249],"to":[16.6,21.101,10.451],"rotation":{"angle":0,"axis":"y","origin":[8,17.6,8]},"faces":{"north":{"uv":[9,0,9.01,0.01],"rotation":270,"texture":"#3"},"east":{"uv":[0,10,3,11],"texture":"#1_1_2"},"south":{"uv":[0,3,2,13],"rotation":90,"texture":"#1_1"},"up":{"uv":[0,0,16,1],"rotation":90,"texture":"#1_1_2"}}},{"from":[16.3,-8.3,5.549],"to":[16.6,20.3,10.451],"rotation":{"angle":0,"axis":"y","origin":[8,17.6,8]},"faces":{"east":{"uv":[3,10,0,11],"texture":"#1_1_2"},"west":{"uv":[3,10,0,11],"texture":"#1_1_2"},"up":{"uv":[16,0,0,1],"texture":"#1_1_2"}}},{"from":[2.1,-8.3,5.549],"to":[16.6,18.8,10.451],"rotation":{"angle":0,"axis":"y","origin":[8,17.6,8]},"faces":{"up":{"uv":[10,0,9,1],"texture":"#3"},"down":{"uv":[1,1,3,11],"rotation":90,"texture":"#1"}}},{"from":[2.1,21.1,5.549],"to":[16.3,22.3,5.751],"rotation":{"angle":22.5,"axis":"x","origin":[1.3,21.1,5.55]},"faces":{"north":{"uv":[0,8,2,13],"rotation":270,"texture":"#1_1"},"east":{"uv":[0,10,3,11],"texture":"#1_1_2"},"south":{"uv":[9,0,9.01,0.01],"rotation":90,"texture":"#3"},"west":{"uv":[0,10,3,11],"texture":"#1_1_2"},"up":{"uv":[0,0,16,1],"rotation":90,"texture":"#1_1_2"}}},{"from":[2.1,21.1,10.249],"to":[16.3,22.3,10.451],"rotation":{"angle":-22.5,"axis":"x","origin":[1.3,21.1,10.45]},"faces":{"north":{"uv":[9,0.01,9.01,0],"rotation":90,"texture":"#3"},"east":{"uv":[3,10,0,11],"texture":"#1_1_2"},"south":{"uv":[0,13,2,8],"rotation":270,"texture":"#1_1"},"west":{"uv":[3,10,0,11],"texture":"#1_1_2"},"up":{"uv":[0,0,16,1],"rotation":90,"texture":"#1_1_2"}}},{"from":[2.1,-8.3,5.549],"to":[16.6,21.101,5.751],"rotation":{"angle":0,"axis":"y","origin":[8,17.6,8]},"faces":{"north":{"uv":[0,3,2,13],"rotation":270,"texture":"#1_1"},"east":{"uv":[0,10,3,11],"texture":"#1_1_2"},"south":{"uv":[9,0,9.01,0.01],"rotation":90,"texture":"#3"},"up":{"uv":[0,0,16,1],"rotation":90,"texture":"#1_1_2"}}},{"from":[15.3,14.301,6.549],"to":[16.3,18.801,7.151],"rotation":{"angle":0,"axis":"y","origin":[8,17.6,8]},"faces":{"up":{"uv":[15,9,1,11],"rotation":90,"texture":"#1_9"}}},{"from":[12.4,14.301,6.249],"to":[15.3,18.801,7.451],"rotation":{"angle":0,"axis":"y","origin":[8,17.6,8]},"faces":{"up":{"uv":[15,9,1,11],"rotation":90,"texture":"#1_9"}}},{"from":[2.5,14.301,5.949],"to":[10.8,18.801,7.751],"rotation":{"angle":0,"axis":"y","origin":[8,17.6,8]},"faces":{"up":{"uv":[16,0,15,16],"texture":"#1_2"}}},{"from":[10.8,14.301,6.149],"to":[12.4,18.801,7.551],"rotation":{"angle":0,"axis":"y","origin":[8,17.6,8]},"faces":{"up":{"uv":[16,0,15,16],"texture":"#1_2"}}},{"from":[2.5499,19.75,6.9514],"to":[2.8,22.25,7.4487],"rotation":{"angle":0,"axis":"y","origin":[2.67495,21,7.2]},"faces":{"east":{"uv":[15,14,16,15],"rotation":270,"texture":"#1_2"},"west":{"uv":[2,0,3,16],"rotation":180,"texture":"#1_2"},"up":{"uv":[1,2,2,3],"rotation":270,"texture":"#1_2"},"down":{"uv":[0,0,1,1],"rotation":270,"texture":"#1_2"}}},{"from":[2.549,20.7513,5.95],"to":[2.7991,21.2486,8.45],"rotation":{"angle":0,"axis":"x","origin":[2.67495,21,7.2]},"faces":{"north":{"uv":[0,0,1,1],"rotation":90,"texture":"#1_2"},"east":{"uv":[15,14,16,15],"rotation":180,"texture":"#1_2"},"south":{"uv":[1,2,2,3],"rotation":270,"texture":"#1_2"},"west":{"uv":[4,0,5,16],"rotation":270,"texture":"#1_2"}}},{"from":[2.549,18.8013,7.65],"to":[2.7991,19.2986,10.15],"rotation":{"angle":0,"axis":"x","origin":[2.67495,19.05,8.9]},"faces":{"north":{"uv":[0,0,1,1],"rotation":90,"texture":"#1_2"},"east":{"uv":[15,14,16,15],"rotation":180,"texture":"#1_2"},"south":{"uv":[1,2,2,3],"rotation":270,"texture":"#1_2"},"west":{"uv":[4,0,5,16],"rotation":270,"texture":"#1_2"}}},{"from":[2.5499,20.7514,5.95],"to":[2.8,21.2487,8.45],"rotation":{"angle":22.5,"axis":"x","origin":[2.67495,21,7.2]},"faces":{"north":{"uv":[1,2,2,3],"rotation":90,"texture":"#1_2"},"east":{"uv":[15,14,16,15],"texture":"#1_2"},"south":{"uv":[0,0,1,1],"rotation":270,"texture":"#1_2"},"west":{"uv":[2,0,3,16],"rotation":90,"texture":"#1_2"}}},{"from":[2.5499,18.8014,7.65],"to":[2.8,19.2987,10.15],"rotation":{"angle":22.5,"axis":"x","origin":[2.67495,19.05,8.9]},"faces":{"north":{"uv":[1,2,2,3],"rotation":90,"texture":"#1_2"},"east":{"uv":[15,14,16,15],"texture":"#1_2"},"south":{"uv":[0,0,1,1],"rotation":270,"texture":"#1_2"},"west":{"uv":[2,0,3,16],"rotation":90,"texture":"#1_2"}}},{"from":[2.5499,20.7513,5.95],"to":[2.8,21.2486,8.45],"rotation":{"angle":-22.5,"axis":"x","origin":[2.67495,21,7.2]},"faces":{"north":{"uv":[0,0,1,1],"rotation":90,"texture":"#1_2"},"east":{"uv":[15,14,16,15],"rotation":180,"texture":"#1_2"},"south":{"uv":[1,2,2,3],"rotation":270,"texture":"#1_2"},"west":{"uv":[2,0,3,16],"rotation":270,"texture":"#1_2"}}},{"from":[2.5499,18.8013,7.65],"to":[2.8,19.2986,10.15],"rotation":{"angle":-22.5,"axis":"x","origin":[2.67495,19.05,8.9]},"faces":{"north":{"uv":[0,0,1,1],"rotation":90,"texture":"#1_2"},"east":{"uv":[15,14,16,15],"rotation":180,"texture":"#1_2"},"south":{"uv":[1,2,2,3],"rotation":270,"texture":"#1_2"},"west":{"uv":[2,0,3,16],"rotation":270,"texture":"#1_2"}}},{"from":[2.5499,19.75,6.9514],"to":[2.8,22.25,7.4487],"rotation":{"angle":45,"axis":"x","origin":[2.67495,21,7.2]},"faces":{"east":{"uv":[15,14,16,15],"rotation":270,"texture":"#1_2"},"west":{"uv":[2,0,3,16],"rotation":180,"texture":"#1_2"},"up":{"uv":[1,2,2,3],"rotation":270,"texture":"#1_2"},"down":{"uv":[0,0,1,1],"rotation":270,"texture":"#1_2"}}},{"from":[2.5499,17.8,8.6514],"to":[2.8,20.3,9.1487],"rotation":{"angle":45,"axis":"x","origin":[2.67495,19.05,8.9]},"faces":{"east":{"uv":[15,14,16,15],"rotation":270,"texture":"#1_2"},"west":{"uv":[2,0,3,16],"rotation":180,"texture":"#1_2"},"up":{"uv":[1,2,2,3],"rotation":270,"texture":"#1_2"},"down":{"uv":[0,0,1,1],"rotation":270,"texture":"#1_2"}}},{"from":[2.5499,19.75,6.9514],"to":[2.8,22.25,7.4487],"rotation":{"angle":-45,"axis":"x","origin":[2.67495,21,7.2]},"faces":{"east":{"uv":[15,14,16,15],"rotation":270,"texture":"#1_2"},"west":{"uv":[2,0,3,16],"rotation":180,"texture":"#1_2"},"up":{"uv":[1,2,2,3],"rotation":270,"texture":"#1_2"},"down":{"uv":[0,0,1,1],"rotation":270,"texture":"#1_2"}}},{"from":[2.5499,17.8,8.6514],"to":[2.8,20.3,9.1487],"rotation":{"angle":-45,"axis":"x","origin":[2.67495,19.05,8.9]},"faces":{"east":{"uv":[15,14,16,15],"rotation":270,"texture":"#1_2"},"west":{"uv":[2,0,3,16],"rotation":180,"texture":"#1_2"},"up":{"uv":[1,2,2,3],"rotation":270,"texture":"#1_2"},"down":{"uv":[0,0,1,1],"rotation":270,"texture":"#1_2"}}},{"from":[2.5499,19.75,6.9514],"to":[2.8,22.25,7.4487],"rotation":{"angle":22.5,"axis":"x","origin":[2.67495,21,7.2]},"faces":{"east":{"uv":[15,14,16,15],"rotation":270,"texture":"#1_2"},"west":{"uv":[2,0,3,16],"rotation":180,"texture":"#1_2"},"up":{"uv":[1,2,2,3],"rotation":270,"texture":"#1_2"},"down":{"uv":[0,0,1,1],"rotation":270,"texture":"#1_2"}}},{"from":[2.5499,17.8,8.6514],"to":[2.8,20.3,9.1487],"rotation":{"angle":22.5,"axis":"x","origin":[2.67495,19.05,8.9]},"faces":{"east":{"uv":[15,14,16,15],"rotation":270,"texture":"#1_2"},"west":{"uv":[2,0,3,16],"rotation":180,"texture":"#1_2"},"up":{"uv":[1,2,2,3],"rotation":270,"texture":"#1_2"},"down":{"uv":[0,0,1,1],"rotation":270,"texture":"#1_2"}}},{"from":[2.5499,19.75,6.9514],"to":[2.8,22.25,7.4487],"rotation":{"angle":-22.5,"axis":"x","origin":[2.67495,21,7.2]},"faces":{"east":{"uv":[15,14,16,15],"rotation":270,"texture":"#1_2"},"west":{"uv":[2,0,3,16],"rotation":180,"texture":"#1_2"},"up":{"uv":[1,2,2,3],"rotation":270,"texture":"#1_2"},"down":{"uv":[0,0,1,1],"rotation":270,"texture":"#1_2"}}},{"from":[2.5499,17.8,8.6514],"to":[2.8,20.3,9.1487],"rotation":{"angle":-22.5,"axis":"x","origin":[2.67495,19.05,8.9]},"faces":{"east":{"uv":[15,14,16,15],"rotation":270,"texture":"#1_2"},"west":{"uv":[2,0,3,16],"rotation":180,"texture":"#1_2"},"up":{"uv":[1,2,2,3],"rotation":270,"texture":"#1_2"},"down":{"uv":[0,0,1,1],"rotation":270,"texture":"#1_2"}}},{"from":[2.45,20.87568,6.575],"to":[2.55,21.12432,7.825],"rotation":{"angle":0,"axis":"y","origin":[8.8,17.6,8]},"faces":{"north":{"uv":[0,0,1,1],"rotation":90,"texture":"#3"},"south":{"uv":[0,0,1,1],"rotation":270,"texture":"#3"},"west":{"uv":[5,3,9,4],"texture":"#3"}}},{"from":[2.45,20.87568,6.575],"to":[2.55,21.12432,7.825],"rotation":{"angle":22.5,"axis":"x","origin":[2.5,21,7.2]},"faces":{"north":{"uv":[0,0,1,1],"rotation":90,"texture":"#3"},"south":{"uv":[0,0,1,1],"rotation":270,"texture":"#3"},"west":{"uv":[5,3,9,4],"texture":"#3"}}},{"from":[2.45,20.87568,6.575],"to":[2.55,21.12432,7.825],"rotation":{"angle":-22.5,"axis":"x","origin":[2.5,21,7.2]},"faces":{"north":{"uv":[0,0,1,1],"rotation":90,"texture":"#3"},"south":{"uv":[0,0,1,1],"rotation":270,"texture":"#3"},"west":{"uv":[5,3,9,4],"rotation":180,"texture":"#3"}}},{"from":[2.45,20.87568,6.575],"to":[2.55,21.12432,7.825],"rotation":{"angle":45,"axis":"x","origin":[2.5,21,7.2]},"faces":{"north":{"uv":[0,0,1,1],"rotation":90,"texture":"#3"},"south":{"uv":[0,0,1,1],"rotation":270,"texture":"#3"},"west":{"uv":[5,3,9,4],"texture":"#3"}}},{"from":[2.45,20.87568,6.575],"to":[2.55,21.12432,7.825],"rotation":{"angle":-45,"axis":"x","origin":[2.5,21,7.2]},"faces":{"north":{"uv":[0,0,1,1],"rotation":90,"texture":"#3"},"south":{"uv":[0,0,1,1],"rotation":270,"texture":"#3"},"west":{"uv":[5,3,9,4],"rotation":180,"texture":"#3"}}},{"from":[2.45,20.375,7.07568],"to":[2.55,21.625,7.32432],"rotation":{"angle":-22.5,"axis":"x","origin":[2.5,21,7.2]},"faces":{"west":{"uv":[5,3,9,4],"rotation":90,"texture":"#3"},"up":{"uv":[0,0,1,1],"rotation":270,"texture":"#3"},"down":{"uv":[0,0,1,1],"rotation":270,"texture":"#3"}}},{"from":[2.45,20.375,7.07568],"to":[2.55,21.625,7.32432],"rotation":{"angle":22.5,"axis":"x","origin":[2.5,21,7.2]},"faces":{"west":{"uv":[5,3,9,4],"rotation":90,"texture":"#3"},"up":{"uv":[0,0,1,1],"rotation":270,"texture":"#3"},"down":{"uv":[0,0,1,1],"rotation":270,"texture":"#3"}}},{"from":[2.45,20.375,7.07568],"to":[2.55,21.625,7.32432],"rotation":{"angle":0,"axis":"y","origin":[8.8,17.6,8]},"faces":{"west":{"uv":[5,3,9,4],"rotation":90,"texture":"#3"},"up":{"uv":[0,0,1,1],"rotation":270,"texture":"#3"},"down":{"uv":[0,0,1,1],"rotation":270,"texture":"#3"}}},{"from":[12.375,20.2,7.04087],"to":[13.875,21.8,7.35913],"rotation":{"angle":0,"axis":"y","origin":[8,17.6,8]},"faces":{"east":{"uv":[4,10,5,11],"texture":"#3"},"up":{"uv":[6,9,8,10],"rotation":270,"texture":"#3"},"down":{"uv":[11,8,12,9],"rotation":270,"texture":"#3"}}},{"from":[12.375,20.2,7.04087],"to":[13.875,21.8,7.35913],"rotation":{"angle":-22.5,"axis":"x","origin":[13.5,21,7.2]},"faces":{"east":{"uv":[4,10,5,11],"texture":"#3"},"up":{"uv":[9,9.01,10,11.01],"rotation":180,"texture":"#3"},"down":{"uv":[10,8.01,12,8.51],"rotation":90,"texture":"#3"}}},{"from":[12.375,20.2,7.04087],"to":[13.875,21.8,7.35913],"rotation":{"angle":22.5,"axis":"x","origin":[13.5,21,7.2]},"faces":{"east":{"uv":[4,10,5,11],"texture":"#3"},"up":{"uv":[9,10,11,11],"rotation":270,"texture":"#3"},"down":{"uv":[10,8,12,9],"rotation":270,"texture":"#3"}}},{"from":[12.375,20.2,7.04087],"to":[13.875,21.8,7.35913],"rotation":{"angle":-45,"axis":"x","origin":[13.5,21,7.2]},"faces":{"east":{"uv":[4,10,5,11],"texture":"#3"},"up":{"uv":[11,10,13,11],"rotation":270,"texture":"#3"},"down":{"uv":[9,8.01,11,8.51],"rotation":90,"texture":"#3"}}},{"from":[12.375,20.2,7.04087],"to":[13.875,21.8,7.35913],"rotation":{"angle":45,"axis":"x","origin":[13.5,21,7.2]},"faces":{"east":{"uv":[4,10,5,11],"texture":"#3"},"up":{"uv":[11,10,12,12],"texture":"#3"},"down":{"uv":[9,8,11,9],"rotation":270,"texture":"#3"}}},{"from":[12.375,20.84087,6.4],"to":[13.875,21.15913,8],"rotation":{"angle":22.5,"axis":"x","origin":[13.5,21,7.2]},"faces":{"north":{"uv":[3,8,5,9],"rotation":270,"texture":"#3"},"east":{"uv":[4,10,5,11],"rotation":90,"texture":"#3"},"south":{"uv":[8,8.01,10,8.51],"rotation":90,"texture":"#3"}}},{"from":[12.375,20.84087,6.4],"to":[13.875,21.15913,8],"rotation":{"angle":-22.5,"axis":"x","origin":[13.5,21,7.2]},"faces":{"north":{"uv":[8,8,10,9],"rotation":90,"texture":"#3"},"east":{"uv":[4,10,5,11],"rotation":270,"texture":"#3"},"south":{"uv":[3,8,4.9,9],"rotation":270,"texture":"#3"}}},{"from":[12.375,20.84087,6.4],"to":[13.875,21.15913,8],"rotation":{"angle":0,"axis":"y","origin":[8,17.6,8]},"faces":{"north":{"uv":[7,8,9,9],"rotation":90,"texture":"#3"},"east":{"uv":[4,10,5,11],"rotation":90,"texture":"#3"},"south":{"uv":[7,8.01,9,8.51],"rotation":90,"texture":"#3"}}},{"from":[13.875,20.25,7.05082],"to":[14.575,21.75,7.34918],"rotation":{"angle":0,"axis":"y","origin":[8,17.6,8]},"faces":{"east":{"uv":[4,10,5,11],"texture":"#3"},"up":{"uv":[6,9,8,10],"rotation":270,"texture":"#3"},"down":{"uv":[11,8,12,9],"rotation":270,"texture":"#3"}}},{"from":[13.875,20.25,7.05082],"to":[14.575,21.75,7.34918],"rotation":{"angle":22.5,"axis":"x","origin":[14.625,21,7.2]},"faces":{"east":{"uv":[4,10,5,11],"texture":"#3"},"up":{"uv":[9,10,11,11],"rotation":270,"texture":"#3"},"down":{"uv":[10,8,12,9],"rotation":270,"texture":"#3"}}},{"from":[13.875,20.25,7.05082],"to":[14.575,21.75,7.34918],"rotation":{"angle":-22.5,"axis":"x","origin":[14.625,21,7.2]},"faces":{"east":{"uv":[4,10,5,11],"texture":"#3"},"up":{"uv":[9,9.01,10,11.01],"rotation":180,"texture":"#3"},"down":{"uv":[10,8.01,12,8.51],"rotation":90,"texture":"#3"}}},{"from":[13.875,20.25,7.05082],"to":[14.575,21.75,7.34918],"rotation":{"angle":45,"axis":"x","origin":[14.625,21,7.2]},"faces":{"east":{"uv":[4,10,5,11],"texture":"#3"},"up":{"uv":[11,10,12,12],"texture":"#3"},"down":{"uv":[9,8,11,9],"rotation":270,"texture":"#3"}}},{"from":[13.875,20.25,7.05082],"to":[14.575,21.75,7.34918],"rotation":{"angle":-45,"axis":"x","origin":[14.625,21,7.2]},"faces":{"east":{"uv":[4,10,5,11],"texture":"#3"},"up":{"uv":[11,10,13,11],"rotation":270,"texture":"#3"},"down":{"uv":[9,8.01,11,8.51],"rotation":90,"texture":"#3"}}},{"from":[13.875,20.85082,6.45],"to":[14.575,21.14918,7.95],"rotation":{"angle":-22.5,"axis":"x","origin":[14.625,21,7.2]},"faces":{"north":{"uv":[8,8,10,9],"rotation":90,"texture":"#3"},"east":{"uv":[4,10,5,11],"rotation":270,"texture":"#3"},"south":{"uv":[3,8,4.9,9],"rotation":270,"texture":"#3"}}},{"from":[13.875,20.85082,6.45],"to":[14.575,21.14918,7.95],"rotation":{"angle":22.5,"axis":"x","origin":[14.625,21,7.2]},"faces":{"north":{"uv":[3,8,5,9],"rotation":270,"texture":"#3"},"east":{"uv":[4,10,5,11],"rotation":90,"texture":"#3"},"south":{"uv":[8,8.01,10,8.51],"rotation":90,"texture":"#3"}}},{"from":[13.875,20.85082,6.45],"to":[14.575,21.14918,7.95],"rotation":{"angle":0,"axis":"y","origin":[8,17.6,8]},"faces":{"north":{"uv":[7,8,9,9],"rotation":90,"texture":"#3"},"east":{"uv":[4,10,5,11],"rotation":270,"texture":"#3"},"south":{"uv":[7,8.01,9,8.51],"rotation":90,"texture":"#3"}}},{"from":[14.575,20.3,7.06076],"to":[15.025,21.7,7.33924],"rotation":{"angle":0,"axis":"y","origin":[8,17.6,8]},"faces":{"east":{"uv":[4,10,5,11],"texture":"#3"},"up":{"uv":[6,9,8,10],"rotation":270,"texture":"#3"},"down":{"uv":[11,8,12,9],"rotation":270,"texture":"#3"}}},{"from":[14.575,20.3,7.06076],"to":[15.025,21.7,7.33924],"rotation":{"angle":-22.5,"axis":"x","origin":[15.425,21,7.2]},"faces":{"east":{"uv":[4,10,5,11],"texture":"#3"},"up":{"uv":[9,9.01,10,11.01],"rotation":180,"texture":"#3"},"down":{"uv":[10,8.01,12,8.51],"rotation":90,"texture":"#3"}}},{"from":[14.575,20.3,7.06076],"to":[15.025,21.7,7.33924],"rotation":{"angle":22.5,"axis":"x","origin":[15.425,21,7.2]},"faces":{"east":{"uv":[4,10,5,11],"texture":"#3"},"up":{"uv":[9,10,11,11],"rotation":270,"texture":"#3"},"down":{"uv":[10,8,12,9],"rotation":270,"texture":"#3"}}},{"from":[14.575,20.3,7.06076],"to":[15.025,21.7,7.33924],"rotation":{"angle":-45,"axis":"x","origin":[15.425,21,7.2]},"faces":{"east":{"uv":[4,10,5,11],"texture":"#3"},"up":{"uv":[11,10,13,11],"rotation":270,"texture":"#3"},"down":{"uv":[9,8.01,11,8.51],"rotation":90,"texture":"#3"}}},{"from":[14.575,20.86076,6.5],"to":[15.025,21.13924,7.9],"rotation":{"angle":22.5,"axis":"x","origin":[15.425,21,7.2]},"faces":{"north":{"uv":[3,8,5,9],"rotation":270,"texture":"#3"},"east":{"uv":[4,10,5,11],"rotation":90,"texture":"#3"},"south":{"uv":[8,8.01,10,8.51],"rotation":90,"texture":"#3"}}},{"from":[14.575,20.3,7.06076],"to":[15.025,21.7,7.33924],"rotation":{"angle":45,"axis":"x","origin":[15.425,21,7.2]},"faces":{"east":{"uv":[4,10,5,11],"texture":"#3"},"up":{"uv":[10,10,11,12],"texture":"#3"},"down":{"uv":[9,8,11,9],"rotation":270,"texture":"#3"}}},{"from":[14.575,20.86076,6.5],"to":[15.025,21.13924,7.9],"rotation":{"angle":-22.5,"axis":"x","origin":[15.425,21,7.2]},"faces":{"north":{"uv":[8,8,10,9],"rotation":90,"texture":"#3"},"east":{"uv":[4,10,5,11],"rotation":270,"texture":"#3"},"south":{"uv":[3,8,4.9,9],"rotation":270,"texture":"#3"}}},{"from":[14.575,20.86076,6.5],"to":[15.025,21.13924,7.9],"rotation":{"angle":0,"axis":"y","origin":[8,17.6,8]},"faces":{"north":{"uv":[7,8,9,9],"rotation":90,"texture":"#3"},"east":{"uv":[4,10,5,11],"rotation":270,"texture":"#3"},"south":{"uv":[7,8.01,9,8.51],"rotation":90,"texture":"#3"}}},{"from":[15.025,20.35,7.07071],"to":[15.275,21.65,7.32929],"rotation":{"angle":0,"axis":"y","origin":[8,17.6,8]},"faces":{"east":{"uv":[4,10,5,11],"texture":"#3"},"up":{"uv":[6,9,8,10],"rotation":270,"texture":"#3"},"down":{"uv":[11,8,12,9],"rotation":270,"texture":"#3"}}},{"from":[15.025,20.35,7.07071],"to":[15.275,21.65,7.32929],"rotation":{"angle":22.5,"axis":"x","origin":[15.15,21,7.2]},"faces":{"east":{"uv":[4,10,5,11],"texture":"#3"},"up":{"uv":[9,10,11,11],"rotation":270,"texture":"#3"},"down":{"uv":[10,8,12,9],"rotation":270,"texture":"#3"}}},{"from":[15.025,20.35,7.07071],"to":[15.275,21.65,7.32929],"rotation":{"angle":-22.5,"axis":"x","origin":[15.15,21,7.2]},"faces":{"east":{"uv":[4,10,5,11],"texture":"#3"},"up":{"uv":[9,9.01,10,11.01],"rotation":180,"texture":"#3"},"down":{"uv":[10,8.01,12,8.51],"rotation":90,"texture":"#3"}}},{"from":[15.025,20.35,7.07071],"to":[15.275,21.65,7.32929],"rotation":{"angle":45,"axis":"x","origin":[15.15,21,7.2]},"faces":{"east":{"uv":[4,10,5,11],"texture":"#3"},"up":{"uv":[10,10,11,12],"texture":"#3"},"down":{"uv":[9,8,11,9],"rotation":270,"texture":"#3"}}},{"from":[15.025,20.35,7.07071],"to":[15.275,21.65,7.32929],"rotation":{"angle":-45,"axis":"x","origin":[15.15,21,7.2]},"faces":{"east":{"uv":[4,10,5,11],"texture":"#3"},"up":{"uv":[11,10,13,11],"rotation":270,"texture":"#3"},"down":{"uv":[9,8.01,11,8.51],"rotation":90,"texture":"#3"}}},{"from":[15.025,20.87071,6.55],"to":[15.275,21.12929,7.85],"rotation":{"angle":-22.5,"axis":"x","origin":[15.15,21,7.2]},"faces":{"north":{"uv":[8,8,10,9],"rotation":90,"texture":"#3"},"east":{"uv":[4,10,5,11],"rotation":270,"texture":"#3"},"south":{"uv":[3,8,4.9,9],"rotation":270,"texture":"#3"}}},{"from":[15.025,20.87071,6.55],"to":[15.275,21.12929,7.85],"rotation":{"angle":22.5,"axis":"x","origin":[15.15,21,7.2]},"faces":{"north":{"uv":[3,8,5,9],"rotation":270,"texture":"#3"},"east":{"uv":[4,10,5,11],"rotation":90,"texture":"#3"},"south":{"uv":[8,8.01,10,8.51],"rotation":90,"texture":"#3"}}},{"from":[15.025,20.87071,6.55],"to":[15.275,21.12929,7.85],"rotation":{"angle":0,"axis":"y","origin":[8,17.6,8]},"faces":{"north":{"uv":[7,8,9,9],"rotation":90,"texture":"#3"},"east":{"uv":[4,10,5,11],"rotation":270,"texture":"#3"},"south":{"uv":[7,8.01,9,8.51],"rotation":90,"texture":"#3"}}},{"from":[15.275,21.2,7],"to":[16.325,21.6,7.4],"rotation":{"angle":-22.5,"axis":"z","origin":[15.275,21.6,7.11935]},"faces":{"north":{"uv":[9,9,10,12],"texture":"#3"},"east":{"uv":[8,3,9,4],"texture":"#3"},"south":{"uv":[9,9,10,12],"texture":"#3"},"up":{"uv":[8,9.5,13,10],"rotation":270,"texture":"#3"}}},{"from":[15.275,20.4,7],"to":[16.325,20.8,7.4],"rotation":{"angle":22.5,"axis":"z","origin":[15.275,20.4,7.11935]},"faces":{"north":{"uv":[8,8,11,9],"rotation":90,"texture":"#3"},"east":{"uv":[5,11,4,10],"texture":"#3"},"south":{"uv":[9,8,12,9],"rotation":90,"texture":"#3"},"down":{"uv":[9,1.5,13,2],"rotation":270,"texture":"#3"}}},{"from":[15.275,20.8,7.35],"to":[16.325,21.2,7.8],"rotation":{"angle":22.5,"axis":"y","origin":[15.275,21,7.8]},"faces":{"east":{"uv":[11,6,12,7],"rotation":270,"texture":"#3"},"south":{"uv":[7,8,10,9],"rotation":90,"texture":"#3"},"up":{"uv":[5,11,6,12],"rotation":180,"texture":"#3"},"down":{"uv":[5,11,6,12],"texture":"#3"}}},{"from":[15.275,20.8,6.6],"to":[16.325,21.2,7.05],"rotation":{"angle":-22.5,"axis":"y","origin":[15.275,21,6.6]},"faces":{"north":{"uv":[7,9,10,8],"rotation":90,"texture":"#3"},"east":{"uv":[11,6,12,5],"rotation":270,"texture":"#3"},"up":{"uv":[5,11,6,12],"rotation":180,"texture":"#3"},"down":{"uv":[5,11,6,12],"texture":"#3"}}},{"from":[2.5499,17.8,8.6514],"to":[2.8,20.3,9.1487],"rotation":{"angle":0,"axis":"y","origin":[8.8,17.85,8]},"faces":{"east":{"uv":[15,14,16,15],"rotation":270,"texture":"#1_2"},"west":{"uv":[2,0,3,16],"rotation":180,"texture":"#1_2"},"up":{"uv":[1,2,2,3],"rotation":270,"texture":"#1_2"},"down":{"uv":[0,0,1,1],"rotation":270,"texture":"#1_2"}}},{"from":[2.45,18.92568,8.275],"to":[2.55,19.17432,9.525],"rotation":{"angle":0,"axis":"y","origin":[8.8,17.6,8]},"faces":{"north":{"uv":[0,0,1,1],"rotation":90,"texture":"#3"},"south":{"uv":[0,0,1,1],"rotation":270,"texture":"#3"},"west":{"uv":[5,3,9,4],"texture":"#3"}}},{"from":[2.45,18.92568,8.275],"to":[2.55,19.17432,9.525],"rotation":{"angle":22.5,"axis":"x","origin":[2.1,19.05,8.9]},"faces":{"north":{"uv":[0,0,1,1],"rotation":90,"texture":"#3"},"south":{"uv":[0,0,1,1],"rotation":270,"texture":"#3"},"west":{"uv":[5,3,9,4],"texture":"#3"}}},{"from":[2.45,18.92568,8.275],"to":[2.55,19.17432,9.525],"rotation":{"angle":-22.5,"axis":"x","origin":[2.5,19.05,8.9]},"faces":{"north":{"uv":[0,0,1,1],"rotation":90,"texture":"#3"},"south":{"uv":[0,0,1,1],"rotation":270,"texture":"#3"},"west":{"uv":[5,3,9,4],"rotation":180,"texture":"#3"}}},{"from":[2.45,18.92568,8.275],"to":[2.55,19.17432,9.525],"rotation":{"angle":45,"axis":"x","origin":[2.5,19.05,8.9]},"faces":{"north":{"uv":[0,0,1,1],"rotation":90,"texture":"#3"},"south":{"uv":[0,0,1,1],"rotation":270,"texture":"#3"},"west":{"uv":[5,3,9,4],"texture":"#3"}}},{"from":[2.45,18.92568,8.275],"to":[2.55,19.17432,9.525],"rotation":{"angle":-45,"axis":"x","origin":[2.5,19.05,8.9]},"faces":{"north":{"uv":[0,0,1,1],"rotation":90,"texture":"#3"},"south":{"uv":[0,0,1,1],"rotation":270,"texture":"#3"},"west":{"uv":[5,3,9,4],"rotation":180,"texture":"#3"}}},{"from":[2.45,18.425,8.77568],"to":[2.55,19.675,9.02432],"rotation":{"angle":-22.5,"axis":"x","origin":[2.5,19.05,8.9]},"faces":{"west":{"uv":[5,3,9,4],"rotation":90,"texture":"#3"},"up":{"uv":[0,0,1,1],"rotation":270,"texture":"#3"},"down":{"uv":[0,0,1,1],"rotation":270,"texture":"#3"}}},{"from":[2.45,18.425,8.77568],"to":[2.55,19.675,9.02432],"rotation":{"angle":22.5,"axis":"x","origin":[2.5,19.05,8.9]},"faces":{"west":{"uv":[5,3,9,4],"rotation":90,"texture":"#3"},"up":{"uv":[0,0,1,1],"rotation":270,"texture":"#3"},"down":{"uv":[0,0,1,1],"rotation":270,"texture":"#3"}}},{"from":[2.45,18.425,8.77568],"to":[2.55,19.675,9.02432],"rotation":{"angle":0,"axis":"y","origin":[8.8,17.6,8]},"faces":{"west":{"uv":[5,3,9,4],"rotation":90,"texture":"#3"},"up":{"uv":[0,0,1,1],"rotation":270,"texture":"#3"},"down":{"uv":[0,0,1,1],"rotation":270,"texture":"#3"}}},{"from":[10,18.80136,7.65],"to":[11.25,19.29864,8.65],"rotation":{"angle":-22.5,"axis":"y","origin":[10,19.05,7.65]},"faces":{"north":{"uv":[15,16,16,1],"rotation":270,"texture":"#1_2"},"up":{"uv":[15,15,16,16],"rotation":180,"texture":"#1_2"},"down":{"uv":[2,3,3,4],"texture":"#1_2"}}},{"from":[12.375,18.25,8.74087],"to":[13.875,19.85,9.05913],"rotation":{"angle":0,"axis":"y","origin":[8,17.6,8]},"faces":{"east":{"uv":[4,10,5,11],"texture":"#3"},"up":{"uv":[6,9,8,10],"rotation":270,"texture":"#3"}}},{"from":[12.375,18.25,8.74087],"to":[13.875,19.85,9.05913],"rotation":{"angle":-22.5,"axis":"x","origin":[13.5,19.05,8.9]},"faces":{"east":{"uv":[4,10,5,11],"texture":"#3"},"up":{"uv":[9,9.01,10,11.01],"rotation":180,"texture":"#3"}}},{"from":[12.375,18.25,8.74087],"to":[13.875,19.85,9.05913],"rotation":{"angle":22.5,"axis":"x","origin":[13.5,19.05,8.9]},"faces":{"east":{"uv":[4,10,5,11],"texture":"#3"},"up":{"uv":[9,10,11,11],"rotation":270,"texture":"#3"}}},{"from":[12.375,18.25,8.74087],"to":[13.875,19.85,9.05913],"rotation":{"angle":-45,"axis":"x","origin":[13.5,19.05,8.9]},"faces":{"east":{"uv":[4,10,5,11],"texture":"#3"},"up":{"uv":[11,10,13,11],"rotation":270,"texture":"#3"}}},{"from":[12.375,18.25,8.74087],"to":[13.875,19.85,9.05913],"rotation":{"angle":45,"axis":"x","origin":[13.5,19.05,8.9]},"faces":{"east":{"uv":[4,10,5,11],"texture":"#3"},"up":{"uv":[11,10,12,12],"texture":"#3"}}},{"from":[12.375,18.89087,8.1],"to":[13.875,19.20913,9.7],"rotation":{"angle":22.5,"axis":"x","origin":[13.5,19.05,8.9]},"faces":{"north":{"uv":[3,8,5,9],"rotation":270,"texture":"#3"},"east":{"uv":[4,10,5,11],"rotation":90,"texture":"#3"},"south":{"uv":[8,8.01,10,8.51],"rotation":90,"texture":"#3"}}},{"from":[12.375,18.89087,8.1],"to":[13.875,19.20913,9.7],"rotation":{"angle":-22.5,"axis":"x","origin":[13.5,19.05,8.9]},"faces":{"north":{"uv":[8,8,10,9],"rotation":90,"texture":"#3"},"east":{"uv":[4,10,5,11],"rotation":270,"texture":"#3"},"south":{"uv":[3,8,4.9,9],"rotation":270,"texture":"#3"}}},{"from":[12.375,18.89087,8.1],"to":[13.875,19.20913,9.7],"rotation":{"angle":0,"axis":"y","origin":[8,17.6,8]},"faces":{"north":{"uv":[7,8,9,9],"rotation":90,"texture":"#3"},"east":{"uv":[4,10,5,11],"rotation":90,"texture":"#3"},"south":{"uv":[7,8.01,9,8.51],"rotation":90,"texture":"#3"}}},{"from":[13.875,18.3,8.75082],"to":[14.575,19.8,9.04918],"rotation":{"angle":0,"axis":"y","origin":[8,17.6,8]},"faces":{"east":{"uv":[4,10,5,11],"texture":"#3"},"up":{"uv":[6,9,8,10],"rotation":270,"texture":"#3"}}},{"from":[13.875,18.3,8.75082],"to":[14.575,19.8,9.04918],"rotation":{"angle":22.5,"axis":"x","origin":[14.625,19.05,8.9]},"faces":{"east":{"uv":[4,10,5,11],"texture":"#3"},"up":{"uv":[9,10,11,11],"rotation":270,"texture":"#3"}}},{"from":[13.875,18.3,8.75082],"to":[14.575,19.8,9.04918],"rotation":{"angle":-22.5,"axis":"x","origin":[14.625,19.05,8.9]},"faces":{"east":{"uv":[4,10,5,11],"texture":"#3"},"up":{"uv":[9,9.01,10,11.01],"rotation":180,"texture":"#3"}}},{"from":[13.875,18.3,8.75082],"to":[14.575,19.8,9.04918],"rotation":{"angle":45,"axis":"x","origin":[14.625,19.05,8.9]},"faces":{"east":{"uv":[4,10,5,11],"texture":"#3"},"up":{"uv":[11,10,12,12],"texture":"#3"},"down":{"uv":[9,8,11,9],"rotation":270,"texture":"#3"}}},{"from":[13.875,18.3,8.75082],"to":[14.575,19.8,9.04918],"rotation":{"angle":-45,"axis":"x","origin":[14.625,19.05,8.9]},"faces":{"east":{"uv":[4,10,5,11],"texture":"#3"},"up":{"uv":[11,10,13,11],"rotation":270,"texture":"#3"},"down":{"uv":[9,8.01,11,8.51],"rotation":90,"texture":"#3"}}},{"from":[13.875,18.90082,8.15],"to":[14.575,19.19918,9.65],"rotation":{"angle":-22.5,"axis":"x","origin":[14.625,19.05,8.9]},"faces":{"north":{"uv":[8,8,10,9],"rotation":90,"texture":"#3"},"east":{"uv":[4,10,5,11],"rotation":270,"texture":"#3"},"south":{"uv":[3,8,4.9,9],"rotation":270,"texture":"#3"}}},{"from":[13.875,18.90082,8.15],"to":[14.575,19.19918,9.65],"rotation":{"angle":22.5,"axis":"x","origin":[14.625,19.05,8.9]},"faces":{"north":{"uv":[3,8,5,9],"rotation":270,"texture":"#3"},"east":{"uv":[4,10,5,11],"rotation":90,"texture":"#3"},"south":{"uv":[8,8.01,10,8.51],"rotation":90,"texture":"#3"}}},{"from":[13.875,18.90082,8.15],"to":[14.575,19.19918,9.65],"rotation":{"angle":0,"axis":"y","origin":[8,17.6,8]},"faces":{"north":{"uv":[7,8,9,9],"rotation":90,"texture":"#3"},"east":{"uv":[4,10,5,11],"rotation":270,"texture":"#3"},"south":{"uv":[7,8.01,9,8.51],"rotation":90,"texture":"#3"}}},{"from":[14.575,18.35,8.76076],"to":[15.025,19.75,9.03924],"rotation":{"angle":0,"axis":"y","origin":[8,17.6,8]},"faces":{"east":{"uv":[4,10,5,11],"texture":"#3"},"up":{"uv":[6,9,8,10],"rotation":270,"texture":"#3"},"down":{"uv":[11,8,12,9],"rotation":270,"texture":"#3"}}},{"from":[14.575,18.35,8.76076],"to":[15.025,19.75,9.03924],"rotation":{"angle":-22.5,"axis":"x","origin":[15.425,19.05,8.9]},"faces":{"east":{"uv":[4,10,5,11],"texture":"#3"},"up":{"uv":[9,9.01,10,11.01],"rotation":180,"texture":"#3"},"down":{"uv":[10,8.01,12,8.51],"rotation":90,"texture":"#3"}}},{"from":[14.575,18.35,8.76076],"to":[15.025,19.75,9.03924],"rotation":{"angle":22.5,"axis":"x","origin":[15.425,19.05,8.9]},"faces":{"east":{"uv":[4,10,5,11],"texture":"#3"},"up":{"uv":[9,10,11,11],"rotation":270,"texture":"#3"},"down":{"uv":[10,8,12,9],"rotation":270,"texture":"#3"}}},{"from":[14.575,18.35,8.76076],"to":[15.025,19.75,9.03924],"rotation":{"angle":-45,"axis":"x","origin":[15.425,19.05,8.9]},"faces":{"east":{"uv":[4,10,5,11],"texture":"#3"},"up":{"uv":[11,10,13,11],"rotation":270,"texture":"#3"},"down":{"uv":[9,8.01,11,8.51],"rotation":90,"texture":"#3"}}},{"from":[14.575,18.91076,8.2],"to":[15.025,19.18924,9.6],"rotation":{"angle":22.5,"axis":"x","origin":[15.425,19.05,8.9]},"faces":{"north":{"uv":[3,8,5,9],"rotation":270,"texture":"#3"},"east":{"uv":[4,10,5,11],"rotation":90,"texture":"#3"},"south":{"uv":[8,8.01,10,8.51],"rotation":90,"texture":"#3"}}},{"from":[14.575,18.35,8.76076],"to":[15.025,19.75,9.03924],"rotation":{"angle":45,"axis":"x","origin":[15.425,19.05,8.9]},"faces":{"east":{"uv":[4,10,5,11],"texture":"#3"},"up":{"uv":[10,10,11,12],"texture":"#3"},"down":{"uv":[9,8,11,9],"rotation":270,"texture":"#3"}}},{"from":[14.575,18.91076,8.2],"to":[15.025,19.18924,9.6],"rotation":{"angle":-22.5,"axis":"x","origin":[15.425,19.05,8.9]},"faces":{"north":{"uv":[8,8,10,9],"rotation":90,"texture":"#3"},"east":{"uv":[4,10,5,11],"rotation":270,"texture":"#3"},"south":{"uv":[3,8,4.9,9],"rotation":270,"texture":"#3"}}},{"from":[14.575,18.91076,8.2],"to":[15.025,19.18924,9.6],"rotation":{"angle":0,"axis":"y","origin":[8,17.6,8]},"faces":{"north":{"uv":[7,8,9,9],"rotation":90,"texture":"#3"},"east":{"uv":[4,10,5,11],"rotation":270,"texture":"#3"},"south":{"uv":[7,8.01,9,8.51],"rotation":90,"texture":"#3"}}},{"from":[15.025,18.4,8.77071],"to":[15.275,19.7,9.02929],"rotation":{"angle":0,"axis":"y","origin":[8,17.6,8]},"faces":{"east":{"uv":[4,10,5,11],"texture":"#3"},"up":{"uv":[6,9,8,10],"rotation":270,"texture":"#3"},"down":{"uv":[11,8,12,9],"rotation":270,"texture":"#3"}}},{"from":[15.025,18.4,8.77071],"to":[15.275,19.7,9.02929],"rotation":{"angle":22.5,"axis":"x","origin":[15.15,19.05,8.9]},"faces":{"east":{"uv":[4,10,5,11],"texture":"#3"},"up":{"uv":[9,10,11,11],"rotation":270,"texture":"#3"},"down":{"uv":[10,8,12,9],"rotation":270,"texture":"#3"}}},{"from":[15.025,18.4,8.77071],"to":[15.275,19.7,9.02929],"rotation":{"angle":-22.5,"axis":"x","origin":[15.15,19.05,8.9]},"faces":{"east":{"uv":[4,10,5,11],"texture":"#3"},"up":{"uv":[9,9.01,10,11.01],"rotation":180,"texture":"#3"},"down":{"uv":[10,8.01,12,8.51],"rotation":90,"texture":"#3"}}},{"from":[15.025,18.4,8.77071],"to":[15.275,19.7,9.02929],"rotation":{"angle":45,"axis":"x","origin":[15.15,19.05,8.9]},"faces":{"east":{"uv":[4,10,5,11],"texture":"#3"},"up":{"uv":[10,10,11,12],"texture":"#3"},"down":{"uv":[9,8,11,9],"rotation":270,"texture":"#3"}}},{"from":[15.025,18.4,8.77071],"to":[15.275,19.7,9.02929],"rotation":{"angle":-45,"axis":"x","origin":[15.15,19.05,8.9]},"faces":{"east":{"uv":[4,10,5,11],"texture":"#3"},"up":{"uv":[11,10,13,11],"rotation":270,"texture":"#3"},"down":{"uv":[9,8.01,11,8.51],"rotation":90,"texture":"#3"}}},{"from":[15.025,18.92071,8.25],"to":[15.275,19.17929,9.55],"rotation":{"angle":-22.5,"axis":"x","origin":[15.15,19.05,8.9]},"faces":{"north":{"uv":[8,8,10,9],"rotation":90,"texture":"#3"},"east":{"uv":[4,10,5,11],"rotation":270,"texture":"#3"},"south":{"uv":[3,8,4.9,9],"rotation":270,"texture":"#3"}}},{"from":[15.025,18.92071,8.25],"to":[15.275,19.17929,9.55],"rotation":{"angle":22.5,"axis":"x","origin":[15.15,19.05,8.9]},"faces":{"north":{"uv":[3,8,5,9],"rotation":270,"texture":"#3"},"east":{"uv":[4,10,5,11],"rotation":90,"texture":"#3"},"south":{"uv":[8,8.01,10,8.51],"rotation":90,"texture":"#3"}}},{"from":[15.025,18.92071,8.25],"to":[15.275,19.17929,9.55],"rotation":{"angle":0,"axis":"y","origin":[8,17.6,8]},"faces":{"north":{"uv":[7,8,9,9],"rotation":90,"texture":"#3"},"east":{"uv":[4,10,5,11],"rotation":270,"texture":"#3"},"south":{"uv":[7,8.01,9,8.51],"rotation":90,"texture":"#3"}}},{"from":[15.275,19.25,8.7],"to":[16.325,19.65,9.1],"rotation":{"angle":-22.5,"axis":"z","origin":[15.275,19.65,8.81935]},"faces":{"north":{"uv":[9,9,10,12],"texture":"#3"},"east":{"uv":[8,3,9,4],"texture":"#3"},"south":{"uv":[9,9,10,12],"texture":"#3"},"up":{"uv":[8,9.5,13,10],"rotation":270,"texture":"#3"}}},{"from":[15.275,18.45,8.7],"to":[16.325,18.85,9.1],"rotation":{"angle":22.5,"axis":"z","origin":[15.275,18.45,8.81935]},"faces":{"north":{"uv":[8,8,11,9],"rotation":90,"texture":"#3"},"east":{"uv":[5,11,4,10],"texture":"#3"},"south":{"uv":[9,8,12,9],"rotation":90,"texture":"#3"},"down":{"uv":[9,1.5,13,2],"rotation":270,"texture":"#3"}}},{"from":[15.275,18.85,9.05],"to":[16.325,19.25,9.5],"rotation":{"angle":22.5,"axis":"y","origin":[15.275,19.05,9.5]},"faces":{"east":{"uv":[11,6,12,7],"rotation":270,"texture":"#3"},"south":{"uv":[7,8,10,9],"rotation":90,"texture":"#3"},"up":{"uv":[5,11,6,12],"rotation":180,"texture":"#3"},"down":{"uv":[5,11,6,12],"texture":"#3"}}},{"from":[15.275,18.85,8.3],"to":[16.325,19.25,8.75],"rotation":{"angle":-22.5,"axis":"y","origin":[15.275,19.05,8.3]},"faces":{"north":{"uv":[7,9,10,8],"rotation":90,"texture":"#3"},"east":{"uv":[11,6,12,5],"rotation":270,"texture":"#3"},"up":{"uv":[5,11,6,12],"rotation":180,"texture":"#3"},"down":{"uv":[5,11,6,12],"texture":"#3"}}}],"display":{"thirdperson_righthand":{"rotation":[0,100,0],"translation":[-0.5,0,0],"scale":[0.15,0.15,0.15]},"thirdperson_lefthand":{"rotation":[0,-81,-13],"translation":[-0.5,0,0],"scale":[0.15,0.15,0.15]},"firstperson_righthand":{"rotation":[-71,71,60],"translation":[3,0,0.5],"scale":[0.3,0.3,0.3]},"firstperson_lefthand":{"rotation":[-28,-113,-29],"translation":[3,0,0.5],"scale":[0.3,0.3,0.3]},"ground":{"translation":[0,2.75,0],"scale":[0.15,0.15,0.15]},"gui":{"rotation":[0,180,30],"translation":[1,0.25,0],"scale":[0.6,0.6,0.6]},"head":{"scale":[0.3,0.3,0.3]},"fixed":{"translation":[0,1.5,-1.5],"scale":[-0.3,0.3,-0.3]}}}