{"gui_light":"front","textures":{"0":"block/black_wool","1":"block/gray_wool","2":"block/anvil","5":"block/coal_block","6":"block/jungle_log","7":"block/chiseled_stone_bricks","8":"block/bedrock","9":"block/furnace_side","14":"block/stripped_dark_oak_log","15":"block/dark_oak_log","a":"block/observer_side"},"elements":[{"from":[5.05,8.5,7.401],"to":[5.24891,8.7,8.599],"rotation":{"angle":-22.5,"axis":"z","origin":[5.14946,8,8.001]},"faces":{"north":{"uv":[3,13.5,4,13.51],"rotation":270,"texture":"#5"},"south":{"uv":[3,13.5,4,13.51],"rotation":270,"texture":"#5"},"down":{"uv":[9,0,10,1],"texture":"#9"}}},{"from":[7,7.5,8.348],"to":[9.1,8.7,8.502],"rotation":{"angle":22.5,"axis":"z","origin":[9.1,7.5,8.448]},"faces":{"north":{"uv":[3,13,10,14],"rotation":90,"texture":"#0"},"south":{"uv":[3,14,10,13],"rotation":90,"texture":"#0"},"down":{"uv":[2.5,11,2.51,12],"texture":"#5"}}},{"from":[6.05,6.7,8.347],"to":[7.165,7.8,8.503],"rotation":{"angle":0,"axis":"z","origin":[9.1,7.5,8.447]},"faces":{"north":{"uv":[3,13,10,14],"rotation":90,"texture":"#0"},"south":{"uv":[4,13.5,10,13.51],"rotation":90,"texture":"#0"},"west":{"uv":[7,9,13,10],"rotation":90,"texture":"#5"},"down":{"uv":[2,11,3,12],"texture":"#5"}}},{"from":[8.3,7.5,7.501],"to":[9.1,8.375,8.501],"rotation":{"angle":-22.5,"axis":"z","origin":[9.1,7.5,8.449]},"faces":{"north":{"uv":[3,13,10,14],"rotation":180,"texture":"#0"},"east":{"uv":[4,12,11,13],"rotation":180,"texture":"#5"},"south":{"uv":[3,14,10,13],"texture":"#0"}}},{"from":[1.15,9,7.7125],"to":[2.05,9.425,8.2875],"rotation":{"angle":0,"axis":"y","origin":[10.05,9.45,8.1375]},"faces":{"north":{"uv":[0,0,5,1],"rotation":90,"texture":"#5"},"east":{"uv":[0,13,1,14],"texture":"#5"},"south":{"uv":[0,0,5,1],"rotation":90,"texture":"#5"},"up":{"uv":[7,7,14,8],"rotation":270,"texture":"#5"}}},{"from":[0.75,7.35,7.5125],"to":[1.15,9.425,8.4875],"rotation":{"angle":0,"axis":"y","origin":[10.05,9.45,8.1375]},"faces":{"north":{"uv":[0,0,5,1],"rotation":180,"texture":"#5"},"east":{"uv":[0,13,1,14],"texture":"#5"},"south":{"uv":[0,0,5,1],"texture":"#5"},"up":{"uv":[7,7,14,8],"rotation":270,"texture":"#5"},"down":{"uv":[0,13,1,14],"texture":"#5"}}},{"from":[0.25,7.35,7.5],"to":[0.75,9.45,8.5],"rotation":{"angle":0,"axis":"y","origin":[0.45,9.4125,8]},"faces":{"north":{"uv":[0,0,16,1],"rotation":90,"texture":"#14"},"east":{"uv":[0,13,1,14],"texture":"#5"},"south":{"uv":[0,0,16,1],"rotation":90,"texture":"#14"},"west":{"uv":[0,13,1,14],"texture":"#14"},"up":{"uv":[0,1,16,2],"rotation":270,"texture":"#14"},"down":{"uv":[0,13,16,14],"rotation":90,"texture":"#15"}}},{"from":[0.25,7.35,7.502],"to":[0.75,9.45,8.498],"rotation":{"angle":-22.5,"axis":"z","origin":[0.25,9.45,8.002]},"faces":{"north":{"uv":[0,0,16,1],"rotation":90,"texture":"#14"},"east":{"uv":[0,13,1,14],"texture":"#5"},"south":{"uv":[0,0,16,1],"rotation":90,"texture":"#14"},"west":{"uv":[0,13,1,14],"texture":"#14"},"up":{"uv":[0,1,16,2],"rotation":270,"texture":"#14"},"down":{"uv":[0,13,16,14],"rotation":90,"texture":"#15"}}},{"from":[0.85,9.425,7.8875],"to":[2.05,9.575,8.1125],"rotation":{"angle":0,"axis":"y","origin":[10.05,9.45,8.1375]},"faces":{"north":{"uv":[4,13,11,14],"rotation":90,"texture":"#5"},"east":{"uv":[0,10,3,14],"texture":"#5"},"south":{"uv":[4,13,11,14],"rotation":90,"texture":"#5"},"west":{"uv":[0,10,3,14],"texture":"#5"},"up":{"uv":[5,3,11,4],"rotation":270,"texture":"#5"},"down":{"uv":[0,13,1,14],"texture":"#5"}}},{"from":[1.15,9,7.55],"to":[2.05,9.25,7.75],"rotation":{"angle":45,"axis":"x","origin":[1.75,9,7.55]},"faces":{"north":{"uv":[4,13,7,14],"rotation":90,"texture":"#5"}}},{"from":[1.15,9,8.25],"to":[2.05,9.25,8.45],"rotation":{"angle":-45,"axis":"x","origin":[1.75,9,8.45]},"faces":{"south":{"uv":[4,14,7,13],"rotation":90,"texture":"#5"}}},{"from":[9.15,9.225,7.875],"to":[10.05,9.45,8.125],"rotation":{"angle":0,"axis":"y","origin":[10.05,9.45,8.125]},"faces":{"east":{"uv":[0,13,1,14],"texture":"#5"},"west":{"uv":[0,13,1,14],"texture":"#5"},"up":{"uv":[5,7,16,8],"rotation":270,"texture":"#5"}}},{"from":[2.05,9.375,7.96519],"to":[9.15,9.425,8.03481],"rotation":{"angle":0,"axis":"x","origin":[8.7,9.25,8]},"faces":{"up":{"uv":[11,13,12,16],"rotation":180,"texture":"#9"}}},{"from":[2.05,9.11519,8.125],"to":[9.15,9.28481,8.175],"rotation":{"angle":-22.5,"axis":"x","origin":[8.7,9.25,8]},"faces":{"south":{"uv":[13,7,16,8],"rotation":90,"texture":"#5"}}},{"from":[2.05,9.11519,7.825],"to":[9.15,9.28481,7.875],"rotation":{"angle":22.5,"axis":"x","origin":[8.7,9.25,8]},"faces":{"north":{"uv":[0,13,3,14],"rotation":270,"texture":"#5"}}},{"from":[2.05,9.375,7.96519],"to":[9.15,9.425,8.03481],"rotation":{"angle":-45,"axis":"x","origin":[8.7,9.25,8]},"faces":{"up":{"uv":[2,13,5,14],"rotation":90,"texture":"#5"}}},{"from":[2.05,9.375,7.96519],"to":[9.15,9.425,8.03481],"rotation":{"angle":45,"axis":"x","origin":[8.7,9.25,8]},"faces":{"up":{"uv":[10,7,13,8],"rotation":90,"texture":"#5"}}},{"from":[2.05,9.375,7.96519],"to":[9.15,9.425,8.03481],"rotation":{"angle":-22.5,"axis":"x","origin":[8.7,9.25,8]},"faces":{"up":{"uv":[4,13,7,14],"rotation":90,"texture":"#5"}}},{"from":[2.05,8.8,7.90054],"to":[9.15,9.3,8.09946],"rotation":{"angle":0,"axis":"x","origin":[5.7,8.8,8]},"faces":{"east":{"uv":[0,13,1,14],"texture":"#5"},"up":{"uv":[4,13,7,14],"rotation":90,"texture":"#5"}}},{"from":[2.25,8.70054,8],"to":[6.95,8.89946,8.5],"rotation":{"angle":0,"axis":"x","origin":[5.7,8.8,8]},"faces":{"south":{"uv":[0,13,3,14],"rotation":270,"texture":"#5"},"west":{"uv":[0,13,1,14],"rotation":270,"texture":"#5"}}},{"from":[2.25,8.70054,7.5],"to":[9.15,8.89946,8],"rotation":{"angle":0,"axis":"x","origin":[5.7,8.8,8]},"faces":{"north":{"uv":[0,13,3,14],"rotation":270,"texture":"#5"},"east":{"uv":[0,13,1,14],"rotation":90,"texture":"#5"},"west":{"uv":[0,13,1,14],"rotation":270,"texture":"#5"}}},{"from":[2.051,8.70054,7.5],"to":[9.151,8.89946,8],"rotation":{"angle":22.5,"axis":"x","origin":[5.7,8.8,8]},"faces":{"north":{"uv":[0,13,3,14],"rotation":270,"texture":"#5"},"west":{"uv":[1,12,4,13],"rotation":270,"texture":"#5"}}},{"from":[2.05,8.70054,8],"to":[6.95,8.89946,8.5],"rotation":{"angle":-22.5,"axis":"x","origin":[5.7,8.8,8]},"faces":{"south":{"uv":[0,13,3,14],"rotation":270,"texture":"#5"},"west":{"uv":[1,12,4,13],"rotation":270,"texture":"#5"}}},{"from":[2.05,8.8,7.90054],"to":[9.15,9.3,8.09946],"rotation":{"angle":-45,"axis":"x","origin":[5.7,8.8,8]},"faces":{"west":{"uv":[3,12,4,13],"texture":"#5"},"up":{"uv":[1,13,7,14],"rotation":90,"texture":"#5"}}},{"from":[2.05,8.8,7.90054],"to":[6.95,9.3,8.09946],"rotation":{"angle":45,"axis":"x","origin":[5.7,8.8,8]},"faces":{"west":{"uv":[3,12,4,13],"texture":"#5"},"up":{"uv":[2,13,7,14],"rotation":270,"texture":"#5"}}},{"from":[2.05,8.8,7.90054],"to":[9.15,9.3,8.09946],"rotation":{"angle":-22.5,"axis":"x","origin":[5.7,8.8,8]},"faces":{"up":{"uv":[2,13,6,14],"rotation":270,"texture":"#5"}}},{"from":[2.05,8.8,7.90054],"to":[9.15,9.3,8.09946],"rotation":{"angle":22.5,"axis":"x","origin":[5.7,8.8,8]},"faces":{"up":{"uv":[2,13,6,14],"rotation":90,"texture":"#5"}}},{"from":[2.05,9.375,7.96519],"to":[9.15,9.425,8.03481],"rotation":{"angle":22.5,"axis":"x","origin":[8.7,9.25,8]},"faces":{"up":{"uv":[10,13,11,16],"texture":"#9"}}},{"from":[9.15,8.85,7.7],"to":[9.25,9.45,8.125],"rotation":{"angle":-45,"axis":"x","origin":[10.05,9.45,8.125]},"faces":{"east":{"uv":[0,13,1,14],"rotation":270,"texture":"#5"},"south":{"uv":[0,13,7,14],"rotation":90,"texture":"#5"},"west":{"uv":[0,13,1,14],"rotation":90,"texture":"#5"}}},{"from":[6.85,8.85,7.7],"to":[6.95,9.25,8.125],"rotation":{"angle":-45,"axis":"x","origin":[10.05,9.45,8.125]},"faces":{"east":{"uv":[0,13,1,14],"rotation":270,"texture":"#5"},"south":{"uv":[0,13,7,14],"rotation":90,"texture":"#5"},"west":{"uv":[0,13,1,14],"rotation":90,"texture":"#5"},"up":{"uv":[7,12.5,16,12.51],"rotation":270,"texture":"#5"}}},{"from":[6.95,9.15,7.7],"to":[9.15,9.25,8.125],"rotation":{"angle":-45,"axis":"x","origin":[10.05,9.45,8.125]},"faces":{"south":{"uv":[0,13,1,14],"rotation":90,"texture":"#5"},"up":{"uv":[7,12.5,16,12.51],"rotation":270,"texture":"#5"},"down":{"uv":[0,13,1,14],"texture":"#5"}}},{"from":[9.15,8.7,7.45],"to":[9.25,9.025,8.55],"rotation":{"angle":0,"axis":"x","origin":[10.05,9.45,8.125]},"faces":{"north":{"uv":[12,5,16,6],"rotation":270,"texture":"#9"},"east":{"uv":[0,13,1,14],"texture":"#5"},"south":{"uv":[12,5,16,6],"rotation":270,"texture":"#9"},"west":{"uv":[0,13,1,14],"texture":"#5"},"up":{"uv":[0,13,7,14],"rotation":90,"texture":"#5"}}},{"from":[6.85,8.7,7.95],"to":[6.95,9.025,8.55],"rotation":{"angle":0,"axis":"x","origin":[6.9,8.8625,8]},"faces":{"east":{"uv":[0,13,1,14],"texture":"#5"},"south":{"uv":[12,5,16,6],"rotation":270,"texture":"#9"},"west":{"uv":[0,13,1,14],"texture":"#5"},"up":{"uv":[0,13,7,14],"rotation":90,"texture":"#5"}}},{"from":[9.25,8.625,7.8],"to":[10.05,9.45,8.125],"rotation":{"angle":-22.5,"axis":"x","origin":[10.05,9.45,8.125]},"faces":{"east":{"uv":[0,13,1,14],"rotation":270,"texture":"#5"},"south":{"uv":[0,13,7,14],"rotation":90,"texture":"#5"},"west":{"uv":[0.01,5,0.01,8],"rotation":90,"texture":"#5"}}},{"from":[9.15,8.85,7.875],"to":[9.25,9.45,8.3],"rotation":{"angle":45,"axis":"x","origin":[10.05,9.45,7.875]},"faces":{"north":{"uv":[0,14,7,13],"rotation":90,"texture":"#5"},"east":{"uv":[0,14,1,13],"rotation":270,"texture":"#5"},"west":{"uv":[0,14,1,13],"rotation":90,"texture":"#5"}}},{"from":[9.25,8.625,7.875],"to":[10.05,9.45,8.2],"rotation":{"angle":22.5,"axis":"x","origin":[10.05,9.45,7.875]},"faces":{"north":{"uv":[0,14,7,13],"rotation":90,"texture":"#5"},"east":{"uv":[0,14,1,13],"rotation":270,"texture":"#5"},"west":{"uv":[0.01,8,0.01,5],"rotation":90,"texture":"#5"}}},{"from":[10.5,8.325,7.96022],"to":[22.4,8.375,8.03978],"faces":{"south":{"uv":[11,15,12,16],"texture":"#9"},"up":{"uv":[1,8,7,9],"rotation":90,"texture":"#9"},"down":{"uv":[6,9,7,10],"texture":"#5"}}},{"from":[6.65,3.7,7.599],"to":[9.025,7.6,8.401],"faces":{"north":{"uv":[0,3,2,13],"rotation":270,"texture":"#1"},"east":{"uv":[0,10,3,11],"texture":"#2"},"south":{"uv":[0,3,2,13],"rotation":90,"texture":"#1"},"west":{"uv":[0,10,3,11],"texture":"#2"},"down":{"uv":[1,1,3,11],"rotation":90,"texture":"#1"}}},{"from":[-5.4,4.95,7.499],"to":[0.9,5.75,8.501],"rotation":{"angle":22.5,"axis":"z","origin":[-5.4,4.95,7.298]},"faces":{"north":{"uv":[0,0,8,10],"rotation":270,"texture":"#14"},"south":{"uv":[7,0,0,10],"rotation":90,"texture":"#14"},"down":{"uv":[0,0,16,16],"rotation":90,"texture":"#15"}}},{"from":[6.95,9,8.3],"to":[9.15,9.3,8.5],"rotation":{"angle":-45,"axis":"x","origin":[8.0625,9,8.5]},"faces":{"south":{"uv":[0,13,16,16],"rotation":180,"texture":"#7"}}},{"from":[4.5256,6.64493,7.899],"to":[4.6256,7.21993,8.101],"rotation":{"angle":0,"axis":"y","origin":[11,4.8,7.999]},"faces":{"north":{"uv":[0,0,0.1,0.5],"texture":"#5"},"east":{"uv":[0,0,0.2,0.5],"texture":"#5"},"south":{"uv":[0,0,0.1,0.5],"texture":"#5"},"west":{"uv":[0,0,1,5],"rotation":180,"texture":"#5"},"down":{"uv":[0,0,0.1,0.2],"texture":"#5"}}},{"from":[4.365,6.09,7.8],"to":[5.35,6.19,8.2],"rotation":{"angle":0,"axis":"y","origin":[10.9,7.3,8]},"faces":{"north":{"uv":[3,2,10,4],"rotation":180,"texture":"#7"},"south":{"uv":[6,2,2,4],"rotation":180,"texture":"#7"},"up":{"uv":[3,1,12,4],"texture":"#7"},"down":{"uv":[10,10,16,11],"rotation":180,"texture":"#5"}}},{"from":[6.3,6.85,7.75],"to":[7.1,7.375,8.25],"rotation":{"angle":0,"axis":"y","origin":[9.9,11.7,8]},"faces":{"north":{"uv":[0,0,5,5],"texture":"#2"},"west":{"uv":[0,0,3.4,5.8],"texture":"#2"},"down":{"uv":[7,4,8,5],"texture":"#5"}}},{"from":[3.6875,6.9625,7.525],"to":[3.9125,7.7625,7.575],"rotation":{"angle":-22.5,"axis":"z","origin":[3.5,7.5625,7.65]},"faces":{"north":{"uv":[0,0,5,5],"rotation":90,"texture":"#2"},"east":{"uv":[7,4,8,5],"rotation":270,"texture":"#5"},"south":{"uv":[0,0,1,1],"rotation":270,"texture":"#5"},"west":{"uv":[0,0,7,1],"rotation":180,"texture":"#2"},"up":{"uv":[0,0,8,1],"rotation":270,"texture":"#2"},"down":{"uv":[0,0,5.4,0.8],"rotation":90,"texture":"#2"}}},{"from":[3.6875,6.9625,7.425],"to":[3.9125,7.1875,7.525],"rotation":{"angle":-22.5,"axis":"z","origin":[3.5,7.5625,7.65]},"faces":{"north":{"uv":[0,0,5,5],"rotation":90,"texture":"#2"},"east":{"uv":[7,4,8,5],"rotation":270,"texture":"#5"},"west":{"uv":[10,2,11,7],"rotation":90,"texture":"#9"},"up":{"uv":[0,0,8,1],"rotation":270,"texture":"#2"},"down":{"uv":[5,0,7.4,0.8],"rotation":90,"texture":"#2"}}},{"from":[4.15,6.325,7.8],"to":[4.25,7.2,8.2],"rotation":{"angle":0,"axis":"y","origin":[10.9,7.3,8]},"faces":{"north":{"uv":[2,2,6,4],"rotation":90,"texture":"#7"},"east":{"uv":[3,1,12,4],"rotation":270,"texture":"#7"},"south":{"uv":[6,2,2,4],"rotation":270,"texture":"#7"}}},{"from":[4.075,6.8,7.95],"to":[4.475,6.9,8.05],"rotation":{"angle":0,"axis":"y","origin":[10.9,7.3,8.15]},"faces":{"north":{"uv":[0,2,6,3],"rotation":90,"texture":"#7"},"south":{"uv":[6,2,0,3],"rotation":270,"texture":"#7"},"up":{"uv":[0,0,1,1],"texture":"#2"},"down":{"uv":[0,0,1,1],"texture":"#2"}}},{"from":[4.178,8.06,7.799],"to":[4.278,8.385,8.201],"rotation":{"angle":45,"axis":"z","origin":[6.65,7.3,8]},"faces":{"north":{"uv":[3,2,6,4],"rotation":90,"texture":"#7"},"east":{"uv":[3,1,12,4],"rotation":270,"texture":"#7"},"south":{"uv":[6,2,2,4],"rotation":270,"texture":"#7"},"west":{"uv":[0,0,1.3,0.4],"rotation":270,"texture":"#5"}}},{"from":[4.935,7.506,7.799],"to":[5.335,7.606,8.201],"rotation":{"angle":45,"axis":"z","origin":[6.85,7.3,8]},"faces":{"north":{"uv":[3,2,7,4],"rotation":180,"texture":"#7"},"south":{"uv":[6,2,2,4],"rotation":180,"texture":"#7"},"up":{"uv":[3,1,12,4],"rotation":180,"texture":"#7"},"down":{"uv":[2,1,10,2],"rotation":180,"texture":"#0"}}},{"from":[4.935,5.744,7.799],"to":[5.335,5.844,8.201],"rotation":{"angle":-45,"axis":"z","origin":[6.85,6.05,8]},"faces":{"north":{"uv":[3,4,7,2],"rotation":180,"texture":"#7"},"south":{"uv":[6,4,2,2],"rotation":180,"texture":"#7"},"up":{"uv":[0,5.5,1,5.51],"rotation":180,"texture":"#0"},"down":{"uv":[10,1,13,0],"rotation":90,"texture":"#9"}}},{"from":[6.175,6.425,8.1],"to":[6.475,7.1,8.35],"rotation":{"angle":0,"axis":"z","origin":[6.1,6.75,8]},"faces":{"north":{"uv":[1,3,4,11],"texture":"#7"},"east":{"uv":[0,0,2,2],"texture":"#5"},"south":{"uv":[1,3,4,10],"rotation":180,"texture":"#7"},"west":{"uv":[13,0,14,16],"rotation":180,"texture":"#8"},"up":{"uv":[0,13,1,14],"texture":"#5"},"down":{"uv":[7,4,8,5],"texture":"#5"}}},{"from":[22.575,8.835,7.949],"to":[22.675,8.935,8.051],"rotation":{"angle":0,"axis":"y","origin":[10.6,8,7.998]},"faces":{"north":{"uv":[10,11,7,14],"texture":"#8"},"south":{"uv":[7,11,10,14],"texture":"#8"}}},{"from":[17.775,8.435,7.499],"to":[17.975,8.635,8.501],"rotation":{"angle":0,"axis":"y","origin":[10.6,8,7.998]},"faces":{"north":{"uv":[10,11,7,14],"texture":"#8"},"south":{"uv":[7,11,10,14],"texture":"#8"}}},{"from":[16.775,7.937,7.9],"to":[16.975,8.439,8.1],"rotation":{"angle":0,"axis":"x","origin":[10.6,8,8.535]},"faces":{"down":{"uv":[10,11,7,14],"rotation":180,"texture":"#8"}}},{"from":[15.875,7.937,7.9],"to":[16.075,8.439,8.1],"rotation":{"angle":0,"axis":"x","origin":[10.6,8,8.535]},"faces":{"down":{"uv":[10,11,7,14],"rotation":180,"texture":"#8"}}},{"from":[14.975,7.937,7.9],"to":[15.175,8.439,8.1],"rotation":{"angle":0,"axis":"x","origin":[10.6,8,8.535]},"faces":{"down":{"uv":[10,11,7,14],"rotation":180,"texture":"#8"}}},{"from":[11.575,7.937,7.9],"to":[11.775,8.439,8.1],"rotation":{"angle":0,"axis":"x","origin":[10.6,8,8.535]},"faces":{"down":{"uv":[10,11,7,14],"rotation":180,"texture":"#8"}}},{"from":[1.15,7.4,7.55],"to":[6.05,9,8.45],"faces":{"north":{"uv":[3,13,10,14],"rotation":90,"texture":"#0"},"south":{"uv":[0,14,5,13],"rotation":90,"texture":"#0"},"down":{"uv":[2.5,11,2.51,12],"texture":"#5"}}},{"from":[4.15,7.175,7.55],"to":[6.05,7.4,8.45],"faces":{"north":{"uv":[9,13.5,10,13.51],"rotation":90,"texture":"#0"},"south":{"uv":[4,13.5,5,13.51],"rotation":90,"texture":"#0"},"west":{"uv":[0.01,5,0.01,8],"texture":"#5"},"down":{"uv":[4,6,12,7],"rotation":90,"texture":"#5"}}},{"from":[6.051,7.5,7.5],"to":[9.1,8.6,8.5],"faces":{"north":{"uv":[3,13,10,14],"rotation":90,"texture":"#0"},"south":{"uv":[0,14,5,13],"rotation":90,"texture":"#0"},"west":{"uv":[0.01,5,0.01,8],"texture":"#5"},"down":{"uv":[2.5,11,2.51,12],"texture":"#5"}}},{"from":[6.05,7.15,7.5],"to":[6.65,7.5,8.35],"faces":{"north":{"uv":[9,13,10,14],"rotation":90,"texture":"#0"},"east":{"uv":[0.01,5,0.01,8],"texture":"#5"},"west":{"uv":[2.5,7,2.5,10],"texture":"#5"},"down":{"uv":[2.5,11,2.51,12],"texture":"#5"}}},{"from":[6.95,8.7,8.3],"to":[9.15,9,8.5],"rotation":{"angle":0,"axis":"y","origin":[9.2,8.2,8.1]},"faces":{"south":{"uv":[13,0,16,16],"rotation":90,"texture":"#7"}}},{"from":[18,9.325,7.8125],"to":[18.5,9.75,8.1875],"rotation":{"angle":0,"axis":"y","origin":[1.1,8.2,8]},"faces":{"north":{"uv":[0,0,16,1],"rotation":180,"texture":"#2"},"east":{"uv":[6,0,7,14],"rotation":270,"texture":"#2"},"south":{"uv":[0,0,16,1],"texture":"#2"},"west":{"uv":[11,0,12,15],"texture":"#2"},"up":{"uv":[0,9,1,15],"texture":"#9"}}},{"from":[1,9.425,7.8375],"to":[1.4,9.65,8.1625],"rotation":{"angle":0,"axis":"y","origin":[1.1,8.2,8]},"faces":{"north":{"uv":[0,0,16,1],"rotation":180,"texture":"#2"},"east":{"uv":[6,0,7,14],"rotation":270,"texture":"#2"},"south":{"uv":[0,0,16,1],"texture":"#2"},"west":{"uv":[11,0,12,15],"texture":"#2"},"up":{"uv":[0,9,1,15],"texture":"#9"}}},{"from":[1.299,9.65,7.8375],"to":[1.401,9.895,8.1625],"rotation":{"angle":0,"axis":"y","origin":[1.1,8.2,8.025]},"faces":{"north":{"uv":[12,0,16,1],"rotation":180,"texture":"#2"},"east":{"uv":[7,2,8,14],"texture":"#2"},"south":{"uv":[12,0,16,1],"texture":"#2"},"west":{"uv":[0,1,16,2],"texture":"#2"},"up":{"uv":[12,0,16,0.1],"rotation":180,"texture":"#2"}}},{"from":[1.299,9.895,7.8375],"to":[1.399,9.9647,7.9625],"rotation":{"angle":0,"axis":"y","origin":[1.35,9.93232,8]},"faces":{"north":{"uv":[16,0.5,12,0.51],"rotation":180,"texture":"#2"},"east":{"uv":[12,0,11,2],"texture":"#2"},"south":{"uv":[16,0.5,12,0.51],"texture":"#2"},"west":{"uv":[6,14,7,0],"rotation":270,"texture":"#2"}}},{"from":[1.299,9.895,8.0375],"to":[1.399,9.9647,8.1625],"rotation":{"angle":0,"axis":"y","origin":[1.35,9.93232,8]},"faces":{"north":{"uv":[12,0.5,16,0.51],"texture":"#2"},"east":{"uv":[11,0,12,2],"texture":"#2"},"south":{"uv":[12,0.5,16,0.51],"rotation":180,"texture":"#2"},"west":{"uv":[6,0,7,14],"rotation":270,"texture":"#2"}}},{"from":[1.3,9.76982,7.96768],"to":[1.4,9.89482,8.03232],"rotation":{"angle":-22.5,"axis":"x","origin":[1.35,9.93232,8]},"faces":{"east":{"uv":[11,2,12,0],"rotation":90,"texture":"#2"},"west":{"uv":[7,0,6,14],"texture":"#2"},"up":{"uv":[16,0.5,12,0.51],"texture":"#2"}}},{"from":[1.3,9.96982,7.96768],"to":[1.4,10.09482,8.03232],"rotation":{"angle":-22.5,"axis":"x","origin":[1.35,9.93232,8]},"faces":{"east":{"uv":[9,0,8,3],"texture":"#2"},"west":{"uv":[7,0,6,14],"rotation":180,"texture":"#2"},"up":{"uv":[16,0.5,12,0.51],"texture":"#2"},"down":{"uv":[16,0.5,12,0.51],"texture":"#2"}}},{"from":[1.3,9.9,8.0375],"to":[1.4,9.96465,8.1625],"rotation":{"angle":45,"axis":"x","origin":[1.35,9.93232,8]},"faces":{"north":{"uv":[16,0.5,12,0.51],"rotation":180,"texture":"#2"},"east":{"uv":[12,0,11,2],"texture":"#2"},"west":{"uv":[6,14,7,0],"rotation":90,"texture":"#2"}}},{"from":[1.299,9.9,7.8375],"to":[1.399,9.96465,7.9625],"rotation":{"angle":45,"axis":"x","origin":[1.35,9.93232,8]},"faces":{"north":{"uv":[16,0.5,12,0.51],"rotation":180,"texture":"#2"},"east":{"uv":[9,3,10,0],"rotation":270,"texture":"#2"},"south":{"uv":[16,0.5,12,0.51],"texture":"#2"},"west":{"uv":[6,14,7,0],"rotation":270,"texture":"#2"}}},{"from":[1.3,9.9,8.0375],"to":[1.4,9.96465,8.1625],"rotation":{"angle":22.5,"axis":"x","origin":[1.35,9.93232,8]},"faces":{"north":{"uv":[16,0.5,12,0.51],"rotation":180,"texture":"#2"},"east":{"uv":[12,0,11,2],"texture":"#2"},"west":{"uv":[6,14,7,0],"rotation":90,"texture":"#2"}}},{"from":[1.3,9.9,7.8375],"to":[1.4,9.96465,7.9625],"rotation":{"angle":22.5,"axis":"x","origin":[1.35,9.93232,8]},"faces":{"north":{"uv":[16,0.5,12,0.51],"rotation":180,"texture":"#2"},"east":{"uv":[8,3,9,0],"rotation":270,"texture":"#2"},"south":{"uv":[16,0.5,12,0.51],"texture":"#2"},"west":{"uv":[6,14,7,0],"rotation":270,"texture":"#2"}}},{"from":[1.299,9.96982,7.96768],"to":[1.399,10.09482,8.03232],"rotation":{"angle":0,"axis":"x","origin":[1.35,9.93232,8]},"faces":{"east":{"uv":[9,0,8,3],"texture":"#2"},"west":{"uv":[7,0,6,14],"rotation":180,"texture":"#2"},"up":{"uv":[16,0.5,12,0.51],"texture":"#2"},"down":{"uv":[16,0.5,12,0.51],"texture":"#2"}}},{"from":[1.3,9.76982,7.96768],"to":[1.4,9.89482,8.03232],"rotation":{"angle":22.5,"axis":"x","origin":[1.35,9.93232,8]},"faces":{"east":{"uv":[11,2,12,0],"rotation":270,"texture":"#2"},"west":{"uv":[7,0,6,14],"texture":"#2"},"up":{"uv":[16,0.5,12,0.51],"texture":"#2"}}},{"from":[1.3,9.96982,7.96768],"to":[1.4,10.09482,8.03232],"rotation":{"angle":22.5,"axis":"x","origin":[1.35,9.93232,8]},"faces":{"east":{"uv":[9,0,8,3],"texture":"#2"},"west":{"uv":[7,0,6,14],"rotation":180,"texture":"#2"},"up":{"uv":[16,0.5,12,0.51],"texture":"#2"},"down":{"uv":[16,0.5,12,0.51],"texture":"#2"}}},{"from":[1.3,9.9,7.8375],"to":[1.4,9.96465,7.9625],"rotation":{"angle":-45,"axis":"x","origin":[1.35,9.93232,8]},"faces":{"east":{"uv":[12,0,11,2],"texture":"#2"},"south":{"uv":[16,0.5,12,0.51],"texture":"#2"},"west":{"uv":[6,14,7,0],"rotation":270,"texture":"#2"}}},{"from":[1.299,9.9,8.0375],"to":[1.399,9.96465,8.1625],"rotation":{"angle":-45,"axis":"x","origin":[1.35,9.93232,8]},"faces":{"north":{"uv":[16,0.5,12,0.51],"rotation":180,"texture":"#2"},"east":{"uv":[9,3,10,0],"rotation":90,"texture":"#2"},"south":{"uv":[16,0.5,12,0.51],"texture":"#2"},"west":{"uv":[6,14,7,0],"rotation":90,"texture":"#2"}}},{"from":[1.3,9.9,7.8375],"to":[1.4,9.96465,7.9625],"rotation":{"angle":-22.5,"axis":"x","origin":[1.35,9.93232,8]},"faces":{"east":{"uv":[12,0,11,2],"texture":"#2"},"south":{"uv":[16,0.5,12,0.51],"texture":"#2"},"west":{"uv":[6,14,7,0],"rotation":270,"texture":"#2"}}},{"from":[1.3,9.9,8.0375],"to":[1.4,9.96465,8.1625],"rotation":{"angle":-22.5,"axis":"x","origin":[1.35,9.93232,8]},"faces":{"north":{"uv":[16,0.5,12,0.51],"rotation":180,"texture":"#2"},"east":{"uv":[8,3,9,0],"rotation":90,"texture":"#2"},"south":{"uv":[16,0.5,12,0.51],"texture":"#2"},"west":{"uv":[6,14,7,0],"rotation":90,"texture":"#2"}}},{"from":[18.0005,9.875,7.8125],"to":[18.4995,10.05,7.8625],"rotation":{"angle":-22.5,"axis":"x","origin":[18.25,9.875,7.8625]},"faces":{"north":{"uv":[15,0,16,6],"texture":"#9"},"east":{"uv":[4,4,5,5],"texture":"#2"},"south":{"uv":[15,0,16,5],"texture":"#9"},"west":{"uv":[6,0,8,1],"texture":"#9"},"up":{"uv":[2,2,4,4],"texture":"#1"}}},{"from":[18.0005,9.875,8.1375],"to":[18.4995,10.05,8.1875],"rotation":{"angle":22.5,"axis":"x","origin":[18.25,9.875,8.1375]},"faces":{"north":{"uv":[16,0,15,5],"texture":"#9"},"east":{"uv":[5,4,4,5],"texture":"#2"},"south":{"uv":[16,0,15,6],"texture":"#9"},"west":{"uv":[8,0,6,1],"texture":"#9"},"up":{"uv":[2,4,4,2],"texture":"#1"}}},{"from":[18,9.75,7.8125],"to":[18.5,9.875,7.8625],"rotation":{"angle":0,"axis":"y","origin":[1.1,8.3,8]},"faces":{"north":{"uv":[9,0,12,1],"rotation":90,"texture":"#9"},"east":{"uv":[4,4,5,5],"texture":"#2"},"south":{"uv":[7,12,11,13],"rotation":90,"texture":"#5"},"west":{"uv":[9,0,12,1],"rotation":90,"texture":"#9"}}},{"from":[18,9.75,8.1375],"to":[18.5,9.875,8.1875],"rotation":{"angle":0,"axis":"y","origin":[1.1,8.3,8]},"faces":{"north":{"uv":[7,13,11,12],"rotation":90,"texture":"#5"},"east":{"uv":[5,4,4,5],"texture":"#2"},"south":{"uv":[9,1,12,0],"rotation":90,"texture":"#9"},"west":{"uv":[9,1,12,0],"rotation":90,"texture":"#9"}}},{"from":[18.225,9.75,7.975],"to":[18.275,9.925,8.025],"rotation":{"angle":0,"axis":"y","origin":[1.1,8.3,7.99]},"faces":{"north":{"uv":[0,0,1,4],"rotation":270,"texture":"#9"},"east":{"uv":[0,0,4,2],"texture":"#2"},"south":{"uv":[0,0,1,1],"texture":"#0"},"west":{"uv":[0,0,1,4],"texture":"#9"},"up":{"uv":[0,13,7,16],"texture":"#9"},"down":{"uv":[2,2,4,4],"texture":"#1"}}},{"from":[19.3,8.064,7.89],"to":[19.5,8.364,8.11],"rotation":{"angle":0,"axis":"y","origin":[7.55,8,7.95]},"faces":{"north":{"uv":[15,0,16,7],"texture":"#9"},"east":{"uv":[4,1,4.6,1.8],"texture":"#5"},"south":{"uv":[15,0,16,7],"texture":"#9"},"west":{"uv":[0,0,0.6,0.8],"texture":"#5"},"up":{"uv":[0,1,16,3],"rotation":270,"texture":"#9"},"down":{"uv":[0,0,0.7,0.6],"texture":"#5"}}},{"from":[-4.9,5.064,7.89],"to":[-4.7,5.364,8.11],"rotation":{"angle":0,"axis":"y","origin":[-16.65,5,7.95]},"faces":{"north":{"uv":[15,0,16,7],"texture":"#9"},"east":{"uv":[4,1,4.6,1.8],"texture":"#5"},"south":{"uv":[15,0,16,7],"texture":"#9"},"west":{"uv":[0,0,0.6,0.8],"texture":"#5"},"up":{"uv":[0,1,16,3],"rotation":270,"texture":"#9"},"down":{"uv":[0,0,0.7,0.6],"texture":"#5"}}},{"from":[19.35,8.114,7.59],"to":[19.425,8.189,8.41],"rotation":{"angle":0,"axis":"y","origin":[7.55,8,7.95]},"faces":{"north":{"uv":[15,0,16,7],"texture":"#9"},"east":{"uv":[4,1,4.6,1.8],"texture":"#5"},"south":{"uv":[15,0,16,7],"texture":"#9"},"west":{"uv":[0,0,0.6,0.8],"texture":"#5"},"up":{"uv":[0,1,16,3],"rotation":270,"texture":"#9"},"down":{"uv":[0,0,0.7,0.6],"texture":"#5"}}},{"from":[-4.85,5.114,7.59],"to":[-4.775,5.189,8.41],"rotation":{"angle":0,"axis":"y","origin":[-16.65,5,7.95]},"faces":{"north":{"uv":[15,0,16,7],"texture":"#9"},"east":{"uv":[4,1,4.6,1.8],"texture":"#5"},"south":{"uv":[15,0,16,7],"texture":"#9"},"west":{"uv":[0,0,0.6,0.8],"texture":"#5"},"up":{"uv":[0,1,16,3],"rotation":270,"texture":"#9"},"down":{"uv":[0,0,0.7,0.6],"texture":"#5"}}},{"from":[19.35,7.714,7.59],"to":[19.425,7.789,8.41],"rotation":{"angle":0,"axis":"y","origin":[7.55,8,7.95]},"faces":{"north":{"uv":[15,0,16,7],"texture":"#9"},"east":{"uv":[4,1,4.6,1.8],"texture":"#5"},"south":{"uv":[15,0,16,7],"texture":"#9"},"west":{"uv":[0,0,0.6,0.8],"texture":"#5"},"up":{"uv":[0,1,16,3],"rotation":270,"texture":"#9"},"down":{"uv":[0,0,0.7,0.6],"texture":"#5"}}},{"from":[-4.85,4.714,7.59],"to":[-4.775,4.789,8.41],"rotation":{"angle":0,"axis":"y","origin":[-16.65,5,7.95]},"faces":{"north":{"uv":[15,0,16,7],"texture":"#9"},"east":{"uv":[4,1,4.6,1.8],"texture":"#5"},"south":{"uv":[15,0,16,7],"texture":"#9"},"west":{"uv":[0,0,0.6,0.8],"texture":"#5"},"up":{"uv":[0,1,16,3],"rotation":270,"texture":"#9"},"down":{"uv":[0,0,0.7,0.6],"texture":"#5"}}},{"from":[19.35,7.7415,8.3625],"to":[19.425,8.1615,8.4375],"rotation":{"angle":0,"axis":"x","origin":[19.3875,7.6515,8]},"faces":{"north":{"uv":[0,0,0.7,0.6],"rotation":180,"texture":"#5"},"east":{"uv":[4,1,4.6,1.8],"rotation":270,"texture":"#5"},"south":{"uv":[0,1,16,3],"rotation":270,"texture":"#9"},"west":{"uv":[0,0,0.6,0.8],"rotation":90,"texture":"#5"},"up":{"uv":[15,0,16,7],"rotation":180,"texture":"#9"},"down":{"uv":[15,0,16,7],"texture":"#9"}}},{"from":[-4.85,4.7415,8.3625],"to":[-4.775,5.1615,8.4375],"rotation":{"angle":0,"axis":"x","origin":[-4.8125,4.6515,8]},"faces":{"north":{"uv":[0,0,0.7,0.6],"rotation":180,"texture":"#5"},"east":{"uv":[4,1,4.6,1.8],"rotation":270,"texture":"#5"},"south":{"uv":[0,1,16,3],"rotation":270,"texture":"#9"},"west":{"uv":[0,0,0.6,0.8],"rotation":90,"texture":"#5"},"up":{"uv":[15,0,16,7],"rotation":180,"texture":"#9"},"down":{"uv":[15,0,16,7],"texture":"#9"}}},{"from":[19.35,7.7415,7.5625],"to":[19.425,8.1615,7.6375],"rotation":{"angle":0,"axis":"x","origin":[19.3875,7.6515,8]},"faces":{"north":{"uv":[0,3,16,1],"rotation":270,"texture":"#9"},"east":{"uv":[4,1.8,4.6,1],"rotation":270,"texture":"#5"},"south":{"uv":[0.7,0,0,0.6],"rotation":180,"texture":"#5"},"west":{"uv":[0,0.8,0.6,0],"rotation":90,"texture":"#5"},"up":{"uv":[15,7,16,0],"rotation":180,"texture":"#9"},"down":{"uv":[15,7,16,0],"texture":"#9"}}},{"from":[-4.85,4.7415,7.5625],"to":[-4.775,5.1615,7.6375],"rotation":{"angle":0,"axis":"x","origin":[-4.8125,4.6515,8]},"faces":{"north":{"uv":[0,3,16,1],"rotation":270,"texture":"#9"},"east":{"uv":[4,1.8,4.6,1],"rotation":270,"texture":"#5"},"south":{"uv":[0.7,0,0,0.6],"rotation":180,"texture":"#5"},"west":{"uv":[0,0.8,0.6,0],"rotation":90,"texture":"#5"},"up":{"uv":[15,7,16,0],"rotation":180,"texture":"#9"},"down":{"uv":[15,7,16,0],"texture":"#9"}}},{"from":[22.399,8.239,7.89],"to":[23.499,8.314,8.11],"rotation":{"angle":0,"axis":"y","origin":[7.55,8,7.95]},"faces":{"north":{"uv":[15,0,16,7],"texture":"#9"},"east":{"uv":[4,1,4.6,1.8],"texture":"#5"},"south":{"uv":[15,0,16,7],"texture":"#9"},"west":{"uv":[0,0,0.6,0.8],"texture":"#5"},"up":{"uv":[0,1,16,3],"rotation":270,"texture":"#9"},"down":{"uv":[0,13,0.7,13.6],"texture":"#5"}}},{"from":[10.5,8.325,7.96022],"to":[22.4,8.375,8.03978],"rotation":{"angle":22.5,"axis":"x","origin":[14.2,8.525,8]},"faces":{"north":{"uv":[8,15,9,16],"texture":"#9"},"up":{"uv":[6,7,11,8],"rotation":90,"texture":"#9"},"down":{"uv":[6,9,7,10],"texture":"#5"}}},{"from":[10.5,8.325,7.96022],"to":[22.4,8.375,8.03978],"rotation":{"angle":45,"axis":"x","origin":[14.2,8.525,8]},"faces":{"up":{"uv":[1,7,9,8],"rotation":90,"texture":"#9"},"down":{"uv":[11,10,14,11],"rotation":270,"texture":"#5"}}},{"from":[10.5,8.325,7.96022],"to":[22.4,8.375,8.03978],"rotation":{"angle":-22.5,"axis":"x","origin":[14.2,8.525,8]},"faces":{"up":{"uv":[6,7,11,8],"rotation":270,"texture":"#9"},"down":{"uv":[12,10,16,11],"texture":"#5"}}},{"from":[10.5,8.325,7.96022],"to":[22.4,8.375,8.03978],"rotation":{"angle":-45,"axis":"x","origin":[14.2,8.525,8]},"faces":{"up":{"uv":[1,7,9,8],"rotation":90,"texture":"#9"},"down":{"uv":[5,13,7,14],"rotation":270,"texture":"#5"}}},{"from":[10.5,8.48522,7.8],"to":[22.4,8.56478,7.85],"rotation":{"angle":22.5,"axis":"x","origin":[14.2,8.525,8]},"faces":{"north":{"uv":[13,14,16,15],"rotation":90,"texture":"#9"},"south":{"uv":[15,0,16,7],"rotation":180,"texture":"#9"},"up":{"uv":[10,15,11,16],"texture":"#9"}}},{"from":[10.5,8.48522,7.8],"to":[22.4,8.56478,7.85],"faces":{"north":{"uv":[9,0,12,1],"rotation":270,"texture":"#9"},"south":{"uv":[9,7,15,8],"rotation":270,"texture":"#9"},"down":{"uv":[8,15,9,16],"rotation":180,"texture":"#9"}}},{"from":[10.5,8.48522,7.8],"to":[22.4,8.56478,7.85],"rotation":{"angle":-22.5,"axis":"x","origin":[14.2,8.525,8]},"faces":{"north":{"uv":[5,13,7,14],"rotation":270,"texture":"#5"},"south":{"uv":[6,7,11,8],"rotation":90,"texture":"#9"}}},{"from":[10.5,8.48522,8.15],"to":[22.4,8.56478,8.2],"rotation":{"angle":22.5,"axis":"x","origin":[14.2,8.525,8]},"faces":{"north":{"uv":[7,7,11,8],"rotation":90,"texture":"#9"},"south":{"uv":[9,0,13,1],"rotation":270,"texture":"#9"},"down":{"uv":[10,15,11,16],"rotation":180,"texture":"#9"}}},{"from":[10.5,8.48522,8.15],"to":[22.4,8.56478,8.2],"rotation":{"angle":-22.5,"axis":"x","origin":[14.2,8.525,8]},"faces":{"north":{"uv":[8,0,14,1],"rotation":270,"texture":"#9"},"south":{"uv":[11,8.99,14,8.99],"rotation":90,"texture":"#9"}}},{"from":[10.5,8.48522,8.15],"to":[22.4,8.56478,8.2],"faces":{"north":{"uv":[2,1,6,2],"rotation":90,"texture":"#9"},"south":{"uv":[4,1,6,2],"rotation":270,"texture":"#9"},"up":{"uv":[10,15,11,16],"texture":"#9"}}},{"from":[10.5,8.675,7.96022],"to":[22.4,8.725,8.03978],"rotation":{"angle":45,"axis":"x","origin":[14.2,8.525,8]},"faces":{"up":{"uv":[3,9,3.1,12],"rotation":180,"texture":"#7"},"down":{"uv":[15,2,16,8],"texture":"#9"}}},{"from":[10.5,8.675,7.96022],"to":[22.4,8.725,8.03978],"rotation":{"angle":22.5,"axis":"x","origin":[14.2,8.525,8]},"faces":{"south":{"uv":[11,15,12,16],"texture":"#9"},"up":{"uv":[8,9,9,13],"rotation":180,"texture":"#9"},"down":{"uv":[6,9,7,10],"texture":"#5"}}},{"from":[10.5,8.675,7.96022],"to":[22.4,8.725,8.03982],"faces":{"north":{"uv":[9,15,10,16],"texture":"#9"},"up":{"uv":[7,11,11,12],"rotation":270,"texture":"#9"},"down":{"uv":[6,9,7,10],"texture":"#5"}}},{"from":[10.5,8.675,7.96022],"to":[22.4,8.725,8.03978],"rotation":{"angle":-22.5,"axis":"x","origin":[14.2,8.525,8]},"faces":{"up":{"uv":[7,9,10,10],"rotation":270,"texture":"#7"},"down":{"uv":[6,9,7,10],"texture":"#5"}}},{"from":[10.5,8.675,7.96022],"to":[22.4,8.725,8.03978],"rotation":{"angle":-45,"axis":"x","origin":[14.2,8.525,8]},"faces":{"up":{"uv":[11,8,15,9],"rotation":270,"texture":"#9"},"down":{"uv":[10,10,16,11],"rotation":270,"texture":"#5"}}},{"from":[26.6375,8.48522,7.8],"to":[27.05,8.56478,7.825],"rotation":{"angle":0,"axis":"y","origin":[47.05,8,8]},"faces":{"north":{"uv":[4,8,5,0],"rotation":90,"texture":"#a"},"east":{"uv":[2,0,3,1],"texture":"#2"},"south":{"uv":[9,8,15,7],"rotation":270,"texture":"#9"},"west":{"uv":[13,6,9,7],"rotation":180,"texture":"#2"}}},{"from":[26.6375,8.48522,7.8],"to":[27.05,8.56478,7.825],"rotation":{"angle":-22.5,"axis":"x","origin":[24.05,8.525,8]},"faces":{"north":{"uv":[6,8,7,0],"rotation":90,"texture":"#a"},"east":{"uv":[1,0,3,1],"rotation":270,"texture":"#2"},"south":{"uv":[6,8,11,7],"rotation":90,"texture":"#9"},"west":{"uv":[13,6,9,7],"rotation":180,"texture":"#2"}}},{"from":[26.6375,8.325,7.96022],"to":[27.05,8.35,8.03978],"rotation":{"angle":45,"axis":"x","origin":[24.05,8.525,8]},"faces":{"east":{"uv":[0,4,1,6],"rotation":90,"texture":"#2"},"west":{"uv":[9,7,13,6],"rotation":90,"texture":"#2"},"up":{"uv":[1,8,9,7],"rotation":90,"texture":"#9"},"down":{"uv":[8,8,9,0],"rotation":270,"texture":"#a"}}},{"from":[26.6375,8.325,7.96022],"to":[27.05,8.35,8.03978],"rotation":{"angle":22.5,"axis":"x","origin":[24.05,8.525,8]},"faces":{"north":{"uv":[9,7,8,8],"texture":"#9"},"east":{"uv":[15,15,16,16],"texture":"#2"},"west":{"uv":[9,7,13,6],"rotation":90,"texture":"#2"},"up":{"uv":[6,8,11,7],"rotation":90,"texture":"#9"},"down":{"uv":[8,8,9,0],"rotation":270,"texture":"#a"}}},{"from":[26.6375,8.325,7.96022],"to":[27.05,8.35,8.03978],"rotation":{"angle":0,"axis":"y","origin":[47.05,8,8]},"faces":{"east":{"uv":[15,15,16,16],"texture":"#2"},"south":{"uv":[9,7,8,8],"texture":"#9"},"west":{"uv":[9,7,13,6],"rotation":90,"texture":"#2"},"up":{"uv":[1,9,7,8],"rotation":90,"texture":"#9"},"down":{"uv":[8,8,9,0],"rotation":270,"texture":"#a"}}},{"from":[26.6375,8.325,7.96022],"to":[27.05,8.35,8.03978],"rotation":{"angle":-22.5,"axis":"x","origin":[24.05,8.525,8]},"faces":{"east":{"uv":[15,15,16,16],"texture":"#2"},"west":{"uv":[9,7,13,6],"rotation":90,"texture":"#2"},"up":{"uv":[6,8,11,7],"rotation":270,"texture":"#9"},"down":{"uv":[8,8,9,0],"rotation":270,"texture":"#a"}}},{"from":[26.6375,8.325,7.96022],"to":[27.05,8.35,8.03978],"rotation":{"angle":-45,"axis":"x","origin":[24.05,8.525,8]},"faces":{"east":{"uv":[0,4,1,6],"rotation":270,"texture":"#2"},"west":{"uv":[9,7,13,6],"rotation":90,"texture":"#2"},"up":{"uv":[1,8,9,7],"rotation":90,"texture":"#9"},"down":{"uv":[8,8,9,0],"rotation":270,"texture":"#a"}}},{"from":[26.6375,8.48522,8.175],"to":[27.05,8.56478,8.2],"rotation":{"angle":0,"axis":"y","origin":[47.05,8,8]},"faces":{"north":{"uv":[2,2,6,1],"rotation":90,"texture":"#9"},"east":{"uv":[2,0,3,1],"texture":"#2"},"south":{"uv":[6,8,7,0],"rotation":270,"texture":"#a"},"west":{"uv":[13,6,9,7],"rotation":180,"texture":"#2"}}},{"from":[26.6375,8.48522,8.175],"to":[27.05,8.56478,8.2],"rotation":{"angle":22.5,"axis":"x","origin":[24.05,8.525,8]},"faces":{"north":{"uv":[7,8,11,7],"rotation":90,"texture":"#9"},"east":{"uv":[1,0,3,1],"rotation":270,"texture":"#2"},"south":{"uv":[8,8,9,0],"rotation":270,"texture":"#a"},"west":{"uv":[13,6,9,7],"rotation":180,"texture":"#2"}}},{"from":[26.6375,8.48522,8.175],"to":[27.05,8.56478,8.2],"rotation":{"angle":-22.5,"axis":"x","origin":[24.05,8.525,8]},"faces":{"north":{"uv":[8,1,14,0],"rotation":270,"texture":"#9"},"east":{"uv":[3,0,5,1],"rotation":270,"texture":"#2"},"south":{"uv":[12,8,13,0],"rotation":270,"texture":"#a"},"west":{"uv":[13,6,9,7],"rotation":180,"texture":"#2"}}},{"from":[26.6375,8.7,7.96022],"to":[27.05,8.725,8.03978],"rotation":{"angle":22.5,"axis":"x","origin":[24.05,8.525,8]},"faces":{"east":{"uv":[5,0,7,1],"texture":"#2"},"west":{"uv":[9,7,13,6],"rotation":90,"texture":"#2"},"up":{"uv":[13,8,14,0],"rotation":270,"texture":"#a"},"down":{"uv":[9,12,6,13],"rotation":90,"texture":"#5"}}},{"from":[26.6375,8.7,7.96022],"to":[27.05,8.725,8.03978],"rotation":{"angle":45,"axis":"x","origin":[24.05,8.525,8]},"faces":{"east":{"uv":[5,0,6,1],"texture":"#2"},"west":{"uv":[9,7,13,6],"rotation":90,"texture":"#2"},"up":{"uv":[13,8,14,0],"rotation":270,"texture":"#a"},"down":{"uv":[16,2,15,8],"texture":"#9"}}},{"from":[26.6375,8.7,7.96022],"to":[27.05,8.725,8.03978],"rotation":{"angle":0,"axis":"y","origin":[47.05,8,8]},"faces":{"east":{"uv":[7,0,8,1],"texture":"#2"},"west":{"uv":[9,7,13,6],"rotation":90,"texture":"#2"},"up":{"uv":[13,8,14,0],"rotation":270,"texture":"#a"},"down":{"uv":[7,9,6,10],"texture":"#5"}}},{"from":[26.6375,8.7,7.96022],"to":[27.05,8.725,8.03978],"rotation":{"angle":-45,"axis":"x","origin":[24.05,8.525,8]},"faces":{"east":{"uv":[5,0,6,1],"texture":"#2"},"west":{"uv":[9,7,13,6],"rotation":90,"texture":"#2"},"up":{"uv":[9,8,10,0],"rotation":270,"texture":"#a"},"down":{"uv":[10,11,16,10],"rotation":270,"texture":"#5"}}},{"from":[26.6375,8.7,7.96022],"to":[27.05,8.725,8.03978],"rotation":{"angle":-22.5,"axis":"x","origin":[24.05,8.525,8]},"faces":{"east":{"uv":[5,0,7,1],"rotation":180,"texture":"#2"},"west":{"uv":[9,7,13,6],"rotation":90,"texture":"#2"},"up":{"uv":[9,8,10,0],"rotation":270,"texture":"#a"},"down":{"uv":[7,9,6,10],"texture":"#5"}}},{"from":[26.6375,8.48522,7.8],"to":[27.05,8.56478,7.825],"rotation":{"angle":22.5,"axis":"x","origin":[24.05,8.525,8]},"faces":{"north":{"uv":[12,8,13,0],"rotation":90,"texture":"#a"},"east":{"uv":[3,0,5,1],"rotation":270,"texture":"#2"},"south":{"uv":[16,0,15,7],"rotation":180,"texture":"#9"},"west":{"uv":[13,6,9,7],"rotation":180,"texture":"#2"}}},{"from":[19.1,8.275,7.89645],"to":[19.7,8.775,8.10355],"rotation":{"angle":-45,"axis":"x","origin":[19.05,8.525,8]},"faces":{"east":{"uv":[7,4,7.6,4.6],"texture":"#5"},"west":{"uv":[7,4,7.6,4.6],"texture":"#5"},"up":{"uv":[15,0,16,7],"texture":"#9"},"down":{"uv":[11,10,16,11],"rotation":90,"texture":"#5"}}},{"from":[19.1,8.42145,7.75],"to":[19.7,8.62855,8.25],"rotation":{"angle":0,"axis":"y","origin":[7.85,8,8]},"faces":{"north":{"uv":[15,0,16,7],"texture":"#9"},"east":{"uv":[7,4,7.6,4.6],"rotation":90,"texture":"#5"},"south":{"uv":[15,0,16,7],"texture":"#9"},"west":{"uv":[7,4,7.6,4.6],"rotation":270,"texture":"#5"}}},{"from":[19.1,8.275,7.89645],"to":[19.7,8.775,8.10355],"rotation":{"angle":45,"axis":"x","origin":[19.05,8.525,8]},"faces":{"east":{"uv":[7,4,7.6,4.6],"texture":"#5"},"west":{"uv":[7,4,7.6,4.6],"texture":"#5"},"up":{"uv":[15,0,16,7],"rotation":180,"texture":"#9"},"down":{"uv":[11,10,16,11],"rotation":270,"texture":"#5"}}},{"from":[19.1,8.275,7.89645],"to":[19.7,8.775,8.10355],"rotation":{"angle":0,"axis":"y","origin":[7.85,8,8]},"faces":{"east":{"uv":[7,4,7.6,4.6],"texture":"#5"},"west":{"uv":[7,4,7.6,4.6],"texture":"#5"},"up":{"uv":[1,7,8,8],"rotation":90,"texture":"#9"},"down":{"uv":[0,0,0.69984,0.59951],"texture":"#5"}}},{"from":[10.2,7.975,7.8906],"to":[10.6,9.075,8.1094],"rotation":{"angle":0,"axis":"y","origin":[10.4,8.525,8]},"faces":{"east":{"uv":[7,4,7.6,4.6],"texture":"#5"},"west":{"uv":[7,4,7.6,4.6],"texture":"#5"},"up":{"uv":[1,2,6,3],"rotation":90,"texture":"#5"},"down":{"uv":[0,13,0.7,13.6],"texture":"#5"}}},{"from":[9.2,8.075,7.8136],"to":[10.2,8.975,8.1864],"rotation":{"angle":0,"axis":"y","origin":[9.95,8.525,8]},"faces":{"up":{"uv":[1,2,6,3],"rotation":90,"texture":"#5"},"down":{"uv":[0,13,0.7,13.6],"texture":"#5"}}},{"from":[9.2,8.3386,7.55],"to":[10.2,8.7114,8.45],"rotation":{"angle":0,"axis":"x","origin":[9.95,8.525,8]},"faces":{"north":{"uv":[2,13,6.7,13.6],"rotation":270,"texture":"#5"},"south":{"uv":[2,13,7,14],"rotation":270,"texture":"#5"}}},{"from":[9.2,8.075,7.8136],"to":[10.2,8.975,8.1864],"rotation":{"angle":-45,"axis":"x","origin":[9.95,8.525,8]},"faces":{"up":{"uv":[2,13,7,14],"rotation":270,"texture":"#5"},"down":{"uv":[0,13,0.7,13.6],"texture":"#5"}}},{"from":[9.2,8.075,7.8136],"to":[10.2,8.975,8.1864],"rotation":{"angle":45,"axis":"x","origin":[9.95,8.525,8]},"faces":{"up":{"uv":[2,13,7,14],"rotation":90,"texture":"#5"},"down":{"uv":[0,13,0.7,13.6],"texture":"#5"}}},{"from":[10.2,8.4156,7.45],"to":[10.6,8.6344,8.55],"rotation":{"angle":22.5,"axis":"x","origin":[10.4,8.525,8]},"faces":{"north":{"uv":[1,7,8,8],"rotation":270,"texture":"#9"},"east":{"uv":[7,4,7.6,4.6],"rotation":90,"texture":"#5"},"south":{"uv":[6,13,6.7,13.6],"texture":"#5"},"west":{"uv":[7,4,7.6,4.6],"rotation":270,"texture":"#5"}}},{"from":[10.2,8.4156,7.45],"to":[10.6,8.6344,8.55],"rotation":{"angle":0,"axis":"x","origin":[10.4,8.525,8]},"faces":{"north":{"uv":[12,5,15.7,5.6],"rotation":90,"texture":"#9"},"east":{"uv":[7,4,7.6,4.6],"rotation":270,"texture":"#5"},"south":{"uv":[12,5,16,6],"rotation":90,"texture":"#9"},"west":{"uv":[7,4,7.6,4.6],"rotation":90,"texture":"#5"}}},{"from":[10.2,8.4156,7.45],"to":[10.6,8.6344,8.55],"rotation":{"angle":-22.5,"axis":"x","origin":[10.4,8.525,8]},"faces":{"north":{"uv":[6,13,6.7,13.6],"rotation":180,"texture":"#5"},"east":{"uv":[7,4,7.6,4.6],"rotation":270,"texture":"#5"},"south":{"uv":[1,7,8,8],"rotation":90,"texture":"#9"},"west":{"uv":[7,4,7.6,4.6],"rotation":90,"texture":"#5"}}},{"from":[10.2,7.975,7.8906],"to":[10.6,9.075,8.1094],"rotation":{"angle":45,"axis":"x","origin":[10.4,8.525,8]},"faces":{"east":{"uv":[7,4,7.6,4.6],"texture":"#5"},"west":{"uv":[7,4,7.6,4.6],"texture":"#5"},"up":{"uv":[12,5,16,6],"rotation":270,"texture":"#9"},"down":{"uv":[3,14,3.7,14.6],"texture":"#5"}}},{"from":[10.2,7.975,7.8906],"to":[10.6,9.075,8.1094],"rotation":{"angle":22.5,"axis":"x","origin":[10.4,8.525,8]},"faces":{"east":{"uv":[7,4,7.6,4.6],"texture":"#5"},"west":{"uv":[7,4,7.6,4.6],"texture":"#5"},"up":{"uv":[4,13,7,14],"rotation":90,"texture":"#5"},"down":{"uv":[2,14,2.7,14.6],"texture":"#5"}}},{"from":[10.2,7.975,7.8906],"to":[10.6,9.075,8.1094],"rotation":{"angle":-45,"axis":"x","origin":[10.4,8.525,8]},"faces":{"east":{"uv":[7,4,7.6,4.6],"texture":"#5"},"west":{"uv":[7,4,7.6,4.6],"texture":"#5"},"up":{"uv":[12,5,16,6],"rotation":90,"texture":"#9"},"down":{"uv":[0,0,0.69984,0.59951],"texture":"#5"}}},{"from":[10.2,7.975,7.8906],"to":[10.6,9.075,8.1094],"rotation":{"angle":-22.5,"axis":"x","origin":[10.4,8.525,8]},"faces":{"east":{"uv":[7,4,7.6,4.6],"texture":"#5"},"west":{"uv":[7,4,7.6,4.6],"texture":"#5"},"up":{"uv":[4,13,7,14],"rotation":270,"texture":"#5"},"down":{"uv":[2,14,2.7,14.6],"texture":"#5"}}},{"from":[17.025,8.125,7.83431],"to":[18.725,9.025,8.16569],"rotation":{"angle":0,"axis":"y","origin":[17.925,8.525,8]},"faces":{"north":{"uv":[0,0,1,1],"texture":"#5"},"east":{"uv":[7,4,7.6,4.6],"texture":"#5"},"south":{"uv":[0,0,1,1],"texture":"#5"},"west":{"uv":[0,0,6,1],"texture":"#5"},"up":{"uv":[0,0,7,1],"rotation":90,"texture":"#5"},"down":{"uv":[0,0,5.7,0.6],"texture":"#5"}}},{"from":[17.025,9.025,7.88431],"to":[18.725,9.225,8.11569],"rotation":{"angle":0,"axis":"y","origin":[17.925,8.525,7.95]},"faces":{"north":{"uv":[0,0,1,1],"texture":"#5"},"east":{"uv":[7,4,7.6,4.6],"texture":"#5"},"south":{"uv":[0,0,1,1],"texture":"#5"}}},{"from":[17.125,8.35931,7.6],"to":[18.725,8.69069,8.4],"rotation":{"angle":0,"axis":"x","origin":[19.925,8.525,8]},"faces":{"north":{"uv":[0,0,5.7,0.6],"rotation":180,"texture":"#5"},"east":{"uv":[7,4,7.6,4.6],"rotation":270,"texture":"#5"},"south":{"uv":[0,0,7,1],"rotation":90,"texture":"#5"},"west":{"uv":[0,0,1,1],"rotation":90,"texture":"#5"}}},{"from":[17.125,8.125,7.83431],"to":[18.725,8.925,8.16569],"rotation":{"angle":45,"axis":"x","origin":[17.925,8.525,8]},"faces":{"east":{"uv":[7,4,7.6,4.6],"texture":"#5"},"west":{"uv":[0,0,1,1],"texture":"#5"},"up":{"uv":[0,0,7,1],"rotation":90,"texture":"#5"},"down":{"uv":[0,0,5.7,0.6],"texture":"#5"}}},{"from":[17.125,8.125,7.83431],"to":[18.725,8.925,8.16569],"rotation":{"angle":-45,"axis":"x","origin":[17.925,8.525,8]},"faces":{"east":{"uv":[7,4,7.6,4.6],"texture":"#5"},"west":{"uv":[0,0,1,1],"texture":"#5"},"up":{"uv":[0,0,7,1],"rotation":90,"texture":"#5"},"down":{"uv":[0,0,5.7,0.6],"texture":"#5"}}},{"from":[22.45,8.775,7.95025],"to":[22.8,9,8.04975],"rotation":{"angle":0,"axis":"y","origin":[7.85,8,8.0538]},"faces":{"north":{"uv":[5,1,0,3],"rotation":90,"texture":"#9"},"east":{"uv":[11,9,12,16],"texture":"#9"},"south":{"uv":[0,1,5,3],"rotation":270,"texture":"#9"},"west":{"uv":[9,5,14,6],"texture":"#9"},"up":{"uv":[10,7,14,8],"rotation":90,"texture":"#9"}}},{"from":[22.4,8.725,7.95027],"to":[26.85,8.775,8.04977],"rotation":{"angle":0,"axis":"y","origin":[24.625,8.525,8]},"faces":{"east":{"uv":[7,4,7.6,4.6],"texture":"#5"},"south":{"uv":[9,0,10,1],"texture":"#9"},"west":{"uv":[8,2,9,5],"rotation":90,"texture":"#2"},"up":{"uv":[7,9,16,11],"rotation":180,"texture":"#9"},"down":{"uv":[0,0,0.69984,0.59951],"texture":"#5"}}},{"from":[22.4,8.275,7.95027],"to":[26.85,8.325,8.04973],"rotation":{"angle":0,"axis":"y","origin":[24.625,7.475,8]},"faces":{"north":{"uv":[7,12,8,13],"texture":"#5"},"east":{"uv":[7,4.6,7.6,4],"texture":"#5"},"west":{"uv":[7,4.6,7.6,4],"texture":"#5"},"up":{"uv":[12,9.5,15,9.51],"rotation":90,"texture":"#9"},"down":{"uv":[0,14,1,13],"rotation":180,"texture":"#5"}}},{"from":[22.4,8.47527,7.75],"to":[26.85,8.57473,7.8],"rotation":{"angle":-22.5,"axis":"x","origin":[24.625,8.525,8]},"faces":{"north":{"uv":[4,13,7,14],"rotation":270,"texture":"#5"},"east":{"uv":[7,4,7.6,4.6],"rotation":270,"texture":"#5"},"south":{"uv":[6,4,9,5],"rotation":90,"texture":"#9"},"west":{"uv":[7,4,7.6,4.6],"rotation":90,"texture":"#5"}}},{"from":[22.4,8.47527,8.2],"to":[24.65,8.57473,8.25],"rotation":{"angle":22.5,"axis":"x","origin":[24.625,8.525,8]},"faces":{"north":{"uv":[6,5,9,4],"rotation":90,"texture":"#9"},"east":{"uv":[7,4.6,7.6,4],"rotation":270,"texture":"#5"},"south":{"uv":[4,14,7,13],"rotation":270,"texture":"#5"},"west":{"uv":[7,4.6,7.6,4],"rotation":90,"texture":"#5"}}},{"from":[26.5,8.47527,8.2],"to":[26.85,8.57473,8.25],"rotation":{"angle":22.5,"axis":"x","origin":[24.625,8.525,8]},"faces":{"north":{"uv":[6,5,9,4],"rotation":90,"texture":"#9"},"east":{"uv":[7,4.6,7.6,4],"rotation":270,"texture":"#5"},"south":{"uv":[4,14,7,13],"rotation":270,"texture":"#5"},"west":{"uv":[7,4.6,7.6,4],"rotation":90,"texture":"#5"}}},{"from":[22.4,8.47527,7.75],"to":[26.85,8.57473,7.8],"rotation":{"angle":0,"axis":"x","origin":[24.625,8.525,8]},"faces":{"north":{"uv":[12,5,16,6],"rotation":90,"texture":"#9"},"east":{"uv":[7,4,7.6,4.6],"rotation":90,"texture":"#5"},"south":{"uv":[5,2,8,3],"rotation":90,"texture":"#9"},"west":{"uv":[7,4,7.6,4.6],"rotation":270,"texture":"#5"},"up":{"uv":[4,13,5,14],"texture":"#9"}}},{"from":[22.4,8.47527,8.2],"to":[26.85,8.57473,8.25],"rotation":{"angle":0,"axis":"x","origin":[24.625,8.525,8]},"faces":{"north":{"uv":[5,3,8,2],"rotation":90,"texture":"#9"},"east":{"uv":[7,4.6,7.6,4],"rotation":90,"texture":"#5"},"south":{"uv":[12,6,16,5],"rotation":90,"texture":"#9"},"west":{"uv":[7,4.6,7.6,4],"rotation":270,"texture":"#5"},"down":{"uv":[0,13,1,14],"rotation":180,"texture":"#5"}}},{"from":[22.4,8.47527,7.75],"to":[24.65,8.57473,7.8],"rotation":{"angle":22.5,"axis":"x","origin":[24.625,8.525,8]},"faces":{"north":{"uv":[12.5,5,12.51,8],"rotation":180,"texture":"#9"},"east":{"uv":[7,4,7.6,4.6],"rotation":90,"texture":"#5"},"south":{"uv":[10,0,13,1],"rotation":90,"texture":"#9"},"west":{"uv":[7,4,7.6,4.6],"rotation":270,"texture":"#5"}}},{"from":[26.5,8.47527,7.75],"to":[26.85,8.57473,7.8],"rotation":{"angle":22.5,"axis":"x","origin":[24.625,8.525,8]},"faces":{"north":{"uv":[12.5,5,12.51,8],"rotation":180,"texture":"#9"},"east":{"uv":[7,4,7.6,4.6],"rotation":90,"texture":"#5"},"south":{"uv":[10,0,13,1],"rotation":90,"texture":"#9"},"west":{"uv":[7,4,7.6,4.6],"rotation":270,"texture":"#5"}}},{"from":[22.4,8.47527,8.2],"to":[26.85,8.57473,8.25],"rotation":{"angle":-22.5,"axis":"x","origin":[24.625,8.525,8]},"faces":{"north":{"uv":[10,1,13,0],"rotation":90,"texture":"#9"},"east":{"uv":[7,4.6,7.6,4],"rotation":90,"texture":"#5"},"south":{"uv":[12.51,5,12.5,8],"rotation":180,"texture":"#9"},"west":{"uv":[7,4.6,7.6,4],"rotation":270,"texture":"#5"}}},{"from":[22.4,8.725,7.95027],"to":[26.85,8.775,8.04973],"rotation":{"angle":-45,"axis":"x","origin":[24.625,8.525,8]},"faces":{"north":{"uv":[6,13,7,14],"texture":"#5"},"east":{"uv":[7,4,7.6,4.6],"texture":"#5"},"west":{"uv":[4,13,7,14],"texture":"#5"},"up":{"uv":[10,12,11,14.95],"rotation":180,"texture":"#9"},"down":{"uv":[5,13,8,14],"rotation":90,"texture":"#5"}}},{"from":[22.4,8.725,7.95027],"to":[26.85,8.775,8.04973],"rotation":{"angle":45,"axis":"x","origin":[24.625,8.525,8]},"faces":{"north":{"uv":[10,4,11,5],"texture":"#9"},"east":{"uv":[7.6,4,7,4.6],"texture":"#5"},"west":{"uv":[4,13,7,14],"rotation":180,"texture":"#5"},"up":{"uv":[10,14.95,11,12],"rotation":180,"texture":"#9"},"down":{"uv":[8,13,5,14],"rotation":90,"texture":"#5"}}},{"from":[22.4,8.275,7.95027],"to":[26.85,8.325,8.04973],"rotation":{"angle":45,"axis":"x","origin":[24.625,8.525,8]},"faces":{"east":{"uv":[7,4,7.6,4.6],"texture":"#5"},"south":{"uv":[7,12,8,13],"texture":"#5"},"west":{"uv":[7,4,7.6,4.6],"texture":"#5"},"up":{"uv":[2,13,6,14],"rotation":90,"texture":"#9"},"down":{"uv":[1,13,4,14],"rotation":90,"texture":"#5"}}},{"from":[22.4,8.275,7.95027],"to":[26.85,8.325,8.04973],"rotation":{"angle":-45,"axis":"x","origin":[24.625,8.525,8]},"faces":{"east":{"uv":[7.6,4,7,4.6],"texture":"#5"},"south":{"uv":[10,11,11,12],"texture":"#9"},"west":{"uv":[7.6,4,7,4.6],"texture":"#5"},"up":{"uv":[6,13,2,14],"rotation":90,"texture":"#9"},"down":{"uv":[4,13,1,14],"rotation":90,"texture":"#5"}}},{"from":[22.4,8.725,7.95027],"to":[26.85,8.775,8.04973],"rotation":{"angle":-22.5,"axis":"x","origin":[24.625,8.525,8]},"faces":{"east":{"uv":[7,4,7.6,4.6],"texture":"#5"},"west":{"uv":[11,15,14,16],"texture":"#9"},"up":{"uv":[10,10,11,14],"rotation":180,"texture":"#9"},"down":{"uv":[0,0,0.69984,0.59951],"texture":"#5"}}},{"from":[22.4,8.725,7.95027],"to":[24.65,8.775,8.04973],"rotation":{"angle":22.5,"axis":"x","origin":[24.625,8.525,8]},"faces":{"east":{"uv":[7.6,4,7,4.6],"texture":"#5"},"west":{"uv":[11,15,14,16],"rotation":180,"texture":"#9"},"up":{"uv":[9,12,10,9],"texture":"#9"},"down":{"uv":[0,0.59951,0.69984,0],"texture":"#5"}}},{"from":[26.5,8.725,7.95027],"to":[26.85,8.775,8.04973],"rotation":{"angle":22.5,"axis":"x","origin":[24.625,8.525,8]},"faces":{"east":{"uv":[7.6,4,7,4.6],"texture":"#5"},"west":{"uv":[7.6,4,7,4.6],"texture":"#5"},"up":{"uv":[11,12,12,9],"rotation":180,"texture":"#9"},"down":{"uv":[0,0.59951,0.69984,0],"texture":"#5"}}},{"from":[22.4,8.275,7.95027],"to":[24.65,8.325,8.04973],"rotation":{"angle":22.5,"axis":"x","origin":[24.625,8.525,8]},"faces":{"east":{"uv":[7,4,7.6,4.6],"texture":"#5"},"west":{"uv":[7,4,7.6,4.6],"texture":"#5"},"up":{"uv":[10,7,11,11],"rotation":180,"texture":"#9"},"down":{"uv":[0,13,0.7,13.6],"texture":"#5"}}},{"from":[26.5,8.275,7.95027],"to":[26.85,8.325,8.04973],"rotation":{"angle":22.5,"axis":"x","origin":[24.625,8.525,8]},"faces":{"east":{"uv":[7,4,7.6,4.6],"texture":"#5"},"west":{"uv":[7,4,7.6,4.6],"texture":"#5"},"up":{"uv":[10,7,11,11],"rotation":180,"texture":"#9"},"down":{"uv":[0,13,0.7,13.6],"texture":"#5"}}},{"from":[22.4,8.275,7.95027],"to":[26.85,8.325,8.04973],"rotation":{"angle":-22.5,"axis":"x","origin":[24.625,8.525,8]},"faces":{"east":{"uv":[7.6,4,7,4.6],"texture":"#5"},"west":{"uv":[7.6,4,7,4.6],"texture":"#5"},"up":{"uv":[10,11,11,7],"rotation":180,"texture":"#9"},"down":{"uv":[0,13.6,0.7,13],"texture":"#5"}}},{"from":[9.8,9.1,7.93787],"to":[17.5,9.4,8.06213],"rotation":{"angle":0,"axis":"y","origin":[13.65,9.25,8]},"faces":{"up":{"uv":[0,8,7,9],"rotation":90,"texture":"#9"},"down":{"uv":[0,0,0.69984,0.59951],"texture":"#5"}}},{"from":[-7.101,8.1,7.79289],"to":[-5.4,8.7,8.20711],"rotation":{"angle":0,"axis":"x","origin":[-4.576,8.2,8]},"faces":{"up":{"uv":[0,8,3,11],"texture":"#14"}}},{"from":[-5.4005,8.3995,7.79289],"to":[-4.8005,8.7005,8.20711],"rotation":{"angle":-22.5,"axis":"z","origin":[-5.4005,8.7,8]},"faces":{"north":{"uv":[0,0,1,1],"rotation":90,"texture":"#14"},"south":{"uv":[0,0,1,1],"rotation":270,"texture":"#14"},"up":{"uv":[10,7,11.5,8.25],"rotation":270,"texture":"#14"}}},{"from":[-7.451,8.1,7.79289],"to":[-7.1,8.7,8.20711],"rotation":{"angle":0,"axis":"x","origin":[-4.576,8.2,8]},"faces":{"west":{"uv":[7,0,8,1],"texture":"#2"},"up":{"uv":[0,10,9,11],"texture":"#5"}}},{"from":[-5.4,7.9,7.79289],"to":[0.35,8.5,8.20711],"rotation":{"angle":0,"axis":"x","origin":[-2.526,8,8]},"faces":{"up":{"uv":[8,9,15.25,12.25],"texture":"#14"}}},{"from":[-1.725,7.9,7.59289],"to":[0.35,8.5,8.40711],"rotation":{"angle":22.5,"axis":"z","origin":[-1.026,8.5,8]},"faces":{"north":{"uv":[4,0,7,5],"texture":"#14"},"south":{"uv":[2,0,5,5],"texture":"#14"},"up":{"uv":[8,9,10.25,16],"texture":"#14"}}},{"from":[-5.4,7.4,7.5],"to":[0.25,8.2071,8.5],"rotation":{"angle":0,"axis":"x","origin":[-2.526,8,8]},"faces":{"north":{"uv":[2,0,5,7],"rotation":180,"texture":"#14"},"south":{"uv":[4,6,7,16],"texture":"#14"}}},{"from":[-5.401,6.6,7.5],"to":[-1.551,7.4071,8.5],"rotation":{"angle":0,"axis":"x","origin":[-2.526,8,8]},"faces":{"north":{"uv":[5,4,8,11],"rotation":180,"texture":"#14"},"south":{"uv":[7,5,10,16],"texture":"#14"}}},{"from":[-5.401,5.8,7.5],"to":[-3.451,6.6071,8.5],"rotation":{"angle":0,"axis":"x","origin":[-2.526,8,8]},"faces":{"north":{"uv":[10,3,12,13],"rotation":180,"texture":"#14"},"south":{"uv":[7,5,9,16],"texture":"#14"}}},{"from":[-7.101,8.1,7.79289],"to":[-5.401,8.7,8.20711],"rotation":{"angle":45,"axis":"x","origin":[-4.576,8.2,8]},"faces":{"east":{"uv":[8,1,9.5,2.25],"texture":"#14"},"up":{"uv":[0,5,3,8],"texture":"#14"}}},{"from":[-7.451,8.1,7.79289],"to":[-7.101,8.7,8.20711],"rotation":{"angle":45,"axis":"x","origin":[-4.576,8.2,8]},"faces":{"west":{"uv":[7,0,8,1],"texture":"#2"},"up":{"uv":[0,10,9,11],"texture":"#5"}}},{"from":[-5.4,7.9,7.79289],"to":[0.35,8.5,8.20711],"rotation":{"angle":45,"axis":"x","origin":[-2.526,8,8]},"faces":{"up":{"uv":[7,5,14.25,11.25],"texture":"#14"}}},{"from":[-7.101,8.1,7.79289],"to":[-5.401,8.7,8.20711],"rotation":{"angle":-45,"axis":"x","origin":[-4.576,8.2,8]},"faces":{"east":{"uv":[5,13,6.5,14.25],"texture":"#14"},"up":{"uv":[0,13,3,16],"texture":"#14"}}},{"from":[-7.451,8.1,7.79289],"to":[-7.101,8.7,8.20711],"rotation":{"angle":-45,"axis":"x","origin":[-4.576,8.2,8]},"faces":{"west":{"uv":[7,0,8,1],"texture":"#2"},"up":{"uv":[0,10,9,11],"texture":"#5"}}},{"from":[-5.4,7.9,7.79289],"to":[0.35,8.5,8.20711],"rotation":{"angle":-45,"axis":"x","origin":[-2.526,8,8]},"faces":{"up":{"uv":[7,5,14.25,13.25],"texture":"#14"}}},{"from":[2.05,8.5,7.4],"to":[5.65,8.9,8.6],"rotation":{"angle":0,"axis":"y","origin":[8,8,8.1]},"faces":{"north":{"uv":[4,13.5,7,13.51],"rotation":270,"texture":"#5"},"south":{"uv":[4,13.5,7,13.51],"rotation":270,"texture":"#5"},"west":{"uv":[0,0,1,7],"rotation":180,"texture":"#8"},"up":{"uv":[0,1,16,2],"rotation":270,"texture":"#9"},"down":{"uv":[9,0,10,1],"texture":"#9"}}},{"from":[4.95,8.825,7.35],"to":[9.45,8.9,7.4],"rotation":{"angle":0,"axis":"y","origin":[8,8,8.15]},"faces":{"north":{"uv":[7,12.5,10,12.51],"rotation":90,"texture":"#5"},"east":{"uv":[0,0,1,1],"rotation":270,"texture":"#9"},"west":{"uv":[0,0,1,1],"rotation":90,"texture":"#9"},"up":{"uv":[0,0,1,1],"rotation":180,"texture":"#9"},"down":{"uv":[9,0,10,1],"texture":"#9"}}},{"from":[5.925,8.5,7.325],"to":[9.45,8.825,7.4],"rotation":{"angle":0,"axis":"y","origin":[8,8,8.15]},"faces":{"north":{"uv":[11,9,12,16],"texture":"#9"},"east":{"uv":[11,9,12,16],"texture":"#9"},"west":{"uv":[11,9,12,16],"texture":"#9"},"up":{"uv":[4,9,5,16],"texture":"#9"},"down":{"uv":[9,0,10,1],"texture":"#9"}}},{"from":[8.7,8.5,7.2],"to":[8.925,8.825,7.325],"rotation":{"angle":0,"axis":"y","origin":[8,8,8.15]},"faces":{"north":{"uv":[11,9,12,16],"texture":"#9"},"east":{"uv":[7,15.5,13,15.51],"rotation":90,"texture":"#9"},"west":{"uv":[11,9,12,16],"texture":"#9"},"up":{"uv":[4,9.5,5,9.51],"texture":"#9"},"down":{"uv":[9,0,10,1],"texture":"#9"}}},{"from":[9.15,8.425,6.6],"to":[9.24448,8.9,6.725],"rotation":{"angle":0,"axis":"y","origin":[9.19724,8.6625,6.6875]},"faces":{"north":{"uv":[10,9,11,13],"texture":"#9"},"south":{"uv":[0,0,1,1],"rotation":270,"texture":"#9"},"up":{"uv":[11,5.5,16,5.51],"rotation":90,"texture":"#9"},"down":{"uv":[11,5.5,16,5.51],"rotation":270,"texture":"#9"}}},{"from":[9.15,8.425,7.2],"to":[9.24448,8.9,7.325],"rotation":{"angle":0,"axis":"y","origin":[9.19724,8.6625,7.2875]},"faces":{"north":{"uv":[10,9,11,13],"texture":"#9"},"south":{"uv":[0,0,1,1],"rotation":270,"texture":"#9"},"up":{"uv":[11,5.5,16,5.51],"rotation":90,"texture":"#9"},"down":{"uv":[11,5.5,16,5.51],"rotation":270,"texture":"#9"}}},{"from":[9.12475,8.4875,6.725],"to":[9.26973,8.8375,7.2],"rotation":{"angle":0,"axis":"y","origin":[9.19724,8.6625,6.9625]},"faces":{"up":{"uv":[0,8.5,6,8.51],"rotation":90,"texture":"#9"},"down":{"uv":[0,8.5,6,8.51],"rotation":270,"texture":"#9"}}},{"from":[9.02224,8.59001,6.725],"to":[9.37224,8.73499,7.2],"rotation":{"angle":0,"axis":"z","origin":[9.19724,8.6625,6.9625]},"faces":{"east":{"uv":[0,8.5,6,8.51],"rotation":180,"texture":"#9"},"west":{"uv":[0,8.5,6,8.51],"texture":"#9"}}},{"from":[9.12475,8.4875,6.725],"to":[9.26973,8.8375,7.2],"rotation":{"angle":-45,"axis":"z","origin":[9.19724,8.6625,6.9625]},"faces":{"up":{"uv":[0,8.5,6,8.51],"rotation":90,"texture":"#9"},"down":{"uv":[0,8.5,6,8.51],"rotation":270,"texture":"#9"}}},{"from":[9.12475,8.4875,6.725],"to":[9.26973,8.8375,7.2],"rotation":{"angle":45,"axis":"z","origin":[9.19724,8.6625,6.9625]},"faces":{"up":{"uv":[0,8.5,6,8.51],"rotation":90,"texture":"#9"},"down":{"uv":[0,8.5,6,8.51],"rotation":270,"texture":"#9"}}},{"from":[8.95974,8.61526,6.599],"to":[9.43474,8.70974,6.725],"rotation":{"angle":0,"axis":"z","origin":[9.19724,8.6625,6.6875]},"faces":{"north":{"uv":[10,9,11,13],"rotation":270,"texture":"#9"},"east":{"uv":[11,5.5,16,5.51],"rotation":180,"texture":"#9"},"south":{"uv":[0,0,1,1],"texture":"#9"},"west":{"uv":[11,5.5,16,5.51],"texture":"#9"}}},{"from":[8.95974,8.61526,7.199],"to":[9.43474,8.70974,7.325],"rotation":{"angle":0,"axis":"z","origin":[9.19724,8.6625,7.2875]},"faces":{"north":{"uv":[10,9,11,13],"rotation":270,"texture":"#9"},"east":{"uv":[11,5.5,16,5.51],"rotation":180,"texture":"#9"},"west":{"uv":[11,5.5,16,5.51],"texture":"#9"}}},{"from":[8.95974,8.61526,6.6],"to":[9.43474,8.70974,6.725],"rotation":{"angle":-22.5,"axis":"z","origin":[9.19724,8.6625,6.6875]},"faces":{"north":{"uv":[10,9,11,13],"rotation":90,"texture":"#9"},"east":{"uv":[11,5.5,16,5.51],"rotation":180,"texture":"#9"},"south":{"uv":[0,0,1,1],"rotation":180,"texture":"#9"},"west":{"uv":[11,5.5,16,5.51],"texture":"#9"}}},{"from":[8.95974,8.61526,7.2],"to":[9.43474,8.70974,7.325],"rotation":{"angle":-22.5,"axis":"z","origin":[9.19724,8.6625,7.2875]},"faces":{"north":{"uv":[10,9,11,13],"rotation":90,"texture":"#9"},"east":{"uv":[11,5.5,16,5.51],"rotation":180,"texture":"#9"},"west":{"uv":[11,5.5,16,5.51],"texture":"#9"}}},{"from":[8.95974,8.61526,6.6],"to":[9.43474,8.70974,6.725],"rotation":{"angle":22.5,"axis":"z","origin":[9.19724,8.6625,6.6875]},"faces":{"north":{"uv":[10,9,11,13],"rotation":270,"texture":"#9"},"east":{"uv":[11,5.5,16,5.51],"rotation":180,"texture":"#9"},"south":{"uv":[0,0,1,1],"texture":"#9"},"west":{"uv":[11,5.5,16,5.51],"texture":"#9"}}},{"from":[8.95974,8.61526,7.2],"to":[9.43474,8.70974,7.325],"rotation":{"angle":22.5,"axis":"z","origin":[9.19724,8.6625,7.2875]},"faces":{"north":{"uv":[10,9,11,13],"rotation":270,"texture":"#9"},"east":{"uv":[11,5.5,16,5.51],"rotation":180,"texture":"#9"},"west":{"uv":[11,5.5,16,5.51],"texture":"#9"}}},{"from":[9.15,8.425,6.6],"to":[9.24448,8.9,6.725],"rotation":{"angle":45,"axis":"z","origin":[9.19724,8.6625,6.6875]},"faces":{"north":{"uv":[10,9,11,13],"texture":"#9"},"south":{"uv":[0,0,1,1],"rotation":270,"texture":"#9"},"up":{"uv":[11,5.5,16,5.51],"rotation":90,"texture":"#9"},"down":{"uv":[11,5.5,16,5.51],"rotation":270,"texture":"#9"}}},{"from":[9.15,8.425,7.2],"to":[9.24448,8.9,7.325],"rotation":{"angle":45,"axis":"z","origin":[9.19724,8.6625,7.2875]},"faces":{"north":{"uv":[10,9,11,13],"texture":"#9"},"south":{"uv":[0,0,1,1],"rotation":270,"texture":"#9"},"up":{"uv":[11,5.5,16,5.51],"rotation":90,"texture":"#9"},"down":{"uv":[11,5.5,16,5.51],"rotation":270,"texture":"#9"}}},{"from":[8.95974,8.61526,6.6],"to":[9.43474,8.70974,6.725],"rotation":{"angle":45,"axis":"z","origin":[9.19724,8.6625,6.6875]},"faces":{"north":{"uv":[10,9,11,13],"rotation":270,"texture":"#9"},"east":{"uv":[11,5.5,16,5.51],"rotation":180,"texture":"#9"},"south":{"uv":[0,0,1,1],"texture":"#9"},"west":{"uv":[11,5.5,16,5.51],"texture":"#9"}}},{"from":[8.95974,8.61526,7.2],"to":[9.43474,8.70974,7.325],"rotation":{"angle":45,"axis":"z","origin":[9.19724,8.6625,7.2875]},"faces":{"north":{"uv":[10,9,11,13],"rotation":270,"texture":"#9"},"east":{"uv":[11,5.5,16,5.51],"rotation":180,"texture":"#9"},"south":{"uv":[0,0,1,1],"texture":"#9"},"west":{"uv":[11,5.5,16,5.51],"texture":"#9"}}},{"from":[9.15,8.425,6.6],"to":[9.24448,8.9,6.725],"rotation":{"angle":22.5,"axis":"z","origin":[9.19724,8.6625,6.6875]},"faces":{"north":{"uv":[10,9,11,13],"texture":"#9"},"south":{"uv":[0,0,1,1],"rotation":270,"texture":"#9"},"up":{"uv":[11,5.5,16,5.51],"rotation":90,"texture":"#9"},"down":{"uv":[11,5.5,16,5.51],"rotation":270,"texture":"#9"}}},{"from":[9.15,8.425,7.2],"to":[9.24448,8.9,7.325],"rotation":{"angle":22.5,"axis":"z","origin":[9.19724,8.6625,7.2875]},"faces":{"north":{"uv":[10,9,11,13],"texture":"#9"},"south":{"uv":[0,0,1,1],"rotation":270,"texture":"#9"},"up":{"uv":[11,5.5,16,5.51],"rotation":90,"texture":"#9"},"down":{"uv":[11,5.5,16,5.51],"rotation":270,"texture":"#9"}}},{"from":[9.15,8.425,6.6],"to":[9.24448,8.9,6.725],"rotation":{"angle":-22.5,"axis":"z","origin":[9.19724,8.6625,6.6875]},"faces":{"north":{"uv":[10,9,11,13],"texture":"#9"},"south":{"uv":[0,0,1,1],"rotation":270,"texture":"#9"},"up":{"uv":[11,5.5,16,5.51],"rotation":90,"texture":"#9"},"down":{"uv":[11,5.5,16,5.51],"rotation":270,"texture":"#9"}}},{"from":[9.15,8.425,7.2],"to":[9.24448,8.9,7.325],"rotation":{"angle":-22.5,"axis":"z","origin":[9.19724,8.6625,7.2875]},"faces":{"north":{"uv":[10,9,11,13],"texture":"#9"},"south":{"uv":[0,0,1,1],"rotation":270,"texture":"#9"},"up":{"uv":[11,5.5,16,5.51],"rotation":90,"texture":"#9"},"down":{"uv":[11,5.5,16,5.51],"rotation":270,"texture":"#9"}}},{"from":[5.475,8.425,7.35],"to":[9.45,8.5,7.4],"rotation":{"angle":0,"axis":"y","origin":[8,8,8.15]},"faces":{"north":{"uv":[7,12.5,10,12.51],"rotation":90,"texture":"#5"},"east":{"uv":[0,0,1,1],"rotation":270,"texture":"#9"},"west":{"uv":[0,0,1,1],"rotation":90,"texture":"#9"},"up":{"uv":[0,0,1,1],"rotation":180,"texture":"#9"},"down":{"uv":[9,0,10,1],"texture":"#9"}}},{"from":[2.05,8.3,7.45],"to":[5.65,8.5,8.55],"rotation":{"angle":0,"axis":"y","origin":[8,8,8.15]},"faces":{"north":{"uv":[7,12.5,10,12.51],"rotation":270,"texture":"#5"},"south":{"uv":[7,12.5,10,12.51],"rotation":270,"texture":"#5"},"west":{"uv":[0,0,1,1],"rotation":90,"texture":"#8"},"down":{"uv":[9,0,10,1],"texture":"#9"}}},{"from":[5.46478,8,7.448],"to":[5.66478,8.15,8.552],"rotation":{"angle":0,"axis":"z","origin":[5.26478,8.1,7.998]},"faces":{"north":{"uv":[7,12.5,10,12.51],"rotation":180,"texture":"#5"},"south":{"uv":[7,12.5,10,12.51],"texture":"#5"},"west":{"uv":[15,0,16,1],"rotation":90,"texture":"#9"},"down":{"uv":[9,0,10,1],"texture":"#9"}}},{"from":[5.225,8.3,7.449],"to":[5.35456,8.5,8.551],"rotation":{"angle":-22.5,"axis":"z","origin":[5.26478,8.1,7.999]},"faces":{"north":{"uv":[7,12.5,10,12.51],"rotation":270,"texture":"#5"},"south":{"uv":[7,12.5,10,12.51],"rotation":270,"texture":"#5"},"down":{"uv":[9,0,10,1],"texture":"#9"}}},{"from":[5.46478,8.01022,7.448],"to":[5.66478,8.16478,8.552],"rotation":{"angle":45,"axis":"z","origin":[5.26478,8.1,7.998]},"faces":{"north":{"uv":[7,12.5,10,12.51],"rotation":180,"texture":"#5"},"south":{"uv":[7,12.5,10,12.51],"texture":"#5"},"west":{"uv":[15,0,16,1],"rotation":90,"texture":"#9"}}},{"from":[5.46478,8.01022,7.449],"to":[5.66478,8.16478,8.551],"rotation":{"angle":22.5,"axis":"z","origin":[5.26478,8.1,7.999]},"faces":{"north":{"uv":[7,12.5,10,12.51],"rotation":180,"texture":"#5"},"south":{"uv":[7,12.5,10,12.51],"texture":"#5"},"west":{"uv":[15,0,16,1],"rotation":90,"texture":"#9"}}},{"from":[6.85,8.2,8.3],"to":[9.45,8.7,8.6],"rotation":{"angle":0,"axis":"y","origin":[8,8,8.1]},"faces":{"east":{"uv":[2,13,7,14],"rotation":270,"texture":"#5"},"south":{"uv":[1,13.5,5,13.51],"rotation":270,"texture":"#5"},"up":{"uv":[11,0,12,16],"rotation":180,"texture":"#9"},"down":{"uv":[9,0,10,1],"texture":"#9"}}},{"from":[6.45,8.2,7.4],"to":[9.45,8.9,7.7],"rotation":{"angle":0,"axis":"y","origin":[8,8,7.9]},"faces":{"north":{"uv":[7,13.5,1,13.51],"rotation":90,"texture":"#5"},"east":{"uv":[2,14,7,13],"rotation":270,"texture":"#5"},"up":{"uv":[12,2,16,1],"rotation":270,"texture":"#9"},"down":{"uv":[9,1,10,0],"texture":"#9"}}},{"from":[6.45,8.2,8.3],"to":[6.85,8.9,8.6],"rotation":{"angle":0,"axis":"y","origin":[8,8,8.1]},"faces":{"east":{"uv":[0,0,1,2],"rotation":270,"texture":"#2"},"south":{"uv":[1,13.5,7,13.51],"rotation":270,"texture":"#5"},"up":{"uv":[12,1,16,2],"rotation":90,"texture":"#9"},"down":{"uv":[9,0,10,1],"texture":"#9"}}},{"from":[5.65,8,7.4],"to":[6.45,8.9,8.6],"rotation":{"angle":0,"axis":"y","origin":[8,8,8.1]},"faces":{"north":{"uv":[0,13.5,7,13.51],"rotation":270,"texture":"#5"},"east":{"uv":[0,0,1,2],"rotation":270,"texture":"#2"},"south":{"uv":[0,13.5,7,13.51],"rotation":270,"texture":"#5"},"west":{"uv":[6.5,13,6.5,14],"rotation":90,"texture":"#5"},"up":{"uv":[0,1,16,2],"rotation":90,"texture":"#9"},"down":{"uv":[9,0,10,1],"texture":"#9"}}},{"from":[5.64946,7.80054,7.401],"to":[5.84946,8.19946,8.599],"rotation":{"angle":45,"axis":"z","origin":[5.14946,8,8.001]},"faces":{"north":{"uv":[2,13.5,4,13.51],"rotation":270,"texture":"#5"},"south":{"uv":[2,13.5,4,13.51],"rotation":270,"texture":"#5"},"west":{"uv":[15,0,16,7],"rotation":90,"texture":"#9"}}},{"from":[6.15054,7.60054,7.401],"to":[6.35054,7.99946,8.599],"rotation":{"angle":-45,"axis":"z","origin":[6.85054,7.8,8.001]},"faces":{"north":{"uv":[0,13.5,1,13.49],"rotation":270,"texture":"#5"},"east":{"uv":[15,7,16,0],"rotation":90,"texture":"#9"},"south":{"uv":[0,13.5,1,13.49],"rotation":270,"texture":"#5"}}},{"from":[5.64946,7.90054,7.401],"to":[5.84946,8.09946,8.599],"rotation":{"angle":22.5,"axis":"z","origin":[5.14946,8,8.001]},"faces":{"north":{"uv":[0,13.5,1,13.51],"rotation":180,"texture":"#5"},"south":{"uv":[0,13.5,1,13.51],"texture":"#5"},"west":{"uv":[14,5,15,6],"rotation":90,"texture":"#9"}}},{"from":[5.53307,6.3756,7.801],"to":[5.63307,6.9756,8.201],"rotation":{"angle":0,"axis":"y","origin":[11.10807,4.6506,8.001]},"faces":{"north":{"uv":[3,2,6,4],"rotation":270,"texture":"#7"},"east":{"uv":[7,12,11,13],"rotation":270,"texture":"#5"},"south":{"uv":[6,2,3,4],"rotation":90,"texture":"#7"},"west":{"uv":[4,1,12,4],"rotation":270,"texture":"#7"}}},{"from":[4.4256,6.74493,7.9],"to":[4.6256,7.34493,8.1],"rotation":{"angle":-22.5,"axis":"z","origin":[4.5756,6.76993,8]},"faces":{"north":{"uv":[0,0,0.1,0.5],"texture":"#5"},"east":{"uv":[0,3,0.2,3.5],"texture":"#5"},"south":{"uv":[0,0,0.1,0.5],"texture":"#5"},"west":{"uv":[2,13,7,14],"rotation":90,"texture":"#5"},"down":{"uv":[0,0,0.1,0.2],"texture":"#5"}}},{"from":[4.5506,6.28007,7.9],"to":[4.6256,6.65507,8.1],"rotation":{"angle":22.5,"axis":"z","origin":[4.5756,6.63007,8]},"faces":{"north":{"uv":[0,0.5,0.1,0],"texture":"#5"},"east":{"uv":[0,0.5,0.2,0],"texture":"#5"},"south":{"uv":[0,0.5,0.1,0],"texture":"#5"},"west":{"uv":[0,0.5,0.2,0],"texture":"#5"},"down":{"uv":[0,3,1,4],"texture":"#5"}}},{"from":[4.3506,6.94493,7.899],"to":[4.5506,7.39493,8.101],"rotation":{"angle":-45,"axis":"z","origin":[4.5756,6.76993,7.999]},"faces":{"north":{"uv":[0,0,1.1,4.5],"rotation":180,"texture":"#5"},"east":{"uv":[0,8,0.2,8.5],"texture":"#5"},"south":{"uv":[0,0,1.1,5],"rotation":180,"texture":"#5"}}},{"from":[-7.1,4.95,7.5],"to":[-5.4,8.4071,8.5],"rotation":{"angle":0,"axis":"y","origin":[9.5,7.9,8]},"faces":{"north":{"uv":[0,0,3,16],"rotation":180,"texture":"#14"},"east":{"uv":[0,0,1,1],"texture":"#14"},"south":{"uv":[0,0,3,16],"texture":"#14"},"down":{"uv":[0,0,16,5],"rotation":90,"texture":"#15"}}},{"from":[-7.45,4.95,7.5],"to":[-7.1,8.4071,8.5],"rotation":{"angle":0,"axis":"y","origin":[9.5,7.9,8]},"faces":{"north":{"uv":[0,0,9,1],"rotation":180,"texture":"#5"},"south":{"uv":[0,0,9,1],"texture":"#5"},"west":{"uv":[6,0,7,16],"texture":"#2"},"down":{"uv":[0,0,9,1],"texture":"#5"}}},{"from":[18.625,9.17145,7.81],"to":[18.775,9.32145,8.16],"rotation":{"angle":0,"axis":"x","origin":[16.95,8.625,8]},"faces":{"north":{"uv":[10,7,13,10],"rotation":90,"texture":"#8"},"east":{"uv":[7,4,7.6,4.6],"rotation":90,"texture":"#5"},"south":{"uv":[10,7,13,10],"rotation":90,"texture":"#8"},"west":{"uv":[7,4,7.6,4.6],"rotation":270,"texture":"#5"},"up":{"uv":[15,0,16,7],"texture":"#9"},"down":{"uv":[15,7,16,0],"texture":"#9"}}},{"from":[9.8,9.1,7.93787],"to":[17.5,9.4,8.06213],"rotation":{"angle":45,"axis":"x","origin":[12.775,9.25,8]},"faces":{"up":{"uv":[15,0,16,5],"texture":"#9"},"down":{"uv":[0,0,0.69984,0.59951],"texture":"#5"}}},{"from":[9.8,9.1,7.93787],"to":[17.5,9.4,8.06213],"rotation":{"angle":-45,"axis":"x","origin":[12.775,9.25,8]},"faces":{"up":{"uv":[15,0,16,6],"rotation":180,"texture":"#9"},"down":{"uv":[0,0,0.69984,0.59951],"texture":"#5"}}},{"from":[9.8,9.18787,7.85],"to":[17.5,9.31213,8.15],"rotation":{"angle":0,"axis":"y","origin":[8,8.1,8]},"faces":{"north":{"uv":[10,10,16,11],"rotation":90,"texture":"#5"},"south":{"uv":[11,10,16,11],"rotation":90,"texture":"#5"}}},{"from":[17.35,9.05,7.91716],"to":[18.6,9.45,8.08284],"rotation":{"angle":-45,"axis":"x","origin":[18.325,9.25,8]},"faces":{"east":{"uv":[0,0,0.59704,0.59868],"texture":"#2"},"west":{"uv":[7,4,7.6,4.6],"texture":"#5"},"up":{"uv":[15,0,16,7],"rotation":180,"texture":"#9"},"down":{"uv":[15,9,15.69984,9.59951],"texture":"#5"}}},{"from":[17.35,9.05,7.91716],"to":[17.35,9.45,8.08284],"rotation":{"angle":45,"axis":"x","origin":[18.325,9.25,8]},"faces":{"east":{"uv":[0,0,0.59704,0.59868],"texture":"#2"},"west":{"uv":[7,4,7.6,4.6],"texture":"#5"},"up":{"uv":[10,5,15,6],"rotation":90,"texture":"#9"},"down":{"uv":[15,9,15.69984,9.59951],"texture":"#5"}}},{"from":[17.35,9.16716,7.8],"to":[18.6,9.33284,8.2],"rotation":{"angle":0,"axis":"y","origin":[8,8.1,8]},"faces":{"north":{"uv":[10,10,16,11],"rotation":90,"texture":"#5"},"east":{"uv":[0,0,0.59704,0.59868],"rotation":90,"texture":"#2"},"south":{"uv":[10,10,15.69984,10.59868],"rotation":90,"texture":"#5"},"west":{"uv":[7,4,7.6,4.6],"rotation":270,"texture":"#5"}}},{"from":[17.35,9.05,7.91716],"to":[18.9,9.45,8.08284],"rotation":{"angle":0,"axis":"y","origin":[8,8.1,8]},"faces":{"north":{"uv":[0,0,10,1],"rotation":270,"texture":"#2"},"east":{"uv":[7,1,9,15],"texture":"#a"},"south":{"uv":[0,0,10,1],"rotation":270,"texture":"#2"},"west":{"uv":[7,4,7.6,4.6],"texture":"#5"},"up":{"uv":[0,8,7,9],"rotation":90,"texture":"#9"},"down":{"uv":[15,8,15.69984,8.59951],"texture":"#5"}}},{"from":[17.349,9,7.975],"to":[17.949,9.5,8.025],"rotation":{"angle":0,"axis":"y","origin":[17.649,9.25,8.00784]},"faces":{"north":{"uv":[0,11,2,12],"rotation":270,"texture":"#9"},"east":{"uv":[0,0,0.59704,0.59868],"texture":"#2"},"south":{"uv":[0,11,2,12],"rotation":270,"texture":"#9"},"west":{"uv":[7,4,7.6,4.6],"texture":"#5"},"up":{"uv":[1,9,7,10],"rotation":90,"texture":"#9"},"down":{"uv":[15,8,15.69984,8.59951],"texture":"#5"}}},{"from":[17.349,9.23284,7.75784],"to":[17.949,9.28284,8.25784],"rotation":{"angle":0,"axis":"x","origin":[17.649,9.25,8.00784]},"faces":{"north":{"uv":[5,12,10.7,12.6],"rotation":90,"texture":"#5"},"east":{"uv":[0,0,0.59704,0.59868],"rotation":270,"texture":"#2"},"south":{"uv":[5,12,11,13],"rotation":90,"texture":"#5"},"west":{"uv":[7,4,7.6,4.6],"rotation":90,"texture":"#5"},"up":{"uv":[9,15,10,16],"rotation":90,"texture":"#9"},"down":{"uv":[0,11,2,12],"rotation":270,"texture":"#9"}}},{"from":[17.349,9.21716,7.75784],"to":[17.949,9.26716,8.25784],"rotation":{"angle":22.5,"axis":"x","origin":[17.649,9.25,8.00784]},"faces":{"north":{"uv":[6,12,9,13],"rotation":270,"texture":"#5"},"east":{"uv":[0,0,0.59704,0.59868],"rotation":90,"texture":"#2"},"south":{"uv":[0,13,0.7,13.6],"texture":"#5"},"west":{"uv":[7,4,7.6,4.6],"rotation":270,"texture":"#5"},"up":{"uv":[6,13,7,14],"rotation":270,"texture":"#5"},"down":{"uv":[0,11,2,12],"rotation":90,"texture":"#9"}}},{"from":[17.349,9.23284,7.75784],"to":[17.949,9.28284,8.25784],"rotation":{"angle":-22.5,"axis":"x","origin":[17.649,9.25,8.00784]},"faces":{"north":{"uv":[15,8,15.69984,8.59951],"rotation":180,"texture":"#5"},"east":{"uv":[0,0,0.59704,0.59868],"rotation":270,"texture":"#2"},"south":{"uv":[7,0,12,1],"rotation":90,"texture":"#9"},"west":{"uv":[7,4,7.6,4.6],"rotation":90,"texture":"#5"},"up":{"uv":[0,7,2,8],"rotation":90,"texture":"#9"},"down":{"uv":[0,11,2,12],"rotation":270,"texture":"#9"}}},{"from":[17.349,9,7.975],"to":[17.949,9.5,8.025],"rotation":{"angle":-45,"axis":"x","origin":[17.649,9.25,8.00784]},"faces":{"north":{"uv":[8,15,10,16],"rotation":270,"texture":"#9"},"east":{"uv":[0,0,0.59704,0.59868],"texture":"#2"},"south":{"uv":[0,11,2,12],"rotation":270,"texture":"#9"},"west":{"uv":[7,4,7.6,4.6],"texture":"#5"},"up":{"uv":[7,0,13,1],"rotation":90,"texture":"#9"},"down":{"uv":[15,8,15.69984,8.59951],"texture":"#5"}}},{"from":[17.349,9,7.975],"to":[17.949,9.5,8.025],"rotation":{"angle":45,"axis":"x","origin":[17.649,9.25,8.00784]},"faces":{"north":{"uv":[0,11,2,12],"rotation":270,"texture":"#9"},"east":{"uv":[0,0,0.59704,0.59868],"texture":"#2"},"south":{"uv":[0,11,2,12],"rotation":270,"texture":"#9"},"west":{"uv":[7,4,7.6,4.6],"texture":"#5"},"up":{"uv":[3,8,9,9],"rotation":90,"texture":"#9"},"down":{"uv":[15,8,15.69984,8.59951],"texture":"#5"}}},{"from":[17.349,9,7.975],"to":[17.949,9.5,8.025],"rotation":{"angle":-22.5,"axis":"x","origin":[17.649,9.25,8.00784]},"faces":{"north":{"uv":[0,11,2,12],"rotation":270,"texture":"#9"},"east":{"uv":[0,0,0.59704,0.59868],"texture":"#2"},"south":{"uv":[0,11,2,12],"rotation":270,"texture":"#9"},"west":{"uv":[7,4,7.6,4.6],"texture":"#5"},"up":{"uv":[4,12,10,13],"rotation":90,"texture":"#9"},"down":{"uv":[15,8,15.69984,8.59951],"texture":"#5"}}},{"from":[17.349,9,7.975],"to":[17.949,9.5,8.025],"rotation":{"angle":22.5,"axis":"x","origin":[17.649,9.25,8.00784]},"faces":{"north":{"uv":[0,11,2,12],"rotation":270,"texture":"#9"},"east":{"uv":[0,0,0.59704,0.59868],"texture":"#2"},"south":{"uv":[0,11,2,12],"rotation":270,"texture":"#9"},"west":{"uv":[7,4,7.6,4.6],"texture":"#5"},"up":{"uv":[1,13,7,14],"rotation":90,"texture":"#9"},"down":{"uv":[15,8,15.69984,8.59951],"texture":"#5"}}},{"from":[18.575,9.1,7.86716],"to":[18.899,9.4,8.13284],"rotation":{"angle":0,"axis":"y","origin":[8,8.1,8]},"faces":{"north":{"uv":[0,0,16,1],"rotation":90,"texture":"#2"},"east":{"uv":[0,0,0.59704,0.59868],"texture":"#2"},"south":{"uv":[0,0,16,1],"rotation":90,"texture":"#2"},"up":{"uv":[0,8,7,9],"rotation":90,"texture":"#9"},"down":{"uv":[15,8,15.69984,8.59951],"texture":"#5"}}},{"from":[17.35,9.05,7.91716],"to":[18.6,9.45,8.08284],"rotation":{"angle":45,"axis":"x","origin":[18.125,9.25,8]},"faces":{"east":{"uv":[0,0,0.59704,0.59868],"texture":"#2"},"west":{"uv":[7,4,7.6,4.6],"texture":"#5"},"up":{"uv":[0,8,7,9],"rotation":90,"texture":"#9"},"down":{"uv":[15,8,15.69984,8.59951],"texture":"#5"}}},{"from":[10.5,9.5,7.94033],"to":[17.3,9.6,8.05963],"rotation":{"angle":0,"axis":"y","origin":[13.9,9.3,8]},"faces":{"east":{"uv":[0,0,3.01,1],"rotation":90,"texture":"#15"},"west":{"uv":[0,0,1,1],"rotation":270,"texture":"#15"},"up":{"uv":[16,0,0,3],"texture":"#14"},"down":{"uv":[2,7,3,8],"rotation":180,"texture":"#15"}}},{"from":[10.5,8.09033,8.2],"to":[17.301,8.79033,8.3],"rotation":{"angle":-22.5,"axis":"x","origin":[13.9,9.3,8]},"faces":{"north":{"uv":[2,7,3,8],"texture":"#15"},"east":{"uv":[0,0,3,1],"rotation":180,"texture":"#15"},"south":{"uv":[8,0,0,16],"rotation":90,"texture":"#14"},"west":{"uv":[0,0,1,1],"texture":"#15"},"up":{"uv":[3,8,4,9],"rotation":180,"texture":"#15"}}},{"from":[10.5,8.09033,7.7],"to":[17.301,8.79033,7.8],"rotation":{"angle":22.5,"axis":"x","origin":[13.9,9.3,8]},"faces":{"north":{"uv":[11,16,3,0],"rotation":90,"texture":"#14"},"east":{"uv":[3,0,0,1],"rotation":180,"texture":"#15"},"south":{"uv":[3,7,2,8],"texture":"#15"},"west":{"uv":[1,0,0,1],"texture":"#15"},"up":{"uv":[3,9,4,8],"rotation":180,"texture":"#15"}}},{"from":[10.5,9.09033,8.2],"to":[17.301,9.35963,8.3],"rotation":{"angle":-22.5,"axis":"x","origin":[13.9,9.3,8]},"faces":{"north":{"uv":[2,8,3,9],"texture":"#15"},"east":{"uv":[0,0,3,1],"rotation":180,"texture":"#15"},"south":{"uv":[16,0,0,4],"texture":"#14"},"west":{"uv":[0,0,1,1],"texture":"#15"},"down":{"uv":[5,0,6,1],"texture":"#15"}}},{"from":[10.5,9.09033,7.7],"to":[17.301,9.35963,7.8],"rotation":{"angle":22.5,"axis":"x","origin":[13.9,9.3,8]},"faces":{"north":{"uv":[0,4,16,8],"texture":"#14"},"east":{"uv":[3,0,0,1],"rotation":180,"texture":"#15"},"south":{"uv":[3,8,2,9],"texture":"#15"},"west":{"uv":[1,0,0,1],"texture":"#15"},"down":{"uv":[5,1,6,0],"texture":"#15"}}},{"from":[10.5,8.79033,8.2],"to":[13.901,9.09033,8.3],"rotation":{"angle":-22.5,"axis":"x","origin":[13.9,9.3,8]},"faces":{"north":{"uv":[2,7,3,8],"texture":"#15"},"east":{"uv":[0,0,1,1],"rotation":270,"texture":"#15"},"south":{"uv":[0,13,10,16],"texture":"#14"},"west":{"uv":[0,0,1,1],"texture":"#15"}}},{"from":[10.5,8.79033,7.7],"to":[13.901,9.09033,7.8],"rotation":{"angle":22.5,"axis":"x","origin":[13.9,9.3,8]},"faces":{"north":{"uv":[13,11,3,14],"texture":"#14"},"east":{"uv":[0,1,1,0],"rotation":270,"texture":"#15"},"south":{"uv":[3,7,2,8],"texture":"#15"},"west":{"uv":[1,0,0,1],"texture":"#15"}}},{"from":[16.8,8.79033,8.2],"to":[17.301,9.09033,8.3],"rotation":{"angle":-22.5,"axis":"x","origin":[13.9,9.3,8]},"faces":{"north":{"uv":[2,7,3,8],"texture":"#15"},"east":{"uv":[0,0,3,1],"rotation":180,"texture":"#15"},"south":{"uv":[8,0,10,3],"texture":"#14"},"west":{"uv":[0,0,1,1],"texture":"#15"}}},{"from":[16.8,8.79033,7.7],"to":[17.301,9.09033,7.8],"rotation":{"angle":22.5,"axis":"x","origin":[13.9,9.3,8]},"faces":{"north":{"uv":[10,0,8,3],"texture":"#14"},"east":{"uv":[3,0,0,1],"rotation":180,"texture":"#15"},"south":{"uv":[3,7,2,8],"texture":"#15"},"west":{"uv":[1,0,0,1],"texture":"#15"}}},{"from":[14.6,8.79033,8.2],"to":[15.001,9.09033,8.3],"rotation":{"angle":-22.5,"axis":"x","origin":[13.9,9.3,8]},"faces":{"north":{"uv":[2,7,3,8],"texture":"#15"},"east":{"uv":[0,0,1,1],"rotation":270,"texture":"#15"},"south":{"uv":[4,0,6,4],"texture":"#14"},"west":{"uv":[0,0,1,1],"texture":"#15"}}},{"from":[14.6,8.79033,7.7],"to":[15.001,9.09033,7.8],"rotation":{"angle":22.5,"axis":"x","origin":[13.9,9.3,8]},"faces":{"north":{"uv":[6,0,4,4],"texture":"#14"},"east":{"uv":[0,1,1,0],"rotation":270,"texture":"#15"},"south":{"uv":[3,7,2,8],"texture":"#15"},"west":{"uv":[1,0,0,1],"texture":"#15"}}},{"from":[15.7,8.79033,8.2],"to":[16.101,9.09033,8.3],"rotation":{"angle":-22.5,"axis":"x","origin":[13.9,9.3,8]},"faces":{"north":{"uv":[2,7,3,8],"texture":"#15"},"east":{"uv":[0,0,1,1],"rotation":270,"texture":"#15"},"south":{"uv":[6,0,8,3],"texture":"#14"},"west":{"uv":[0,0,1,1],"texture":"#15"}}},{"from":[15.7,8.79033,7.7],"to":[16.101,9.09033,7.8],"rotation":{"angle":22.5,"axis":"x","origin":[13.9,9.3,8]},"faces":{"north":{"uv":[8,0,6,3],"texture":"#14"},"east":{"uv":[0,1,1,0],"rotation":270,"texture":"#15"},"south":{"uv":[3,7,2,8],"texture":"#15"},"west":{"uv":[1,0,0,1],"texture":"#15"}}},{"from":[10.5,8.11533,8.05],"to":[17.299,8.48463,8.2],"rotation":{"angle":-22.5,"axis":"x","origin":[13.9,9.3,8]},"faces":{"east":{"uv":[0,0,1,1],"rotation":270,"texture":"#15"},"west":{"uv":[0,0,1,1],"texture":"#15"}}},{"from":[10.5,8.11533,7.8],"to":[17.299,8.48463,7.95],"rotation":{"angle":22.5,"axis":"x","origin":[13.9,9.3,8]},"faces":{"east":{"uv":[0,1,1,0],"rotation":270,"texture":"#15"},"west":{"uv":[1,0,0,1],"texture":"#15"}}},{"from":[17.9,8.11533,7.55],"to":[18.698,8.48463,8.4],"rotation":{"angle":0,"axis":"x","origin":[13.9,9.3,8]},"faces":{"east":{"uv":[0,0,1,1],"rotation":270,"texture":"#15"}}},{"from":[10.5,8.17784,8.44009],"to":[17.3,8.29714,8.74009],"rotation":{"angle":0,"axis":"x","origin":[13.9,8.23754,8.44009]},"faces":{"east":{"uv":[0,0,1.01,3],"rotation":270,"texture":"#15"},"south":{"uv":[0,10,16,13],"texture":"#14"},"west":{"uv":[0,0,1,1],"texture":"#15"}}},{"from":[10.5,8.17784,7.25991],"to":[17.3,8.29714,7.55991],"rotation":{"angle":0,"axis":"x","origin":[13.9,8.23754,7.55991]},"faces":{"north":{"uv":[16,9,0,12],"texture":"#14"},"east":{"uv":[0,3,1.01,0],"rotation":270,"texture":"#15"},"west":{"uv":[1,0,0,1],"texture":"#15"}}},{"from":[10.5,7.93754,7.5003],"to":[17.301,8.16254,8.4997],"rotation":{"angle":0,"axis":"x","origin":[13.9,8.23754,8.44009]},"faces":{"east":{"uv":[0,0,1,1],"rotation":180,"texture":"#15"},"west":{"uv":[0,0,1,1],"rotation":90,"texture":"#15"},"up":{"uv":[2,7,3,8],"texture":"#15"},"down":{"uv":[16,0,0,16],"texture":"#14"}}},{"from":[17.3,7.9375,7.66022],"to":[18.7,8.1625,8.33978],"rotation":{"angle":0,"axis":"x","origin":[18,8.13754,7.7]},"faces":{"east":{"uv":[0,0,1,1],"rotation":180,"texture":"#15"},"west":{"uv":[4,6,5,7],"rotation":90,"texture":"#6"},"down":{"uv":[16,0,12,9],"texture":"#14"}}},{"from":[17.3,8.0978,8.4],"to":[18.7,8.8774,8.5],"rotation":{"angle":0,"axis":"x","origin":[18,8.23754,8.3]},"faces":{"north":{"uv":[2,8,3,9],"texture":"#15"},"east":{"uv":[0,0,3,1],"rotation":180,"texture":"#15"},"south":{"uv":[5,3,9,16],"texture":"#14"},"west":{"uv":[4,6,5,7],"texture":"#6"}}},{"from":[17.3,8.0978,7.5],"to":[18.7,8.8774,7.6],"rotation":{"angle":0,"axis":"x","origin":[18,8.23754,7.7]},"faces":{"north":{"uv":[3,0,7,12],"texture":"#14"},"east":{"uv":[0,0,3,1],"rotation":180,"texture":"#15"},"south":{"uv":[2,8,3,9],"texture":"#15"},"west":{"uv":[5,6,4,7],"texture":"#6"}}},{"from":[18.4,8.7581,8.401],"to":[18.7,8.8774,8.499],"rotation":{"angle":22.5,"axis":"z","origin":[18.4,8.81775,8.001]},"faces":{"north":{"uv":[2,8,3,9],"texture":"#15"},"east":{"uv":[0,0,3.01,1],"rotation":180,"texture":"#15"},"south":{"uv":[6,7,3,8],"texture":"#14"}}},{"from":[18.4,8.7581,7.501],"to":[18.7,8.8774,7.599],"rotation":{"angle":22.5,"axis":"z","origin":[18.4,8.81775,7.999]},"faces":{"north":{"uv":[7,4,4,5],"texture":"#14"},"east":{"uv":[0,0,3,1],"rotation":180,"texture":"#15"},"south":{"uv":[2,8,3,9],"texture":"#15"}}},{"from":[17.3,8.8774,8.4],"to":[18.4597,9.1177,8.5],"rotation":{"angle":0,"axis":"z","origin":[18.4,8.81775,8]},"faces":{"north":{"uv":[3,9,2,8],"rotation":270,"texture":"#15"},"south":{"uv":[0,3,3,0],"rotation":90,"texture":"#14"},"west":{"uv":[4,1,7,0],"rotation":180,"texture":"#15"},"up":{"uv":[3,0,0,1],"rotation":90,"texture":"#15"}}},{"from":[17.3,8.8774,7.5],"to":[18.4597,9.1177,7.6],"rotation":{"angle":0,"axis":"z","origin":[18.4,8.81775,8]},"faces":{"north":{"uv":[8,8,11,11],"rotation":270,"texture":"#14"},"south":{"uv":[3,8,2,9],"rotation":270,"texture":"#15"},"west":{"uv":[4,0,7,1],"rotation":180,"texture":"#15"},"up":{"uv":[0,1,3.01,0],"rotation":90,"texture":"#15"}}},{"from":[17.375,8.6774,7.6],"to":[18.4597,9.1177,7.7],"rotation":{"angle":0,"axis":"z","origin":[18.4,8.81775,8]},"faces":{"east":{"uv":[0,0,1,1],"rotation":270,"texture":"#5"},"south":{"uv":[4,0,0,1],"rotation":270,"texture":"#5"},"west":{"uv":[0,13,1,14],"rotation":90,"texture":"#5"},"up":{"uv":[0,0,6,1],"rotation":90,"texture":"#5"}}},{"from":[17.375,8.6774,8.3],"to":[18.4597,9.1177,8.4],"rotation":{"angle":0,"axis":"z","origin":[18.4,8.81775,8]},"faces":{"north":{"uv":[4,1,0,0],"rotation":270,"texture":"#5"},"east":{"uv":[0,1,1,0],"rotation":270,"texture":"#5"},"west":{"uv":[0,13,1,14],"rotation":90,"texture":"#5"},"up":{"uv":[6,0,0,1],"rotation":90,"texture":"#5"}}},{"from":[17.675,8.9024,8.325],"to":[18.1097,9.1427,8.525],"rotation":{"angle":0,"axis":"z","origin":[18.4,8.81775,8]},"faces":{"north":{"uv":[4,1,0,0],"rotation":270,"texture":"#5"},"east":{"uv":[0,1,1,0],"rotation":270,"texture":"#5"},"south":{"uv":[0,13,7,14],"rotation":270,"texture":"#5"},"west":{"uv":[0,13,1,14],"rotation":90,"texture":"#5"},"up":{"uv":[6,0,0,1],"rotation":90,"texture":"#5"},"down":{"uv":[1,0,0,1],"rotation":270,"texture":"#5"}}},{"from":[17.675,8.9024,7.475],"to":[18.1097,9.1427,7.675],"rotation":{"angle":0,"axis":"z","origin":[18.4,8.81775,8]},"faces":{"north":{"uv":[0,14,7,13],"rotation":270,"texture":"#5"},"east":{"uv":[0,0,1,1],"rotation":270,"texture":"#5"},"south":{"uv":[4,0,0,1],"rotation":270,"texture":"#5"},"west":{"uv":[0,14,1,13],"rotation":90,"texture":"#5"},"up":{"uv":[0,0,6,1],"rotation":90,"texture":"#5"},"down":{"uv":[0,0,1,1],"rotation":270,"texture":"#5"}}},{"from":[18.4,8.7581,8.402],"to":[18.7,8.8774,8.498],"rotation":{"angle":45,"axis":"z","origin":[18.4,8.81775,8.002]},"faces":{"north":{"uv":[2,8,3,9],"texture":"#15"},"east":{"uv":[0,0,3.01,1],"rotation":180,"texture":"#15"},"south":{"uv":[9,0,6,1],"texture":"#14"}}},{"from":[18.4,8.7581,7.502],"to":[18.7,8.8774,7.598],"rotation":{"angle":45,"axis":"z","origin":[18.4,8.81775,7.998]},"faces":{"north":{"uv":[12,6,9,7],"texture":"#14"},"east":{"uv":[0,0,3,1],"rotation":180,"texture":"#15"},"south":{"uv":[2,8,3,9],"texture":"#15"}}},{"from":[18.34035,8.81775,8.401],"to":[18.45965,9.11775,8.499],"rotation":{"angle":-22.5,"axis":"z","origin":[18.4,8.81775,8.001]},"faces":{"north":{"uv":[2,8,3,9],"rotation":90,"texture":"#15"},"south":{"uv":[3,0,0,1],"rotation":270,"texture":"#14"},"up":{"uv":[3,0,0,1],"rotation":90,"texture":"#15"}}},{"from":[18.34035,8.81775,7.501],"to":[18.45965,9.11775,7.599],"rotation":{"angle":-22.5,"axis":"z","origin":[18.4,8.81775,7.999]},"faces":{"north":{"uv":[9,5.5,6,6.5],"rotation":270,"texture":"#14"},"south":{"uv":[2,8,3,9],"rotation":90,"texture":"#15"},"up":{"uv":[0,1,3.01,0],"rotation":90,"texture":"#15"}}},{"from":[17.3,8.09776,8.1],"to":[18.699,8.17736,8.5],"rotation":{"angle":22.5,"axis":"x","origin":[18,8.13754,8.3]},"faces":{"east":{"uv":[0,0,1,1],"rotation":270,"texture":"#15"},"south":{"uv":[9,0,5,1],"texture":"#14"},"west":{"uv":[4,6,5,7],"texture":"#6"}}},{"from":[17.3,8.09776,7.5],"to":[18.699,8.17736,7.9],"rotation":{"angle":-22.5,"axis":"x","origin":[18,8.13754,7.7]},"faces":{"north":{"uv":[6,12,10,13],"texture":"#14"},"east":{"uv":[0,0,1,1],"rotation":270,"texture":"#15"},"west":{"uv":[5,6,4,7],"texture":"#6"}}},{"from":[17.3,7.93754,8.26022],"to":[18.7,8.03754,8.33978],"rotation":{"angle":-45,"axis":"x","origin":[18,8.13754,8.3]},"faces":{"east":{"uv":[0,0,1,1],"rotation":180,"texture":"#15"},"west":{"uv":[4,6,5,7],"rotation":90,"texture":"#6"},"down":{"uv":[13,4,9,5],"texture":"#14"}}},{"from":[17.3,7.93754,7.66022],"to":[18.7,8.03754,7.73978],"rotation":{"angle":45,"axis":"x","origin":[18,8.13754,7.7]},"faces":{"east":{"uv":[0,0,1,1],"rotation":180,"texture":"#15"},"west":{"uv":[4,7,5,6],"rotation":90,"texture":"#6"},"down":{"uv":[10,7,6,8],"texture":"#14"}}},{"from":[17.3,7.93754,8.26022],"to":[18.699,8.23754,8.33978],"rotation":{"angle":-22.5,"axis":"x","origin":[18,8.13754,8.3]},"faces":{"east":{"uv":[0,0,1,1],"rotation":180,"texture":"#15"},"west":{"uv":[4,6,5,7],"rotation":90,"texture":"#6"},"down":{"uv":[6,8,2,9],"texture":"#14"}}},{"from":[17.3,7.93754,7.66022],"to":[18.699,8.33754,7.73978],"rotation":{"angle":22.5,"axis":"x","origin":[18,8.13754,7.7]},"faces":{"east":{"uv":[0,0,1,1],"rotation":180,"texture":"#15"},"west":{"uv":[4,7,5,6],"rotation":90,"texture":"#6"},"down":{"uv":[16,8,12,9],"texture":"#14"}}},{"from":[10.5,7.93754,8.38039],"to":[17.3,8.23754,8.49969],"rotation":{"angle":-22.5,"axis":"x","origin":[13.9,8.23754,8.44009]},"faces":{"east":{"uv":[0,0,1.01,3],"rotation":180,"texture":"#15"},"west":{"uv":[0,0,1,1],"rotation":90,"texture":"#15"},"down":{"uv":[0,13,16,16],"texture":"#14"}}},{"from":[10.5,7.93754,7.50031],"to":[17.3,8.23754,7.61961],"rotation":{"angle":22.5,"axis":"x","origin":[13.9,8.23754,7.55991]},"faces":{"east":{"uv":[1.01,0,0,3],"rotation":180,"texture":"#15"},"west":{"uv":[0,1,1,0],"rotation":90,"texture":"#15"},"down":{"uv":[0,16,16,13],"texture":"#14"}}},{"from":[10.5,8.17784,8.44009],"to":[17.301,8.29714,8.74009],"rotation":{"angle":45,"axis":"x","origin":[13.9,8.23754,8.44009]},"faces":{"east":{"uv":[0,0,1.01,3],"rotation":270,"texture":"#15"},"south":{"uv":[0,10,16,13],"texture":"#14"},"west":{"uv":[0,0,1,1],"texture":"#15"}}},{"from":[10.5,8.17784,7.25991],"to":[17.301,8.29714,7.55991],"rotation":{"angle":-45,"axis":"x","origin":[13.9,8.23754,7.55991]},"faces":{"north":{"uv":[16,10,0,13],"texture":"#14"},"east":{"uv":[0,3,1.01,0],"rotation":270,"texture":"#15"},"west":{"uv":[1,0,0,1],"texture":"#15"}}},{"from":[10.5,8.17784,8.44009],"to":[17.3,8.29714,8.74009],"rotation":{"angle":22.5,"axis":"x","origin":[13.9,8.23754,8.44009]},"faces":{"east":{"uv":[0,0,1.01,3],"rotation":270,"texture":"#15"},"south":{"uv":[0,1,16,4],"texture":"#14"},"west":{"uv":[0,0,1,1],"texture":"#15"}}},{"from":[10.5,8.17784,7.25991],"to":[17.3,8.29714,7.55991],"rotation":{"angle":-22.5,"axis":"x","origin":[13.9,8.23754,7.55991]},"faces":{"north":{"uv":[16,1,0,4],"texture":"#14"},"east":{"uv":[0,3,1.01,0],"rotation":270,"texture":"#15"},"west":{"uv":[1,0,0,1],"texture":"#15"}}},{"from":[10.5,9.5,7.94033],"to":[17.3,9.6,8.05967],"rotation":{"angle":45,"axis":"x","origin":[13.9,9.3,8]},"faces":{"east":{"uv":[0,0,3.01,1],"rotation":90,"texture":"#15"},"west":{"uv":[0,0,1,1],"rotation":270,"texture":"#15"},"up":{"uv":[16,10,0,13],"texture":"#14"},"down":{"uv":[2,8,3,9],"rotation":180,"texture":"#15"}}},{"from":[10.5,9.5,7.94033],"to":[17.3,9.6,8.05967],"rotation":{"angle":-45,"axis":"x","origin":[13.9,9.3,8]},"faces":{"east":{"uv":[0,1,3.01,0],"rotation":90,"texture":"#15"},"west":{"uv":[0,1,1,0],"rotation":270,"texture":"#15"},"up":{"uv":[16,13,0,10],"texture":"#14"},"down":{"uv":[2,9,3,8],"rotation":180,"texture":"#15"}}},{"from":[10.5,9.5,7.94033],"to":[17.3,9.6,8.05963],"rotation":{"angle":22.5,"axis":"x","origin":[13.9,9.3,8]},"faces":{"east":{"uv":[0,0,3.01,1],"rotation":90,"texture":"#15"},"west":{"uv":[0,0,1,1],"rotation":270,"texture":"#15"},"up":{"uv":[16,2,0,5],"texture":"#14"},"down":{"uv":[2,7,3,8],"rotation":180,"texture":"#15"}}},{"from":[10.5,9.5,7.94037],"to":[17.3,9.6,8.05967],"rotation":{"angle":-22.5,"axis":"x","origin":[13.9,9.3,8]},"faces":{"east":{"uv":[0,1,3.01,0],"rotation":90,"texture":"#15"},"west":{"uv":[0,1,1,0],"rotation":270,"texture":"#15"},"up":{"uv":[16,5,0,2],"texture":"#14"},"down":{"uv":[2,8,3,7],"rotation":180,"texture":"#15"}}},{"from":[1.7,9.25,7.712],"to":[1.85,9.4,7.813],"rotation":{"angle":0,"axis":"y","origin":[8,10.5,8]},"faces":{"north":{"uv":[10,9,13,12],"rotation":180,"texture":"#8"}}},{"from":[1.5,9.25,8.187],"to":[1.65,9.4,8.288],"rotation":{"angle":0,"axis":"y","origin":[8,10.5,8]},"faces":{"south":{"uv":[10,12,13,9],"rotation":270,"texture":"#8"}}},{"from":[1.1,9.475,7.75],"to":[1.25,9.625,8.25],"rotation":{"angle":0,"axis":"y","origin":[8,10.5,8.013]},"faces":{"north":{"uv":[3,3,6,6],"rotation":90,"texture":"#7"},"east":{"uv":[0,0,10,1],"rotation":270,"texture":"#2"},"south":{"uv":[3,3,6,6],"texture":"#7"},"west":{"uv":[0,0,10,1],"rotation":270,"texture":"#2"},"up":{"uv":[9,7,10,16],"rotation":90,"texture":"#9"},"down":{"uv":[6,13,7,14],"texture":"#5"}}},{"from":[3.75,7.475,7.475],"to":[3.9,7.625,8.475],"rotation":{"angle":0,"axis":"y","origin":[8,10.5,8.013]},"faces":{"north":{"uv":[3,3,6,6],"rotation":90,"texture":"#7"},"east":{"uv":[0,0,10,1],"rotation":270,"texture":"#2"},"south":{"uv":[3,3,6,6],"rotation":90,"texture":"#7"},"west":{"uv":[0,0,10,1],"rotation":270,"texture":"#2"},"up":{"uv":[9,7,10,16],"rotation":90,"texture":"#9"},"down":{"uv":[6,13,7,14],"texture":"#5"}}},{"from":[5.9,7.475,7.452],"to":[6.10711,7.975,8.55],"rotation":{"angle":0,"axis":"y","origin":[6.00355,7.725,8]},"faces":{"north":{"uv":[3,4.5,6,4.51],"rotation":90,"texture":"#7"},"south":{"uv":[3,5,6,4],"rotation":90,"texture":"#7"},"up":{"uv":[10,12,9,13],"rotation":90,"texture":"#9"},"down":{"uv":[6,14,7,13],"texture":"#5"}}},{"from":[5.9,7.475,7.45],"to":[6.10711,7.975,8.55],"rotation":{"angle":-45,"axis":"z","origin":[6.00355,7.725,8]},"faces":{"north":{"uv":[3,4.5,6,4.51],"rotation":90,"texture":"#7"},"south":{"uv":[3,4,6,5],"rotation":90,"texture":"#7"},"up":{"uv":[9,12,10,13],"rotation":90,"texture":"#9"},"down":{"uv":[6,13,7,14],"texture":"#5"}}},{"from":[5.75355,7.62145,7.449],"to":[6.25355,7.82855,8.551],"rotation":{"angle":0,"axis":"z","origin":[6.00355,7.725,7.999]},"faces":{"north":{"uv":[3,4.5,6,4.51],"texture":"#7"},"east":{"uv":[9,12,10,13],"rotation":180,"texture":"#9"},"south":{"uv":[3,4,6,5],"rotation":180,"texture":"#7"},"west":{"uv":[6,13,7,14],"rotation":90,"texture":"#5"}}},{"from":[5.9,7.475,7.45],"to":[6.10711,7.975,8.55],"rotation":{"angle":45,"axis":"z","origin":[6.00355,7.725,8]},"faces":{"north":{"uv":[3,4.5,6,4.51],"rotation":90,"texture":"#7"},"south":{"uv":[3,4,6,5],"rotation":90,"texture":"#7"},"up":{"uv":[9,12,10,13],"rotation":90,"texture":"#9"},"down":{"uv":[6,13,7,14],"texture":"#5"}}},{"from":[5.925,7.65,7.448],"to":[6.075,7.8,8.552],"rotation":{"angle":0,"axis":"y","origin":[8,10.5,7.999]},"faces":{"north":{"uv":[2,11,4,13],"texture":"#7"},"south":{"uv":[2,2,4,4],"rotation":270,"texture":"#7"}}},{"from":[4.725,7.55,7.548],"to":[4.9,7.725,8.452],"rotation":{"angle":0,"axis":"y","origin":[8,10.5,7.999]},"faces":{"north":{"uv":[2,10,5,13],"texture":"#7"},"south":{"uv":[2,2,5,5],"rotation":270,"texture":"#7"}}},{"from":[5.35,7.65,7.548],"to":[5.5,7.8,8.452],"rotation":{"angle":0,"axis":"y","origin":[8,10.5,7.999]},"faces":{"north":{"uv":[2,11,4,13],"texture":"#7"},"south":{"uv":[2,2,4,4],"rotation":270,"texture":"#7"}}},{"from":[6.35,7.25,7.499],"to":[6.5,7.4,7.6],"rotation":{"angle":0,"axis":"y","origin":[8,10.5,8]},"faces":{"north":{"uv":[2,11,4,13],"texture":"#7"}}},{"from":[2.148,3.8995,7.6255],"to":[3.248,7.3995,8.3755],"rotation":{"angle":-45,"axis":"z","origin":[2.998,6.0995,7.75]},"faces":{"north":{"uv":[10,10,16,11],"texture":"#5"},"east":{"uv":[0,13,1,14],"rotation":90,"texture":"#5"},"south":{"uv":[10,10,16,11],"rotation":180,"texture":"#5"},"west":{"uv":[0,4,12,5],"texture":"#5"},"down":{"uv":[0,13,1,14],"rotation":180,"texture":"#5"}}},{"from":[3.248,3.8995,7.7005],"to":[3.648,7.0745,8.3005],"rotation":{"angle":-45,"axis":"z","origin":[2.998,6.0995,7.75]},"faces":{"north":{"uv":[0,13,1,14],"rotation":180,"texture":"#5"},"east":{"uv":[7,2,12,3],"rotation":270,"texture":"#5"},"south":{"uv":[0,13,1,14],"rotation":90,"texture":"#5"},"down":{"uv":[0,14,4,15],"texture":"#5"}}},{"from":[1.048,6.2995,7.6255],"to":[2.148,7.5995,8.3755],"rotation":{"angle":-45,"axis":"z","origin":[2.998,6.0995,7.75]},"faces":{"north":{"uv":[15,10,16,11],"rotation":180,"texture":"#5"},"south":{"uv":[15,10,16,11],"rotation":90,"texture":"#5"},"down":{"uv":[0,7,1,15],"rotation":180,"texture":"#5"}}},{"from":[2.398,6.3245,7.626],"to":[4.148,7.3995,8.374],"rotation":{"angle":0,"axis":"z","origin":[2.998,6.0995,7.7505]},"faces":{"north":{"uv":[15,10,16,11],"rotation":270,"texture":"#5"},"east":{"uv":[10,10,16,11],"rotation":90,"texture":"#5"},"south":{"uv":[15,10,16,11],"rotation":270,"texture":"#5"},"west":{"uv":[7,0,14,1],"rotation":180,"texture":"#5"},"down":{"uv":[0,13,1,14],"rotation":180,"texture":"#5"}}}],"display":{"thirdperson_righthand":{"rotation":[0,90,0],"translation":[-0.5,1,-2.75],"scale":[0.9,0.9,0.9]},"thirdperson_lefthand":{"rotation":[0,-90,-170],"translation":[-2,-4.5,7],"scale":[0.9,0.9,0.9]},"firstperson_righthand":{"rotation":[0,90.125,0],"translation":[-8.995,4.855,-4.25],"scale":[1.8,1.8,1.8]},"firstperson_lefthand":{"translation":[2,3,-2],"scale":[0,0,0]},"ground":{"translation":[0,4.25,0],"scale":[0.9,0.9,0.9]},"gui":{"rotation":[0,0,45],"translation":[-1.2,0,0],"scale":[0.8,0.8,0.8]},"head":{"scale":[1.8,1.8,1.8]},"fixed":{"translation":[0,2,-2.25],"scale":[-1.8,1.8,-1.8]}}}