{"gui_light":"front","textures":{"0":"block/black_wool","2":"block/coal_block","3":"block/anvil","5":"block/chiseled_stone_bricks","7":"block/fire_coral","8":"block/dropper_front"},"elements":[{"from":[6.39,10.15,7.995],"to":[6.54,10.475,8.005],"rotation":{"angle":0,"axis":"y","origin":[8,8.05,8.045]},"faces":{"west":{"uv":[9,3,10,4],"rotation":180,"texture":"#7"}}},{"from":[6.391,10.3,7.8375],"to":[6.541,10.31,8.1625],"rotation":{"angle":0,"axis":"x","origin":[6.465,10.35,8.0125]},"faces":{"west":{"uv":[9,3,10,4],"rotation":90,"texture":"#7"}}},{"from":[4.35,8.6,7.199],"to":[9.9,9.65,8.801],"rotation":{"angle":0,"axis":"y","origin":[6.9,8.3,8]},"faces":{"north":{"uv":[0,13,7,14],"rotation":270,"texture":"#2"},"east":{"uv":[10,8,14.5,9],"rotation":90,"texture":"#2"},"south":{"uv":[0,14,5,15],"rotation":270,"texture":"#2"},"west":{"uv":[15,8,16,9],"texture":"#2"},"up":{"uv":[0,3,16,4],"rotation":270,"texture":"#3"},"down":{"uv":[1,13,2,14],"texture":"#2"}}},{"from":[6.35,9.551,7.86022],"to":[7.4,9.651,8.13978],"rotation":{"angle":0,"axis":"x","origin":[5.425,5.96022,8.6]},"faces":{"up":{"uv":[5,13,6,14],"texture":"#2"}}},{"from":[9.71643,9.02711,7.2],"to":[9.96643,9.57711,8.8],"rotation":{"angle":-22.5,"axis":"z","origin":[9.99143,9.15211,8.001]},"faces":{"north":{"uv":[1,0,2,4],"texture":"#2"},"south":{"uv":[1,0,2,4],"texture":"#2"},"up":{"uv":[0,11,16,12],"rotation":270,"texture":"#3"}}},{"from":[9.98777,9.20862,7.2],"to":[10.23777,9.75862,8.8],"rotation":{"angle":-45,"axis":"z","origin":[9.81277,9.48362,8.001]},"faces":{"north":{"uv":[1,0,2,4],"texture":"#2"},"south":{"uv":[1,0,2,4],"texture":"#2"},"up":{"uv":[0,12,16,13],"rotation":270,"texture":"#3"}}},{"from":[9.52037,8.97093,7.2],"to":[10.07037,9.22093,8.8],"rotation":{"angle":22.5,"axis":"z","origin":[9.79537,9.89593,8.001]},"faces":{"north":{"uv":[1,0,2,4],"rotation":270,"texture":"#2"},"east":{"uv":[0,12,16,13],"texture":"#3"},"south":{"uv":[1,0,2,4],"rotation":90,"texture":"#2"}}},{"from":[9.87842,8.5996,7.2],"to":[10.40342,9.1466,8.8],"rotation":{"angle":0,"axis":"z","origin":[9.62842,9.92158,8.001]},"faces":{"north":{"uv":[1,0,2,4],"rotation":270,"texture":"#2"},"east":{"uv":[0,15,16,16],"texture":"#3"},"south":{"uv":[1,0,2,4],"rotation":90,"texture":"#2"},"down":{"uv":[11,5,12,6],"rotation":180,"texture":"#2"}}},{"from":[7.75,8.25,7.249],"to":[9.95,8.6,8.751],"rotation":{"angle":0,"axis":"y","origin":[6.9,8.1,7.95]},"faces":{"north":{"uv":[0,13,5,14],"rotation":90,"texture":"#2"},"east":{"uv":[1,13,1.5,13.75],"texture":"#2"},"south":{"uv":[0,13,5,14],"rotation":90,"texture":"#2"},"west":{"uv":[1,13,2,14],"texture":"#2"},"up":{"uv":[4,3,8,4],"texture":"#2"},"down":{"uv":[11,5,12,6],"texture":"#2"}}},{"from":[4.75,8.25,7.249],"to":[6.95,8.6,8.751],"rotation":{"angle":0,"axis":"y","origin":[6.9,8.1,7.95]},"faces":{"north":{"uv":[0,13,5,14],"rotation":90,"texture":"#2"},"east":{"uv":[1,13,1.5,13.75],"texture":"#2"},"south":{"uv":[0,13,5,14],"rotation":90,"texture":"#2"},"west":{"uv":[1,13,2,14],"texture":"#2"},"up":{"uv":[4,3,8,4],"texture":"#2"},"down":{"uv":[11,5,12,6],"texture":"#2"}}},{"from":[4.325,8.575,7.074],"to":[6.4,9.65,7.174],"rotation":{"angle":0,"axis":"y","origin":[7,7.425,7.875]},"faces":{"north":{"uv":[0,13,7,14],"rotation":270,"texture":"#2"},"south":{"uv":[0,13,5,14],"rotation":270,"texture":"#2"},"west":{"uv":[15,8,16,9],"texture":"#2"},"down":{"uv":[1,13,2,14],"texture":"#2"}}},{"from":[5,8.9,7.073],"to":[5.25,9.15,8.927],"rotation":{"angle":0,"axis":"y","origin":[7.8,8.3,7.999]},"faces":{"north":{"uv":[3,11,5,13],"texture":"#5"},"east":{"uv":[11,5,12,6],"texture":"#2"},"south":{"uv":[2,11,4,13],"texture":"#5"},"west":{"uv":[11,5,12,6],"texture":"#2"},"up":{"uv":[11,5,12,6],"texture":"#2"},"down":{"uv":[11,5,12,6],"texture":"#2"}}},{"from":[6.1,8.7,6.973],"to":[6.55,9.15,7.927],"rotation":{"angle":0,"axis":"y","origin":[7.8,8.3,7.999]},"faces":{"north":{"uv":[10,6,15,11],"rotation":270,"texture":"#5"},"east":{"uv":[11,5,12,6],"texture":"#2"},"west":{"uv":[11,5,12,6],"texture":"#2"},"up":{"uv":[0,0,3,1],"rotation":180,"texture":"#2"},"down":{"uv":[11,5,12,6],"texture":"#2"}}},{"from":[4.224,8.9,7.449],"to":[4.478,9.15,7.799],"rotation":{"angle":0,"axis":"y","origin":[7.75,8.3,7.999]},"faces":{"north":{"uv":[11,5,12,6],"texture":"#2"},"south":{"uv":[11,5,12,6],"texture":"#2"},"west":{"uv":[4,8,12,13],"texture":"#8"},"up":{"uv":[3,3,8,4],"rotation":90,"texture":"#2"},"down":{"uv":[11,5,12,6],"rotation":90,"texture":"#2"}}},{"from":[4.224,8.9,8.201],"to":[4.478,9.15,8.551],"rotation":{"angle":0,"axis":"y","origin":[7.75,8.3,8.001]},"faces":{"north":{"uv":[12,5,11,6],"texture":"#2"},"south":{"uv":[12,5,11,6],"texture":"#2"},"west":{"uv":[12,8,4,13],"rotation":180,"texture":"#8"},"up":{"uv":[8,3,3,4],"rotation":90,"texture":"#2"},"down":{"uv":[12,5,11,6],"rotation":90,"texture":"#2"}}},{"from":[4.2676,9.2,7.92544],"to":[4.5724,9.56,8.07456],"rotation":{"angle":0,"axis":"y","origin":[4.4212,9.38,8]},"faces":{"west":{"uv":[8,0,7,1],"rotation":180,"texture":"#3"},"up":{"uv":[11,0,5,1],"rotation":90,"texture":"#3"},"down":{"uv":[12,5,11,6],"rotation":90,"texture":"#2"}}},{"from":[4.2688,9.30544,7.82],"to":[4.5736,9.45456,8.18],"rotation":{"angle":0,"axis":"x","origin":[4.4212,9.38,8]},"faces":{"north":{"uv":[5,13,0,14],"rotation":90,"texture":"#2"},"south":{"uv":[5,13,0,14],"rotation":90,"texture":"#2"},"west":{"uv":[8,0,7,1],"rotation":270,"texture":"#3"}}},{"from":[4.2688,9.2,7.92544],"to":[4.5736,9.56,8.07456],"rotation":{"angle":-45,"axis":"x","origin":[4.4212,9.38,8]},"faces":{"west":{"uv":[8,0,7,1],"rotation":180,"texture":"#3"},"up":{"uv":[10,3,5,4],"rotation":90,"texture":"#2"},"down":{"uv":[12,5,11,6],"rotation":90,"texture":"#2"}}},{"from":[4.2688,9.2,7.92544],"to":[4.5736,9.56,8.07456],"rotation":{"angle":45,"axis":"x","origin":[4.4212,9.38,8]},"faces":{"west":{"uv":[8,0,7,1],"rotation":180,"texture":"#3"},"up":{"uv":[10,3,5,4],"rotation":270,"texture":"#2"},"down":{"uv":[12,5,11,6],"rotation":90,"texture":"#2"}}},{"from":[7.1,8.9,7.073],"to":[7.35,9.15,8.927],"rotation":{"angle":0,"axis":"y","origin":[7.8,8.3,7.999]},"faces":{"north":{"uv":[3,11,5,13],"texture":"#5"},"east":{"uv":[11,5,12,6],"texture":"#2"},"south":{"uv":[2,11,4,13],"texture":"#5"},"west":{"uv":[11,5,12,6],"texture":"#2"},"up":{"uv":[0,0,3,1],"rotation":180,"texture":"#2"},"down":{"uv":[11,5,12,6],"texture":"#2"}}},{"from":[6.2703,8.69242,7.075],"to":[6.7703,10.17202,7.173],"rotation":{"angle":45,"axis":"z","origin":[6.5953,9.83222,7.124]},"faces":{"north":{"uv":[4,13,7,14],"rotation":270,"texture":"#2"},"east":{"uv":[4,13,7,14],"rotation":90,"texture":"#2"},"south":{"uv":[3,13,6,14],"texture":"#2"}}},{"from":[6.14324,9.02713,7.0745],"to":[6.66824,10.45673,7.1735],"rotation":{"angle":22.5,"axis":"z","origin":[6.39324,9.76693,7.124]},"faces":{"north":{"uv":[6,12,9,13],"rotation":270,"texture":"#2"},"east":{"uv":[10,8,14.5,9],"rotation":90,"texture":"#2"},"south":{"uv":[2,13,5,14],"texture":"#2"}}},{"from":[4.75,9.65,7.074],"to":[6.4,10.8296,7.174],"rotation":{"angle":0,"axis":"y","origin":[7,8.4,7.875]},"faces":{"north":{"uv":[10,7,14,8],"rotation":270,"texture":"#2"},"east":{"uv":[10,8,14.5,9],"rotation":90,"texture":"#2"},"south":{"uv":[1,13,2,14],"texture":"#2"},"west":{"uv":[15,8,16,9],"texture":"#2"},"up":{"uv":[13,3,14,4],"rotation":270,"texture":"#0"}}},{"from":[4.32321,9.46139,7.0745],"to":[4.72321,10.59099,7.1735],"rotation":{"angle":-22.5,"axis":"z","origin":[4.79821,9.55119,7.124]},"faces":{"north":{"uv":[10,7,14,8],"texture":"#2"},"south":{"uv":[6,13,7,14],"texture":"#2"},"west":{"uv":[10,7,16,8],"rotation":90,"texture":"#2"}}},{"from":[6.4,8.575,7.074],"to":[7.525,9.15,7.174],"rotation":{"angle":0,"axis":"y","origin":[7,7.425,7.875]},"faces":{"north":{"uv":[0,13,4,14],"rotation":270,"texture":"#2"},"east":{"uv":[10,8,14.5,9],"rotation":90,"texture":"#2"},"south":{"uv":[1,13,2,14],"texture":"#2"},"down":{"uv":[1,14,2,13],"texture":"#2"}}},{"from":[4.325,8.575,8.826],"to":[6.4,9.65,8.926],"rotation":{"angle":0,"axis":"y","origin":[7,7.425,8.125]},"faces":{"north":{"uv":[0,14,5,13],"rotation":270,"texture":"#2"},"south":{"uv":[0,14,7,13],"rotation":270,"texture":"#2"},"west":{"uv":[16,8,15,9],"texture":"#2"},"down":{"uv":[1,14,2,13],"texture":"#2"}}},{"from":[6.4,8.575,8.826],"to":[7.525,9.15,8.926],"rotation":{"angle":0,"axis":"y","origin":[7,7.425,8.125]},"faces":{"north":{"uv":[2,13,1,14],"texture":"#2"},"east":{"uv":[10,9,14.5,8],"rotation":90,"texture":"#2"},"south":{"uv":[0,14,4,13],"rotation":270,"texture":"#2"},"down":{"uv":[1,14,2,13],"texture":"#2"}}},{"from":[6.2703,8.69242,8.827],"to":[6.7703,10.17202,8.925],"rotation":{"angle":45,"axis":"z","origin":[6.5953,9.83222,8.876]},"faces":{"north":{"uv":[6,13,3,14],"texture":"#2"},"east":{"uv":[4,14,7,13],"rotation":90,"texture":"#2"},"south":{"uv":[4,14,7,13],"rotation":270,"texture":"#2"}}},{"from":[6.14324,9.02713,8.8265],"to":[6.66824,10.45673,8.9255],"rotation":{"angle":22.5,"axis":"z","origin":[6.39324,9.76693,8.876]},"faces":{"north":{"uv":[5,13,2,14],"texture":"#2"},"east":{"uv":[10,9,14.5,8],"rotation":90,"texture":"#2"},"south":{"uv":[6,13,9,12],"rotation":270,"texture":"#2"}}},{"from":[4.75,9.65,8.826],"to":[6.4,10.8296,8.926],"rotation":{"angle":0,"axis":"y","origin":[7,8.4,8.125]},"faces":{"north":{"uv":[2,13,1,14],"texture":"#2"},"east":{"uv":[10,9,14.5,8],"rotation":90,"texture":"#2"},"south":{"uv":[10,8,14,7],"rotation":270,"texture":"#2"},"west":{"uv":[16,8,15,9],"texture":"#2"},"up":{"uv":[14,3,13,4],"rotation":270,"texture":"#0"}}},{"from":[4.32321,9.46139,8.8265],"to":[4.72321,10.59099,8.9255],"rotation":{"angle":-22.5,"axis":"z","origin":[4.79821,9.55119,8.876]},"faces":{"north":{"uv":[7,13,6,14],"texture":"#2"},"south":{"uv":[14,7,10,8],"texture":"#2"},"west":{"uv":[10,8,16,7],"rotation":90,"texture":"#2"}}},{"from":[4.75,10.75,8.826],"to":[6.4,10.82956,8.926],"rotation":{"angle":-22.5,"axis":"x","origin":[5.425,10.78978,8.726]},"faces":{"north":{"uv":[3,14,5,13],"rotation":270,"texture":"#2"},"east":{"uv":[13,3,14,2],"rotation":90,"texture":"#2"},"south":{"uv":[4,14,6,13],"rotation":270,"texture":"#2"},"west":{"uv":[16,8,15,9],"texture":"#2"}}},{"from":[4.75,10.88978,8.68622],"to":[6.4,10.98978,8.76578],"rotation":{"angle":22.5,"axis":"x","origin":[5.425,10.78978,8.726]},"faces":{"east":{"uv":[4,13,3,14],"texture":"#2"},"west":{"uv":[15,9,16,8],"rotation":90,"texture":"#2"},"up":{"uv":[5.1,3.2,5.2,3.1],"rotation":180,"texture":"#2"},"down":{"uv":[4,13,2,14],"rotation":90,"texture":"#2"}}},{"from":[4.75,10.75,8.826],"to":[6.4,10.82956,8.926],"rotation":{"angle":-45,"axis":"x","origin":[5.425,10.78978,8.726]},"faces":{"north":{"uv":[3,14,5,13],"rotation":90,"texture":"#2"},"east":{"uv":[13,3,14,2],"rotation":90,"texture":"#2"},"south":{"uv":[5,14,7,13],"rotation":270,"texture":"#2"},"west":{"uv":[16,8,15,9],"texture":"#2"}}},{"from":[4.75,10.88978,7.23422],"to":[6.4,10.98978,8.76922],"rotation":{"angle":0,"axis":"x","origin":[5.56988,10.93553,8.01108]},"faces":{"east":{"uv":[14.5,8,10,9],"texture":"#2"},"west":{"uv":[15,9,16,8],"rotation":90,"texture":"#2"},"up":{"uv":[0,0,16,1],"rotation":90,"texture":"#3"},"down":{"uv":[0,14,1,13],"texture":"#2"}}},{"from":[4.75,10.88978,7.23422],"to":[6.4,10.98978,7.31378],"rotation":{"angle":-22.5,"axis":"x","origin":[5.425,10.78978,7.274]},"faces":{"east":{"uv":[13,2,14,3],"texture":"#2"},"west":{"uv":[15,8,16,9],"rotation":90,"texture":"#2"},"up":{"uv":[5.1,3.1,5.2,3.2],"rotation":180,"texture":"#2"},"down":{"uv":[2,13,4,14],"rotation":90,"texture":"#2"}}},{"from":[4.75,10.75,7.074],"to":[6.4,10.82956,7.174],"rotation":{"angle":45,"axis":"x","origin":[5.425,10.78978,7.274]},"faces":{"north":{"uv":[5,13,7,14],"rotation":270,"texture":"#2"},"east":{"uv":[13,2,14,3],"rotation":90,"texture":"#2"},"south":{"uv":[3,13,5,14],"rotation":90,"texture":"#2"},"west":{"uv":[15,8,16,9],"texture":"#2"}}},{"from":[4.75,10.75,7.074],"to":[6.4,10.82956,7.174],"rotation":{"angle":22.5,"axis":"x","origin":[5.425,10.78978,7.274]},"faces":{"north":{"uv":[4,13,6,14],"rotation":270,"texture":"#2"},"east":{"uv":[13,2,14,3],"rotation":90,"texture":"#2"},"south":{"uv":[3,13,5,14],"rotation":270,"texture":"#2"},"west":{"uv":[15,8,16,9],"texture":"#2"}}},{"from":[4.45,9.65,8.701],"to":[6.4,9.8296,8.801],"rotation":{"angle":0,"axis":"y","origin":[7,8.3,8]},"faces":{"north":{"uv":[2,13,1,14],"texture":"#2"},"east":{"uv":[1,14,2,13],"rotation":90,"texture":"#2"},"south":{"uv":[1,15,4,14],"rotation":90,"texture":"#2"},"west":{"uv":[16,8,15,9],"texture":"#2"}}},{"from":[4.45,9.63978,8.56122],"to":[6.4,9.73978,8.64078],"rotation":{"angle":-45,"axis":"x","origin":[5.425,9.83978,8.601]},"faces":{"east":{"uv":[2,13,1,14],"texture":"#2"},"west":{"uv":[15,9,16,8],"rotation":90,"texture":"#2"},"up":{"uv":[5,13,3,14],"rotation":90,"texture":"#2"},"down":{"uv":[0,7,2,3],"texture":"#0"}}},{"from":[4.45,9.8,8.701],"to":[6.4,9.87956,8.801],"rotation":{"angle":22.5,"axis":"x","origin":[5.425,9.83978,8.601]},"faces":{"north":{"uv":[2,14,4,13],"rotation":90,"texture":"#2"},"east":{"uv":[1,14,2,13],"rotation":270,"texture":"#2"},"south":{"uv":[2,3,0,7],"rotation":180,"texture":"#0"},"west":{"uv":[16,8,15,9],"rotation":180,"texture":"#2"}}},{"from":[4.45,9.61478,8.46122],"to":[6.4,9.73978,8.64078],"rotation":{"angle":-22.5,"axis":"x","origin":[5.425,9.83978,8.601]},"faces":{"east":{"uv":[2,13,1,14],"texture":"#2"},"west":{"uv":[15,9,16,8],"rotation":90,"texture":"#2"},"up":{"uv":[5,14,6,13],"rotation":180,"texture":"#2"},"down":{"uv":[0,7,2,3],"texture":"#0"}}},{"from":[4.45,9.63522,7.36122],"to":[6.4,9.73522,8.64078],"rotation":{"angle":0,"axis":"x","origin":[5.425,5.96022,8.601]},"faces":{"east":{"uv":[1,13,2,14],"texture":"#2"},"west":{"uv":[16,9,15,8],"rotation":90,"texture":"#2"},"up":{"uv":[5,13,6,14],"texture":"#2"}}},{"from":[4.45,9.63978,7.35922],"to":[6.4,9.73978,7.43878],"rotation":{"angle":45,"axis":"x","origin":[5.425,9.83978,7.399]},"faces":{"east":{"uv":[1,13,2,14],"texture":"#2"},"west":{"uv":[15,8,16,9],"rotation":90,"texture":"#2"},"up":{"uv":[3,13,5,14],"rotation":90,"texture":"#2"},"down":{"uv":[0,3,2,7],"texture":"#0"}}},{"from":[4.45,9.61478,7.35922],"to":[6.4,9.73978,7.53878],"rotation":{"angle":22.5,"axis":"x","origin":[5.425,9.83978,7.399]},"faces":{"east":{"uv":[1,13,2,14],"texture":"#2"},"west":{"uv":[15,8,16,9],"rotation":90,"texture":"#2"},"up":{"uv":[5,13,6,14],"rotation":180,"texture":"#2"},"down":{"uv":[0,3,2,7],"texture":"#0"}}},{"from":[4.45,9.8,7.199],"to":[6.4,9.87956,7.299],"rotation":{"angle":-22.5,"axis":"x","origin":[5.425,9.83978,7.399]},"faces":{"north":{"uv":[0,3,2,7],"rotation":180,"texture":"#0"},"east":{"uv":[1,13,2,14],"rotation":270,"texture":"#2"},"south":{"uv":[2,13,4,14],"rotation":90,"texture":"#2"},"west":{"uv":[15,8,16,9],"rotation":180,"texture":"#2"}}},{"from":[4.44821,9.64099,7.199],"to":[4.74821,10.44559,7.298],"rotation":{"angle":-22.5,"axis":"z","origin":[4.92321,9.73079,7.249]},"faces":{"north":{"uv":[1,13,2,14],"texture":"#2"},"south":{"uv":[1,14,3,15],"rotation":180,"texture":"#2"},"west":{"uv":[15,8,16,9],"texture":"#2"}}},{"from":[4.45,9.65,7.199],"to":[6.4,9.8296,7.299],"rotation":{"angle":0,"axis":"y","origin":[7,8.3,8]},"faces":{"north":{"uv":[1,14,4,15],"rotation":90,"texture":"#2"},"east":{"uv":[1,13,2,14],"rotation":90,"texture":"#2"},"south":{"uv":[1,13,2,14],"texture":"#2"},"west":{"uv":[15,8,16,9],"texture":"#2"}}},{"from":[4.44821,9.64099,8.702],"to":[4.74821,10.44559,8.801],"rotation":{"angle":-22.5,"axis":"z","origin":[4.92321,9.73079,8.751]},"faces":{"north":{"uv":[3,14,1,15],"rotation":180,"texture":"#2"},"south":{"uv":[2,13,1,14],"texture":"#2"},"west":{"uv":[16,8,15,9],"texture":"#2"}}},{"from":[4.75,9.825,7.199],"to":[6.4,10.7296,7.299],"rotation":{"angle":0,"axis":"y","origin":[7,8.3,8]},"faces":{"north":{"uv":[1,13,2,14],"texture":"#2"},"east":{"uv":[10,8,14.5,9],"rotation":90,"texture":"#2"},"south":{"uv":[8,5,14,6],"texture":"#2"},"west":{"uv":[15,8,16,9],"texture":"#2"},"up":{"uv":[13,3,14,4],"rotation":270,"texture":"#0"},"down":{"uv":[10,15,16,16],"texture":"#2"}}},{"from":[4.75,9.825,8.701],"to":[6.4,10.7296,8.801],"rotation":{"angle":0,"axis":"y","origin":[7,8.3,8]},"faces":{"north":{"uv":[14,5,8,6],"texture":"#2"},"east":{"uv":[10,9,14.5,8],"rotation":90,"texture":"#2"},"south":{"uv":[2,13,1,14],"texture":"#2"},"west":{"uv":[16,8,15,9],"texture":"#2"},"up":{"uv":[14,3,13,4],"rotation":270,"texture":"#0"},"down":{"uv":[10,16,16,15],"texture":"#2"}}},{"from":[4.75,10.65,8.701],"to":[6.4,10.72956,8.801],"rotation":{"angle":-22.5,"axis":"x","origin":[5.425,10.68978,8.601]},"faces":{"north":{"uv":[14,5,8,6],"texture":"#2"},"east":{"uv":[13,3,14,2],"rotation":90,"texture":"#2"},"south":{"uv":[2,13,1,14],"texture":"#2"},"west":{"uv":[16,8,15,9],"texture":"#2"}}},{"from":[4.75,10.65,8.701],"to":[6.4,10.72956,8.801],"rotation":{"angle":-45,"axis":"x","origin":[5.425,10.68978,8.601]},"faces":{"north":{"uv":[14,5,8,6],"texture":"#2"},"east":{"uv":[13,3,14,2],"rotation":90,"texture":"#2"},"south":{"uv":[2,13,1,14],"texture":"#2"},"west":{"uv":[16,8,15,9],"texture":"#2"}}},{"from":[4.75,10.78978,8.56122],"to":[6.4,10.88978,8.64078],"rotation":{"angle":22.5,"axis":"x","origin":[5.425,10.68978,8.601]},"faces":{"east":{"uv":[4,13,3,14],"texture":"#2"},"west":{"uv":[15,9,16,8],"rotation":90,"texture":"#2"},"up":{"uv":[1,14,2,13],"rotation":180,"texture":"#2"},"down":{"uv":[8,6,14,5],"texture":"#2"}}},{"from":[4.75,10.78978,7.36122],"to":[6.4,10.88978,8.64078],"rotation":{"angle":0,"axis":"x","origin":[5.425,10.68978,8.601]},"faces":{"east":{"uv":[14.5,8,10,9],"texture":"#2"},"west":{"uv":[15,9,16,8],"rotation":90,"texture":"#2"},"down":{"uv":[7,6,14,5],"texture":"#2"}}},{"from":[4.75,10.78978,7.35922],"to":[6.4,10.88978,7.43878],"rotation":{"angle":-22.5,"axis":"x","origin":[5.425,10.68978,7.399]},"faces":{"east":{"uv":[13,2,14,3],"texture":"#2"},"west":{"uv":[15,8,16,9],"rotation":90,"texture":"#2"},"up":{"uv":[1,13,2,14],"rotation":180,"texture":"#2"},"down":{"uv":[8,5,14,6],"texture":"#2"}}},{"from":[4.75,10.65,7.199],"to":[6.4,10.72956,7.299],"rotation":{"angle":45,"axis":"x","origin":[5.425,10.68978,7.399]},"faces":{"north":{"uv":[1,13,2,14],"texture":"#2"},"east":{"uv":[13,2,14,3],"rotation":90,"texture":"#2"},"south":{"uv":[8,5,14,6],"texture":"#2"},"west":{"uv":[15,8,16,9],"texture":"#2"}}},{"from":[4.75,10.65,7.199],"to":[6.4,10.72956,7.299],"rotation":{"angle":22.5,"axis":"x","origin":[5.425,10.68978,7.399]},"faces":{"north":{"uv":[1,13,2,14],"texture":"#2"},"east":{"uv":[13,2,14,3],"rotation":90,"texture":"#2"},"south":{"uv":[8,5,14,6],"texture":"#2"},"west":{"uv":[15,8,16,9],"texture":"#2"}}}],"display":{"thirdperson_righthand":{"rotation":[0,100,0],"translation":[-0.5,0.5,-1.5]},"thirdperson_lefthand":{"rotation":[0,-90,-170],"translation":[-2,-4.5,7]},"firstperson_righthand":{"rotation":[0,90,0],"translation":[-1,3,-1.25],"scale":[1.75,1.75,1.75]},"firstperson_lefthand":{"translation":[2,3.75,-0.5],"scale":[0,0,0]},"ground":{"translation":[0,1.5,0]},"gui":{"rotation":[0,0,45],"translation":[-1.2,0,0]},"head":{"scale":[2,2,2]},"fixed":{"translation":[0,3,-2],"scale":[-2,2,-2]}}}