{"gui_light":"front","textures":{"2":"block/gold_block","3":"block/furnace_side"},"elements":[{"from":[5.39704,10.875,7.82595],"to":[5.54714,12.625,8.17405],"faces":{"east":{"uv":[15,14,16,15],"rotation":270,"texture":"#2"},"west":{"uv":[2,0,3,16],"rotation":180,"texture":"#2"},"up":{"uv":[1,2,2,3],"rotation":270,"texture":"#2"},"down":{"uv":[0,0,1,1],"rotation":270,"texture":"#2"}}},{"from":[5.37114,11.35,7.92044],"to":[5.47114,12.15,8.07957],"faces":{"west":{"uv":[5,3.01,9,3.02],"rotation":90,"texture":"#3"},"up":{"uv":[0,0,1,1],"rotation":270,"texture":"#3"},"down":{"uv":[0,0,1,1],"rotation":270,"texture":"#3"}}},{"from":[5.92214,10.875,7.82595],"to":[9.02214,12.625,8.17405],"faces":{"east":{"uv":[0,0,1,1],"texture":"#2"},"west":{"uv":[0,0,1,1],"texture":"#2"},"up":{"uv":[4,10,6,14],"rotation":270,"texture":"#2"},"down":{"uv":[13,15,14,16],"rotation":90,"texture":"#2"}}},{"from":[5.92214,10.875,7.82595],"to":[9.02214,12.625,8.17405],"rotation":{"angle":22.5,"axis":"x","origin":[8.02214,11.75,8]},"faces":{"east":{"uv":[0,0,1,1],"texture":"#2"},"west":{"uv":[0,0,1,1],"texture":"#2"},"up":{"uv":[4,10,6,14],"rotation":270,"texture":"#2"},"down":{"uv":[13,15,14,16],"rotation":90,"texture":"#2"}}},{"from":[5.92214,10.875,7.82595],"to":[9.02214,12.625,8.17405],"rotation":{"angle":-22.5,"axis":"x","origin":[8.02214,11.75,8]},"faces":{"east":{"uv":[0,0,1,1],"texture":"#2"},"west":{"uv":[0,0,1,1],"texture":"#2"},"up":{"uv":[4,10,6,14],"rotation":270,"texture":"#2"},"down":{"uv":[13,15,14,16],"rotation":90,"texture":"#2"}}},{"from":[5.92214,10.875,7.82595],"to":[9.02214,12.625,8.17405],"rotation":{"angle":45,"axis":"x","origin":[8.02214,11.75,8]},"faces":{"east":{"uv":[0,0,1,1],"texture":"#2"},"west":{"uv":[0,0,1,1],"texture":"#2"},"up":{"uv":[4,10,6,14],"rotation":270,"texture":"#2"},"down":{"uv":[13,15,14,16],"rotation":90,"texture":"#2"}}},{"from":[5.92214,10.875,7.82595],"to":[9.02214,12.625,8.17405],"rotation":{"angle":-45,"axis":"x","origin":[8.02214,11.75,8]},"faces":{"east":{"uv":[0,0,1,1],"texture":"#2"},"west":{"uv":[0,0,1,1],"texture":"#2"},"up":{"uv":[4,10,6,14],"rotation":270,"texture":"#2"},"down":{"uv":[13,13,14,14],"rotation":90,"texture":"#2"}}},{"from":[5.92214,11.57595,7.125],"to":[9.02214,11.92405,8.875],"rotation":{"angle":-22.5,"axis":"x","origin":[8.02214,11.75,8]},"faces":{"north":{"uv":[11,12,12,13],"rotation":270,"texture":"#2"},"east":{"uv":[0,0,1,1],"rotation":270,"texture":"#2"},"south":{"uv":[4,10,6,14],"rotation":270,"texture":"#2"},"west":{"uv":[0,0,1,1],"texture":"#2"}}},{"from":[5.92214,11.57595,7.125],"to":[9.02214,11.92405,8.875],"rotation":{"angle":22.5,"axis":"x","origin":[8.02214,11.75,8]},"faces":{"north":{"uv":[4,10,6,14],"rotation":90,"texture":"#2"},"east":{"uv":[0,0,1,1],"rotation":90,"texture":"#2"},"south":{"uv":[11,12,12,13],"rotation":90,"texture":"#2"},"west":{"uv":[0,0,1,1],"texture":"#2"}}},{"from":[5.92214,11.57595,7.125],"to":[9.02214,11.92405,8.875],"faces":{"north":{"uv":[4,10,6,14],"rotation":90,"texture":"#2"},"east":{"uv":[0,0,1,1],"rotation":90,"texture":"#2"},"south":{"uv":[8,10,9,11],"rotation":90,"texture":"#2"},"west":{"uv":[0,0,1,1],"texture":"#2"}}},{"from":[8.92214,10.95,7.84087],"to":[9.42214,12.55,8.15913],"faces":{"east":{"uv":[4,10,5,11],"texture":"#3"},"up":{"uv":[6,9,8,10],"rotation":270,"texture":"#3"},"down":{"uv":[11,8,12,9],"rotation":270,"texture":"#3"}}},{"from":[8.92214,10.95,7.84087],"to":[9.42214,12.55,8.15913],"rotation":{"angle":-22.5,"axis":"x","origin":[9.44714,11.75,8]},"faces":{"east":{"uv":[4,10,5,11],"texture":"#3"},"up":{"uv":[9,9.01,10,11.01],"rotation":180,"texture":"#3"},"down":{"uv":[10,8.01,12,8.51],"rotation":90,"texture":"#3"}}},{"from":[8.92214,10.95,7.84087],"to":[9.42214,12.55,8.15913],"rotation":{"angle":22.5,"axis":"x","origin":[9.44714,11.75,8]},"faces":{"east":{"uv":[4,10,5,11],"texture":"#3"},"up":{"uv":[9,10,11,11],"rotation":270,"texture":"#3"},"down":{"uv":[10,8,12,9],"rotation":270,"texture":"#3"}}},{"from":[8.92214,10.95,7.84087],"to":[9.42214,12.55,8.15913],"rotation":{"angle":-45,"axis":"x","origin":[9.44714,11.75,8]},"faces":{"east":{"uv":[4,10,5,11],"texture":"#3"},"up":{"uv":[11,10,13,11],"rotation":270,"texture":"#3"},"down":{"uv":[9,8.01,11,8.51],"rotation":90,"texture":"#3"}}},{"from":[8.92214,10.95,7.84087],"to":[9.42214,12.55,8.15913],"rotation":{"angle":45,"axis":"x","origin":[9.44714,11.75,8]},"faces":{"east":{"uv":[4,10,5,11],"texture":"#3"},"up":{"uv":[11,10,12,12],"texture":"#3"},"down":{"uv":[9,8,11,9],"rotation":270,"texture":"#3"}}},{"from":[8.92214,11.59087,7.2],"to":[9.42214,11.90913,8.8],"rotation":{"angle":22.5,"axis":"x","origin":[9.44714,11.75,8]},"faces":{"north":{"uv":[3,8,5,9],"rotation":270,"texture":"#3"},"east":{"uv":[4,10,5,11],"rotation":90,"texture":"#3"},"south":{"uv":[8,8.01,10,8.51],"rotation":90,"texture":"#3"}}},{"from":[8.92214,11.59087,7.2],"to":[9.42214,11.90913,8.8],"rotation":{"angle":-22.5,"axis":"x","origin":[9.44714,11.75,8]},"faces":{"north":{"uv":[8,8,10,9],"rotation":90,"texture":"#3"},"east":{"uv":[4,10,5,11],"rotation":270,"texture":"#3"},"south":{"uv":[3,8,4.9,9],"rotation":270,"texture":"#3"}}},{"from":[8.92214,11.59087,7.2],"to":[9.42214,11.90913,8.8],"faces":{"north":{"uv":[7,8,9,9],"rotation":90,"texture":"#3"},"east":{"uv":[4,10,5,11],"rotation":90,"texture":"#3"},"south":{"uv":[7,8.01,9,8.51],"rotation":90,"texture":"#3"}}},{"from":[9.42214,11,7.85082],"to":[9.72214,12.5,8.14918],"faces":{"east":{"uv":[4,10,5,11],"texture":"#3"},"up":{"uv":[6,9,8,10],"rotation":270,"texture":"#3"},"down":{"uv":[11,8,12,9],"rotation":270,"texture":"#3"}}},{"from":[9.42214,11,7.85082],"to":[9.72214,12.5,8.14918],"rotation":{"angle":22.5,"axis":"x","origin":[10.17214,11.75,8]},"faces":{"east":{"uv":[4,10,5,11],"texture":"#3"},"up":{"uv":[9,10,11,11],"rotation":270,"texture":"#3"},"down":{"uv":[10,8,12,9],"rotation":270,"texture":"#3"}}},{"from":[9.42214,11,7.85082],"to":[9.72214,12.5,8.14918],"rotation":{"angle":-22.5,"axis":"x","origin":[10.17214,11.75,8]},"faces":{"east":{"uv":[4,10,5,11],"texture":"#3"},"up":{"uv":[9,9.01,10,11.01],"rotation":180,"texture":"#3"},"down":{"uv":[10,8.01,12,8.51],"rotation":90,"texture":"#3"}}},{"from":[9.42214,11,7.85082],"to":[9.72214,12.5,8.14918],"rotation":{"angle":45,"axis":"x","origin":[10.17214,11.75,8]},"faces":{"east":{"uv":[4,10,5,11],"texture":"#3"},"up":{"uv":[11,10,12,12],"texture":"#3"},"down":{"uv":[9,8,11,9],"rotation":270,"texture":"#3"}}},{"from":[9.42214,11,7.85082],"to":[9.72214,12.5,8.14918],"rotation":{"angle":-45,"axis":"x","origin":[10.17214,11.75,8]},"faces":{"east":{"uv":[4,10,5,11],"texture":"#3"},"up":{"uv":[11,10,13,11],"rotation":270,"texture":"#3"},"down":{"uv":[9,8.01,11,8.51],"rotation":90,"texture":"#3"}}},{"from":[9.42214,11.60082,7.25],"to":[9.72214,11.89918,8.75],"rotation":{"angle":-22.5,"axis":"x","origin":[10.17214,11.75,8]},"faces":{"north":{"uv":[8,8,10,9],"rotation":90,"texture":"#3"},"east":{"uv":[4,10,5,11],"rotation":270,"texture":"#3"},"south":{"uv":[3,8,4.9,9],"rotation":270,"texture":"#3"}}},{"from":[9.42214,11.60082,7.25],"to":[9.72214,11.89918,8.75],"rotation":{"angle":22.5,"axis":"x","origin":[10.17214,11.75,8]},"faces":{"north":{"uv":[3,8,5,9],"rotation":270,"texture":"#3"},"east":{"uv":[4,10,5,11],"rotation":90,"texture":"#3"},"south":{"uv":[8,8.01,10,8.51],"rotation":90,"texture":"#3"}}},{"from":[9.42214,11.60082,7.25],"to":[9.72214,11.89918,8.75],"faces":{"north":{"uv":[7,8,9,9],"rotation":90,"texture":"#3"},"east":{"uv":[4,10,5,11],"rotation":270,"texture":"#3"},"south":{"uv":[7,8.01,9,8.51],"rotation":90,"texture":"#3"}}},{"from":[9.72214,11.05,7.86076],"to":[9.97214,12.45,8.13924],"faces":{"east":{"uv":[4,10,5,11],"texture":"#3"},"up":{"uv":[6,9,8,10],"rotation":270,"texture":"#3"},"down":{"uv":[11,8,12,9],"rotation":270,"texture":"#3"}}},{"from":[9.72214,11.05,7.86076],"to":[9.97214,12.45,8.13924],"rotation":{"angle":-22.5,"axis":"x","origin":[10.57214,11.75,8]},"faces":{"east":{"uv":[4,10,5,11],"texture":"#3"},"up":{"uv":[9,9.01,10,11.01],"rotation":180,"texture":"#3"},"down":{"uv":[10,8.01,12,8.51],"rotation":90,"texture":"#3"}}},{"from":[9.72214,11.05,7.86076],"to":[9.97214,12.45,8.13924],"rotation":{"angle":22.5,"axis":"x","origin":[10.57214,11.75,8]},"faces":{"east":{"uv":[4,10,5,11],"texture":"#3"},"up":{"uv":[9,10,11,11],"rotation":270,"texture":"#3"},"down":{"uv":[10,8,12,9],"rotation":270,"texture":"#3"}}},{"from":[9.72214,11.05,7.86076],"to":[9.97214,12.45,8.13924],"rotation":{"angle":-45,"axis":"x","origin":[10.57214,11.75,8]},"faces":{"east":{"uv":[4,10,5,11],"texture":"#3"},"up":{"uv":[11,10,13,11],"rotation":270,"texture":"#3"},"down":{"uv":[9,8.01,11,8.51],"rotation":90,"texture":"#3"}}},{"from":[9.72214,11.61076,7.3],"to":[9.97214,11.88924,8.7],"rotation":{"angle":22.5,"axis":"x","origin":[10.57214,11.75,8]},"faces":{"north":{"uv":[3,8,5,9],"rotation":270,"texture":"#3"},"east":{"uv":[4,10,5,11],"rotation":90,"texture":"#3"},"south":{"uv":[8,8.01,10,8.51],"rotation":90,"texture":"#3"}}},{"from":[9.72214,11.05,7.86076],"to":[9.97214,12.45,8.13924],"rotation":{"angle":45,"axis":"x","origin":[10.57214,11.75,8]},"faces":{"east":{"uv":[4,10,5,11],"texture":"#3"},"up":{"uv":[10,10,11,12],"texture":"#3"},"down":{"uv":[9,8,11,9],"rotation":270,"texture":"#3"}}},{"from":[9.72214,11.61076,7.3],"to":[9.97214,11.88924,8.7],"rotation":{"angle":-22.5,"axis":"x","origin":[10.57214,11.75,8]},"faces":{"north":{"uv":[8,8,10,9],"rotation":90,"texture":"#3"},"east":{"uv":[4,10,5,11],"rotation":270,"texture":"#3"},"south":{"uv":[3,8,4.9,9],"rotation":270,"texture":"#3"}}},{"from":[9.72214,11.61076,7.3],"to":[9.97214,11.88924,8.7],"faces":{"north":{"uv":[7,8,9,9],"rotation":90,"texture":"#3"},"east":{"uv":[4,10,5,11],"rotation":270,"texture":"#3"},"south":{"uv":[7,8.01,9,8.51],"rotation":90,"texture":"#3"}}},{"from":[9.97214,11.1,7.87071],"to":[10.12214,12.4,8.12929],"faces":{"east":{"uv":[4,10,5,11],"texture":"#3"},"up":{"uv":[6,9,8,10],"rotation":270,"texture":"#3"},"down":{"uv":[11,8,12,9],"rotation":270,"texture":"#3"}}},{"from":[9.97214,11.1,7.87071],"to":[10.12214,12.4,8.12929],"rotation":{"angle":22.5,"axis":"x","origin":[10.09714,11.75,8]},"faces":{"east":{"uv":[4,10,5,11],"texture":"#3"},"up":{"uv":[9,10,11,11],"rotation":270,"texture":"#3"},"down":{"uv":[10,8,12,9],"rotation":270,"texture":"#3"}}},{"from":[9.97214,11.1,7.87071],"to":[10.12214,12.4,8.12929],"rotation":{"angle":-22.5,"axis":"x","origin":[10.09714,11.75,8]},"faces":{"east":{"uv":[4,10,5,11],"texture":"#3"},"up":{"uv":[9,9.01,10,11.01],"rotation":180,"texture":"#3"},"down":{"uv":[10,8.01,12,8.51],"rotation":90,"texture":"#3"}}},{"from":[9.97214,11.1,7.87071],"to":[10.12214,12.4,8.12929],"rotation":{"angle":45,"axis":"x","origin":[10.09714,11.75,8]},"faces":{"east":{"uv":[4,10,5,11],"texture":"#3"},"up":{"uv":[10,10,11,12],"texture":"#3"},"down":{"uv":[9,8,11,9],"rotation":270,"texture":"#3"}}},{"from":[9.97214,11.1,7.87071],"to":[10.12214,12.4,8.12929],"rotation":{"angle":-45,"axis":"x","origin":[10.09714,11.75,8]},"faces":{"east":{"uv":[4,10,5,11],"texture":"#3"},"up":{"uv":[11,10,13,11],"rotation":270,"texture":"#3"},"down":{"uv":[9,8.01,11,8.51],"rotation":90,"texture":"#3"}}},{"from":[9.97214,11.62071,7.35],"to":[10.12214,11.87929,8.65],"rotation":{"angle":-22.5,"axis":"x","origin":[10.09714,11.75,8]},"faces":{"north":{"uv":[8,8,10,9],"rotation":90,"texture":"#3"},"east":{"uv":[4,10,5,11],"rotation":270,"texture":"#3"},"south":{"uv":[3,8,4.9,9],"rotation":270,"texture":"#3"}}},{"from":[9.97214,11.62071,7.35],"to":[10.12214,11.87929,8.65],"rotation":{"angle":22.5,"axis":"x","origin":[10.09714,11.75,8]},"faces":{"north":{"uv":[3,8,5,9],"rotation":270,"texture":"#3"},"east":{"uv":[4,10,5,11],"rotation":90,"texture":"#3"},"south":{"uv":[8,8.01,10,8.51],"rotation":90,"texture":"#3"}}},{"from":[9.97214,11.62071,7.35],"to":[10.12214,11.87929,8.65],"faces":{"north":{"uv":[7,8,9,9],"rotation":90,"texture":"#3"},"east":{"uv":[4,10,5,11],"rotation":270,"texture":"#3"},"south":{"uv":[7,8.01,9,8.51],"rotation":90,"texture":"#3"}}},{"from":[10.12214,11.85,7.8],"to":[10.57214,12.35,8.2],"rotation":{"angle":-22.5,"axis":"z","origin":[10.12214,12.35,7.91935]},"faces":{"north":{"uv":[9,9,10,12],"texture":"#3"},"east":{"uv":[8,3,9,4],"texture":"#3"},"south":{"uv":[9,9,10,12],"texture":"#3"},"up":{"uv":[8,9.5,13,10],"rotation":270,"texture":"#3"}}},{"from":[10.12214,11.15,7.8],"to":[10.57214,11.65,8.2],"rotation":{"angle":22.5,"axis":"z","origin":[10.12214,11.15,7.91935]},"faces":{"north":{"uv":[8,8,11,9],"rotation":90,"texture":"#3"},"east":{"uv":[5,11,4,10],"texture":"#3"},"south":{"uv":[9,8,12,9],"rotation":90,"texture":"#3"},"down":{"uv":[9,1.5,13,2],"rotation":270,"texture":"#3"}}},{"from":[10.12214,11.55,8.05],"to":[10.57214,11.95,8.6],"rotation":{"angle":22.5,"axis":"y","origin":[10.12214,11.75,8.6]},"faces":{"east":{"uv":[11,6,12,7],"rotation":270,"texture":"#3"},"south":{"uv":[7,8,10,9],"rotation":90,"texture":"#3"},"up":{"uv":[5,11,6,12],"rotation":180,"texture":"#3"},"down":{"uv":[5,11,6,12],"texture":"#3"}}},{"from":[10.12214,11.55,7.4],"to":[10.57214,11.95,7.95],"rotation":{"angle":-22.5,"axis":"y","origin":[10.12214,11.75,7.4]},"faces":{"north":{"uv":[7,9,10,8],"rotation":90,"texture":"#3"},"east":{"uv":[11,6,12,5],"rotation":270,"texture":"#3"},"up":{"uv":[5,11,6,12],"rotation":180,"texture":"#3"},"down":{"uv":[5,11,6,12],"texture":"#3"}}},{"from":[5.39694,10.875,7.82595],"to":[5.54704,12.625,8.17405],"rotation":{"angle":22.5,"axis":"x","origin":[5.52209,11.75,8]},"faces":{"east":{"uv":[15,14,16,15],"rotation":270,"texture":"#2"},"west":{"uv":[2,0,3,16],"rotation":180,"texture":"#2"},"up":{"uv":[1,2,2,3],"rotation":270,"texture":"#2"},"down":{"uv":[0,0,1,1],"rotation":270,"texture":"#2"}}},{"from":[5.39694,10.875,7.82595],"to":[5.54704,12.625,8.17405],"rotation":{"angle":-22.5,"axis":"x","origin":[5.52209,11.75,8]},"faces":{"east":{"uv":[15,14,16,15],"rotation":270,"texture":"#2"},"west":{"uv":[2,0,3,16],"rotation":180,"texture":"#2"},"up":{"uv":[1,2,2,3],"rotation":270,"texture":"#2"},"down":{"uv":[0,0,1,1],"rotation":270,"texture":"#2"}}},{"from":[5.39704,10.875,7.82595],"to":[5.54714,12.625,8.17405],"rotation":{"angle":45,"axis":"x","origin":[5.52209,11.75,8]},"faces":{"east":{"uv":[15,14,16,15],"rotation":270,"texture":"#2"},"west":{"uv":[2,0,3,16],"rotation":180,"texture":"#2"},"up":{"uv":[1,2,2,3],"rotation":270,"texture":"#2"},"down":{"uv":[0,0,1,1],"rotation":270,"texture":"#2"}}},{"from":[5.39704,10.875,7.82595],"to":[5.54714,12.625,8.17405],"rotation":{"angle":-45,"axis":"x","origin":[5.52209,11.75,8]},"faces":{"east":{"uv":[15,14,16,15],"rotation":270,"texture":"#2"},"west":{"uv":[2,0,3,16],"rotation":180,"texture":"#2"},"up":{"uv":[1,2,2,3],"rotation":270,"texture":"#2"},"down":{"uv":[0,0,1,1],"rotation":270,"texture":"#2"}}},{"from":[5.39704,11.57595,7.125],"to":[5.54714,11.92405,8.875],"rotation":{"angle":-22.5,"axis":"x","origin":[5.52209,11.75,8]},"faces":{"north":{"uv":[0,0,1,1],"rotation":90,"texture":"#2"},"east":{"uv":[15,14,16,15],"rotation":180,"texture":"#2"},"south":{"uv":[1,2,2,3],"rotation":270,"texture":"#2"},"west":{"uv":[2,0,3,16],"rotation":270,"texture":"#2"}}},{"from":[5.39704,11.57595,7.125],"to":[5.54714,11.92405,8.875],"rotation":{"angle":22.5,"axis":"x","origin":[5.52209,11.75,8]},"faces":{"north":{"uv":[1,2,2,3],"rotation":90,"texture":"#2"},"east":{"uv":[15,14,16,15],"texture":"#2"},"south":{"uv":[0,0,1,1],"rotation":270,"texture":"#2"},"west":{"uv":[2,0,3,16],"rotation":90,"texture":"#2"}}},{"from":[5.39694,11.57595,7.125],"to":[5.54704,11.92405,8.875],"faces":{"north":{"uv":[0,0,1,1],"rotation":90,"texture":"#2"},"east":{"uv":[15,14,16,15],"rotation":180,"texture":"#2"},"south":{"uv":[1,2,2,3],"rotation":270,"texture":"#2"},"west":{"uv":[2,0,3,16],"rotation":270,"texture":"#2"}}},{"from":[5.37214,11.35,7.92044],"to":[5.47214,12.15,8.07957],"rotation":{"angle":-22.5,"axis":"x","origin":[5.42214,11.75,8]},"faces":{"west":{"uv":[5,3.01,9,3.02],"rotation":90,"texture":"#3"},"up":{"uv":[0,0,1,1],"rotation":270,"texture":"#3"},"down":{"uv":[0,0,1,1],"rotation":270,"texture":"#3"}}},{"from":[5.37214,11.35,7.92044],"to":[5.47214,12.15,8.07957],"rotation":{"angle":22.5,"axis":"x","origin":[5.42214,11.75,8]},"faces":{"west":{"uv":[5,3.01,9,3.02],"rotation":90,"texture":"#3"},"up":{"uv":[0,0,1,1],"rotation":270,"texture":"#3"},"down":{"uv":[0,0,1,1],"rotation":270,"texture":"#3"}}},{"from":[5.37114,11.35,7.92044],"to":[5.47114,12.15,8.07957],"rotation":{"angle":-45,"axis":"x","origin":[5.42214,11.75,8]},"faces":{"west":{"uv":[5,3.01,9,3.02],"rotation":90,"texture":"#3"},"up":{"uv":[0,0,1,1],"rotation":270,"texture":"#3"},"down":{"uv":[0,0,1,1],"rotation":270,"texture":"#3"}}},{"from":[5.37114,11.35,7.92044],"to":[5.47114,12.15,8.07957],"rotation":{"angle":45,"axis":"x","origin":[5.42214,11.75,8]},"faces":{"west":{"uv":[5,3.01,9,3.02],"rotation":90,"texture":"#3"},"up":{"uv":[0,0,1,1],"rotation":270,"texture":"#3"},"down":{"uv":[0,0,1,1],"rotation":270,"texture":"#3"}}},{"from":[5.37214,11.67044,7.6],"to":[5.47214,11.82957,8.4],"rotation":{"angle":22.5,"axis":"x","origin":[5.42214,11.75,8]},"faces":{"north":{"uv":[0,0,1,1],"rotation":90,"texture":"#3"},"south":{"uv":[0,0,1,1],"rotation":270,"texture":"#3"},"west":{"uv":[5,3.01,9,3.02],"texture":"#3"}}},{"from":[5.37214,11.67044,7.6],"to":[5.47214,11.82957,8.4],"rotation":{"angle":-22.5,"axis":"x","origin":[5.42214,11.75,8]},"faces":{"north":{"uv":[0,0,1,1],"rotation":90,"texture":"#3"},"south":{"uv":[0,0,1,1],"rotation":270,"texture":"#3"},"west":{"uv":[5,3.01,9,3.02],"rotation":180,"texture":"#3"}}},{"from":[5.37014,11.67044,7.6],"to":[5.47014,11.82957,8.4],"faces":{"north":{"uv":[0,0,1,1],"rotation":90,"texture":"#3"},"south":{"uv":[0,0,1,1],"rotation":270,"texture":"#3"},"west":{"uv":[5,3.01,9,3.02],"texture":"#3"}}},{"from":[5.52214,10.975,7.84584],"to":[6.12214,12.525,8.15416],"faces":{"east":{"uv":[0,0,1,1],"texture":"#2"},"west":{"uv":[0,0,1,1],"texture":"#2"},"up":{"uv":[4,10,6,14],"rotation":270,"texture":"#2"},"down":{"uv":[13,15,14,16],"rotation":90,"texture":"#2"}}},{"from":[5.52214,10.975,7.84584],"to":[6.12214,12.525,8.15416],"rotation":{"angle":22.5,"axis":"x","origin":[5.82214,11.75,8]},"faces":{"east":{"uv":[0,0,1,1],"texture":"#2"},"west":{"uv":[0,0,1,1],"texture":"#2"},"up":{"uv":[4,10,6,14],"rotation":270,"texture":"#2"},"down":{"uv":[13,15,14,16],"rotation":90,"texture":"#2"}}},{"from":[5.52214,10.975,7.84584],"to":[6.12214,12.525,8.15416],"rotation":{"angle":-22.5,"axis":"x","origin":[5.82214,11.75,8]},"faces":{"east":{"uv":[0,0,1,1],"texture":"#2"},"west":{"uv":[0,0,1,1],"texture":"#2"},"up":{"uv":[4,10,6,14],"rotation":270,"texture":"#2"},"down":{"uv":[13,15,14,16],"rotation":90,"texture":"#2"}}},{"from":[5.52214,10.975,7.84584],"to":[6.12214,12.525,8.15416],"rotation":{"angle":45,"axis":"x","origin":[5.82214,11.75,8]},"faces":{"east":{"uv":[0,0,1,1],"texture":"#2"},"west":{"uv":[0,0,1,1],"texture":"#2"},"up":{"uv":[4,10,6,14],"rotation":270,"texture":"#2"},"down":{"uv":[13,15,14,16],"rotation":90,"texture":"#2"}}},{"from":[5.52214,10.975,7.84584],"to":[6.12214,12.525,8.15416],"rotation":{"angle":-45,"axis":"x","origin":[5.82214,11.75,8]},"faces":{"east":{"uv":[0,0,1,1],"texture":"#2"},"west":{"uv":[0,0,1,1],"texture":"#2"},"up":{"uv":[4,10,6,14],"rotation":270,"texture":"#2"},"down":{"uv":[13,15,14,16],"rotation":90,"texture":"#2"}}},{"from":[5.52214,11.59584,7.225],"to":[6.12214,11.90416,8.775],"rotation":{"angle":-22.5,"axis":"x","origin":[5.82214,11.75,8]},"faces":{"north":{"uv":[13,15,14,16],"rotation":270,"texture":"#2"},"east":{"uv":[0,0,1,1],"rotation":270,"texture":"#2"},"south":{"uv":[4,10,6,14],"rotation":270,"texture":"#2"},"west":{"uv":[0,0,1,1],"rotation":90,"texture":"#2"}}},{"from":[5.52214,11.59584,7.225],"to":[6.12214,11.90416,8.775],"rotation":{"angle":22.5,"axis":"x","origin":[5.82214,11.75,8]},"faces":{"north":{"uv":[4,10,6,14],"rotation":90,"texture":"#2"},"east":{"uv":[0,0,1,1],"rotation":90,"texture":"#2"},"south":{"uv":[13,15,14,16],"rotation":90,"texture":"#2"},"west":{"uv":[0,0,1,1],"rotation":270,"texture":"#2"}}},{"from":[5.52214,11.59584,7.225],"to":[6.12214,11.90416,8.775],"faces":{"north":{"uv":[4,10,6,14],"rotation":90,"texture":"#2"},"east":{"uv":[0,0,1,1],"rotation":90,"texture":"#2"},"south":{"uv":[13,15,14,16],"rotation":90,"texture":"#2"},"west":{"uv":[0,0,1,1],"rotation":270,"texture":"#2"}}},{"from":[5.05,-3.75,6.85],"to":[10.75,12.75,9.15],"faces":{"north":{"uv":[1,10,15,13],"rotation":90,"texture":"#3"},"east":{"uv":[1,11,15,15],"rotation":270,"texture":"#3"},"south":{"uv":[1,10,15,13],"rotation":270,"texture":"#3"},"west":{"uv":[1,11,15,15],"rotation":270,"texture":"#3"},"down":{"uv":[0,7,0.69984,8.29934],"texture":"#3"}}},{"from":[5.05,12.75,6.85],"to":[10.75,13.85,7.05],"faces":{"north":{"uv":[12,9.00987,15,11.00987],"texture":"#3"},"east":{"uv":[1,13,15,15],"rotation":90,"texture":"#3"},"south":{"uv":[0,0,13,0.00987],"texture":"#3"},"west":{"uv":[1,13,15,15],"rotation":270,"texture":"#3"},"up":{"uv":[1,13,15,15],"texture":"#3"}}},{"from":[5.05,13.85,6.85],"to":[9.05,14.45,7.05],"rotation":{"angle":45,"axis":"x","origin":[7.9,13.85,6.85]},"faces":{"north":{"uv":[6,11.01,15,11.01987],"texture":"#3"},"east":{"uv":[1,13,15,15],"rotation":90,"texture":"#3"},"south":{"uv":[0,0,13,0.00987],"texture":"#3"},"west":{"uv":[1,13,15,15],"rotation":270,"texture":"#3"},"up":{"uv":[1,13,15,15],"texture":"#3"}}},{"from":[5.05,13.85,8.95],"to":[9.05,14.45,9.15],"rotation":{"angle":-45,"axis":"x","origin":[7.9,13.85,9.15]},"faces":{"north":{"uv":[13,0,0,0.00987],"texture":"#3"},"east":{"uv":[1,15,15,13],"rotation":90,"texture":"#3"},"south":{"uv":[15,11.01,6,11.01987],"texture":"#3"},"west":{"uv":[1,15,15,13],"rotation":270,"texture":"#3"},"up":{"uv":[1,15,15,13],"texture":"#3"}}},{"from":[5.05,12.75,8.95],"to":[10.75,13.85,9.15],"faces":{"north":{"uv":[13,0,0,0.00987],"texture":"#3"},"east":{"uv":[1,15,15,13],"rotation":90,"texture":"#3"},"south":{"uv":[15,9.00987,12,11.00987],"texture":"#3"},"west":{"uv":[1,15,15,13],"rotation":270,"texture":"#3"},"up":{"uv":[1,15,15,13],"texture":"#3"}}},{"from":[10.65,-3.75,6.85],"to":[10.75,12.75,9.15],"faces":{"west":{"uv":[0,7,1,9],"rotation":270,"texture":"#3"},"up":{"uv":[1,13,15,15],"rotation":90,"texture":"#3"}}},{"from":[5.05,-3.75,6.85],"to":[5.15,12.75,9.15],"faces":{"east":{"uv":[0,9,1,7],"rotation":270,"texture":"#3"},"up":{"uv":[1,15,15,13],"rotation":90,"texture":"#3"}}},{"from":[5.05,-3.75,6.85],"to":[10.75,12.75,7.05],"faces":{"south":{"uv":[0,11,1,13],"texture":"#3"},"up":{"uv":[1,13,15,15],"texture":"#3"}}},{"from":[5.05,-3.75,8.95],"to":[10.75,12.75,9.15],"faces":{"north":{"uv":[1,11,0,13],"texture":"#3"},"up":{"uv":[1,15,15,13],"texture":"#3"}}},{"from":[5.39704,12.625,7.82595],"to":[5.54714,14.375,8.17405],"faces":{"east":{"uv":[15,14,16,15],"rotation":270,"texture":"#2"},"west":{"uv":[2,0,3,16],"rotation":180,"texture":"#2"},"up":{"uv":[1,2,2,3],"rotation":270,"texture":"#2"},"down":{"uv":[0,0,1,1],"rotation":270,"texture":"#2"}}},{"from":[5.37114,13.1,7.92044],"to":[5.47114,13.9,8.07957],"faces":{"west":{"uv":[5,3.01,9,3.02],"rotation":90,"texture":"#3"},"up":{"uv":[0,0,1,1],"rotation":270,"texture":"#3"},"down":{"uv":[0,0,1,1],"rotation":270,"texture":"#3"}}},{"from":[5.92214,12.625,7.82595],"to":[9.02214,14.375,8.17405],"faces":{"east":{"uv":[0,0,1,1],"texture":"#2"},"west":{"uv":[0,0,1,1],"texture":"#2"},"up":{"uv":[4,10,6,14],"rotation":270,"texture":"#2"},"down":{"uv":[13,15,14,16],"rotation":90,"texture":"#2"}}},{"from":[5.92214,12.625,7.82595],"to":[9.02214,14.375,8.17405],"rotation":{"angle":22.5,"axis":"x","origin":[8.02214,13.5,8]},"faces":{"east":{"uv":[0,0,1,1],"texture":"#2"},"west":{"uv":[0,0,1,1],"texture":"#2"},"up":{"uv":[4,10,6,14],"rotation":270,"texture":"#2"},"down":{"uv":[13,15,14,16],"rotation":90,"texture":"#2"}}},{"from":[5.92214,12.625,7.82595],"to":[9.02214,14.375,8.17405],"rotation":{"angle":-22.5,"axis":"x","origin":[8.02214,13.5,8]},"faces":{"east":{"uv":[0,0,1,1],"texture":"#2"},"west":{"uv":[0,0,1,1],"texture":"#2"},"up":{"uv":[4,10,6,14],"rotation":270,"texture":"#2"},"down":{"uv":[13,15,14,16],"rotation":90,"texture":"#2"}}},{"from":[5.92214,12.625,7.82595],"to":[9.02214,14.375,8.17405],"rotation":{"angle":45,"axis":"x","origin":[8.02214,13.5,8]},"faces":{"east":{"uv":[0,0,1,1],"texture":"#2"},"west":{"uv":[0,0,1,1],"texture":"#2"},"up":{"uv":[4,10,6,14],"rotation":270,"texture":"#2"},"down":{"uv":[13,15,14,16],"rotation":90,"texture":"#2"}}},{"from":[5.92214,12.625,7.82595],"to":[9.02214,14.375,8.17405],"rotation":{"angle":-45,"axis":"x","origin":[8.02214,13.5,8]},"faces":{"east":{"uv":[0,0,1,1],"texture":"#2"},"west":{"uv":[0,0,1,1],"texture":"#2"},"up":{"uv":[4,10,6,14],"rotation":270,"texture":"#2"},"down":{"uv":[13,13,14,14],"rotation":90,"texture":"#2"}}},{"from":[5.92214,13.32595,7.125],"to":[9.02214,13.67405,8.875],"rotation":{"angle":-22.5,"axis":"x","origin":[8.02214,13.5,8]},"faces":{"north":{"uv":[11,12,12,13],"rotation":270,"texture":"#2"},"east":{"uv":[0,0,1,1],"rotation":270,"texture":"#2"},"south":{"uv":[4,10,6,14],"rotation":270,"texture":"#2"},"west":{"uv":[0,0,1,1],"texture":"#2"}}},{"from":[5.92214,13.32595,7.125],"to":[9.02214,13.67405,8.875],"rotation":{"angle":22.5,"axis":"x","origin":[8.02214,13.5,8]},"faces":{"north":{"uv":[4,10,6,14],"rotation":90,"texture":"#2"},"east":{"uv":[0,0,1,1],"rotation":90,"texture":"#2"},"south":{"uv":[11,12,12,13],"rotation":90,"texture":"#2"},"west":{"uv":[0,0,1,1],"texture":"#2"}}},{"from":[5.92214,13.32595,7.125],"to":[9.02214,13.67405,8.875],"faces":{"north":{"uv":[4,10,6,14],"rotation":90,"texture":"#2"},"east":{"uv":[0,0,1,1],"rotation":90,"texture":"#2"},"south":{"uv":[8,10,9,11],"rotation":90,"texture":"#2"},"west":{"uv":[0,0,1,1],"texture":"#2"}}},{"from":[8.92214,12.7,7.84087],"to":[9.42214,14.3,8.15913],"faces":{"east":{"uv":[4,10,5,11],"texture":"#3"},"up":{"uv":[6,9,8,10],"rotation":270,"texture":"#3"},"down":{"uv":[11,8,12,9],"rotation":270,"texture":"#3"}}},{"from":[8.92214,12.7,7.84087],"to":[9.42214,14.3,8.15913],"rotation":{"angle":-22.5,"axis":"x","origin":[9.44714,13.5,8]},"faces":{"east":{"uv":[4,10,5,11],"texture":"#3"},"up":{"uv":[9,9.01,10,11.01],"rotation":180,"texture":"#3"},"down":{"uv":[10,8.01,12,8.51],"rotation":90,"texture":"#3"}}},{"from":[8.92214,12.7,7.84087],"to":[9.42214,14.3,8.15913],"rotation":{"angle":22.5,"axis":"x","origin":[9.44714,13.5,8]},"faces":{"east":{"uv":[4,10,5,11],"texture":"#3"},"up":{"uv":[9,10,11,11],"rotation":270,"texture":"#3"},"down":{"uv":[10,8,12,9],"rotation":270,"texture":"#3"}}},{"from":[8.92214,12.7,7.84087],"to":[9.42214,14.3,8.15913],"rotation":{"angle":-45,"axis":"x","origin":[9.44714,13.5,8]},"faces":{"east":{"uv":[4,10,5,11],"texture":"#3"},"up":{"uv":[11,10,13,11],"rotation":270,"texture":"#3"},"down":{"uv":[9,8.01,11,8.51],"rotation":90,"texture":"#3"}}},{"from":[8.92214,12.7,7.84087],"to":[9.42214,14.3,8.15913],"rotation":{"angle":45,"axis":"x","origin":[9.44714,13.5,8]},"faces":{"east":{"uv":[4,10,5,11],"texture":"#3"},"up":{"uv":[11,10,12,12],"texture":"#3"},"down":{"uv":[9,8,11,9],"rotation":270,"texture":"#3"}}},{"from":[8.92214,13.34087,7.2],"to":[9.42214,13.65913,8.8],"rotation":{"angle":22.5,"axis":"x","origin":[9.44714,13.5,8]},"faces":{"north":{"uv":[3,8,5,9],"rotation":270,"texture":"#3"},"east":{"uv":[4,10,5,11],"rotation":90,"texture":"#3"},"south":{"uv":[8,8.01,10,8.51],"rotation":90,"texture":"#3"}}},{"from":[8.92214,13.34087,7.2],"to":[9.42214,13.65913,8.8],"rotation":{"angle":-22.5,"axis":"x","origin":[9.44714,13.5,8]},"faces":{"north":{"uv":[8,8,10,9],"rotation":90,"texture":"#3"},"east":{"uv":[4,10,5,11],"rotation":270,"texture":"#3"},"south":{"uv":[3,8,4.9,9],"rotation":270,"texture":"#3"}}},{"from":[8.92214,13.34087,7.2],"to":[9.42214,13.65913,8.8],"faces":{"north":{"uv":[7,8,9,9],"rotation":90,"texture":"#3"},"east":{"uv":[4,10,5,11],"rotation":90,"texture":"#3"},"south":{"uv":[7,8.01,9,8.51],"rotation":90,"texture":"#3"}}},{"from":[9.42214,12.75,7.85082],"to":[9.72214,14.25,8.14918],"faces":{"east":{"uv":[4,10,5,11],"texture":"#3"},"up":{"uv":[6,9,8,10],"rotation":270,"texture":"#3"},"down":{"uv":[11,8,12,9],"rotation":270,"texture":"#3"}}},{"from":[9.42214,12.75,7.85082],"to":[9.72214,14.25,8.14918],"rotation":{"angle":22.5,"axis":"x","origin":[10.17214,13.5,8]},"faces":{"east":{"uv":[4,10,5,11],"texture":"#3"},"up":{"uv":[9,10,11,11],"rotation":270,"texture":"#3"},"down":{"uv":[10,8,12,9],"rotation":270,"texture":"#3"}}},{"from":[9.42214,12.75,7.85082],"to":[9.72214,14.25,8.14918],"rotation":{"angle":-22.5,"axis":"x","origin":[10.17214,13.5,8]},"faces":{"east":{"uv":[4,10,5,11],"texture":"#3"},"up":{"uv":[9,9.01,10,11.01],"rotation":180,"texture":"#3"},"down":{"uv":[10,8.01,12,8.51],"rotation":90,"texture":"#3"}}},{"from":[9.42214,12.75,7.85082],"to":[9.72214,14.25,8.14918],"rotation":{"angle":45,"axis":"x","origin":[10.17214,13.5,8]},"faces":{"east":{"uv":[4,10,5,11],"texture":"#3"},"up":{"uv":[11,10,12,12],"texture":"#3"},"down":{"uv":[9,8,11,9],"rotation":270,"texture":"#3"}}},{"from":[9.42214,12.75,7.85082],"to":[9.72214,14.25,8.14918],"rotation":{"angle":-45,"axis":"x","origin":[10.17214,13.5,8]},"faces":{"east":{"uv":[4,10,5,11],"texture":"#3"},"up":{"uv":[11,10,13,11],"rotation":270,"texture":"#3"},"down":{"uv":[9,8.01,11,8.51],"rotation":90,"texture":"#3"}}},{"from":[9.42214,13.35082,7.25],"to":[9.72214,13.64918,8.75],"rotation":{"angle":-22.5,"axis":"x","origin":[10.17214,13.5,8]},"faces":{"north":{"uv":[8,8,10,9],"rotation":90,"texture":"#3"},"east":{"uv":[4,10,5,11],"rotation":270,"texture":"#3"},"south":{"uv":[3,8,4.9,9],"rotation":270,"texture":"#3"}}},{"from":[9.42214,13.35082,7.25],"to":[9.72214,13.64918,8.75],"rotation":{"angle":22.5,"axis":"x","origin":[10.17214,13.5,8]},"faces":{"north":{"uv":[3,8,5,9],"rotation":270,"texture":"#3"},"east":{"uv":[4,10,5,11],"rotation":90,"texture":"#3"},"south":{"uv":[8,8.01,10,8.51],"rotation":90,"texture":"#3"}}},{"from":[9.42214,13.35082,7.25],"to":[9.72214,13.64918,8.75],"faces":{"north":{"uv":[7,8,9,9],"rotation":90,"texture":"#3"},"east":{"uv":[4,10,5,11],"rotation":270,"texture":"#3"},"south":{"uv":[7,8.01,9,8.51],"rotation":90,"texture":"#3"}}},{"from":[9.72214,12.8,7.86076],"to":[9.97214,14.2,8.13924],"faces":{"east":{"uv":[4,10,5,11],"texture":"#3"},"up":{"uv":[6,9,8,10],"rotation":270,"texture":"#3"},"down":{"uv":[11,8,12,9],"rotation":270,"texture":"#3"}}},{"from":[9.72214,12.8,7.86076],"to":[9.97214,14.2,8.13924],"rotation":{"angle":-22.5,"axis":"x","origin":[10.57214,13.5,8]},"faces":{"east":{"uv":[4,10,5,11],"texture":"#3"},"up":{"uv":[9,9.01,10,11.01],"rotation":180,"texture":"#3"},"down":{"uv":[10,8.01,12,8.51],"rotation":90,"texture":"#3"}}},{"from":[9.72214,12.8,7.86076],"to":[9.97214,14.2,8.13924],"rotation":{"angle":22.5,"axis":"x","origin":[10.57214,13.5,8]},"faces":{"east":{"uv":[4,10,5,11],"texture":"#3"},"up":{"uv":[9,10,11,11],"rotation":270,"texture":"#3"},"down":{"uv":[10,8,12,9],"rotation":270,"texture":"#3"}}},{"from":[9.72214,12.8,7.86076],"to":[9.97214,14.2,8.13924],"rotation":{"angle":-45,"axis":"x","origin":[10.57214,13.5,8]},"faces":{"east":{"uv":[4,10,5,11],"texture":"#3"},"up":{"uv":[11,10,13,11],"rotation":270,"texture":"#3"},"down":{"uv":[9,8.01,11,8.51],"rotation":90,"texture":"#3"}}},{"from":[9.72214,13.36076,7.3],"to":[9.97214,13.63924,8.7],"rotation":{"angle":22.5,"axis":"x","origin":[10.57214,13.5,8]},"faces":{"north":{"uv":[3,8,5,9],"rotation":270,"texture":"#3"},"east":{"uv":[4,10,5,11],"rotation":90,"texture":"#3"},"south":{"uv":[8,8.01,10,8.51],"rotation":90,"texture":"#3"}}},{"from":[9.72214,12.8,7.86076],"to":[9.97214,14.2,8.13924],"rotation":{"angle":45,"axis":"x","origin":[10.57214,13.5,8]},"faces":{"east":{"uv":[4,10,5,11],"texture":"#3"},"up":{"uv":[10,10,11,12],"texture":"#3"},"down":{"uv":[9,8,11,9],"rotation":270,"texture":"#3"}}},{"from":[9.72214,13.36076,7.3],"to":[9.97214,13.63924,8.7],"rotation":{"angle":-22.5,"axis":"x","origin":[10.57214,13.5,8]},"faces":{"north":{"uv":[8,8,10,9],"rotation":90,"texture":"#3"},"east":{"uv":[4,10,5,11],"rotation":270,"texture":"#3"},"south":{"uv":[3,8,4.9,9],"rotation":270,"texture":"#3"}}},{"from":[9.72214,13.36076,7.3],"to":[9.97214,13.63924,8.7],"faces":{"north":{"uv":[7,8,9,9],"rotation":90,"texture":"#3"},"east":{"uv":[4,10,5,11],"rotation":270,"texture":"#3"},"south":{"uv":[7,8.01,9,8.51],"rotation":90,"texture":"#3"}}},{"from":[9.97214,12.85,7.87071],"to":[10.12214,14.15,8.12929],"faces":{"east":{"uv":[4,10,5,11],"texture":"#3"},"up":{"uv":[6,9,8,10],"rotation":270,"texture":"#3"},"down":{"uv":[11,8,12,9],"rotation":270,"texture":"#3"}}},{"from":[9.97214,12.85,7.87071],"to":[10.12214,14.15,8.12929],"rotation":{"angle":22.5,"axis":"x","origin":[10.09714,13.5,8]},"faces":{"east":{"uv":[4,10,5,11],"texture":"#3"},"up":{"uv":[9,10,11,11],"rotation":270,"texture":"#3"},"down":{"uv":[10,8,12,9],"rotation":270,"texture":"#3"}}},{"from":[9.97214,12.85,7.87071],"to":[10.12214,14.15,8.12929],"rotation":{"angle":-22.5,"axis":"x","origin":[10.09714,13.5,8]},"faces":{"east":{"uv":[4,10,5,11],"texture":"#3"},"up":{"uv":[9,9.01,10,11.01],"rotation":180,"texture":"#3"},"down":{"uv":[10,8.01,12,8.51],"rotation":90,"texture":"#3"}}},{"from":[9.97214,12.85,7.87071],"to":[10.12214,14.15,8.12929],"rotation":{"angle":45,"axis":"x","origin":[10.09714,13.5,8]},"faces":{"east":{"uv":[4,10,5,11],"texture":"#3"},"up":{"uv":[10,10,11,12],"texture":"#3"},"down":{"uv":[9,8,11,9],"rotation":270,"texture":"#3"}}},{"from":[9.97214,12.85,7.87071],"to":[10.12214,14.15,8.12929],"rotation":{"angle":-45,"axis":"x","origin":[10.09714,13.5,8]},"faces":{"east":{"uv":[4,10,5,11],"texture":"#3"},"up":{"uv":[11,10,13,11],"rotation":270,"texture":"#3"},"down":{"uv":[9,8.01,11,8.51],"rotation":90,"texture":"#3"}}},{"from":[9.97214,13.37071,7.35],"to":[10.12214,13.62929,8.65],"rotation":{"angle":-22.5,"axis":"x","origin":[10.09714,13.5,8]},"faces":{"north":{"uv":[8,8,10,9],"rotation":90,"texture":"#3"},"east":{"uv":[4,10,5,11],"rotation":270,"texture":"#3"},"south":{"uv":[3,8,4.9,9],"rotation":270,"texture":"#3"}}},{"from":[9.97214,13.37071,7.35],"to":[10.12214,13.62929,8.65],"rotation":{"angle":22.5,"axis":"x","origin":[10.09714,13.5,8]},"faces":{"north":{"uv":[3,8,5,9],"rotation":270,"texture":"#3"},"east":{"uv":[4,10,5,11],"rotation":90,"texture":"#3"},"south":{"uv":[8,8.01,10,8.51],"rotation":90,"texture":"#3"}}},{"from":[9.97214,13.37071,7.35],"to":[10.12214,13.62929,8.65],"faces":{"north":{"uv":[7,8,9,9],"rotation":90,"texture":"#3"},"east":{"uv":[4,10,5,11],"rotation":270,"texture":"#3"},"south":{"uv":[7,8.01,9,8.51],"rotation":90,"texture":"#3"}}},{"from":[10.12214,13.6,7.8],"to":[10.57214,14.1,8.2],"rotation":{"angle":-22.5,"axis":"z","origin":[10.12214,14.1,7.91935]},"faces":{"north":{"uv":[9,9,10,12],"texture":"#3"},"east":{"uv":[8,3,9,4],"texture":"#3"},"south":{"uv":[9,9,10,12],"texture":"#3"},"up":{"uv":[8,9.5,13,10],"rotation":270,"texture":"#3"}}},{"from":[10.12214,12.9,7.8],"to":[10.57214,13.4,8.2],"rotation":{"angle":22.5,"axis":"z","origin":[10.12214,12.9,7.91935]},"faces":{"north":{"uv":[8,8,11,9],"rotation":90,"texture":"#3"},"east":{"uv":[5,11,4,10],"texture":"#3"},"south":{"uv":[9,8,12,9],"rotation":90,"texture":"#3"},"down":{"uv":[9,1.5,13,2],"rotation":270,"texture":"#3"}}},{"from":[10.12214,13.3,8.05],"to":[10.57214,13.7,8.6],"rotation":{"angle":22.5,"axis":"y","origin":[10.12214,13.5,8.6]},"faces":{"east":{"uv":[11,6,12,7],"rotation":270,"texture":"#3"},"south":{"uv":[7,8,10,9],"rotation":90,"texture":"#3"},"up":{"uv":[5,11,6,12],"rotation":180,"texture":"#3"},"down":{"uv":[5,11,6,12],"texture":"#3"}}},{"from":[10.12214,13.3,7.4],"to":[10.57214,13.7,7.95],"rotation":{"angle":-22.5,"axis":"y","origin":[10.12214,13.5,7.4]},"faces":{"north":{"uv":[7,9,10,8],"rotation":90,"texture":"#3"},"east":{"uv":[11,6,12,5],"rotation":270,"texture":"#3"},"up":{"uv":[5,11,6,12],"rotation":180,"texture":"#3"},"down":{"uv":[5,11,6,12],"texture":"#3"}}},{"from":[5.39694,12.625,7.82595],"to":[5.54704,14.375,8.17405],"rotation":{"angle":22.5,"axis":"x","origin":[5.52209,13.5,8]},"faces":{"east":{"uv":[15,14,16,15],"rotation":270,"texture":"#2"},"west":{"uv":[2,0,3,16],"rotation":180,"texture":"#2"},"up":{"uv":[1,2,2,3],"rotation":270,"texture":"#2"},"down":{"uv":[0,0,1,1],"rotation":270,"texture":"#2"}}},{"from":[5.39694,12.625,7.82595],"to":[5.54704,14.375,8.17405],"rotation":{"angle":-22.5,"axis":"x","origin":[5.52209,13.5,8]},"faces":{"east":{"uv":[15,14,16,15],"rotation":270,"texture":"#2"},"west":{"uv":[2,0,3,16],"rotation":180,"texture":"#2"},"up":{"uv":[1,2,2,3],"rotation":270,"texture":"#2"},"down":{"uv":[0,0,1,1],"rotation":270,"texture":"#2"}}},{"from":[5.39704,12.625,7.82595],"to":[5.54714,14.375,8.17405],"rotation":{"angle":45,"axis":"x","origin":[5.52209,13.5,8]},"faces":{"east":{"uv":[15,14,16,15],"rotation":270,"texture":"#2"},"west":{"uv":[2,0,3,16],"rotation":180,"texture":"#2"},"up":{"uv":[1,2,2,3],"rotation":270,"texture":"#2"},"down":{"uv":[0,0,1,1],"rotation":270,"texture":"#2"}}},{"from":[5.39704,12.625,7.82595],"to":[5.54714,14.375,8.17405],"rotation":{"angle":-45,"axis":"x","origin":[5.52209,13.5,8]},"faces":{"east":{"uv":[15,14,16,15],"rotation":270,"texture":"#2"},"west":{"uv":[2,0,3,16],"rotation":180,"texture":"#2"},"up":{"uv":[1,2,2,3],"rotation":270,"texture":"#2"},"down":{"uv":[0,0,1,1],"rotation":270,"texture":"#2"}}},{"from":[5.39704,13.32595,7.125],"to":[5.54714,13.67405,8.875],"rotation":{"angle":-22.5,"axis":"x","origin":[5.52209,13.5,8]},"faces":{"north":{"uv":[0,0,1,1],"rotation":90,"texture":"#2"},"east":{"uv":[15,14,16,15],"rotation":180,"texture":"#2"},"south":{"uv":[1,2,2,3],"rotation":270,"texture":"#2"},"west":{"uv":[2,0,3,16],"rotation":270,"texture":"#2"}}},{"from":[5.39704,13.32595,7.125],"to":[5.54714,13.67405,8.875],"rotation":{"angle":22.5,"axis":"x","origin":[5.52209,13.5,8]},"faces":{"north":{"uv":[1,2,2,3],"rotation":90,"texture":"#2"},"east":{"uv":[15,14,16,15],"texture":"#2"},"south":{"uv":[0,0,1,1],"rotation":270,"texture":"#2"},"west":{"uv":[2,0,3,16],"rotation":90,"texture":"#2"}}},{"from":[5.39694,13.32595,7.125],"to":[5.54704,13.67405,8.875],"faces":{"north":{"uv":[0,0,1,1],"rotation":90,"texture":"#2"},"east":{"uv":[15,14,16,15],"rotation":180,"texture":"#2"},"south":{"uv":[1,2,2,3],"rotation":270,"texture":"#2"},"west":{"uv":[2,0,3,16],"rotation":270,"texture":"#2"}}},{"from":[5.37214,13.1,7.92044],"to":[5.47214,13.9,8.07957],"rotation":{"angle":-22.5,"axis":"x","origin":[5.42214,13.5,8]},"faces":{"west":{"uv":[5,3.01,9,3.02],"rotation":90,"texture":"#3"},"up":{"uv":[0,0,1,1],"rotation":270,"texture":"#3"},"down":{"uv":[0,0,1,1],"rotation":270,"texture":"#3"}}},{"from":[5.37214,13.1,7.92044],"to":[5.47214,13.9,8.07957],"rotation":{"angle":22.5,"axis":"x","origin":[5.42214,13.5,8]},"faces":{"west":{"uv":[5,3.01,9,3.02],"rotation":90,"texture":"#3"},"up":{"uv":[0,0,1,1],"rotation":270,"texture":"#3"},"down":{"uv":[0,0,1,1],"rotation":270,"texture":"#3"}}},{"from":[5.37114,13.1,7.92044],"to":[5.47114,13.9,8.07957],"rotation":{"angle":-45,"axis":"x","origin":[5.42214,13.5,8]},"faces":{"west":{"uv":[5,3.01,9,3.02],"rotation":90,"texture":"#3"},"up":{"uv":[0,0,1,1],"rotation":270,"texture":"#3"},"down":{"uv":[0,0,1,1],"rotation":270,"texture":"#3"}}},{"from":[5.37114,13.1,7.92044],"to":[5.47114,13.9,8.07957],"rotation":{"angle":45,"axis":"x","origin":[5.42214,13.5,8]},"faces":{"west":{"uv":[5,3.01,9,3.02],"rotation":90,"texture":"#3"},"up":{"uv":[0,0,1,1],"rotation":270,"texture":"#3"},"down":{"uv":[0,0,1,1],"rotation":270,"texture":"#3"}}},{"from":[5.37214,13.42044,7.6],"to":[5.47214,13.57957,8.4],"rotation":{"angle":22.5,"axis":"x","origin":[5.42214,13.5,8]},"faces":{"north":{"uv":[0,0,1,1],"rotation":90,"texture":"#3"},"south":{"uv":[0,0,1,1],"rotation":270,"texture":"#3"},"west":{"uv":[5,3.01,9,3.02],"texture":"#3"}}},{"from":[5.37214,13.42044,7.6],"to":[5.47214,13.57957,8.4],"rotation":{"angle":-22.5,"axis":"x","origin":[5.42214,13.5,8]},"faces":{"north":{"uv":[0,0,1,1],"rotation":90,"texture":"#3"},"south":{"uv":[0,0,1,1],"rotation":270,"texture":"#3"},"west":{"uv":[5,3.01,9,3.02],"rotation":180,"texture":"#3"}}},{"from":[5.37014,13.42044,7.6],"to":[5.47014,13.57957,8.4],"faces":{"north":{"uv":[0,0,1,1],"rotation":90,"texture":"#3"},"south":{"uv":[0,0,1,1],"rotation":270,"texture":"#3"},"west":{"uv":[5,3.01,9,3.02],"texture":"#3"}}},{"from":[5.52214,12.725,7.84584],"to":[6.12214,14.275,8.15416],"faces":{"east":{"uv":[0,0,1,1],"texture":"#2"},"west":{"uv":[0,0,1,1],"texture":"#2"},"up":{"uv":[4,10,6,14],"rotation":270,"texture":"#2"},"down":{"uv":[13,15,14,16],"rotation":90,"texture":"#2"}}},{"from":[5.52214,12.725,7.84584],"to":[6.12214,14.275,8.15416],"rotation":{"angle":22.5,"axis":"x","origin":[5.82214,13.5,8]},"faces":{"east":{"uv":[0,0,1,1],"texture":"#2"},"west":{"uv":[0,0,1,1],"texture":"#2"},"up":{"uv":[4,10,6,14],"rotation":270,"texture":"#2"},"down":{"uv":[13,15,14,16],"rotation":90,"texture":"#2"}}},{"from":[5.52214,12.725,7.84584],"to":[6.12214,14.275,8.15416],"rotation":{"angle":-22.5,"axis":"x","origin":[5.82214,13.5,8]},"faces":{"east":{"uv":[0,0,1,1],"texture":"#2"},"west":{"uv":[0,0,1,1],"texture":"#2"},"up":{"uv":[4,10,6,14],"rotation":270,"texture":"#2"},"down":{"uv":[13,15,14,16],"rotation":90,"texture":"#2"}}},{"from":[5.52214,12.725,7.84584],"to":[6.12214,14.275,8.15416],"rotation":{"angle":45,"axis":"x","origin":[5.82214,13.5,8]},"faces":{"east":{"uv":[0,0,1,1],"texture":"#2"},"west":{"uv":[0,0,1,1],"texture":"#2"},"up":{"uv":[4,10,6,14],"rotation":270,"texture":"#2"},"down":{"uv":[13,15,14,16],"rotation":90,"texture":"#2"}}},{"from":[5.52214,12.725,7.84584],"to":[6.12214,14.275,8.15416],"rotation":{"angle":-45,"axis":"x","origin":[5.82214,13.5,8]},"faces":{"east":{"uv":[0,0,1,1],"texture":"#2"},"west":{"uv":[0,0,1,1],"texture":"#2"},"up":{"uv":[4,10,6,14],"rotation":270,"texture":"#2"},"down":{"uv":[13,15,14,16],"rotation":90,"texture":"#2"}}},{"from":[5.52214,13.34584,7.225],"to":[6.12214,13.65416,8.775],"rotation":{"angle":-22.5,"axis":"x","origin":[5.82214,13.5,8]},"faces":{"north":{"uv":[13,15,14,16],"rotation":270,"texture":"#2"},"east":{"uv":[0,0,1,1],"rotation":270,"texture":"#2"},"south":{"uv":[4,10,6,14],"rotation":270,"texture":"#2"},"west":{"uv":[0,0,1,1],"rotation":90,"texture":"#2"}}},{"from":[5.52214,13.34584,7.225],"to":[6.12214,13.65416,8.775],"rotation":{"angle":22.5,"axis":"x","origin":[5.82214,13.5,8]},"faces":{"north":{"uv":[4,10,6,14],"rotation":90,"texture":"#2"},"east":{"uv":[0,0,1,1],"rotation":90,"texture":"#2"},"south":{"uv":[13,15,14,16],"rotation":90,"texture":"#2"},"west":{"uv":[0,0,1,1],"rotation":270,"texture":"#2"}}},{"from":[5.52214,13.34584,7.225],"to":[6.12214,13.65416,8.775],"faces":{"north":{"uv":[4,10,6,14],"rotation":90,"texture":"#2"},"east":{"uv":[0,0,1,1],"rotation":90,"texture":"#2"},"south":{"uv":[13,15,14,16],"rotation":90,"texture":"#2"},"west":{"uv":[0,0,1,1],"rotation":270,"texture":"#2"}}},{"from":[5.05,-3.75,6.85],"to":[10.75,10.75,9.15],"faces":{"up":{"uv":[0,8,1,9],"texture":"#3"}}},{"from":[5.05,-3.749,7.15],"to":[9.05,10.751,8.85],"faces":{"up":{"uv":[0,0,7,10],"texture":"#2"}}},{"from":[9.05,-3.749,7.25],"to":[10.55,10.751,8.75],"faces":{"up":{"uv":[3,8,10,15],"texture":"#3"}}},{"from":[5.25,-3.85,7.05],"to":[11.65,-3.55,8.95],"faces":{"north":{"uv":[2,9.01,15,9.02],"texture":"#3"},"east":{"uv":[1,11,15,15],"rotation":270,"texture":"#3"},"south":{"uv":[2,9.01,15,9.02],"texture":"#3"},"west":{"uv":[1,11,15,15],"rotation":270,"texture":"#3"},"up":{"uv":[4,9,9,15],"texture":"#3"},"down":{"uv":[0,7,0.69984,8.29934],"texture":"#3"}}},{"from":[6.35,10.65,6.849],"to":[6.95,11.25,9.151],"faces":{"north":{"uv":[11,13,12,16],"texture":"#2"},"south":{"uv":[12,13,13,16],"texture":"#2"}}},{"from":[6.35,6.15,6.849],"to":[6.95,6.75,9.151],"faces":{"north":{"uv":[0,11,1,12.00987],"texture":"#3"},"south":{"uv":[0,11,1,12.00987],"texture":"#3"}}},{"from":[6.35,1.65,6.849],"to":[6.95,2.25,9.151],"faces":{"north":{"uv":[0,11,1,12.00987],"texture":"#3"},"south":{"uv":[0,11,1,12.00987],"texture":"#3"}}},{"from":[8.55,8.65,6.849],"to":[9.15,9.25,9.151],"faces":{"north":{"uv":[15,13,16,16],"texture":"#2"},"south":{"uv":[15,13,16,16],"texture":"#2"}}},{"from":[8.55,4.15,6.849],"to":[9.15,4.75,9.151],"faces":{"north":{"uv":[0,11,1,12.00987],"texture":"#3"},"south":{"uv":[0,11,1,12.00987],"texture":"#3"}}}],"display":{"thirdperson_righthand":{"scale":[0.25,0.25,0.25],"rotation":[25,111,-23],"translation":[-1,0,0]},"thirdperson_lefthand":{"scale":[0.25,0.25,0.25],"rotation":[69,-71,65],"translation":[-1,0,0]},"firstperson_righthand":{"scale":[0.5,0.5,0.5],"rotation":[-87,65,68],"translation":[3,0,0]},"firstperson_lefthand":{"scale":[0.5,0.5,0.5],"rotation":[-40,-110,-41],"translation":[3,0,0]},"ground":{"scale":[0.25,0.25,0.25],"translation":[0,2.5,0]},"gui":{"scale":[0.85,0.85,0.85],"rotation":[0,180,32],"translation":[1,2,0]},"fixed":{"scale":[0.5,0.5,0.5],"translation":[0,0,-1],"rotation":[0,180,0]},"head":{"scale":[0.5,0.5,0.5]}}}