{"gui_light":"front","textures":{"0":"block/cauldron_inner","1":"block/furnace_top","2":"block/coal_block","3":"block/chiseled_stone_bricks","4":"block/andesite","5":"block/repeater_on","6":"block/tripwire_hook","7":"block/black_wool","8":"block/observer_side","9":"block/spruce_log","particle":"block/cauldron_inner"},"elements":[{"from":[3.7876,4.38125,7.84375],"to":[4.45947,4.69375,8.15625],"rotation":{"angle":-22.5,"axis":"z","origin":[4.50625,5.0375,8.0625]},"faces":{"north":{"uv":[1,2,15,12],"texture":"#8"},"south":{"uv":[1,2,15,12],"texture":"#8"},"west":{"uv":[10,10,16,11],"rotation":270,"texture":"#2"},"up":{"uv":[1,1,15,15],"rotation":180,"texture":"#8"},"down":{"uv":[7.75,10.5,8.25,11.75],"rotation":270,"texture":"#2"}}},{"from":[8.5,4.575,7.6875],"to":[12.25,5.0375,8.3125],"faces":{"north":{"uv":[3,1,11,2],"rotation":270,"texture":"#2"},"east":{"uv":[7,7,10,10],"texture":"#0"},"south":{"uv":[3,1,11,2],"rotation":270,"texture":"#2"}}},{"from":[3.1,4.25,7.625],"to":[4.25,4.4375,8.375],"faces":{"north":{"uv":[0,0,1,1],"texture":"#0"},"south":{"uv":[15,15,16,16],"texture":"#0"},"west":{"uv":[0.01,0.01,0.01,0.01],"texture":"#0"},"up":{"uv":[0,5,16,13],"rotation":90,"texture":"#0"},"down":{"uv":[14,14,16,16],"texture":"#2"}}},{"from":[4.25,5.4743,7.90054],"to":[7,5.7243,8.09946],"faces":{"east":{"uv":[8,8,7,9],"rotation":270,"texture":"#1"},"west":{"uv":[6,0,10,10],"texture":"#0"},"up":{"uv":[8,2,14,1],"rotation":270,"texture":"#1"}}},{"from":[4.25,5.4743,7.90054],"to":[12.25,5.7243,8.09946],"rotation":{"angle":-22.5,"axis":"x","origin":[10.625,5.2243,8]},"faces":{"east":{"uv":[10,10,9,11],"rotation":270,"texture":"#0"},"south":{"uv":[14,5,15,6],"rotation":270,"texture":"#1"},"west":{"uv":[0,6,10,10],"rotation":90,"texture":"#0"},"up":{"uv":[10,16,13,15],"rotation":270,"texture":"#1"}}},{"from":[4.25,5.4743,7.90054],"to":[7,5.7243,8.09946],"rotation":{"angle":22.5,"axis":"x","origin":[10.625,5.2243,8]},"faces":{"east":{"uv":[8,6,7,7],"rotation":270,"texture":"#1"},"west":{"uv":[6,6,10,16],"rotation":180,"texture":"#0"},"up":{"uv":[15,10,16,7],"rotation":180,"texture":"#1"}}},{"from":[4.25,5.4743,7.90054],"to":[12.25,5.7243,8.09946],"rotation":{"angle":-45,"axis":"x","origin":[10.625,5.2243,8]},"faces":{"north":{"uv":[0.01,0.01,0.01,0.01],"rotation":180,"texture":"#2","cullface":"north"},"east":{"uv":[10,10,9,11],"rotation":270,"texture":"#0"},"west":{"uv":[6,6,10,16],"rotation":180,"texture":"#0"},"up":{"uv":[12,8,16,7],"rotation":90,"texture":"#0"}}},{"from":[4.25,5.4743,7.90054],"to":[7,5.7243,8.09946],"rotation":{"angle":45,"axis":"x","origin":[10.625,5.2243,8]},"faces":{"east":{"uv":[10,10,9,11],"rotation":270,"texture":"#2"},"south":{"uv":[0.01,0.01,0.01,0.01],"texture":"#2"},"west":{"uv":[5,6,16,10],"rotation":270,"texture":"#0"},"up":{"uv":[12,8,16,7],"rotation":270,"texture":"#0"}}},{"from":[8.5,4.325,7.93784],"to":[12.25,4.5125,8.06216],"faces":{"east":{"uv":[7,7,10,10],"texture":"#0"},"down":{"uv":[10,9,16,10],"texture":"#2"}}},{"from":[8.5,4.325,7.93784],"to":[12.25,4.5125,8.06216],"rotation":{"angle":22.5,"axis":"x","origin":[10.375,4.6375,8]},"faces":{"east":{"uv":[7,7,10,10],"texture":"#0"},"down":{"uv":[10,8,16,9],"texture":"#2"}}},{"from":[8.5,4.325,7.93784],"to":[12.25,4.5125,8.06216],"rotation":{"angle":-22.5,"axis":"x","origin":[10.375,4.6375,8]},"faces":{"east":{"uv":[7,7,10,10],"texture":"#0"},"down":{"uv":[10,8,16,9],"texture":"#2"}}},{"from":[8.5,4.325,7.93784],"to":[12.25,4.5125,8.06216],"rotation":{"angle":-45,"axis":"x","origin":[10.375,4.6375,8]},"faces":{"east":{"uv":[7,7,10,10],"texture":"#0"},"down":{"uv":[9,9,15,10],"texture":"#2"}}},{"from":[8.5,4.325,7.93784],"to":[12.25,4.5125,8.06216],"rotation":{"angle":45,"axis":"x","origin":[10.375,4.6375,8]},"faces":{"east":{"uv":[7,7,10,10],"texture":"#0"},"down":{"uv":[10,9,16,10],"texture":"#2"}}},{"from":[8.5,4.57534,8.125],"to":[12.25,4.69966,8.3125],"rotation":{"angle":22.5,"axis":"x","origin":[10.375,4.6375,8]},"faces":{"east":{"uv":[7,7,10,10],"rotation":90,"texture":"#0"},"south":{"uv":[10,9,16,10],"texture":"#2"}}},{"from":[8.5,4.57534,7.6875],"to":[12.25,4.69966,7.875],"rotation":{"angle":-22.5,"axis":"x","origin":[10.375,4.6375,8]},"faces":{"north":{"uv":[10,9,16,10],"rotation":180,"texture":"#2"},"east":{"uv":[7,7,10,10],"rotation":270,"texture":"#0"}}},{"from":[10.375,4.675,7.7],"to":[12.25,4.95,7.875],"rotation":{"angle":45,"axis":"x","origin":[10.375,4.975,8]},"faces":{"east":{"uv":[7,7,10,10],"texture":"#0"},"down":{"uv":[14,12,15,14],"rotation":90,"texture":"#2"}}},{"from":[10.375,4.675,8.125],"to":[12.25,4.95,8.3],"rotation":{"angle":-45,"axis":"x","origin":[10.375,4.975,8]},"faces":{"east":{"uv":[10,7,7,10],"texture":"#0"},"down":{"uv":[7,11,8,10],"rotation":270,"texture":"#2"}}},{"from":[12.2,4.375,7.95027],"to":[12.325,4.875,8.04973],"faces":{"east":{"uv":[0,6,16,7],"rotation":90,"texture":"#0"},"up":{"uv":[9,13,13,14],"texture":"#3"},"down":{"uv":[13,14,16,16],"texture":"#2"}}},{"from":[12.2,4.375,7.95027],"to":[12.325,4.875,8.04973],"rotation":{"angle":22.5,"axis":"x","origin":[12.2625,4.625,8]},"faces":{"east":{"uv":[0,6,16,7],"rotation":270,"texture":"#0"},"up":{"uv":[6,13,10,14],"texture":"#3"},"down":{"uv":[10,10,16,11],"rotation":270,"texture":"#2"}}},{"from":[12.2,4.375,7.95027],"to":[12.325,4.875,8.04973],"rotation":{"angle":-22.5,"axis":"x","origin":[12.2625,4.625,8]},"faces":{"east":{"uv":[0,6,16,7],"rotation":90,"texture":"#0"},"up":{"uv":[6,13,10,14],"texture":"#3"},"down":{"uv":[10,10,16,11],"rotation":90,"texture":"#2"}}},{"from":[12.2,4.375,7.95027],"to":[12.325,4.875,8.04973],"rotation":{"angle":45,"axis":"x","origin":[12.2625,4.625,8]},"faces":{"east":{"uv":[0,6,16,7],"rotation":90,"texture":"#0"},"up":{"uv":[11,14,15,15],"texture":"#3"},"down":{"uv":[15,7,16,14],"rotation":180,"texture":"#1"}}},{"from":[12.2,4.57527,7.75],"to":[12.325,4.67473,8.25],"rotation":{"angle":45,"axis":"x","origin":[12.2625,4.625,8]},"faces":{"north":{"uv":[9,13,13,14],"rotation":180,"texture":"#3"},"east":{"uv":[0,6,16,7],"rotation":180,"texture":"#0"},"south":{"uv":[9,15,14,16],"rotation":90,"texture":"#1"}}},{"from":[12.2,4.57527,7.75],"to":[12.325,4.67473,8.25],"rotation":{"angle":22.5,"axis":"x","origin":[12.2625,4.625,8]},"faces":{"north":{"uv":[9,13,13,14],"rotation":180,"texture":"#3"},"east":{"uv":[0,7,16,8],"texture":"#0"},"south":{"uv":[11,8,14,9],"rotation":90,"texture":"#1"}}},{"from":[12.2,4.57527,7.75],"to":[12.325,4.67473,8.25],"rotation":{"angle":-22.5,"axis":"x","origin":[12.2625,4.625,8]},"faces":{"north":{"uv":[9,8,14,9],"rotation":90,"texture":"#1"},"east":{"uv":[0,7,16,8],"texture":"#0"},"south":{"uv":[12,15,16,16],"texture":"#3"}}},{"from":[12.2,4.57527,7.75],"to":[12.325,4.67473,8.25],"faces":{"north":{"uv":[7,8,10,9],"rotation":90,"texture":"#1"},"east":{"uv":[0,7,16,8],"texture":"#0"},"south":{"uv":[9,14,12,15],"rotation":90,"texture":"#1"}}},{"from":[6.925,5.5375,7.92044],"to":[12.3,5.65,8.07956],"faces":{"east":{"uv":[7,7,9,11],"texture":"#3"},"up":{"uv":[0,0,2,5],"rotation":180,"texture":"#3"},"down":{"uv":[0,0,4,2],"texture":"#2"}}},{"from":[6.925,5.5375,7.92044],"to":[12.3,5.65,8.07956],"rotation":{"angle":22.5,"axis":"x","origin":[6.9875,5.25,8]},"faces":{"east":{"uv":[7,7,9,11],"texture":"#3"},"up":{"uv":[3,13,4,14],"rotation":90,"texture":"#1"},"down":{"uv":[0,0,4,2],"texture":"#2"}}},{"from":[12.175,5.5375,7.92044],"to":[12.3,5.65,8.07956],"rotation":{"angle":-22.5,"axis":"x","origin":[12.2375,5.25,8]},"faces":{"east":{"uv":[7,7,9,11],"texture":"#3"},"up":{"uv":[13,6,14,7],"texture":"#3"},"down":{"uv":[0,0,4,2],"texture":"#2"}}},{"from":[12.175,5.5375,7.92044],"to":[12.3,5.65,8.07956],"rotation":{"angle":-45,"axis":"x","origin":[12.2375,5.25,8]},"faces":{"east":{"uv":[7,7,9,11],"texture":"#3"},"up":{"uv":[13,5,14,8],"texture":"#3"},"down":{"uv":[0,0,4,2],"texture":"#2"}}},{"from":[6.925,5.5375,7.92044],"to":[12.3,5.65,8.07956],"rotation":{"angle":45,"axis":"x","origin":[6.9875,5.25,8]},"faces":{"east":{"uv":[7,7,9,11],"texture":"#3"},"up":{"uv":[8,8,11,9],"rotation":90,"texture":"#1"},"down":{"uv":[0,0,4,2],"texture":"#2"}}},{"from":[12.1748,4.79544,8.2875],"to":[12.2998,5.32956,8.4],"rotation":{"angle":22.5,"axis":"x","origin":[12.2375,5.25,8]},"faces":{"north":{"uv":[10,10,14,11],"rotation":180,"texture":"#2"},"east":{"uv":[7,7,9,11],"rotation":270,"texture":"#3"},"south":{"uv":[0,0,1,1],"texture":"#1"}}},{"from":[6.925,5.17044,8.2875],"to":[12.3,5.32956,8.4],"faces":{"north":{"uv":[0,0,4,2],"rotation":180,"texture":"#2"},"east":{"uv":[7,7,9,11],"rotation":270,"texture":"#3"},"south":{"uv":[2,12,3,13],"texture":"#1"}}},{"from":[6.925,5.17044,8.2875],"to":[12.3,5.32956,8.4],"rotation":{"angle":-22.5,"axis":"x","origin":[6.9875,5.25,8]},"faces":{"north":{"uv":[0,0,4,2],"rotation":180,"texture":"#2"},"east":{"uv":[7,7,9,11],"rotation":270,"texture":"#3"},"south":{"uv":[10,8,14,9],"rotation":90,"texture":"#1"}}},{"from":[12.175,4.85,7.92044],"to":[12.3,4.9625,8.07956],"rotation":{"angle":-45,"axis":"x","origin":[12.2375,5.25,8]},"faces":{"east":{"uv":[7,7,9,11],"rotation":180,"texture":"#3"},"south":{"uv":[7,6,11,9],"texture":"#2"},"up":{"uv":[10,10,14,11],"texture":"#2"}}},{"from":[12.1747,4.7875,7.92044],"to":[12.2997,4.9625,8.07956],"rotation":{"angle":-22.5,"axis":"x","origin":[12.2375,5.25,8]},"faces":{"east":{"uv":[7,5,9,11],"rotation":180,"texture":"#3"},"up":{"uv":[10,10,14,11],"texture":"#2"}}},{"from":[12.175,4.85,7.92044],"to":[12.3,4.9625,8.07956],"faces":{"east":{"uv":[7,7,9,11],"rotation":180,"texture":"#3"},"up":{"uv":[10,10,14,11],"texture":"#2"}}},{"from":[12.1747,4.7875,7.92044],"to":[12.2997,4.9625,8.07956],"rotation":{"angle":22.5,"axis":"x","origin":[12.2375,5.25,8]},"faces":{"east":{"uv":[7,5,9,11],"rotation":180,"texture":"#3"},"up":{"uv":[10,10,14,11],"texture":"#2"}}},{"from":[12.175,4.85,7.92044],"to":[12.3,4.9625,8.07956],"rotation":{"angle":45,"axis":"x","origin":[12.2375,5.25,8]},"faces":{"north":{"uv":[9,6,13,9],"texture":"#2"},"east":{"uv":[7,7,9,11],"rotation":180,"texture":"#3"},"up":{"uv":[10,10,14,11],"texture":"#2"}}},{"from":[12.1748,4.79544,7.6],"to":[12.2998,5.32956,7.7125],"rotation":{"angle":-22.5,"axis":"x","origin":[12.2375,5.25,8]},"faces":{"north":{"uv":[0,0,4,1],"rotation":180,"texture":"#1"},"east":{"uv":[7,7,9,11],"rotation":90,"texture":"#3"},"south":{"uv":[10,10,14,11],"texture":"#2"}}},{"from":[12.175,5.17044,7.6],"to":[12.3,5.32956,7.7125],"faces":{"north":{"uv":[8,8,14,9],"rotation":90,"texture":"#1"},"east":{"uv":[7,7,9,11],"rotation":90,"texture":"#3"},"south":{"uv":[10,10,14,11],"texture":"#2"},"west":{"uv":[8,9,9,10],"rotation":90,"texture":"#missing"}}},{"from":[12.175,5.17044,7.6],"to":[12.3,5.32956,7.7125],"rotation":{"angle":22.5,"axis":"x","origin":[12.2375,5.25,8]},"faces":{"north":{"uv":[3,8,5,9],"rotation":270,"texture":"#1"},"east":{"uv":[7,7,9,11],"rotation":90,"texture":"#3"},"south":{"uv":[0,0,4,2],"texture":"#2"}}},{"from":[10.625,4.975,8.2],"to":[12.25,5.50625,8.425],"faces":{"east":{"uv":[7,7,9,11],"texture":"#0"},"south":{"uv":[7,12,11,13],"rotation":90,"texture":"#2"},"up":{"uv":[10,10,14,11],"rotation":90,"texture":"#2"}}},{"from":[9.825,5.20027,7.75],"to":[12.325,5.29973,7.8125],"rotation":{"angle":45,"axis":"x","origin":[9.8875,5.25,8]},"faces":{"north":{"uv":[7,8,11,9],"rotation":180,"texture":"#1"},"east":{"uv":[9,4,10,12],"rotation":90,"texture":"#3"},"south":{"uv":[13,14,16,16],"texture":"#2"}}},{"from":[9.825,5,7.95027],"to":[12.325,5.0625,8.04973],"rotation":{"angle":-22.5,"axis":"x","origin":[9.8875,5.25,8]},"faces":{"east":{"uv":[11,1,15,2],"rotation":270,"texture":"#4"},"up":{"uv":[7,13,15,14],"rotation":90,"texture":"#1"},"down":{"uv":[13,14,16,16],"texture":"#0"}}},{"from":[9.825,5,7.95027],"to":[12.325,5.0625,8.04973],"faces":{"east":{"uv":[6,14,10,15],"rotation":270,"texture":"#4"},"up":{"uv":[9,10,16,11],"rotation":270,"texture":"#2"},"down":{"uv":[13,14,16,16],"texture":"#0"}}},{"from":[9.825,5,7.95027],"to":[12.325,5.0625,8.04973],"rotation":{"angle":22.5,"axis":"x","origin":[9.8875,5.25,8]},"faces":{"east":{"uv":[3,9,8,10],"rotation":90,"texture":"#4"},"up":{"uv":[10,8,14,9],"rotation":270,"texture":"#1"},"down":{"uv":[13,14,16,16],"texture":"#0"}}},{"from":[9.825,5,7.95027],"to":[12.325,5.0625,8.04973],"rotation":{"angle":45,"axis":"x","origin":[9.8875,5.25,8]},"faces":{"east":{"uv":[9,4,10,12],"texture":"#3"},"up":{"uv":[10,10,14,11],"rotation":90,"texture":"#2"},"down":{"uv":[13,14,16,16],"texture":"#0"}}},{"from":[9.825,5.20027,7.75],"to":[12.325,5.29973,7.8125],"rotation":{"angle":-22.5,"axis":"x","origin":[9.8875,5.25,8]},"faces":{"north":{"uv":[13,14,16,16],"rotation":180,"texture":"#0"},"east":{"uv":[9,4,10,12],"rotation":270,"texture":"#3"},"south":{"uv":[8,14,14,15],"rotation":90,"texture":"#1"}}},{"from":[9.825,5.20027,7.75],"to":[12.325,5.29973,7.8125],"faces":{"north":{"uv":[10,8,14,9],"rotation":180,"texture":"#1"},"east":{"uv":[9,4,10,12],"rotation":270,"texture":"#3"},"south":{"uv":[10,10,16,11],"rotation":270,"texture":"#2"}}},{"from":[9.825,5.20027,7.75],"to":[12.325,5.29973,7.8125],"rotation":{"angle":22.5,"axis":"x","origin":[9.8875,5.25,8]},"faces":{"north":{"uv":[8,14,12,15],"rotation":180,"texture":"#1"},"east":{"uv":[9,4,10,13],"rotation":90,"texture":"#3"},"south":{"uv":[0,5,1,12],"texture":"#1"}}},{"from":[9.825,5.20027,8.1875],"to":[12.325,5.29973,8.25],"faces":{"north":{"uv":[13,14,16,16],"rotation":180,"texture":"#2"},"east":{"uv":[3,9,8,10],"rotation":180,"texture":"#4"},"south":{"uv":[12,15,16,16],"texture":"#1"}}},{"from":[9.825,5.20027,8.1875],"to":[12.325,5.29973,8.25],"rotation":{"angle":22.5,"axis":"x","origin":[9.8875,5.25,8]},"faces":{"north":{"uv":[8,14,15,15],"rotation":90,"texture":"#1"},"east":{"uv":[6,14,10,15],"texture":"#4"},"south":{"uv":[13,14,16,16],"texture":"#0"}}},{"from":[9.825,5.20027,8.1875],"to":[12.325,5.29973,8.25],"rotation":{"angle":45,"axis":"x","origin":[9.8875,5.25,8]},"faces":{"north":{"uv":[10,10,16,11],"rotation":270,"texture":"#2"},"east":{"uv":[11,1,15,2],"texture":"#4"},"south":{"uv":[13,14,16,16],"texture":"#0"}}},{"from":[9.825,5.20027,8.1875],"to":[12.325,5.29973,8.25],"rotation":{"angle":-22.5,"axis":"x","origin":[9.8875,5.25,8]},"faces":{"north":{"uv":[9,0,14,1],"rotation":90,"texture":"#1"},"east":{"uv":[9,4,10,12],"rotation":270,"texture":"#3"},"south":{"uv":[12,15,16,16],"texture":"#0"}}},{"from":[9.825,5.4375,7.95027],"to":[12.325,5.5,8.04973],"rotation":{"angle":45,"axis":"x","origin":[9.8875,5.25,8]},"faces":{"east":{"uv":[9,4,10,12],"texture":"#3"},"up":{"uv":[9,14,13,15],"texture":"#1"},"down":{"uv":[13,14,16,16],"texture":"#2"}}},{"from":[9.825,5.4375,7.95027],"to":[12.325,5.5,8.04973],"rotation":{"angle":22.5,"axis":"x","origin":[9.8875,5.25,8]},"faces":{"east":{"uv":[9,4,10,12],"texture":"#3"},"up":{"uv":[11,13,15,14],"texture":"#1"},"down":{"uv":[13,14,16,16],"texture":"#2"}}},{"from":[9.825,5.4375,7.95027],"to":[12.325,5.5,8.04973],"faces":{"east":{"uv":[9,4,10,12],"texture":"#3"},"up":{"uv":[9,13,13,14],"texture":"#1"},"down":{"uv":[13,14,16,16],"texture":"#2"}}},{"from":[9.825,5.4375,7.95027],"to":[12.325,5.5,8.04973],"rotation":{"angle":-22.5,"axis":"x","origin":[9.8875,5.25,8]},"faces":{"east":{"uv":[9,4,10,13],"texture":"#3"},"up":{"uv":[10,13,14,14],"texture":"#1"},"down":{"uv":[13,14,16,16],"texture":"#2"}}},{"from":[10.4875,5.05,7.5751],"to":[10.925,5.20625,8.4249],"rotation":{"angle":22.5,"axis":"z","origin":[11.15625,5.24062,7.6875]},"faces":{"north":{"uv":[12,2,13,3],"texture":"#2"},"east":{"uv":[7,7,9,11],"texture":"#2"},"south":{"uv":[12,2,13,3],"texture":"#2","cullface":"south"},"down":{"uv":[0,0,4,2],"texture":"#2"}}},{"from":[10.625,4.975,7.575],"to":[12.25,5.50625,7.8],"faces":{"north":{"uv":[7,12,11,13],"rotation":90,"texture":"#2"},"east":{"uv":[7,7,9,11],"texture":"#0"},"west":{"uv":[8,3,9,4],"texture":"#2"},"up":{"uv":[10,10,14,11],"rotation":90,"texture":"#2"}}},{"from":[8.45,4.5125,7.625],"to":[10.6125,4.8125,8.375],"faces":{"north":{"uv":[3,9,6,10],"rotation":270,"texture":"#0"},"east":{"uv":[7,7,9,11],"texture":"#2"},"south":{"uv":[3,8,6,9],"rotation":270,"texture":"#0","cullface":"south"},"down":{"uv":[0,0,4,2],"texture":"#0"}}},{"from":[7.925,4.25,7.92044],"to":[10.6125,4.3625,8.07956],"rotation":{"angle":45,"axis":"x","origin":[9.8625,4.65,8]},"faces":{"east":{"uv":[7,7,9,11],"texture":"#2"},"down":{"uv":[0,0,4,2],"texture":"#2"}}},{"from":[8.8375,4.57044,8.2875],"to":[10.6125,4.66706,8.4],"rotation":{"angle":22.5,"axis":"x","origin":[9.8625,4.65,8]},"faces":{"east":{"uv":[7,7,9,11],"rotation":90,"texture":"#2"},"south":{"uv":[3,9,5,10],"rotation":90,"texture":"#0"},"up":{"uv":[7,6,11,9],"texture":"#2"}}},{"from":[7.925,4.25,7.92044],"to":[10.6125,4.3625,8.07956],"rotation":{"angle":-45,"axis":"x","origin":[9.8625,4.65,8]},"faces":{"east":{"uv":[7,7,9,11],"texture":"#2"},"down":{"uv":[0,0,2,2],"texture":"#2"}}},{"from":[7.925,4.25,7.92044],"to":[10.6125,4.3625,8.07956],"rotation":{"angle":-22.5,"axis":"x","origin":[9.8625,4.65,8]},"faces":{"east":{"uv":[7,7,9,11],"texture":"#2"},"down":{"uv":[0,0,2,2],"texture":"#2"}}},{"from":[7.925,4.25,7.92044],"to":[10.6125,4.3625,8.07956],"faces":{"east":{"uv":[7,7,9,11],"texture":"#2"},"down":{"uv":[0,0,2,2],"texture":"#2"}}},{"from":[7.925,4.25,7.92044],"to":[10.6125,4.3625,8.07956],"rotation":{"angle":22.5,"axis":"x","origin":[9.8625,4.65,8]},"faces":{"east":{"uv":[7,7,9,11],"texture":"#2"},"down":{"uv":[0,0,2,2],"texture":"#2"}}},{"from":[8.675,4.57044,7.6],"to":[10.6125,4.66706,7.7125],"rotation":{"angle":-22.5,"axis":"x","origin":[9.8625,4.65,8]},"faces":{"north":{"uv":[3,9,5,10],"rotation":90,"texture":"#0"},"east":{"uv":[7,7,9,11],"rotation":270,"texture":"#2"},"up":{"uv":[9,6,13,9],"rotation":180,"texture":"#2"}}},{"from":[8.375,4.475,7.6251],"to":[9.2375,4.8375,8.3731],"rotation":{"angle":22.5,"axis":"z","origin":[8.99375,4.56875,8.025]},"faces":{"north":{"uv":[1,8,3,9],"rotation":270,"texture":"#0"},"south":{"uv":[1,8,3,9],"rotation":270,"texture":"#0","cullface":"south"},"west":{"uv":[8,9,9,10],"texture":"#2"},"down":{"uv":[0,0,4,2],"texture":"#2"}}},{"from":[4.25,4.25,7.625],"to":[8.45625,4.8125,8.375],"faces":{"north":{"uv":[0,8,6,9],"rotation":270,"texture":"#0"},"east":{"uv":[7,7,9,11],"texture":"#0"},"south":{"uv":[0,8,6,9],"rotation":270,"texture":"#0","cullface":"south"},"west":{"uv":[8,9,9,10],"texture":"#2"},"down":{"uv":[0,0,2,2],"texture":"#2"}}},{"from":[4.12,4.84,7.5751],"to":[4.4325,5.48375,7.8251],"rotation":{"angle":-22.5,"axis":"z","origin":[4.225,5.15937,8]},"faces":{"north":{"uv":[7,3,11,4],"rotation":90,"texture":"#2"},"east":{"uv":[7,7,9,11],"texture":"#2"},"south":{"uv":[0.01,0.01,0.01,0.01],"texture":"#2","cullface":"south"},"west":{"uv":[10,10,16,11],"texture":"#2"},"up":{"uv":[10,10,14,11],"texture":"#0"},"down":{"uv":[0,0,4,2],"texture":"#2"}}},{"from":[4.12,4.84,8.1749],"to":[4.42,5.48375,8.4249],"rotation":{"angle":-22.5,"axis":"z","origin":[4.225,5.15937,8]},"faces":{"north":{"uv":[0.01,0.01,0.01,0.01],"texture":"#2","cullface":"south"},"east":{"uv":[9,7,7,11],"texture":"#2"},"south":{"uv":[11,3,7,4],"rotation":270,"texture":"#2"},"west":{"uv":[16,10,10,11],"texture":"#2"},"up":{"uv":[10,11,14,10],"texture":"#0"},"down":{"uv":[0,2,4,0],"texture":"#2"}}},{"from":[3.775,4.2875,7.75],"to":[4.525,4.475,8.25],"rotation":{"angle":22.5,"axis":"z","origin":[3.875,4.34375,8.0625]},"faces":{"north":{"uv":[0,0,1,1],"texture":"#0"},"south":{"uv":[15,15,16,16],"texture":"#0"},"up":{"uv":[0,8,16,9],"rotation":90,"texture":"#0"}}},{"from":[3.50625,4.225,7.84375],"to":[3.58437,4.35,8.15625],"rotation":{"angle":-22.5,"axis":"z","origin":[4.50625,5.0375,8.0625]},"faces":{"north":{"uv":[8.25,10.5,8.5,11.75],"rotation":90,"texture":"#0"},"east":{"uv":[7.5,7.75,7.75,8.25],"rotation":270,"texture":"#2"},"south":{"uv":[7.5,10.5,7.75,11.75],"rotation":270,"texture":"#0"},"west":{"uv":[5,0,8,5],"texture":"#8"},"down":{"uv":[7.75,10.5,8.25,11.75],"rotation":270,"texture":"#2"}}},{"from":[3.36569,4.89923,7.8439],"to":[3.45162,5.10236,8.1562],"faces":{"north":{"uv":[8.25,10.5,8.5,11.75],"rotation":90,"texture":"#0"},"east":{"uv":[7.5,7.75,7.75,8.25],"rotation":270,"texture":"#2"},"south":{"uv":[7.5,10.5,7.75,11.75],"rotation":270,"texture":"#0"},"west":{"uv":[5,1,7,7],"texture":"#8"},"up":{"uv":[5,2,10,3],"texture":"#1"},"down":{"uv":[7.75,10.5,8.25,11.75],"rotation":270,"texture":"#2"}}},{"from":[3.50625,4.5375,7.84375],"to":[3.78765,4.69375,8.15625],"rotation":{"angle":-22.5,"axis":"z","origin":[4.50625,5.0375,8.0625]},"faces":{"north":{"uv":[1,2,9,7],"texture":"#8"},"east":{"uv":[7.5,7.75,7.75,8.25],"rotation":270,"texture":"#missing"},"south":{"uv":[9,2,13,7],"texture":"#8"},"west":{"uv":[0.01,0.01,0.01,0.01],"rotation":90,"texture":"#2"},"up":{"uv":[0,0,16,16],"rotation":270,"texture":"#0"},"down":{"uv":[7.75,10.5,8.25,11.75],"rotation":270,"texture":"#2"}}},{"from":[3.27194,4.51642,7.84375],"to":[3.35006,4.67267,8.15625],"faces":{"north":{"uv":[8.25,10.5,8.5,11.75],"rotation":90,"texture":"#0"},"east":{"uv":[0,2,0.25,2.5],"rotation":270,"texture":"#1"},"south":{"uv":[7.5,10.5,7.75,11.75],"rotation":270,"texture":"#0"},"west":{"uv":[4,0,7,5],"rotation":180,"texture":"#8"},"up":{"uv":[7.75,10.5,8.25,11.75],"rotation":270,"texture":"#0"},"down":{"uv":[7.75,10.5,8.25,11.75],"rotation":270,"texture":"#2"}}},{"from":[3.56875,4.08437,7.84375],"to":[3.80312,4.1625,8.15625],"rotation":{"angle":-22.5,"axis":"z","origin":[4.50625,5.0375,8.0625]},"faces":{"north":{"uv":[8.25,10.5,8.5,11.75],"rotation":180,"texture":"#0"},"south":{"uv":[7.5,10.5,7.75,11.75],"rotation":180,"texture":"#0"},"west":{"uv":[0.01,0.01,0.01,0.01],"rotation":90,"texture":"#2"},"up":{"uv":[5,10,5.5,11.25],"rotation":270,"texture":"#1"},"down":{"uv":[7.75,10.5,8.25,11.75],"rotation":270,"texture":"#2"}}},{"from":[3.47501,4.45129,7.84375],"to":[3.63126,4.52941,8.15625],"rotation":{"angle":45,"axis":"z","origin":[3.51407,4.4591,8.0625]},"faces":{"north":{"uv":[8.25,10.5,8.5,11.75],"rotation":180,"texture":"#0"},"south":{"uv":[7.5,10.5,7.75,11.75],"rotation":180,"texture":"#0"},"up":{"uv":[10,8,14,9],"texture":"#1"},"down":{"uv":[7.75,10.5,8.25,11.75],"rotation":270,"texture":"#2"}}},{"from":[3.7875,4.225,7.8437],"to":[3.86563,4.54375,8.1564],"rotation":{"angle":-22.5,"axis":"z","origin":[4.50625,5.0375,8.0625]},"faces":{"north":{"uv":[8.25,10.5,8.5,11.75],"rotation":180,"texture":"#0"},"east":{"uv":[7.5,7.75,7.75,8.25],"rotation":270,"texture":"#2"},"south":{"uv":[7.5,10.5,7.75,11.75],"rotation":90,"texture":"#0"},"west":{"uv":[15,0,16,4],"rotation":180,"texture":"#1"}}},{"from":[6.52125,3.0125,7.83125],"to":[7.63846,3.15,8.16875],"faces":{"north":{"uv":[2,13,16,16],"texture":"#3"},"south":{"uv":[13,0,16,16],"rotation":90,"texture":"#3"},"up":{"uv":[3,3,10,4],"rotation":90,"texture":"#3"},"down":{"uv":[15,11,16,14],"texture":"#1"}}},{"from":[8.05173,3.56327,7.83125],"to":[8.18923,3.83673,8.16875],"rotation":{"angle":-22.5,"axis":"z","origin":[7.50173,3.7,8.0375]},"faces":{"north":{"uv":[9,4,12,7],"rotation":270,"texture":"#3"},"east":{"uv":[8,8,12,9],"rotation":90,"texture":"#1"},"south":{"uv":[13,13,16,16],"rotation":270,"texture":"#3"},"west":{"uv":[9,8,10.5,8.5],"rotation":270,"texture":"#1"}}},{"from":[7.365,3.0125,7.83125],"to":[7.63846,3.15,8.16875],"rotation":{"angle":22.5,"axis":"z","origin":[7.50173,3.7,8.0375]},"faces":{"north":{"uv":[3,4,6,12],"rotation":90,"texture":"#3"},"south":{"uv":[3,4,6,12],"rotation":90,"texture":"#3"},"up":{"uv":[9,0,16,1],"rotation":90,"texture":"#3"},"down":{"uv":[15,8,16,11],"rotation":90,"texture":"#1"}}},{"from":[7.365,3.0125,7.83125],"to":[7.63846,3.15,8.16875],"rotation":{"angle":45,"axis":"z","origin":[7.50173,3.7,8.0375]},"faces":{"north":{"uv":[3,4,6,12],"rotation":90,"texture":"#3"},"south":{"uv":[3,4,6,12],"rotation":90,"texture":"#3"},"up":{"uv":[1,1,2.5,1.5],"texture":"#3"},"down":{"uv":[11,8,14,9],"rotation":180,"texture":"#1"}}},{"from":[8.05173,3.56327,7.8312],"to":[8.18923,4.24923,8.1689],"faces":{"north":{"uv":[11,6,12,13],"rotation":180,"texture":"#3","cullface":"north"},"east":{"uv":[7,8,14,9],"rotation":270,"texture":"#1"},"south":{"uv":[11,4,12,12],"rotation":180,"texture":"#3"},"west":{"uv":[10,8,14,9],"rotation":270,"texture":"#1"}}},{"from":[8.05173,3.56327,7.8314],"to":[8.18923,3.83673,8.1687],"rotation":{"angle":22.5,"axis":"z","origin":[7.50173,3.7,8.0375]},"faces":{"north":{"uv":[9,10,12,12],"rotation":90,"texture":"#3"},"south":{"uv":[11,8,12,9],"rotation":270,"texture":"#1"},"west":{"uv":[12,8,13.5,8.5],"rotation":270,"texture":"#1"}}},{"from":[7.365,4.25,7.8312],"to":[7.63846,4.3875,8.1689],"rotation":{"angle":-22.5,"axis":"z","origin":[7.50173,3.7,8.0375]},"faces":{"north":{"uv":[9,15,14,16],"texture":"#1"},"south":{"uv":[12,8,14,9],"rotation":180,"texture":"#1"},"down":{"uv":[6,7.75,7.5,8.25],"texture":"#0"}}},{"from":[7.365,4.25,7.83125],"to":[7.63846,4.525,8.16875],"rotation":{"angle":-45,"axis":"z","origin":[7.50173,3.7,8.0375]},"faces":{"north":{"uv":[11,8,14,9],"texture":"#1"},"south":{"uv":[11,8,13,9],"texture":"#1"},"down":{"uv":[9,15,10.5,15.5],"rotation":270,"texture":"#1"}}},{"from":[8.575,4.25,7.83125],"to":[8.91721,4.46313,8.16875],"rotation":{"angle":45,"axis":"z","origin":[8.71173,3.7,8.0375]},"faces":{"north":{"uv":[11,8,14,9],"rotation":180,"texture":"#1"},"south":{"uv":[11,8,14,9],"texture":"#1"},"down":{"uv":[11,8,14,9],"texture":"#1"}}},{"from":[8.02423,3.63202,7.8314],"to":[8.16173,3.83673,8.1687],"rotation":{"angle":-22.5,"axis":"z","origin":[8.71173,3.7,8.0375]},"faces":{"north":{"uv":[8.5,11.75,10,12],"rotation":90,"texture":"#3"},"east":{"uv":[13,10,14,11],"rotation":270,"texture":"#1"},"south":{"uv":[11,8,12,9],"rotation":270,"texture":"#1"}}},{"from":[6.98,2.9375,7.8314],"to":[7.25346,3.15,8.1687],"rotation":{"angle":-45,"axis":"z","origin":[7.11673,3.7,8.0375]},"faces":{"north":{"uv":[8.5,11.75,10,12],"texture":"#3"},"south":{"uv":[6,7,7.5,7.25],"texture":"#3"},"up":{"uv":[11,13,12.5,13.5],"texture":"#3"}}},{"from":[6.98,3.0125,7.8314],"to":[7.25346,3.15,8.1687],"rotation":{"angle":-22.5,"axis":"z","origin":[7.11673,3.7,8.0375]},"faces":{"north":{"uv":[8.5,11.75,10,12],"rotation":180,"texture":"#3"},"south":{"uv":[6,7,7.5,7.25],"rotation":180,"texture":"#3"},"up":{"uv":[11,13,12.5,13.5],"rotation":180,"texture":"#3"}}},{"from":[6.17923,3.37577,7.8314],"to":[6.56673,3.83673,8.1687],"rotation":{"angle":22.5,"axis":"z","origin":[7.11673,3.7,8.0375]},"faces":{"north":{"uv":[8.5,11.75,10,12],"rotation":90,"texture":"#3"},"east":{"uv":[9,14,10.5,14.5],"rotation":270,"texture":"#3"},"south":{"uv":[6,7,7.5,7.25],"rotation":270,"texture":"#3"}}},{"from":[4.29173,2.82577,7.625],"to":[6.56673,4.25548,8.375],"faces":{"north":{"uv":[0,6,16,9],"texture":"#0"},"east":{"uv":[11,10,16,11],"rotation":270,"texture":"#2"},"south":{"uv":[1,7,16,8],"rotation":180,"texture":"#0"},"west":{"uv":[11,10,16,11],"texture":"#2"},"down":{"uv":[0,4,16,12],"rotation":180,"texture":"#8"}}},{"from":[6.42923,3.56327,7.6255],"to":[6.56673,3.83673,8.3745],"rotation":{"angle":-22.5,"axis":"z","origin":[7.11673,3.7,7.83175]},"faces":{"north":{"uv":[1,9,2.5,9.25],"rotation":90,"texture":"#0"},"east":{"uv":[6,7.75,7.5,8.25],"rotation":270,"texture":"#2"},"south":{"uv":[1,9,2.5,9.25],"rotation":270,"texture":"#0"}}},{"from":[6.98,4.25,7.6255],"to":[7.25346,4.525,8.3745],"rotation":{"angle":45,"axis":"z","origin":[7.11673,3.7,7.83175]},"faces":{"north":{"uv":[1,9,2.5,9.25],"texture":"#0"},"south":{"uv":[1,9,2.5,9.25],"texture":"#0"},"down":{"uv":[6,7.75,7.5,8.25],"texture":"#2"}}},{"from":[6.98,4.25,7.6255],"to":[7.25346,4.3875,8.3745],"rotation":{"angle":22.5,"axis":"z","origin":[7.11673,3.7,7.83175]},"faces":{"north":{"uv":[1,9,2.5,9.25],"texture":"#0"},"south":{"uv":[1,9,2.5,9.25],"texture":"#0"},"down":{"uv":[6,7.75,7.5,8.25],"texture":"#2"}}},{"from":[3.64,4.25,7.6255],"to":[3.91346,4.3875,8.3745],"rotation":{"angle":-22.5,"axis":"z","origin":[3.77673,3.7,7.83175]},"faces":{"north":{"uv":[4,13,5.5,13.25],"rotation":180,"texture":"#0"},"south":{"uv":[4,13,5.5,13.25],"rotation":180,"texture":"#0"},"down":{"uv":[6,7.75,7.5,8.25],"texture":"#2"}}},{"from":[3.64,4.25,7.6255],"to":[3.91346,4.525,8.3745],"rotation":{"angle":-45,"axis":"z","origin":[3.77673,3.7,7.83175]},"faces":{"north":{"uv":[4,13,5.5,13.25],"texture":"#0"},"south":{"uv":[4,13,5.5,13.25],"texture":"#0"},"down":{"uv":[6,7.75,7.5,8.25],"texture":"#2"}}},{"from":[4.32673,3.56327,7.6255],"to":[4.46423,3.83673,8.3745],"rotation":{"angle":22.5,"axis":"z","origin":[3.77673,3.7,7.83175]},"faces":{"north":{"uv":[4,13,5.5,13.25],"rotation":90,"texture":"#0"},"south":{"uv":[4,13,5.5,13.25],"rotation":270,"texture":"#0"},"west":{"uv":[10,10,16,11],"texture":"#2"},"down":{"uv":[0.01,0.01,0.01,0.01],"rotation":270,"texture":"#missing"}}},{"from":[4.6625,-0.2576,7.626],"to":[6.725,3.7799,8.366],"rotation":{"angle":-22.5,"axis":"z","origin":[5.61875,4.25,8.175]},"faces":{"north":{"uv":[12,0,16,16],"texture":"#0"},"east":{"uv":[0,4,16,12],"rotation":90,"texture":"#8"},"south":{"uv":[12,0,16,16],"texture":"#0"},"west":{"uv":[11,10,16,11],"texture":"#2"},"down":{"uv":[0,3,16,13],"texture":"#8"}}},{"from":[4.9625,-0.3,7.676],"to":[6.925,-0.2576,8.316],"rotation":{"angle":-22.5,"axis":"z","origin":[5.61875,4.25,8.175]},"faces":{"north":{"uv":[5,10,6,11],"texture":"#2"},"east":{"uv":[0,7,16,8],"rotation":180,"texture":"#8"},"south":{"uv":[6,10,7,11],"texture":"#2"},"west":{"uv":[7,11,8,12],"texture":"#2"},"up":{"uv":[0,0,16,16],"rotation":180,"texture":"#0"},"down":{"uv":[0,5,4,12],"texture":"#8"}}},{"from":[3.3525,4.2,7.75],"to":[3.81346,4.3375,8.25],"rotation":{"angle":-22.5,"axis":"z","origin":[3.67673,3.65,7.95625]},"faces":{"north":{"uv":[6,5,7.5,5.25],"rotation":180,"texture":"#8"},"south":{"uv":[6,5,7.5,5.25],"rotation":180,"texture":"#8"},"down":{"uv":[6,7.75,7.5,8.25],"texture":"#2"}}},{"from":[3.54,4.2,7.75],"to":[3.81346,4.475,8.25],"rotation":{"angle":-45,"axis":"z","origin":[3.67673,3.65,7.95625]},"faces":{"north":{"uv":[6,5,7.5,5.25],"texture":"#8"},"south":{"uv":[6,5,7.5,5.25],"texture":"#8"},"down":{"uv":[6,7.75,7.5,8.25],"texture":"#2"}}},{"from":[4.22673,3.51327,7.75],"to":[4.36423,3.78673,8.25],"rotation":{"angle":22.5,"axis":"z","origin":[3.67673,3.65,7.95625]},"faces":{"north":{"uv":[6,5,7.5,5.25],"rotation":90,"texture":"#8"},"south":{"uv":[6,5,7.5,5.25],"rotation":270,"texture":"#8"},"west":{"uv":[6,4,7.5,4.5],"rotation":90,"texture":"#8"}}},{"from":[4.22923,3.52577,7.75],"to":[4.35423,3.82423,8.25],"faces":{"north":{"uv":[6,5,7.5,5.25],"rotation":90,"texture":"#8"},"south":{"uv":[6,5,7.5,5.25],"rotation":270,"texture":"#8"},"west":{"uv":[4,4,5.5,4.5],"rotation":90,"texture":"#8"}}},{"from":[4.5375,1.4425,7.749],"to":[4.6625,3.4425,8.251],"rotation":{"angle":-22.5,"axis":"z","origin":[5.61875,4.2,8.3]},"faces":{"north":{"uv":[1,11,15,14],"rotation":270,"texture":"#8"},"south":{"uv":[1,11,15,14],"rotation":90,"texture":"#8"},"west":{"uv":[0,4,16,5],"rotation":90,"texture":"#8"},"down":{"uv":[0.01,0.01,0.01,0.01],"texture":"#2"}}},{"from":[4.7875,-0.1575,7.55],"to":[6.475,4.4051,8.45],"rotation":{"angle":-22.5,"axis":"z","origin":[5.61875,4.25,8.1]},"faces":{"north":{"uv":[0,0,16,16],"texture":"#9"},"east":{"uv":[7,0,11,16],"rotation":90,"texture":"#9"},"south":{"uv":[0,0,16,16],"texture":"#9"},"west":{"uv":[7,0,10,16],"rotation":90,"texture":"#9"},"up":{"uv":[0,0,16,16],"texture":"#9"},"down":{"uv":[1,6,15,9],"texture":"#0"}}},{"from":[8.25,5.4743,7.90054],"to":[12.25,5.7243,8.09946],"rotation":{"angle":45,"axis":"x","origin":[14.625,5.2243,8]},"faces":{"east":{"uv":[10,10,9,11],"rotation":270,"texture":"#0"},"south":{"uv":[0.01,0.01,0.01,0.01],"texture":"#2"},"west":{"uv":[0.01,0.01,0.01,0.01],"rotation":90,"texture":"#2"},"up":{"uv":[12,8,16,7],"rotation":270,"texture":"#0"}}},{"from":[8.25,5.4743,7.90054],"to":[12.25,5.7243,8.09946],"rotation":{"angle":22.5,"axis":"x","origin":[14.625,5.2243,8]},"faces":{"east":{"uv":[10,10,9,11],"rotation":270,"texture":"#0"},"west":{"uv":[0,0,1,1],"rotation":90,"texture":"#1"},"up":{"uv":[9,16,13,15],"rotation":90,"texture":"#1"}}},{"from":[8.25,5.4743,7.90054],"to":[12.25,5.7243,8.09946],"faces":{"east":{"uv":[10,10,9,11],"rotation":270,"texture":"#0"},"west":{"uv":[8,6,9,7],"rotation":90,"texture":"#1"},"up":{"uv":[8,2,14,1],"rotation":270,"texture":"#1"}}},{"from":[4.25,4.8125,7.575],"to":[10.625,5.50625,8.3],"faces":{"north":{"uv":[2,13.5,7,13.51],"rotation":270,"texture":"#2","cullface":"north"},"east":{"uv":[0,13,1,14],"texture":"#2"},"west":{"uv":[4,6,11,16],"texture":"#0"},"up":{"uv":[0.01,0.01,0.01,0.01],"texture":"#2"},"down":{"uv":[0,0,4,2],"texture":"#2"}}},{"from":[8.25,4.8125,8.3],"to":[10.625,5.50625,8.425],"faces":{"south":{"uv":[2,13.5,7,13.51],"rotation":270,"texture":"#2","cullface":"south"},"west":{"uv":[8,9,9,10],"texture":"#2"},"up":{"uv":[10,10,14,11],"rotation":90,"texture":"#2"},"down":{"uv":[0,0,4,2],"texture":"#2"}}},{"from":[7,4.8125,8.3],"to":[8.25,5.31875,8.425],"faces":{"south":{"uv":[2,13.5,6,13.51],"rotation":270,"texture":"#2","cullface":"south"},"up":{"uv":[0,10,16,11],"texture":"#1"},"down":{"uv":[0,0,4,2],"texture":"#2"}}},{"from":[6.875,5.3125,8.299],"to":[7.0625,5.50625,8.424],"rotation":{"angle":-45,"axis":"z","origin":[6.875,5.31562,8.3625]},"faces":{"south":{"uv":[0,0,1,1],"texture":"#2","cullface":"south"},"up":{"uv":[10,10,14,11],"texture":"#2"}}},{"from":[8.17188,5.22812,8.299],"to":[8.36562,5.41562,8.424],"rotation":{"angle":-45,"axis":"z","origin":[8.26875,5.32187,8.3625]},"faces":{"south":{"uv":[0,0,1,1],"rotation":90,"texture":"#2","cullface":"south"},"west":{"uv":[0,0,2,2],"rotation":270,"texture":"#2"}}},{"from":[6.15,2.975,7.5],"to":[6.4,3.225,7.75],"faces":{"north":{"uv":[2,5,5,8],"texture":"#4"},"east":{"uv":[7,9,8,13],"texture":"#3"},"south":{"uv":[0,0,0.25,0.25],"texture":"#missing"},"west":{"uv":[1,3,1.25,3.25],"texture":"#1"},"up":{"uv":[8,9,9,13],"rotation":90,"texture":"#3"},"down":{"uv":[0,0,0.25,0.25],"texture":"#1"}}},{"from":[7.28,4.25,7.875],"to":[7.55346,4.3875,8.125],"rotation":{"angle":22.5,"axis":"z","origin":[7.41673,3.7,8.08125]},"faces":{"north":{"uv":[8,3,9.5,3.25],"texture":"#2"},"east":{"uv":[10,10,10.5,10.25],"texture":"#2"},"south":{"uv":[6,6,7,7],"texture":"#2"},"down":{"uv":[6,7.75,7.5,8.25],"texture":"#2"}}},{"from":[7.28,4.25,7.875],"to":[7.55346,4.525,8.125],"rotation":{"angle":45,"axis":"z","origin":[7.41673,3.7,8.08125]},"faces":{"north":{"uv":[8,3,9.5,3.25],"texture":"#2"},"east":{"uv":[10,10,10.5,10.25],"texture":"#2"},"south":{"uv":[6,6,7,7],"texture":"#2"},"down":{"uv":[6,7.75,7.5,8.25],"texture":"#2"}}},{"from":[6.72923,3.56327,7.875],"to":[6.86673,3.83673,8.125],"rotation":{"angle":-22.5,"axis":"z","origin":[7.41673,3.7,8.08125]},"faces":{"north":{"uv":[8,3,9.5,3.25],"rotation":90,"texture":"#2"},"east":{"uv":[9,9,9.5,9.25],"rotation":270,"texture":"#2"},"south":{"uv":[6,6,7,7],"rotation":270,"texture":"#2"}}},{"from":[6.35423,3.13827,7.875],"to":[6.85423,4.24923,8.125],"faces":{"north":{"uv":[8,3,9.5,3.25],"rotation":90,"texture":"#2"},"east":{"uv":[7,12,7.5,12.25],"rotation":270,"texture":"#2"},"south":{"uv":[5,6,6,7],"rotation":270,"texture":"#2"}}},{"from":[7.28,2.8875,7.875],"to":[7.55346,3.1375,8.125],"rotation":{"angle":-45,"axis":"z","origin":[7.41673,3.7,8.08125]},"faces":{"north":{"uv":[8,3,9.5,3.25],"texture":"#2"},"east":{"uv":[10,10,10.5,10.25],"texture":"#2"},"south":{"uv":[5,6,7,7],"texture":"#2"},"up":{"uv":[15,0,16,1],"texture":"#1"},"down":{"uv":[0.01,0.01,0.01,0.01],"texture":"#2"}}},{"from":[6.66673,3.56327,7.875],"to":[6.85423,3.83673,8.125],"rotation":{"angle":22.5,"axis":"z","origin":[7.41673,3.7,8.08125]},"faces":{"north":{"uv":[8,3,9.5,3.25],"rotation":90,"texture":"#2"},"east":{"uv":[15,2,15.5,2.25],"rotation":270,"texture":"#1"},"south":{"uv":[6,6,7,7],"rotation":270,"texture":"#2"}}},{"from":[4.75,4.625,7.5],"to":[6.25,4.75,7.65],"faces":{"north":{"uv":[15,0,16,5],"texture":"#1"},"east":{"uv":[3,3,12,12],"texture":"#3"},"west":{"uv":[0,0,0.25,0.125],"texture":"#2"},"up":{"uv":[7,8,14,9],"rotation":90,"texture":"#1"},"down":{"uv":[0,0,1.5,0.25],"texture":"#2"}}},{"from":[5.075,-0.1574,7.45],"to":[6.325,4.4686,8.55],"rotation":{"angle":-22.5,"axis":"z","origin":[5.61875,4.25,8]},"faces":{"north":{"uv":[0,0,16,16],"texture":"#9"},"east":{"uv":[6,0,10,16],"rotation":90,"texture":"#9"},"south":{"uv":[0,0,16,16],"texture":"#9"},"west":{"uv":[7,0,10,16],"rotation":180,"texture":"#9"},"up":{"uv":[0,8,16,9],"texture":"#9"},"down":{"uv":[0.01,0.01,0.01,0.01],"texture":"#0"}}},{"from":[4.16036,4.19142,7.5],"to":[4.81036,4.69142,7.75],"rotation":{"angle":22.5,"axis":"z","origin":[4.56036,4.49142,7.625]},"faces":{"north":{"uv":[1,0,5,5],"rotation":180,"texture":"#2"},"east":{"uv":[0,0,0.25,0.5],"texture":"#2"},"west":{"uv":[0,6,8,7],"rotation":90,"texture":"#7"},"up":{"uv":[3,2,10,11],"texture":"#0"},"down":{"uv":[0,0,0.65,0.25],"texture":"#2"}}},{"from":[4.41036,4.56642,7.375],"to":[4.81036,4.69142,7.5],"rotation":{"angle":22.5,"axis":"z","origin":[4.56036,4.49142,7.625]},"faces":{"north":{"uv":[2,7,7,8],"rotation":90,"texture":"#0"},"east":{"uv":[0,0,0.125,0.125],"texture":"#2"},"west":{"uv":[0,0,0.125,0.125],"texture":"#0"},"up":{"uv":[0,0,2,2],"rotation":270,"texture":"#1"},"down":{"uv":[0,0,0.4,0.125],"texture":"#2"}}},{"from":[6.275,4.525,7.45],"to":[7.025,4.775,7.7],"rotation":{"angle":-45,"axis":"x","origin":[7,4.6,7.625]},"faces":{"north":{"uv":[1,0,9,1],"texture":"#1"},"east":{"uv":[5,1,5.25,1.25],"texture":"#1"},"south":{"uv":[0,0,0.75,0.25],"texture":"#2"},"west":{"uv":[0,0,0.25,0.25],"texture":"#0"},"up":{"uv":[7,0,9,8],"rotation":180,"texture":"#4"}}},{"from":[7.025,4.425,7.5625],"to":[7.65,4.7375,7.65],"faces":{"north":{"uv":[2,4,4,7],"rotation":180,"texture":"#1"},"east":{"uv":[15,0,16,5],"texture":"#1"},"up":{"uv":[0,0,0.625,0.0875],"texture":"#1"},"down":{"uv":[0,0,0.625,0.0875],"texture":"#2"}}},{"from":[11.7,5.6375,7.9375],"to":[12.175,5.9125,8.0625],"faces":{"north":{"uv":[7,8,14,9],"rotation":180,"texture":"#1"},"east":{"uv":[8,8,14,9],"texture":"#1"},"south":{"uv":[7,8,14,9],"rotation":180,"texture":"#1"},"west":{"uv":[6,0,10,8],"rotation":180,"texture":"#5"},"up":{"uv":[7,3,8,12],"rotation":90,"texture":"#3"},"down":{"uv":[0,0,0.375,0.075],"texture":"#missing"}}},{"from":[4.624,5.87,7.9],"to":[4.649,5.895,7.925],"rotation":{"angle":0,"axis":"y","origin":[8,7.95,8]},"faces":{"west":{"uv":[7,6,9,8],"rotation":180,"texture":"#5"}}},{"from":[4.624,5.87,8.075],"to":[4.649,5.895,8.1],"rotation":{"angle":0,"axis":"y","origin":[8,7.95,8]},"faces":{"west":{"uv":[9,6,7,8],"rotation":180,"texture":"#5"}}},{"from":[4.54975,5.45839,7.7375],"to":[5.29975,5.95839,7.8375],"rotation":{"angle":-22.5,"axis":"z","origin":[4.72475,5.85839,8.0625]},"faces":{"north":{"uv":[0,0,8,9],"texture":"#0"},"east":{"uv":[0,0,1,1],"texture":"#2"},"south":{"uv":[0,0,0.65,0.5],"texture":"#2"},"west":{"uv":[2,0,3,16],"texture":"#7"},"up":{"uv":[0,7,11,8],"rotation":270,"texture":"#1"}}},{"from":[4.54975,5.45839,8.1625],"to":[5.29975,5.95839,8.2625],"rotation":{"angle":-22.5,"axis":"z","origin":[4.72475,5.85839,7.9375]},"faces":{"north":{"uv":[0.65,0,1.3,0.5],"texture":"#2"},"east":{"uv":[1,0,2,1],"texture":"#2"},"south":{"uv":[0,0,8,9],"rotation":90,"texture":"#0"},"west":{"uv":[13,0,14,16],"texture":"#7"},"up":{"uv":[0,7,11,8],"rotation":90,"texture":"#1"}}},{"from":[4.52475,5.40839,7.8375],"to":[5.17475,5.77089,8.1625],"rotation":{"angle":0,"axis":"y","origin":[8,7.95,8]},"faces":{"north":{"uv":[0.65,0,1.3,0.3625],"texture":"#3"},"east":{"uv":[10,10,16,11],"rotation":90,"texture":"#2"},"south":{"uv":[0.65,0,1.3,0.3625],"texture":"#3"},"west":{"uv":[0.1,0,0.425,0.3625],"texture":"#0"},"up":{"uv":[3,6,12,9],"rotation":90,"texture":"#3"}}},{"from":[4.6247,5.75839,7.8375],"to":[4.7122,5.90839,8.1625],"rotation":{"angle":0,"axis":"y","origin":[8,7.95,8]},"faces":{"east":{"uv":[5,6,11,9],"texture":"#6"},"west":{"uv":[5,6,11,9],"texture":"#6"},"up":{"uv":[5,5.5,11,6.5],"rotation":90,"texture":"#6"}}},{"from":[4.22475,5.05839,7.835],"to":[4.31225,5.35839,8.165],"faces":{"north":{"uv":[0.65,0,0.7375,0.3],"texture":"#0"},"south":{"uv":[0.65,0,0.7375,0.3],"texture":"#0"},"west":{"uv":[5,3,11,9],"texture":"#6"},"up":{"uv":[5,3,11,5],"rotation":90,"texture":"#6"}}},{"from":[3.50625,4.35,7.84375],"to":[3.58437,4.475,8.15625],"rotation":{"angle":-22.5,"axis":"z","origin":[4.50625,5.0375,8.0625]},"faces":{"north":{"uv":[8.25,10.5,8.5,11.75],"rotation":90,"texture":"#0"},"east":{"uv":[7.5,7.75,7.75,8.25],"rotation":270,"texture":"#2"},"south":{"uv":[7.5,10.5,7.75,11.75],"rotation":270,"texture":"#0"},"west":{"uv":[5,0,8,5],"texture":"#8"}}},{"from":[3.50625,4.475,7.8439],"to":[3.58437,4.6,8.1562],"rotation":{"angle":-22.5,"axis":"z","origin":[4.50625,5.0375,8.0625]},"faces":{"north":{"uv":[8.25,10.5,8.5,11.75],"rotation":90,"texture":"#0"},"east":{"uv":[7.5,7.75,7.75,8.25],"rotation":270,"texture":"#2"},"south":{"uv":[7.5,10.5,7.75,11.75],"rotation":270,"texture":"#0"},"west":{"uv":[5,0,8,5],"texture":"#8"},"up":{"uv":[7.75,10.5,8.25,11.75],"rotation":270,"texture":"#missing"}}},{"from":[7.25,4.4,8.276],"to":[7.5,4.65,8.376],"faces":{"north":{"uv":[0,8,6,9],"rotation":270,"texture":"#0"},"east":{"uv":[7,7,9,11],"texture":"#0"},"south":{"uv":[2,2,5,5],"texture":"#8","cullface":"south"},"west":{"uv":[8,9,9,10],"texture":"#2"},"down":{"uv":[0,0,2,2],"texture":"#2"}}},{"from":[6.15,3,8.276],"to":[6.4,3.25,8.376],"rotation":{"angle":-45,"axis":"z","origin":[6.275,3.125,8.326]},"faces":{"north":{"uv":[0,8,6,9],"texture":"#0"},"east":{"uv":[0,0,2,2],"rotation":270,"texture":"#2"},"south":{"uv":[1,1,7,7],"rotation":270,"texture":"#8","cullface":"south"},"up":{"uv":[7,7,9,11],"rotation":270,"texture":"#0"},"down":{"uv":[8,9,9,10],"rotation":270,"texture":"#2"}}},{"from":[4.35,4.5,7.606],"to":[4.45,4.6,8.376],"faces":{"north":{"uv":[0,8,6,9],"rotation":270,"texture":"#0"},"east":{"uv":[7,7,9,11],"texture":"#0"},"south":{"uv":[2,2,5,5],"texture":"#8","cullface":"south"},"west":{"uv":[8,9,9,10],"texture":"#2"},"down":{"uv":[0,0,2,2],"texture":"#2"}}},{"from":[4,4.3,7.624],"to":[4.1,4.4,8.376],"faces":{"north":{"uv":[0,2,3,5],"texture":"#8"},"east":{"uv":[7,7,9,11],"texture":"#0"},"south":{"uv":[2,2,5,5],"texture":"#8","cullface":"south"},"west":{"uv":[8,9,9,10],"texture":"#2"},"down":{"uv":[0,0,2,2],"texture":"#2"}}},{"from":[5.45,3.9,7.449],"to":[5.7,4.15,8.551],"rotation":{"angle":0,"axis":"y","origin":[8,8,8.325]},"faces":{"north":{"uv":[0,2,3,5],"texture":"#8"},"south":{"uv":[2,2,5,5],"texture":"#8","cullface":"south"}}},{"from":[4,0.5,7.449],"to":[4.25,0.75,8.551],"rotation":{"angle":0,"axis":"y","origin":[8,8,8.325]},"faces":{"north":{"uv":[0,2,3,5],"texture":"#8"},"south":{"uv":[2,2,5,5],"texture":"#8","cullface":"south"}}},{"from":[4.91046,4.06307,7.551],"to":[6.47296,4.72567,8.449],"faces":{"north":{"uv":[0,0,16,16],"texture":"#9"},"east":{"uv":[7,0,11,16],"rotation":90,"texture":"#9"},"south":{"uv":[0,0,16,16],"texture":"#9"},"west":{"uv":[7,0,10,16],"rotation":90,"texture":"#9"},"up":{"uv":[0,0,16,16],"texture":"#9"},"down":{"uv":[1,6,15,9],"texture":"#0"}}},{"from":[4.25,4.8125,8.3],"to":[7,5.50625,8.425],"faces":{"east":{"uv":[7,7,9,11],"texture":"#2"},"south":{"uv":[2,13.5,7,13.51],"rotation":270,"texture":"#2","cullface":"south"},"west":{"uv":[8,9,9,10],"texture":"#2"},"up":{"uv":[10,10,14,11],"rotation":90,"texture":"#2"},"down":{"uv":[0,0,4,2],"texture":"#2"}}},{"from":[5.05,4.9625,7.574],"to":[5.25,5.51875,7.699],"rotation":{"angle":0,"axis":"y","origin":[8.45,8,8]},"faces":{"north":{"uv":[1,3,0,7],"rotation":90,"texture":"#2","cullface":"south"}}},{"from":[5.05,4.9625,8.301],"to":[5.25,5.51875,8.426],"rotation":{"angle":0,"axis":"y","origin":[8.45,8,8]},"faces":{"south":{"uv":[1,7,0,3],"rotation":90,"texture":"#2","cullface":"south"}}},{"from":[5.45,4.9625,7.574],"to":[5.65,5.51875,7.699],"rotation":{"angle":0,"axis":"y","origin":[8.85,8,8]},"faces":{"north":{"uv":[1,3,0,7],"rotation":90,"texture":"#2","cullface":"south"}}},{"from":[5.45,4.9625,8.301],"to":[5.65,5.51875,8.426],"rotation":{"angle":0,"axis":"y","origin":[8.85,8,8]},"faces":{"south":{"uv":[1,7,0,3],"rotation":90,"texture":"#2","cullface":"south"}}},{"from":[5.85,4.9625,7.574],"to":[6.05,5.51875,7.699],"rotation":{"angle":0,"axis":"y","origin":[9.25,8,8]},"faces":{"north":{"uv":[1,3,0,7],"rotation":90,"texture":"#2","cullface":"south"}}},{"from":[5.85,4.9625,8.301],"to":[6.05,5.51875,8.426],"rotation":{"angle":0,"axis":"y","origin":[9.25,8,8]},"faces":{"south":{"uv":[1,7,0,3],"rotation":90,"texture":"#2","cullface":"south"}}},{"from":[5.25,4.9625,7.574],"to":[5.45,5.51875,7.699],"rotation":{"angle":0,"axis":"y","origin":[8.45,8,8]},"faces":{"north":{"uv":[1,3,0,7],"rotation":90,"texture":"#2","cullface":"south"}}},{"from":[5.25,4.9625,8.301],"to":[5.45,5.51875,8.426],"rotation":{"angle":0,"axis":"y","origin":[8.45,8,8]},"faces":{"south":{"uv":[1,7,0,3],"rotation":90,"texture":"#2","cullface":"south"}}},{"from":[5.65,4.9625,7.574],"to":[5.85,5.51875,7.699],"rotation":{"angle":0,"axis":"y","origin":[8.85,8,8]},"faces":{"north":{"uv":[1,3,0,7],"rotation":90,"texture":"#2","cullface":"south"}}},{"from":[5.65,4.9625,8.301],"to":[5.85,5.51875,8.426],"rotation":{"angle":0,"axis":"y","origin":[8.85,8,8]},"faces":{"south":{"uv":[1,7,0,3],"rotation":90,"texture":"#2","cullface":"south"}}},{"from":[6.05,4.9625,7.574],"to":[6.25,5.51875,7.699],"rotation":{"angle":0,"axis":"y","origin":[9.25,8,8]},"faces":{"north":{"uv":[1,3,0,7],"rotation":90,"texture":"#2","cullface":"south"}}},{"from":[6.05,4.9625,8.301],"to":[6.25,5.51875,8.426],"rotation":{"angle":0,"axis":"y","origin":[9.25,8,8]},"faces":{"south":{"uv":[1,7,0,3],"rotation":90,"texture":"#2","cullface":"south"}}}],"display":{"thirdperson_righthand":{"rotation":[5.5,90,0],"translation":[0,4.25,-0.5]},"thirdperson_lefthand":{"rotation":[5.5,90,144],"translation":[-2,-6.5,6]},"firstperson_righthand":{"rotation":[0,80,0],"translation":[0.75,8,-2.5],"scale":[1.5,1.5,1.5]},"firstperson_lefthand":{"rotation":[0,-100,0],"translation":[7,-2.25,3],"scale":[0,0,0]},"ground":{"translation":[0,4.75,0]},"gui":{"rotation":[0,0,45],"translation":[-4,5.5,-0.5],"scale":[1.5,1.5,1.5]},"head":{"scale":[2,2,2]},"fixed":{"translation":[0,9.5,-2],"scale":[-2,2,-2]}}}