{"gui_light":"front","textures":{"0":"block/black_wool","1":"block/coal_block","2":"block/anvil","3":"block/chiseled_stone_bricks","4":"block/fire_coral","5":"block/dropper_front","6":"block/furnace_top","7":"block/observer_side","8":"block/furnace_front","9":"block/acacia_planks"},"elements":[{"from":[6.15,8.25,7.50908],"to":[8.174,8.472,8.49092],"rotation":{"angle":0,"axis":"y","origin":[7.162,8.311,8]},"faces":{"north":{"uv":[0,13,5,14],"rotation":90,"texture":"#1"},"east":{"uv":[1,13,1.5,13.75],"texture":"#1"},"south":{"uv":[0,13,5,14],"rotation":90,"texture":"#1"},"west":{"uv":[1,13,2,14],"texture":"#1"},"up":{"uv":[4,3,8,4],"texture":"#1"},"down":{"uv":[11,5,12,6],"texture":"#1"}}},{"from":[7.6588,9.898,7.9954],"to":[7.7968,10.197,8.0046],"rotation":{"angle":0,"axis":"y","origin":[9.14,7.966,8.0414]},"faces":{"west":{"uv":[9,3,10,4],"rotation":180,"texture":"#4"}}},{"from":[7.65972,10.036,7.8505],"to":[7.79772,10.0452,8.1495],"rotation":{"angle":0,"axis":"x","origin":[7.7278,10.082,8.0115]},"faces":{"west":{"uv":[9,3,10,4],"rotation":90,"texture":"#4"}}},{"from":[5.782,8.472,7.26308],"to":[10.888,9.438,8.73692],"rotation":{"angle":0,"axis":"y","origin":[8.128,8.196,8]},"faces":{"north":{"uv":[0,13,7,14],"rotation":270,"texture":"#1"},"east":{"uv":[10,8,14.5,9],"rotation":90,"texture":"#1"},"south":{"uv":[0,14,5,15],"rotation":270,"texture":"#1"},"west":{"uv":[15,8,16,9],"texture":"#1"},"up":{"uv":[0,3,16,4],"rotation":270,"texture":"#2"},"down":{"uv":[1,13,2,14],"texture":"#1"}}},{"from":[7.622,9.34692,7.8714],"to":[8.588,9.43892,8.1286],"rotation":{"angle":0,"axis":"x","origin":[6.771,6.0434,8.552]},"faces":{"up":{"uv":[5,13,6,14],"texture":"#1"}}},{"from":[10.71912,8.86494,7.264],"to":[10.94912,9.37094,8.736],"rotation":{"angle":-22.5,"axis":"z","origin":[10.97212,8.97994,8.00092]},"faces":{"north":{"uv":[1,0,2,4],"texture":"#1"},"south":{"uv":[1,0,2,4],"texture":"#1"},"up":{"uv":[0,11,16,12],"rotation":270,"texture":"#2"}}},{"from":[10.96875,9.03193,7.264],"to":[11.19875,9.53793,8.736],"rotation":{"angle":-45,"axis":"z","origin":[10.80775,9.28493,8.00092]},"faces":{"north":{"uv":[1,0,2,4],"texture":"#1"},"south":{"uv":[1,0,2,4],"texture":"#1"},"up":{"uv":[0,12,16,13],"rotation":270,"texture":"#2"}}},{"from":[10.53874,8.81326,7.264],"to":[11.04474,9.04326,8.736],"rotation":{"angle":22.5,"axis":"z","origin":[10.79174,9.66426,8.00092]},"faces":{"north":{"uv":[1,0,2,4],"rotation":270,"texture":"#1"},"east":{"uv":[0,12,16,13],"texture":"#2"},"south":{"uv":[1,0,2,4],"rotation":90,"texture":"#1"}}},{"from":[10.86815,8.47163,7.264],"to":[11.35115,8.97487,8.736],"rotation":{"angle":0,"axis":"z","origin":[10.63815,9.68785,8.00092]},"faces":{"north":{"uv":[1,0,2,4],"rotation":270,"texture":"#1"},"east":{"uv":[0,15,16,16],"texture":"#2"},"south":{"uv":[1,0,2,4],"rotation":90,"texture":"#1"},"down":{"uv":[11,5,12,6],"rotation":180,"texture":"#1"}}},{"from":[8.91,8.25,7.50908],"to":[10.934,8.472,8.49092],"rotation":{"angle":0,"axis":"y","origin":[8.128,8.012,7.954]},"faces":{"north":{"uv":[0,13,5,14],"rotation":90,"texture":"#1"},"east":{"uv":[1,13,1.5,13.75],"texture":"#1"},"south":{"uv":[0,13,5,14],"rotation":90,"texture":"#1"},"west":{"uv":[1,13,2,14],"texture":"#1"},"up":{"uv":[4,3,8,4],"texture":"#1"},"down":{"uv":[11,5,12,6],"texture":"#1"}}},{"from":[5.759,8.449,7.14808],"to":[7.668,9.438,7.24008],"rotation":{"angle":0,"axis":"y","origin":[8.22,7.391,7.885]},"faces":{"north":{"uv":[0,13,7,14],"rotation":270,"texture":"#1"},"south":{"uv":[0,13,5,14],"rotation":270,"texture":"#1"},"west":{"uv":[15,8,16,9],"texture":"#1"},"down":{"uv":[1,13,2,14],"texture":"#1"}}},{"from":[6.38,8.748,7.14716],"to":[6.61,8.978,8.85284],"rotation":{"angle":0,"axis":"y","origin":[8.956,8.196,7.99908]},"faces":{"north":{"uv":[3,11,5,13],"texture":"#3"},"east":{"uv":[11,5,12,6],"texture":"#1"},"south":{"uv":[2,11,4,13],"texture":"#3"},"west":{"uv":[11,5,12,6],"texture":"#1"},"up":{"uv":[11,5,12,6],"texture":"#1"},"down":{"uv":[11,5,12,6],"texture":"#1"}}},{"from":[7.392,8.564,7.05516],"to":[7.806,8.978,7.93284],"rotation":{"angle":0,"axis":"y","origin":[8.956,8.196,7.99908]},"faces":{"north":{"uv":[10,6,15,11],"rotation":270,"texture":"#3"},"east":{"uv":[11,5,12,6],"texture":"#1"},"west":{"uv":[11,5,12,6],"texture":"#1"},"up":{"uv":[0,0,3,1],"rotation":180,"texture":"#1"},"down":{"uv":[11,5,12,6],"texture":"#1"}}},{"from":[5.66608,8.748,7.49308],"to":[5.89976,8.978,7.81508],"rotation":{"angle":0,"axis":"y","origin":[8.91,8.196,7.99908]},"faces":{"north":{"uv":[11,5,12,6],"texture":"#1"},"south":{"uv":[11,5,12,6],"texture":"#1"},"west":{"uv":[4,8,12,13],"texture":"#5"},"up":{"uv":[3,3,8,4],"rotation":90,"texture":"#1"},"down":{"uv":[11,5,12,6],"rotation":90,"texture":"#1"}}},{"from":[5.66608,8.748,8.18492],"to":[5.89976,8.978,8.50692],"rotation":{"angle":0,"axis":"y","origin":[8.91,8.196,8.00092]},"faces":{"north":{"uv":[12,5,11,6],"texture":"#1"},"south":{"uv":[12,5,11,6],"texture":"#1"},"west":{"uv":[12,8,4,13],"rotation":180,"texture":"#5"},"up":{"uv":[8,3,3,4],"rotation":90,"texture":"#1"},"down":{"uv":[12,5,11,6],"rotation":90,"texture":"#1"}}},{"from":[5.70619,9.024,7.9314],"to":[5.98661,9.3552,8.0686],"rotation":{"angle":0,"axis":"y","origin":[5.8475,9.1896,8]},"faces":{"west":{"uv":[8,0,7,1],"rotation":180,"texture":"#2"},"up":{"uv":[11,0,5,1],"rotation":90,"texture":"#2"},"down":{"uv":[12,5,11,6],"rotation":90,"texture":"#1"}}},{"from":[5.7073,9.121,7.8344],"to":[5.98771,9.2582,8.1656],"rotation":{"angle":0,"axis":"x","origin":[5.8475,9.1896,8]},"faces":{"north":{"uv":[5,13,0,14],"rotation":90,"texture":"#1"},"south":{"uv":[5,13,0,14],"rotation":90,"texture":"#1"},"west":{"uv":[8,0,7,1],"rotation":270,"texture":"#2"}}},{"from":[5.7073,9.024,7.9314],"to":[5.98771,9.3552,8.0686],"rotation":{"angle":-45,"axis":"x","origin":[5.8475,9.1896,8]},"faces":{"west":{"uv":[8,0,7,1],"rotation":180,"texture":"#2"},"up":{"uv":[10,3,5,4],"rotation":90,"texture":"#1"},"down":{"uv":[12,5,11,6],"rotation":90,"texture":"#1"}}},{"from":[5.7073,9.024,7.9314],"to":[5.98771,9.3552,8.0686],"rotation":{"angle":45,"axis":"x","origin":[5.8475,9.1896,8]},"faces":{"west":{"uv":[8,0,7,1],"rotation":180,"texture":"#2"},"up":{"uv":[10,3,5,4],"rotation":270,"texture":"#1"},"down":{"uv":[12,5,11,6],"rotation":90,"texture":"#1"}}},{"from":[8.312,8.748,7.14716],"to":[8.542,8.978,8.85284],"rotation":{"angle":0,"axis":"y","origin":[8.956,8.196,7.99908]},"faces":{"north":{"uv":[3,11,5,13],"texture":"#3"},"east":{"uv":[11,5,12,6],"texture":"#1"},"south":{"uv":[2,11,4,13],"texture":"#3"},"west":{"uv":[11,5,12,6],"texture":"#1"},"up":{"uv":[0,0,3,1],"rotation":180,"texture":"#1"},"down":{"uv":[11,5,12,6],"texture":"#1"}}},{"from":[7.54868,8.55703,7.149],"to":[8.00868,9.91826,7.23916],"rotation":{"angle":45,"axis":"z","origin":[7.84768,9.60564,7.19408]},"faces":{"north":{"uv":[4,13,7,14],"rotation":270,"texture":"#1"},"east":{"uv":[4,13,7,14],"rotation":90,"texture":"#1"},"south":{"uv":[3,13,6,14],"texture":"#1"}}},{"from":[7.43178,8.86496,7.14854],"to":[7.91478,10.18019,7.23962],"rotation":{"angle":22.5,"axis":"z","origin":[7.66178,9.54558,7.19408]},"faces":{"north":{"uv":[6,12,9,13],"rotation":270,"texture":"#1"},"east":{"uv":[10,8,14.5,9],"rotation":90,"texture":"#1"},"south":{"uv":[2,13,5,14],"texture":"#1"}}},{"from":[6.15,9.438,7.14808],"to":[7.668,10.52323,7.24008],"rotation":{"angle":0,"axis":"y","origin":[8.22,8.288,7.885]},"faces":{"north":{"uv":[10,7,14,8],"rotation":270,"texture":"#1"},"east":{"uv":[10,8,14.5,9],"rotation":90,"texture":"#1"},"south":{"uv":[1,13,2,14],"texture":"#1"},"west":{"uv":[15,8,16,9],"texture":"#1"},"up":{"uv":[13,3,14,4],"rotation":270,"texture":"#0"}}},{"from":[5.75735,9.26448,7.14854],"to":[6.12535,10.30371,7.23962],"rotation":{"angle":-22.5,"axis":"z","origin":[6.19435,9.34709,7.19408]},"faces":{"north":{"uv":[10,7,14,8],"texture":"#1"},"south":{"uv":[6,13,7,14],"texture":"#1"},"west":{"uv":[10,7,16,8],"rotation":90,"texture":"#1"}}},{"from":[7.668,8.449,7.14808],"to":[8.703,8.978,7.24008],"rotation":{"angle":0,"axis":"y","origin":[8.22,7.391,7.885]},"faces":{"north":{"uv":[0,13,4,14],"rotation":270,"texture":"#1"},"east":{"uv":[10,8,14.5,9],"rotation":90,"texture":"#1"},"south":{"uv":[1,13,2,14],"texture":"#1"},"down":{"uv":[1,14,2,13],"texture":"#1"}}},{"from":[5.759,8.449,8.75992],"to":[7.668,9.438,8.85192],"rotation":{"angle":0,"axis":"y","origin":[8.22,7.391,8.115]},"faces":{"north":{"uv":[0,14,5,13],"rotation":270,"texture":"#1"},"south":{"uv":[0,14,7,13],"rotation":270,"texture":"#1"},"west":{"uv":[16,8,15,9],"texture":"#1"},"down":{"uv":[1,14,2,13],"texture":"#1"}}},{"from":[7.668,8.449,8.75992],"to":[8.703,8.978,8.85192],"rotation":{"angle":0,"axis":"y","origin":[8.22,7.391,8.115]},"faces":{"north":{"uv":[2,13,1,14],"texture":"#1"},"east":{"uv":[10,9,14.5,8],"rotation":90,"texture":"#1"},"south":{"uv":[0,14,4,13],"rotation":270,"texture":"#1"},"down":{"uv":[1,14,2,13],"texture":"#1"}}},{"from":[7.54868,8.55703,8.76084],"to":[8.00868,9.91826,8.851],"rotation":{"angle":45,"axis":"z","origin":[7.84768,9.60564,8.80592]},"faces":{"north":{"uv":[6,13,3,14],"texture":"#1"},"east":{"uv":[4,14,7,13],"rotation":90,"texture":"#1"},"south":{"uv":[4,14,7,13],"rotation":270,"texture":"#1"}}},{"from":[7.43178,8.86496,8.76038],"to":[7.91478,10.18019,8.85146],"rotation":{"angle":22.5,"axis":"z","origin":[7.66178,9.54558,8.80592]},"faces":{"north":{"uv":[5,13,2,14],"texture":"#1"},"east":{"uv":[10,9,14.5,8],"rotation":90,"texture":"#1"},"south":{"uv":[6,13,9,12],"rotation":270,"texture":"#1"}}},{"from":[6.15,9.438,8.75992],"to":[7.668,10.52323,8.85192],"rotation":{"angle":0,"axis":"y","origin":[8.22,8.288,8.115]},"faces":{"north":{"uv":[2,13,1,14],"texture":"#1"},"east":{"uv":[10,9,14.5,8],"rotation":90,"texture":"#1"},"south":{"uv":[10,8,14,7],"rotation":270,"texture":"#1"},"west":{"uv":[16,8,15,9],"texture":"#1"},"up":{"uv":[14,3,13,4],"rotation":270,"texture":"#0"}}},{"from":[5.75735,9.26448,8.76038],"to":[6.12535,10.30371,8.85146],"rotation":{"angle":-22.5,"axis":"z","origin":[6.19435,9.34709,8.80592]},"faces":{"north":{"uv":[7,13,6,14],"texture":"#1"},"south":{"uv":[14,7,10,8],"texture":"#1"},"west":{"uv":[10,8,16,7],"rotation":90,"texture":"#1"}}},{"from":[6.15,10.45,8.75992],"to":[7.668,10.5232,8.85192],"rotation":{"angle":-22.5,"axis":"x","origin":[6.771,10.4866,8.66792]},"faces":{"north":{"uv":[3,14,5,13],"rotation":270,"texture":"#1"},"east":{"uv":[13,3,14,2],"rotation":90,"texture":"#1"},"south":{"uv":[4,14,6,13],"rotation":270,"texture":"#1"},"west":{"uv":[16,8,15,9],"texture":"#1"}}},{"from":[6.15,10.5786,8.63132],"to":[7.668,10.6706,8.70452],"rotation":{"angle":22.5,"axis":"x","origin":[6.771,10.4866,8.66792]},"faces":{"east":{"uv":[4,13,3,14],"texture":"#1"},"west":{"uv":[15,9,16,8],"rotation":90,"texture":"#1"},"up":{"uv":[5.1,3.2,5.2,3.1],"rotation":180,"texture":"#1"},"down":{"uv":[4,13,2,14],"rotation":90,"texture":"#1"}}},{"from":[6.15,10.45,8.75992],"to":[7.668,10.5232,8.85192],"rotation":{"angle":-45,"axis":"x","origin":[6.771,10.4866,8.66792]},"faces":{"north":{"uv":[3,14,5,13],"rotation":90,"texture":"#1"},"east":{"uv":[13,3,14,2],"rotation":90,"texture":"#1"},"south":{"uv":[5,14,7,13],"rotation":270,"texture":"#1"},"west":{"uv":[16,8,15,9],"texture":"#1"}}},{"from":[6.15,10.5786,7.29548],"to":[7.668,10.6706,8.70768],"rotation":{"angle":0,"axis":"x","origin":[6.90429,10.62069,8.01019]},"faces":{"east":{"uv":[14.5,8,10,9],"texture":"#1"},"west":{"uv":[15,9,16,8],"rotation":90,"texture":"#1"},"up":{"uv":[0,0,16,1],"rotation":90,"texture":"#2"},"down":{"uv":[0,14,1,13],"texture":"#1"}}},{"from":[6.15,10.5786,7.29548],"to":[7.668,10.6706,7.36868],"rotation":{"angle":-22.5,"axis":"x","origin":[6.771,10.4866,7.33208]},"faces":{"east":{"uv":[13,2,14,3],"texture":"#1"},"west":{"uv":[15,8,16,9],"rotation":90,"texture":"#1"},"up":{"uv":[5.1,3.1,5.2,3.2],"rotation":180,"texture":"#1"},"down":{"uv":[2,13,4,14],"rotation":90,"texture":"#1"}}},{"from":[6.15,10.45,7.14808],"to":[7.668,10.5232,7.24008],"rotation":{"angle":45,"axis":"x","origin":[6.771,10.4866,7.33208]},"faces":{"north":{"uv":[5,13,7,14],"rotation":270,"texture":"#1"},"east":{"uv":[13,2,14,3],"rotation":90,"texture":"#1"},"south":{"uv":[3,13,5,14],"rotation":90,"texture":"#1"},"west":{"uv":[15,8,16,9],"texture":"#1"}}},{"from":[6.15,10.45,7.14808],"to":[7.668,10.5232,7.24008],"rotation":{"angle":22.5,"axis":"x","origin":[6.771,10.4866,7.33208]},"faces":{"north":{"uv":[4,13,6,14],"rotation":270,"texture":"#1"},"east":{"uv":[13,2,14,3],"rotation":90,"texture":"#1"},"south":{"uv":[3,13,5,14],"rotation":270,"texture":"#1"},"west":{"uv":[15,8,16,9],"texture":"#1"}}},{"from":[5.874,9.438,8.64492],"to":[7.668,9.60323,8.73692],"rotation":{"angle":0,"axis":"y","origin":[8.22,8.196,8]},"faces":{"north":{"uv":[2,13,1,14],"texture":"#1"},"east":{"uv":[1,14,2,13],"rotation":90,"texture":"#1"},"south":{"uv":[1,15,4,14],"rotation":90,"texture":"#1"},"west":{"uv":[16,8,15,9],"texture":"#1"}}},{"from":[5.874,9.4286,8.51632],"to":[7.668,9.5206,8.58952],"rotation":{"angle":-45,"axis":"x","origin":[6.771,9.6126,8.55292]},"faces":{"east":{"uv":[2,13,1,14],"texture":"#1"},"west":{"uv":[15,9,16,8],"rotation":90,"texture":"#1"},"up":{"uv":[5,13,3,14],"rotation":90,"texture":"#1"},"down":{"uv":[0,7,2,3],"texture":"#0"}}},{"from":[5.874,9.576,8.64492],"to":[7.668,9.6492,8.73692],"rotation":{"angle":22.5,"axis":"x","origin":[6.771,9.6126,8.55292]},"faces":{"north":{"uv":[2,14,4,13],"rotation":90,"texture":"#1"},"east":{"uv":[1,14,2,13],"rotation":270,"texture":"#1"},"south":{"uv":[2,3,0,7],"rotation":180,"texture":"#0"},"west":{"uv":[16,8,15,9],"rotation":180,"texture":"#1"}}},{"from":[5.874,9.4056,8.42432],"to":[7.668,9.5206,8.58952],"rotation":{"angle":-22.5,"axis":"x","origin":[6.771,9.6126,8.55292]},"faces":{"east":{"uv":[2,13,1,14],"texture":"#1"},"west":{"uv":[15,9,16,8],"rotation":90,"texture":"#1"},"up":{"uv":[5,14,6,13],"rotation":180,"texture":"#1"},"down":{"uv":[0,7,2,3],"texture":"#0"}}},{"from":[5.874,9.4244,7.41232],"to":[7.668,9.5164,8.58952],"rotation":{"angle":0,"axis":"x","origin":[6.771,6.0434,8.55292]},"faces":{"east":{"uv":[1,13,2,14],"texture":"#1"},"west":{"uv":[16,9,15,8],"rotation":90,"texture":"#1"},"up":{"uv":[5,13,6,14],"texture":"#1"}}},{"from":[5.874,9.4286,7.41048],"to":[7.668,9.5206,7.48368],"rotation":{"angle":45,"axis":"x","origin":[6.771,9.6126,7.44708]},"faces":{"east":{"uv":[1,13,2,14],"texture":"#1"},"west":{"uv":[15,8,16,9],"rotation":90,"texture":"#1"},"up":{"uv":[3,13,5,14],"rotation":90,"texture":"#1"},"down":{"uv":[0,3,2,7],"texture":"#0"}}},{"from":[5.874,9.4056,7.41048],"to":[7.668,9.5206,7.57568],"rotation":{"angle":22.5,"axis":"x","origin":[6.771,9.6126,7.44708]},"faces":{"east":{"uv":[1,13,2,14],"texture":"#1"},"west":{"uv":[15,8,16,9],"rotation":90,"texture":"#1"},"up":{"uv":[5,13,6,14],"rotation":180,"texture":"#1"},"down":{"uv":[0,3,2,7],"texture":"#0"}}},{"from":[5.874,9.576,7.26308],"to":[7.668,9.6492,7.35508],"rotation":{"angle":-22.5,"axis":"x","origin":[6.771,9.6126,7.44708]},"faces":{"north":{"uv":[0,3,2,7],"rotation":180,"texture":"#0"},"east":{"uv":[1,13,2,14],"rotation":270,"texture":"#1"},"south":{"uv":[2,13,4,14],"rotation":90,"texture":"#1"},"west":{"uv":[15,8,16,9],"rotation":180,"texture":"#1"}}},{"from":[5.87235,9.42971,7.26308],"to":[6.14835,10.16994,7.35416],"rotation":{"angle":-22.5,"axis":"z","origin":[6.30935,9.51233,7.30908]},"faces":{"north":{"uv":[1,13,2,14],"texture":"#1"},"south":{"uv":[1,14,3,15],"rotation":180,"texture":"#1"},"west":{"uv":[15,8,16,9],"texture":"#1"}}},{"from":[5.874,9.438,7.26308],"to":[7.668,9.60323,7.35508],"rotation":{"angle":0,"axis":"y","origin":[8.22,8.196,8]},"faces":{"north":{"uv":[1,14,4,15],"rotation":90,"texture":"#1"},"east":{"uv":[1,13,2,14],"rotation":90,"texture":"#1"},"south":{"uv":[1,13,2,14],"texture":"#1"},"west":{"uv":[15,8,16,9],"texture":"#1"}}},{"from":[5.87235,9.42971,8.64584],"to":[6.14835,10.16994,8.73692],"rotation":{"angle":-22.5,"axis":"z","origin":[6.30935,9.51233,8.69092]},"faces":{"north":{"uv":[3,14,1,15],"rotation":180,"texture":"#1"},"south":{"uv":[2,13,1,14],"texture":"#1"},"west":{"uv":[16,8,15,9],"texture":"#1"}}},{"from":[6.15,9.599,7.26308],"to":[7.668,10.43123,7.35508],"rotation":{"angle":0,"axis":"y","origin":[8.22,8.196,8]},"faces":{"north":{"uv":[1,13,2,14],"texture":"#1"},"east":{"uv":[10,8,14.5,9],"rotation":90,"texture":"#1"},"south":{"uv":[8,5,14,6],"texture":"#1"},"west":{"uv":[15,8,16,9],"texture":"#1"},"up":{"uv":[13,3,14,4],"rotation":270,"texture":"#0"},"down":{"uv":[10,15,16,16],"texture":"#1"}}},{"from":[6.15,9.599,8.64492],"to":[7.668,10.43123,8.73692],"rotation":{"angle":0,"axis":"y","origin":[8.22,8.196,8]},"faces":{"north":{"uv":[14,5,8,6],"texture":"#1"},"east":{"uv":[10,9,14.5,8],"rotation":90,"texture":"#1"},"south":{"uv":[2,13,1,14],"texture":"#1"},"west":{"uv":[16,8,15,9],"texture":"#1"},"up":{"uv":[14,3,13,4],"rotation":270,"texture":"#0"},"down":{"uv":[10,16,16,15],"texture":"#1"}}},{"from":[6.15,10.358,8.64492],"to":[7.668,10.4312,8.73692],"rotation":{"angle":-22.5,"axis":"x","origin":[6.771,10.3946,8.55292]},"faces":{"north":{"uv":[14,5,8,6],"texture":"#1"},"east":{"uv":[13,3,14,2],"rotation":90,"texture":"#1"},"south":{"uv":[2,13,1,14],"texture":"#1"},"west":{"uv":[16,8,15,9],"texture":"#1"}}},{"from":[6.15,10.358,8.64492],"to":[7.668,10.4312,8.73692],"rotation":{"angle":-45,"axis":"x","origin":[6.771,10.3946,8.55292]},"faces":{"north":{"uv":[14,5,8,6],"texture":"#1"},"east":{"uv":[13,3,14,2],"rotation":90,"texture":"#1"},"south":{"uv":[2,13,1,14],"texture":"#1"},"west":{"uv":[16,8,15,9],"texture":"#1"}}},{"from":[6.15,10.4866,8.51632],"to":[7.668,10.5786,8.58952],"rotation":{"angle":22.5,"axis":"x","origin":[6.771,10.3946,8.55292]},"faces":{"east":{"uv":[4,13,3,14],"texture":"#1"},"west":{"uv":[15,9,16,8],"rotation":90,"texture":"#1"},"up":{"uv":[1,14,2,13],"rotation":180,"texture":"#1"},"down":{"uv":[8,6,14,5],"texture":"#1"}}},{"from":[6.15,10.4866,7.41232],"to":[7.668,10.5786,8.58952],"rotation":{"angle":0,"axis":"x","origin":[6.771,10.3946,8.55292]},"faces":{"east":{"uv":[14.5,8,10,9],"texture":"#1"},"west":{"uv":[15,9,16,8],"rotation":90,"texture":"#1"},"down":{"uv":[7,6,14,5],"texture":"#1"}}},{"from":[6.15,10.4866,7.41048],"to":[7.668,10.5786,7.48368],"rotation":{"angle":-22.5,"axis":"x","origin":[6.771,10.3946,7.44708]},"faces":{"east":{"uv":[13,2,14,3],"texture":"#1"},"west":{"uv":[15,8,16,9],"rotation":90,"texture":"#1"},"up":{"uv":[1,13,2,14],"rotation":180,"texture":"#1"},"down":{"uv":[8,5,14,6],"texture":"#1"}}},{"from":[6.15,10.358,7.26308],"to":[7.668,10.4312,7.35508],"rotation":{"angle":45,"axis":"x","origin":[6.771,10.3946,7.44708]},"faces":{"north":{"uv":[1,13,2,14],"texture":"#1"},"east":{"uv":[13,2,14,3],"rotation":90,"texture":"#1"},"south":{"uv":[8,5,14,6],"texture":"#1"},"west":{"uv":[15,8,16,9],"texture":"#1"}}},{"from":[6.15,10.358,7.26308],"to":[7.668,10.4312,7.35508],"rotation":{"angle":22.5,"axis":"x","origin":[6.771,10.3946,7.44708]},"faces":{"north":{"uv":[1,13,2,14],"texture":"#1"},"east":{"uv":[13,2,14,3],"rotation":90,"texture":"#1"},"south":{"uv":[8,5,14,6],"texture":"#1"},"west":{"uv":[15,8,16,9],"texture":"#1"}}},{"from":[4.45,4.75,7.9],"to":[4.55,5.15,8.1],"rotation":{"angle":45,"axis":"z","origin":[4.55,5.2,8.05]},"faces":{"north":{"uv":[0,0,0.5,0.5],"texture":"#1"},"east":{"uv":[0,0,0.5,0.5],"texture":"#1"},"south":{"uv":[15,15,16,16],"texture":"#1"},"west":{"uv":[0,0,0.5,0.5],"texture":"#1"},"down":{"uv":[0,0,0.5,0.5],"texture":"#1"}}},{"from":[28.7,8.1,7.925],"to":[29.15,8.45,8.075],"rotation":{"angle":0,"axis":"z","origin":[28.925,8.275,8]},"faces":{"north":{"uv":[0,-0.09951,0.89967,11.99918],"rotation":180,"texture":"#2"},"south":{"uv":[0,0,1,12],"rotation":180,"texture":"#2"},"up":{"uv":[0,0,4,12],"rotation":90,"texture":"#2"}}},{"from":[29,8.125,7.925],"to":[29.15,8.45,8.075],"rotation":{"angle":22.5,"axis":"z","origin":[29.15,8.45,8]},"faces":{"north":{"uv":[0,-0.09951,0.89967,11.99918],"rotation":180,"texture":"#2"},"east":{"uv":[7,7,9,11],"texture":"#2"},"south":{"uv":[0,0,1,12],"rotation":180,"texture":"#2"}}},{"from":[27.9,8.1,7.925],"to":[28.7,8.45,8.075],"rotation":{"angle":22.5,"axis":"z","origin":[28.7,8.45,8]},"faces":{"north":{"uv":[0,-0.09951,0.89967,11.99918],"rotation":180,"texture":"#2"},"south":{"uv":[0,0,1,12],"rotation":180,"texture":"#2"},"up":{"uv":[0,0,4,12],"rotation":90,"texture":"#2"}}},{"from":[28.3,8.4,7.924],"to":[28.7,8.451,8.076],"rotation":{"angle":22.5,"axis":"z","origin":[28.7,8.45,7.999]},"faces":{"north":{"uv":[7,13,9.9,14],"rotation":90,"texture":"#4"},"south":{"uv":[7,13,10,14],"rotation":90,"texture":"#4"},"up":{"uv":[7,15,8,16],"rotation":90,"texture":"#4"}}},{"from":[10.75,6.025,7.91049],"to":[25.15,6.925,8.08951],"rotation":{"angle":-45,"axis":"x","origin":[21.95,6.475,8]},"faces":{"east":{"uv":[0,4,5,5],"rotation":90,"texture":"#1"},"west":{"uv":[8,9,9,10],"texture":"#1"},"up":{"uv":[0,13,2,14],"rotation":90,"texture":"#1"},"down":{"uv":[11,10,13,11],"rotation":90,"texture":"#1"}}},{"from":[10.75,6.025,7.91049],"to":[25.15,6.925,8.08951],"rotation":{"angle":-22.5,"axis":"x","origin":[21.95,6.475,8]},"faces":{"east":{"uv":[0,4,5,5],"rotation":90,"texture":"#1"},"west":{"uv":[8,9,9,10],"texture":"#1"},"up":{"uv":[0,13,1,14],"rotation":90,"texture":"#1"},"down":{"uv":[12,10,14,11],"rotation":90,"texture":"#1"}}},{"from":[10.75,6.025,7.91049],"to":[25.15,6.925,8.08951],"faces":{"east":{"uv":[0,4,5,5],"rotation":90,"texture":"#1"},"west":{"uv":[8,9,9,10],"texture":"#1"},"up":{"uv":[0,13,1,14],"rotation":90,"texture":"#1"},"down":{"uv":[15,10,16,11],"texture":"#1"}}},{"from":[10.75,6.025,7.91049],"to":[25.15,6.925,8.08951],"rotation":{"angle":22.5,"axis":"x","origin":[21.95,6.475,8]},"faces":{"east":{"uv":[0,4,5,5],"rotation":90,"texture":"#1"},"west":{"uv":[8,9,9,10],"texture":"#1"},"up":{"uv":[0,13,0.99,14],"rotation":90,"texture":"#1"},"down":{"uv":[13,10,15,11],"rotation":270,"texture":"#1"}}},{"from":[10.75,6.025,7.91049],"to":[25.15,6.925,8.08951],"rotation":{"angle":45,"axis":"x","origin":[21.95,6.475,8]},"faces":{"east":{"uv":[0,4,5,5],"rotation":90,"texture":"#1"},"west":{"uv":[8,9,9,10],"texture":"#1"},"up":{"uv":[0,14,2,14.5],"rotation":270,"texture":"#1"},"down":{"uv":[11,10,13,11],"rotation":270,"texture":"#1"}}},{"from":[10.75,6.38549,7.55],"to":[25.15,6.56451,8.45],"rotation":{"angle":-22.5,"axis":"x","origin":[21.95,6.475,8]},"faces":{"north":{"uv":[10,10,12,11],"rotation":90,"texture":"#1"},"east":{"uv":[0,4,5,5],"rotation":180,"texture":"#1"},"south":{"uv":[10,7,12,7.5],"rotation":270,"texture":"#1"},"west":{"uv":[8,9,9,10],"rotation":90,"texture":"#1"}}},{"from":[10.75,6.38549,7.55],"to":[25.15,6.56451,8.45],"faces":{"north":{"uv":[11,13,12,15],"texture":"#1"},"east":{"uv":[0,4,5,5],"texture":"#1"},"south":{"uv":[12,12,13,14],"texture":"#1"},"west":{"uv":[8,9,9,10],"rotation":270,"texture":"#1"}}},{"from":[10.75,6.38549,7.55],"to":[25.15,6.56451,8.45],"rotation":{"angle":22.5,"axis":"x","origin":[21.95,6.475,8]},"faces":{"north":{"uv":[10,7,12,8],"rotation":270,"texture":"#1"},"east":{"uv":[0,4,5,5],"texture":"#1"},"south":{"uv":[0,13,1,14],"texture":"#1"},"west":{"uv":[8,9,9,10],"rotation":270,"texture":"#1"}}},{"from":[27.65,7.9,7.85],"to":[29.275,8.175,8.15],"rotation":{"angle":0,"axis":"y","origin":[10.4,8,8]},"faces":{"north":{"uv":[0,0,0.89967,1.09868],"rotation":180,"texture":"#2"},"east":{"uv":[7,7,9,11],"texture":"#2"},"south":{"uv":[0,0,1,1],"rotation":180,"texture":"#2"},"west":{"uv":[8,9,9,10],"texture":"#1"},"up":{"uv":[0,0,4,12],"rotation":90,"texture":"#2"},"down":{"uv":[0,0,4,1],"texture":"#missing"}}},{"from":[25.65,5.975,7.90054],"to":[26.3,6.975,8.09946],"rotation":{"angle":0,"axis":"y","origin":[11.1,4.95,8]},"faces":{"east":{"uv":[5,4,0,5],"rotation":90,"texture":"#1"},"west":{"uv":[8,10,9,9],"texture":"#1"},"up":{"uv":[8,10,16,8],"rotation":180,"texture":"#1"},"down":{"uv":[0,9,8,7],"rotation":180,"texture":"#1"}}},{"from":[25,5.875,7.75147],"to":[25.65,7.25,8.24853],"rotation":{"angle":0,"axis":"y","origin":[10.5,4.95,8]},"faces":{"north":{"uv":[0,13,1,14],"texture":"#1"},"east":{"uv":[5,4,0,5],"rotation":90,"texture":"#1"},"south":{"uv":[0,13,1,14],"texture":"#1"},"west":{"uv":[8,10,9,9],"texture":"#1"},"up":{"uv":[10,11,16,10],"texture":"#1"},"down":{"uv":[10,11,16,10],"texture":"#1"}}},{"from":[25.65,5.975,7.90054],"to":[26.3,6.975,8.09946],"rotation":{"angle":-22.5,"axis":"x","origin":[25.6,6.475,8]},"faces":{"east":{"uv":[5,4,0,5],"rotation":90,"texture":"#1"},"west":{"uv":[8,10,9,9],"texture":"#1"},"up":{"uv":[0,5,8,3],"rotation":180,"texture":"#1"},"down":{"uv":[0,9,8,7],"rotation":180,"texture":"#1"}}},{"from":[25.65,5.975,7.90054],"to":[26.3,6.975,8.09946],"rotation":{"angle":-45,"axis":"x","origin":[25.6,6.475,8]},"faces":{"east":{"uv":[5,4,0,5],"rotation":90,"texture":"#1"},"west":{"uv":[8,10,9,9],"texture":"#1"},"up":{"uv":[0,9,8,7],"rotation":180,"texture":"#1"},"down":{"uv":[8,11,16,9],"rotation":180,"texture":"#1"}}},{"from":[25.65,6.37554,7.5],"to":[26.3,6.57446,8.5],"rotation":{"angle":22.5,"axis":"x","origin":[25.6,6.475,8]},"faces":{"north":{"uv":[0,9,8,7],"texture":"#1"},"east":{"uv":[0,5,5,4],"texture":"#1"},"south":{"uv":[8,11,16,9],"rotation":180,"texture":"#1"},"west":{"uv":[9,9,8,10],"rotation":90,"texture":"#1"}}},{"from":[25.65,5.975,7.90054],"to":[26.3,6.975,8.09946],"rotation":{"angle":22.5,"axis":"x","origin":[25.6,6.475,8]},"faces":{"east":{"uv":[5,4,0,5],"rotation":90,"texture":"#1"},"west":{"uv":[8,10,9,9],"texture":"#1"},"up":{"uv":[0,5,8,3],"rotation":180,"texture":"#1"},"down":{"uv":[0,9,8,7],"rotation":180,"texture":"#1"}}},{"from":[25.65,5.975,7.90054],"to":[26.3,6.975,8.09946],"rotation":{"angle":45,"axis":"x","origin":[25.6,6.475,8]},"faces":{"east":{"uv":[5,4,0,5],"rotation":90,"texture":"#1"},"west":{"uv":[8,10,9,9],"texture":"#1"},"up":{"uv":[0,9,8,7],"rotation":180,"texture":"#1"},"down":{"uv":[8,11,16,9],"rotation":180,"texture":"#1"}}},{"from":[25.65,6.37554,7.5],"to":[26.3,6.57446,8.5],"rotation":{"angle":-22.5,"axis":"x","origin":[25.6,6.475,8]},"faces":{"north":{"uv":[8,11,16,9],"texture":"#1"},"east":{"uv":[0,5,5,4],"rotation":180,"texture":"#1"},"south":{"uv":[0,9,8,7],"rotation":180,"texture":"#1"},"west":{"uv":[9,9,8,10],"rotation":270,"texture":"#1"}}},{"from":[25.65,6.37554,7.5],"to":[26.3001,6.57446,8.5],"rotation":{"angle":0,"axis":"y","origin":[11.1,4.95,8]},"faces":{"north":{"uv":[8,11,16,9],"texture":"#1"},"east":{"uv":[0,5,5,4],"rotation":180,"texture":"#1"},"south":{"uv":[8,11,16,9],"rotation":180,"texture":"#1"},"west":{"uv":[9,9,8,10],"rotation":270,"texture":"#1"}}},{"from":[25,5.875,7.75147],"to":[25.65,7.075,8.24853],"rotation":{"angle":-45,"axis":"x","origin":[26.025,6.475,8]},"faces":{"east":{"uv":[5,4,0,5],"rotation":90,"texture":"#1"},"west":{"uv":[8,10,9,9],"texture":"#1"},"up":{"uv":[10,11,16,10],"texture":"#1"},"down":{"uv":[10,11,16,10],"texture":"#1"}}},{"from":[25,5.875,7.75147],"to":[25.65,7.075,8.24853],"rotation":{"angle":45,"axis":"x","origin":[26.025,6.475,8]},"faces":{"east":{"uv":[5,4,0,5],"rotation":90,"texture":"#1"},"west":{"uv":[8,10,9,9],"texture":"#1"},"up":{"uv":[10,11,16,10],"texture":"#1"},"down":{"uv":[10,11,16,10],"texture":"#1"}}},{"from":[25,6.22647,7.4],"to":[25.65,6.72353,8.6],"rotation":{"angle":0,"axis":"y","origin":[10.5,4.95,8]},"faces":{"north":{"uv":[10,11,16,10],"rotation":180,"texture":"#1"},"east":{"uv":[0,5,5,4],"texture":"#1"},"south":{"uv":[10,11,16,10],"texture":"#1"},"west":{"uv":[9,9,8,10],"rotation":90,"texture":"#1"}}},{"from":[4.4,7.5113,7.3],"to":[11.001,7.75,8],"rotation":{"angle":45,"axis":"x","origin":[6.75,7.63065,7.9]},"faces":{"north":{"uv":[0,11,2.98,12],"rotation":270,"texture":"#6"},"east":{"uv":[2,0,3,1],"texture":"#2"},"south":{"uv":[5,6,16,7],"texture":"#1"},"west":{"uv":[14,12,16,16],"texture":"#1"}}},{"from":[4.4,7.5113,7.3],"to":[11,7.75,8],"rotation":{"angle":22.5,"axis":"x","origin":[6.75,7.63065,7.9]},"faces":{"north":{"uv":[10,7,11,8],"rotation":90,"texture":"#1"},"east":{"uv":[0,0,1,1],"texture":"#2"},"south":{"uv":[5,6,16,7],"texture":"#1"},"west":{"uv":[14,12,16,16],"texture":"#1"}}},{"from":[4.4,7.5113,8],"to":[7.3,7.75,8.7],"rotation":{"angle":-22.5,"axis":"x","origin":[6.75,7.63065,8.1]},"faces":{"north":{"uv":[5,6,16,7],"texture":"#1"},"east":{"uv":[0.01,0.01,0.01,0.01],"texture":"#1"},"south":{"uv":[10,7,11,8],"rotation":90,"texture":"#1"},"west":{"uv":[14,12,16,16],"texture":"#1"}}},{"from":[3.5,6.15,7.3],"to":[11.001,7.75,7.8],"rotation":{"angle":0,"axis":"y","origin":[8,8,7.9]},"faces":{"north":{"uv":[10,7,16,8],"rotation":90,"texture":"#1"},"east":{"uv":[7,12,11.5,12.75],"rotation":180,"texture":"#1"},"west":{"uv":[14,12,16,16],"texture":"#1"},"up":{"uv":[10,10,16,12],"texture":"#1"},"down":{"uv":[10,15,16,16],"texture":"#1"}}},{"from":[2.4,6.275,7.301],"to":[3.5,7.75,8.699],"rotation":{"angle":22.5,"axis":"z","origin":[3.5,7.75,8.001]},"faces":{"north":{"uv":[10,7,16,8],"rotation":90,"texture":"#1"},"east":{"uv":[14.25,12.75,15.75,15.5],"texture":"#1"},"south":{"uv":[10,7,16,8],"rotation":90,"texture":"#1"},"west":{"uv":[0,0,1,1],"texture":"#1"},"up":{"uv":[4,7,16,8],"rotation":90,"texture":"#1"},"down":{"uv":[10,15,16,16],"texture":"#1"}}},{"from":[2.4,7.35,8.151],"to":[4.525,7.825,8.549],"rotation":{"angle":22.5,"axis":"z","origin":[3.5,7.75,8.001]},"faces":{"north":{"uv":[10,7,16,8],"rotation":90,"texture":"#1"},"east":{"uv":[10,7,13.5,7.75],"texture":"#1"},"south":{"uv":[10,7,12,8],"rotation":90,"texture":"#1"},"up":{"uv":[12,3,16,4],"rotation":90,"texture":"#7"},"down":{"uv":[10,15,16,16],"texture":"#1"}}},{"from":[2.4,7.35,7.451],"to":[4.525,7.825,7.849],"rotation":{"angle":22.5,"axis":"z","origin":[3.5,7.75,7.999]},"faces":{"north":{"uv":[10,8,12,7],"rotation":90,"texture":"#1"},"east":{"uv":[13.5,7,10,7.75],"texture":"#1"},"south":{"uv":[10,8,16,7],"rotation":90,"texture":"#1"},"up":{"uv":[12,4,16,3],"rotation":270,"texture":"#7"},"down":{"uv":[10,16,16,15],"texture":"#1"}}},{"from":[1.3,6.35,7.4],"to":[2.4,7.85,8.6],"rotation":{"angle":22.5,"axis":"z","origin":[3.5,7.75,8]},"faces":{"north":{"uv":[0,2,16,3],"rotation":90,"texture":"#9"},"east":{"uv":[0,11,1,12],"texture":"#9"},"south":{"uv":[0,2,16,3],"rotation":90,"texture":"#9"},"up":{"uv":[0,12,16,13],"rotation":90,"texture":"#9"},"down":{"uv":[1,15,7,16],"rotation":90,"texture":"#9"}}},{"from":[4.4,7.53065,7.78065],"to":[11,8.23065,8.01935],"rotation":{"angle":-22.5,"axis":"x","origin":[6.75,7.63065,7.9]},"faces":{"east":{"uv":[4,0,5,1],"texture":"#2"},"west":{"uv":[14,12,16,16],"rotation":90,"texture":"#1"},"up":{"uv":[1,9,1.99,12.01],"rotation":180,"texture":"#8"},"down":{"uv":[5,6,16,7],"texture":"#1"}}},{"from":[4.4,7.53065,7.78065],"to":[11.001,8.23065,8.21935],"faces":{"east":{"uv":[8,0,9,1],"texture":"#2"},"west":{"uv":[14,12,16,16],"rotation":90,"texture":"#1"},"up":{"uv":[12,9,13,12],"texture":"#8"},"down":{"uv":[5,6,16,7],"texture":"#1"}}},{"from":[5.375,8.125,7.7],"to":[10.975,8.325,8.3],"rotation":{"angle":0,"axis":"y","origin":[8.2,8.125,7.71935]},"faces":{"north":{"uv":[0,0,5,1],"rotation":270,"texture":"#6"},"east":{"uv":[0,0,5,1],"rotation":270,"texture":"#6"},"south":{"uv":[0,0,5,1],"rotation":270,"texture":"#6"},"west":{"uv":[0,0,5,1],"rotation":270,"texture":"#6"},"up":{"uv":[0,1,1,6],"rotation":180,"texture":"#7"}}},{"from":[5.375,8.325,7.65],"to":[5.675,8.425,8.35],"rotation":{"angle":0,"axis":"y","origin":[7.8,8.325,7.76935]},"faces":{"north":{"uv":[0,0,7,1],"rotation":270,"texture":"#2"},"east":{"uv":[0,0,1,1],"texture":"#1"},"south":{"uv":[0,0,7,1],"rotation":270,"texture":"#2"},"west":{"uv":[0,0,5,1],"rotation":270,"texture":"#2"},"up":{"uv":[3,9,4,16],"rotation":180,"texture":"#7"},"down":{"uv":[1,13,2,14],"texture":"#1"}}},{"from":[5.875,8.325,7.65],"to":[6.075,8.425,8.35],"rotation":{"angle":0,"axis":"y","origin":[8.3,8.325,7.76935]},"faces":{"north":{"uv":[0,0,7,1],"rotation":270,"texture":"#2"},"east":{"uv":[0,0,1,1],"texture":"#1"},"south":{"uv":[0,0,7,1],"rotation":270,"texture":"#2"},"west":{"uv":[0,0,1,1],"rotation":90,"texture":"#1"},"up":{"uv":[3,9,4,16],"rotation":180,"texture":"#7"},"down":{"uv":[1,13,2,14],"texture":"#1"}}},{"from":[8.675,8.325,7.65],"to":[8.875,8.425,8.35],"rotation":{"angle":0,"axis":"y","origin":[11.1,8.325,7.76935]},"faces":{"north":{"uv":[0,0,7,1],"rotation":270,"texture":"#2"},"east":{"uv":[0,0,1,1],"texture":"#1"},"south":{"uv":[0,0,7,1],"rotation":270,"texture":"#2"},"west":{"uv":[0,0,1,1],"rotation":90,"texture":"#1"},"up":{"uv":[3,9,4,16],"rotation":180,"texture":"#7"},"down":{"uv":[1,13,2,14],"texture":"#1"}}},{"from":[8.275,8.325,7.65],"to":[8.475,8.425,8.35],"rotation":{"angle":0,"axis":"y","origin":[10.7,8.325,7.76935]},"faces":{"north":{"uv":[0,0,7,1],"rotation":270,"texture":"#2"},"east":{"uv":[0,0,1,1],"texture":"#1"},"south":{"uv":[0,0,7,1],"rotation":270,"texture":"#2"},"west":{"uv":[0,0,1,1],"rotation":90,"texture":"#1"},"up":{"uv":[3,9,4,16],"rotation":180,"texture":"#7"},"down":{"uv":[1,13,2,14],"texture":"#1"}}},{"from":[10.675,8.325,7.65],"to":[10.975,8.425,8.35],"rotation":{"angle":0,"axis":"y","origin":[13.1,8.325,7.76935]},"faces":{"north":{"uv":[0,0,7,1],"rotation":270,"texture":"#2"},"east":{"uv":[0,0,5,1],"rotation":270,"texture":"#2"},"south":{"uv":[0,0,7,1],"rotation":270,"texture":"#2"},"west":{"uv":[0,0,1,1],"rotation":90,"texture":"#1"},"up":{"uv":[3,9,4,16],"rotation":180,"texture":"#7"},"down":{"uv":[1,13,2,14],"texture":"#1"}}},{"from":[3.95,8.13065,7.80565],"to":[4.4,8.23065,8.19435],"rotation":{"angle":22.5,"axis":"z","origin":[4.4,8.23065,8]},"faces":{"north":{"uv":[6,0,7,1],"texture":"#2"},"south":{"uv":[7,0,8,1],"texture":"#2"},"west":{"uv":[0,4,4,5],"rotation":180,"texture":"#2"},"up":{"uv":[4,8,5,12],"rotation":180,"texture":"#8"},"down":{"uv":[5,6,16,7],"texture":"#1"}}},{"from":[2.275,8.13065,7.80565],"to":[2.875,8.23065,8.19435],"rotation":{"angle":22.5,"axis":"z","origin":[4.4,8.23065,8]},"faces":{"north":{"uv":[6,0,7,1],"texture":"#2"},"east":{"uv":[0,0,4,1],"rotation":270,"texture":"#2"},"south":{"uv":[7,0,8,1],"texture":"#2"},"west":{"uv":[14,12,16,16],"rotation":90,"texture":"#1"},"up":{"uv":[0,13,4,14],"rotation":90,"texture":"#6"},"down":{"uv":[5,6,16,7],"texture":"#1"}}},{"from":[3.2,8.13065,7.85565],"to":[3.9,8.25565,8.14435],"rotation":{"angle":22.5,"axis":"z","origin":[4.4,8.23065,8]},"faces":{"north":{"uv":[0,0,1,1],"texture":"#2"},"east":{"uv":[1,5,5,6],"texture":"#6"},"south":{"uv":[0,0,1,1],"texture":"#2"},"west":{"uv":[1,6,5,7],"rotation":180,"texture":"#6"},"up":{"uv":[1,6,5,7],"rotation":90,"texture":"#6"}}},{"from":[3.3,8.25565,7.85565],"to":[3.8,8.28065,8.14435],"rotation":{"angle":22.5,"axis":"z","origin":[4.4,8.23065,8]},"faces":{"north":{"uv":[2,0,3,1],"texture":"#2"},"east":{"uv":[1,6,5,7],"texture":"#6"},"south":{"uv":[2,0,3,1],"texture":"#2"},"west":{"uv":[1,7,5,8],"rotation":180,"texture":"#6"},"up":{"uv":[1,7,5,8],"rotation":90,"texture":"#6"}}},{"from":[3.375,8.28065,7.85565],"to":[3.725,8.30565,8.14435],"rotation":{"angle":22.5,"axis":"z","origin":[4.4,8.23065,8]},"faces":{"north":{"uv":[4,0,5,1],"texture":"#2"},"east":{"uv":[1,7,5,8],"texture":"#6"},"south":{"uv":[5,0,6,1],"texture":"#2"},"west":{"uv":[2,8,3,9],"texture":"#6"},"up":{"uv":[1,8,5,9],"rotation":90,"texture":"#6"}}},{"from":[3.425,8.30565,7.85565],"to":[3.675,8.33065,8.14435],"rotation":{"angle":22.5,"axis":"z","origin":[4.4,8.23065,8]},"faces":{"north":{"uv":[6,0,7,1],"texture":"#2"},"east":{"uv":[2,8,3,9],"texture":"#6"},"south":{"uv":[7,0,8,1],"texture":"#2"},"west":{"uv":[2,8,3,9],"texture":"#6"},"up":{"uv":[2,4,5,5],"rotation":90,"texture":"#6"}}},{"from":[3.475,8.2307,7.925],"to":[3.625,8.3307,8.075],"rotation":{"angle":22.5,"axis":"z","origin":[4.4,8.23065,7.96935]},"faces":{"up":{"uv":[0,12,3,13],"rotation":90,"texture":"#6"}}},{"from":[2.95,8.0311,7.925],"to":[3.1,8.1311,8.075],"rotation":{"angle":22.5,"axis":"z","origin":[4.4,8.23065,7.96935]},"faces":{"up":{"uv":[7,11,10,14],"rotation":90,"texture":"#4"}}},{"from":[4.4,7.5113,8],"to":[11.001,7.75,8.7],"rotation":{"angle":-45,"axis":"x","origin":[6.75,7.63065,8.1]},"faces":{"north":{"uv":[5,6,16,7],"texture":"#1"},"east":{"uv":[3,0,4,1],"texture":"#2"},"south":{"uv":[0,11,1,14],"rotation":180,"texture":"#6"},"west":{"uv":[14,12,16,16],"texture":"#1"},"down":{"uv":[0.01,0.01,0.01,0.01],"texture":"#1"}}},{"from":[4.4,7.53065,7.98065],"to":[11,8.23065,8.21935],"rotation":{"angle":22.5,"axis":"x","origin":[6.75,7.63065,8.1]},"faces":{"east":{"uv":[5,0,6,1],"texture":"#2"},"west":{"uv":[14,12,16,16],"rotation":270,"texture":"#1"},"up":{"uv":[11,10,13.99,10.01],"rotation":90,"texture":"#6"},"down":{"uv":[5,6,16,7],"rotation":180,"texture":"#1"}}},{"from":[3.075,6.15,7.3],"to":[11,6.24946,7.6],"rotation":{"angle":-45,"axis":"x","origin":[7.125,6.19973,7.55]},"faces":{"north":{"uv":[5,7,16,6],"texture":"#1"},"east":{"uv":[0,0,1,1],"texture":"#1"},"south":{"uv":[15,7,16,6],"texture":"#1"},"west":{"uv":[14,16,16,12],"texture":"#1"}}},{"from":[3.075,6.15,7.3],"to":[11,6.24946,7.6],"rotation":{"angle":-22.5,"axis":"x","origin":[7.125,6.19973,7.55]},"faces":{"north":{"uv":[5,7,16,6],"texture":"#1"},"east":{"uv":[0,0,1,1],"texture":"#1"},"south":{"uv":[15,7,16,6],"texture":"#1"},"west":{"uv":[14,16,16,12],"texture":"#1"}}},{"from":[3.075,5.94973,7.50027],"to":[11,6.24973,7.59973],"rotation":{"angle":22.5,"axis":"x","origin":[7.125,6.19973,7.55]},"faces":{"east":{"uv":[0,0,1,1],"rotation":90,"texture":"#1"},"south":{"uv":[0,13,1,14],"texture":"#1"},"west":{"uv":[14,16,16,12],"rotation":270,"texture":"#1"},"up":{"uv":[15,7,16,6],"texture":"#1"},"down":{"uv":[5,7,16,6],"rotation":180,"texture":"#1"}}},{"from":[3.075,5.94973,7.50027],"to":[7.501,6.24973,8.49973],"rotation":{"angle":0,"axis":"x","origin":[7.125,6.19973,8.35]},"faces":{"east":{"uv":[0,0,2,3],"rotation":270,"texture":"#1"},"west":{"uv":[14,16,16,12],"rotation":90,"texture":"#1"},"up":{"uv":[5,7,16,6],"rotation":180,"texture":"#1"},"down":{"uv":[15,7,16,6],"texture":"#1"}}},{"from":[10.3,5.94973,7.50027],"to":[11.0015,6.24973,8.49973],"rotation":{"angle":0,"axis":"x","origin":[7.125,6.19973,8.35]},"faces":{"east":{"uv":[0,0,2,3],"rotation":270,"texture":"#1"},"west":{"uv":[0,14,1,13],"rotation":90,"texture":"#1"},"up":{"uv":[5,7,16,6],"rotation":180,"texture":"#1"},"down":{"uv":[15,7,16,6],"texture":"#1"}}},{"from":[3.075,5.94973,8.40027],"to":[11,6.24973,8.49973],"rotation":{"angle":-22.5,"axis":"x","origin":[7.125,6.19973,8.45]},"faces":{"north":{"uv":[0,13,1,14],"texture":"#1"},"east":{"uv":[0,0,1,1],"rotation":270,"texture":"#1"},"west":{"uv":[14,16,16,12],"rotation":90,"texture":"#1"},"up":{"uv":[5,7,16,6],"rotation":180,"texture":"#1"},"down":{"uv":[15,7,16,6],"texture":"#1"}}},{"from":[3.075,6.15,8.4],"to":[11,6.24946,8.7],"rotation":{"angle":45,"axis":"x","origin":[7.125,6.19973,8.45]},"faces":{"north":{"uv":[5,7,16,6],"texture":"#1"},"east":{"uv":[0,0,1,1],"texture":"#1"},"south":{"uv":[15,7,16,6],"texture":"#1"},"west":{"uv":[14,16,16,12],"texture":"#1"}}},{"from":[3.075,6.15,8.4],"to":[11,6.24946,8.7],"rotation":{"angle":22.5,"axis":"x","origin":[7.125,6.19973,8.45]},"faces":{"north":{"uv":[5,7,16,6],"texture":"#1"},"east":{"uv":[0,0,1,1],"texture":"#1"},"south":{"uv":[15,7,16,6],"texture":"#1"},"west":{"uv":[14,16,16,12],"texture":"#1"}}},{"from":[3.5,6.15,8],"to":[11.001,7.1,8.7],"rotation":{"angle":0,"axis":"y","origin":[8,8,8.1]},"faces":{"east":{"uv":[7,12,14,12.75],"texture":"#1"},"south":{"uv":[13,7,16,8],"rotation":90,"texture":"#1"},"west":{"uv":[14,12,16,16],"texture":"#1"},"up":{"uv":[10,10,16,12],"texture":"#1"},"down":{"uv":[10,15,16,16],"texture":"#1"}}},{"from":[10.3,7.1,8],"to":[11.001,7.75,8.7],"rotation":{"angle":0,"axis":"y","origin":[8,8,8.1]},"faces":{"north":{"uv":[5,6,16,9],"texture":"#1"},"east":{"uv":[7,12,13.5,12.75],"texture":"#1"},"south":{"uv":[10,7,13,8],"rotation":90,"texture":"#1"},"west":{"uv":[14,12,16,16],"texture":"#1"},"up":{"uv":[10,10,16,12],"texture":"#1"},"down":{"uv":[10,15,16,16],"texture":"#1"}}},{"from":[3.5,7.1,8.4],"to":[7.3,7.75,8.7],"rotation":{"angle":0,"axis":"y","origin":[8,8,8.1]},"faces":{"east":{"uv":[14.25,12.75,15.75,15.5],"texture":"#1"},"south":{"uv":[10,7,13,8],"rotation":90,"texture":"#1"},"west":{"uv":[14,12,16,16],"texture":"#1"},"up":{"uv":[10,10,16,12],"texture":"#1"},"down":{"uv":[10,15,16,16],"texture":"#1"}}},{"from":[10.3,7.5113,8],"to":[11,7.75,8.7],"rotation":{"angle":-22.5,"axis":"x","origin":[7.75,7.63065,8.1]},"faces":{"north":{"uv":[5,6,16,7],"texture":"#1"},"east":{"uv":[0,0,1,1],"texture":"#2"},"south":{"uv":[10,7,11,8],"rotation":90,"texture":"#1"},"west":{"uv":[14,14,16,16],"texture":"#1"}}},{"from":[7.3,7.225,8.125],"to":[10.35,7.725,8.625],"rotation":{"angle":0,"axis":"y","origin":[8,8,8.125]},"faces":{"south":{"uv":[0,0,10,1],"rotation":270,"texture":"#2"},"down":{"uv":[0,0,1,1],"texture":"#1"}}},{"from":[7.3,7.725,8.125],"to":[10.35,7.925,8.625],"rotation":{"angle":-22.5,"axis":"x","origin":[8.825,7.725,8.625]},"faces":{"south":{"uv":[0,0,8,1],"rotation":90,"texture":"#2"}}},{"from":[7.2,6.825,8.35],"to":[16.149,7.25,8.55],"faces":{"north":{"uv":[0,0,0.5,0.5],"texture":"#2"},"east":{"uv":[0,0,0.5,0.5],"texture":"#2"},"south":{"uv":[0,0,9,1],"rotation":270,"texture":"#2"},"west":{"uv":[0,0,0.5,0.5],"texture":"#2"},"up":{"uv":[0,2,4.5,2.5],"rotation":90,"texture":"#6"},"down":{"uv":[0,0,0.5,0.5],"texture":"#1"}}},{"from":[9.5,7.425,8.45],"to":[10.449,7.6,8.65],"rotation":{"angle":0,"axis":"y","origin":[8,8,8.1]},"faces":{"north":{"uv":[0,0,0.5,0.5],"texture":"#2"},"south":{"uv":[0,9,4,10],"rotation":270,"texture":"#8"},"west":{"uv":[0,0,0.5,0.5],"texture":"#2"},"up":{"uv":[0,2,4.5,2.5],"rotation":90,"texture":"#6"},"down":{"uv":[0,0,0.5,0.5],"texture":"#1"}}},{"from":[7.2,6.825,7.45],"to":[16.149,7.25,7.65],"faces":{"north":{"uv":[0,1,9,0],"rotation":270,"texture":"#2"},"east":{"uv":[0.5,0,0,0.5],"texture":"#2"},"south":{"uv":[0.5,0,0,0.5],"texture":"#2"},"west":{"uv":[0.5,0,0,0.5],"texture":"#2"},"up":{"uv":[4.5,2,0,2.5],"rotation":90,"texture":"#6"},"down":{"uv":[0,0.5,0.5,0],"texture":"#1"}}},{"from":[7.5,6.05,7.4875],"to":[10.325,6.3,8.5125],"rotation":{"angle":0,"axis":"y","origin":[8,8,7.9875]},"faces":{"down":{"uv":[0,3,16,6],"texture":"#7"}}},{"from":[4.7,5.9,7.8],"to":[5.70348,6,8.2],"rotation":{"angle":0,"axis":"y","origin":[5.53924,5.3,8]},"faces":{"north":{"uv":[9,3,12,5],"texture":"#7"},"south":{"uv":[2,3,5,5],"texture":"#7"},"up":{"uv":[1,2,8,3],"rotation":90,"texture":"#7"},"down":{"uv":[7.75,11.75,8.25,12],"rotation":270,"texture":"#2"}}},{"from":[4.7,4.6,7.8],"to":[5.70348,4.7,8.2],"rotation":{"angle":0,"axis":"y","origin":[5.53924,5.3,8]},"faces":{"north":{"uv":[9,2,12,4],"texture":"#7"},"south":{"uv":[1,2,4,4],"texture":"#7"},"up":{"uv":[4,1,11,2],"rotation":90,"texture":"#7"},"down":{"uv":[7.75,11.75,8.25,12],"rotation":270,"texture":"#2"}}},{"from":[6.16424,5.16076,7.7995],"to":[6.26424,5.46424,8.2005],"rotation":{"angle":0,"axis":"z","origin":[5.56424,5.3,7.9995]},"faces":{"north":{"uv":[9,2,12,4],"rotation":90,"texture":"#7"},"east":{"uv":[7.75,11.75,8.25,12],"rotation":180,"texture":"#2"},"south":{"uv":[1,2,4,4],"rotation":270,"texture":"#7"},"west":{"uv":[1,2,8,3],"texture":"#7"}}},{"from":[4.13924,5.16076,7.7995],"to":[4.23924,6.03924,8.2005],"rotation":{"angle":0,"axis":"z","origin":[4.83924,5.3,7.9995]},"faces":{"north":{"uv":[1,2,4,4],"rotation":90,"texture":"#7"},"east":{"uv":[7.75,11.75,8.25,12],"rotation":180,"texture":"#2"},"south":{"uv":[1,2,4,4],"rotation":270,"texture":"#7"},"west":{"uv":[7,7,9,8],"texture":"#2"}}},{"from":[6.16424,5.16076,7.8],"to":[6.26424,5.43924,8.2],"rotation":{"angle":-22.5,"axis":"z","origin":[5.56424,5.3,8]},"faces":{"north":{"uv":[9,2,12,4],"rotation":90,"texture":"#7"},"east":{"uv":[7.75,11.75,8.25,12],"rotation":180,"texture":"#2"},"south":{"uv":[1,2,4,4],"rotation":270,"texture":"#7"},"west":{"uv":[1,2,8,3],"texture":"#7"}}},{"from":[4.13924,5.16076,7.8],"to":[4.23924,5.43924,8.2],"rotation":{"angle":-22.5,"axis":"z","origin":[4.83924,5.3,8]},"faces":{"north":{"uv":[10,3,13,5],"rotation":90,"texture":"#7"},"east":{"uv":[7.75,11.75,8.25,12],"rotation":180,"texture":"#2"},"south":{"uv":[3,3,6,5],"rotation":270,"texture":"#7"},"west":{"uv":[1,2,8,3],"texture":"#7"}}},{"from":[6.16424,5.16076,7.8005],"to":[6.26424,5.43924,8.1995],"rotation":{"angle":-22.5,"axis":"z","origin":[6.86424,5.3,8.0005]},"faces":{"north":{"uv":[0,1.1,0.1,1.2],"rotation":90,"texture":"#7"},"east":{"uv":[7.75,11.75,8.25,12],"rotation":180,"texture":"#2"},"south":{"uv":[0,1.1,0.1,1.2],"rotation":270,"texture":"#7"},"west":{"uv":[1,2,8,3],"texture":"#7"}}},{"from":[6.16424,5.16076,7.8],"to":[6.26424,5.43924,8.2],"rotation":{"angle":22.5,"axis":"z","origin":[5.56424,5.3,8]},"faces":{"north":{"uv":[9,3.1,12,5],"rotation":270,"texture":"#7"},"east":{"uv":[1,2,8,3],"rotation":180,"texture":"#7"},"south":{"uv":[4,3.1,7,5],"rotation":90,"texture":"#7"},"west":{"uv":[7.75,11.75,8.25,12],"texture":"#2"}}},{"from":[4.13924,5.16076,7.8],"to":[4.23924,5.43924,8.2],"rotation":{"angle":22.5,"axis":"z","origin":[4.83924,5.3,8]},"faces":{"north":{"uv":[9,2,12,4],"rotation":270,"texture":"#7"},"east":{"uv":[1,2,8,3],"rotation":180,"texture":"#7"},"south":{"uv":[1,2,4,4],"rotation":90,"texture":"#7"},"west":{"uv":[7.75,11.75,8.25,12],"texture":"#2"}}},{"from":[5.425,5.9,7.8],"to":[5.70348,6,8.2],"rotation":{"angle":-45,"axis":"z","origin":[5.56424,5.3,8]},"faces":{"north":{"uv":[5,3.1,8,5],"texture":"#7"},"south":{"uv":[1,3.1,4,5],"texture":"#7"},"up":{"uv":[1,2,8,3],"rotation":90,"texture":"#7"},"down":{"uv":[7.75,11.75,8.25,12],"rotation":270,"texture":"#2"}}},{"from":[4.7,4.6,7.8],"to":[4.97848,4.7,8.2],"rotation":{"angle":-45,"axis":"z","origin":[4.83924,5.3,8]},"faces":{"north":{"uv":[9,2,12,4],"texture":"#7"},"south":{"uv":[1,2,4,4],"texture":"#7"},"up":{"uv":[1,2,8,3],"rotation":90,"texture":"#7"},"down":{"uv":[7.75,11.75,8.25,12],"rotation":270,"texture":"#2"}}},{"from":[4.675,5.9,7.799],"to":[5.15348,6.425,8.201],"rotation":{"angle":45,"axis":"z","origin":[4.83924,5.3,7.999]},"faces":{"north":{"uv":[0,1.1,0.1,1.2],"texture":"#7"},"south":{"uv":[0,1,1,2],"texture":"#7"},"west":{"uv":[1,12,2,15],"rotation":90,"texture":"#2"},"up":{"uv":[1,2,8,3],"rotation":90,"texture":"#7"},"down":{"uv":[7.75,11.75,8.25,12],"rotation":270,"texture":"#2"}}},{"from":[6.575,5.9,7.8005],"to":[7.20348,6.525,8.1995],"rotation":{"angle":45,"axis":"z","origin":[6.86424,5.3,8.0005]},"faces":{"north":{"uv":[0,1,1,2],"texture":"#7"},"south":{"uv":[0,1,1,2],"texture":"#7"},"up":{"uv":[1,2,8,3],"rotation":90,"texture":"#7"},"down":{"uv":[7.75,13,8.25,13.25],"rotation":270,"texture":"#2"}}},{"from":[5.425,4.6,7.8],"to":[5.70348,4.7,8.2],"rotation":{"angle":45,"axis":"z","origin":[5.56424,5.3,8]},"faces":{"north":{"uv":[9,2,12,4],"texture":"#7"},"south":{"uv":[1,2,4,4],"texture":"#7"},"up":{"uv":[1,2,8,3],"rotation":90,"texture":"#7"},"down":{"uv":[7.75,11.75,8.25,12],"rotation":270,"texture":"#2"}}},{"from":[5.425,5.9,7.8],"to":[5.70348,6,8.2],"rotation":{"angle":-22.5,"axis":"z","origin":[5.56424,5.3,8]},"faces":{"north":{"uv":[12,3.1,15,5],"texture":"#7"},"south":{"uv":[3,3.1,6,5],"texture":"#7"},"up":{"uv":[1,2,8,3],"rotation":90,"texture":"#7"},"down":{"uv":[7.75,11.75,8.25,12],"rotation":270,"texture":"#2"}}},{"from":[4.7,4.6,7.8],"to":[4.97848,4.7,8.2],"rotation":{"angle":-22.5,"axis":"z","origin":[4.83924,5.3,8]},"faces":{"north":{"uv":[9,2,12,4],"texture":"#7"},"south":{"uv":[1,2,4,4],"texture":"#7"},"up":{"uv":[8,2,15,3],"rotation":90,"texture":"#7"},"down":{"uv":[7.75,11.75,8.25,12],"rotation":270,"texture":"#2"}}},{"from":[4.5,5.9,7.8],"to":[4.97848,6.2,8.2],"rotation":{"angle":22.5,"axis":"z","origin":[4.83924,5.3,8]},"faces":{"north":{"uv":[0,1,1,2],"texture":"#7"},"south":{"uv":[0,1,1,2],"texture":"#7"},"up":{"uv":[1,2,8,3],"rotation":90,"texture":"#7"},"down":{"uv":[7.75,11.75,8.25,12],"rotation":270,"texture":"#2"}}},{"from":[5.425,4.6,7.8],"to":[5.70348,4.7,8.2],"rotation":{"angle":22.5,"axis":"z","origin":[5.56424,5.3,8]},"faces":{"north":{"uv":[9,2,12,4],"texture":"#7"},"south":{"uv":[1,2,4,4],"texture":"#7"},"up":{"uv":[6,2,13,3],"rotation":90,"texture":"#7"},"down":{"uv":[7.75,11.75,8.25,12],"rotation":270,"texture":"#2"}}},{"from":[4.47294,5.08467,7.9],"to":[4.62294,5.93467,8.1],"rotation":{"angle":0,"axis":"y","origin":[7.4,7.9,8]},"faces":{"north":{"uv":[0,0,0.5,0.5],"texture":"#1"},"east":{"uv":[0,0,0.5,0.5],"texture":"#1"},"south":{"uv":[15,15,16,16],"texture":"#1"},"west":{"uv":[0,0,0.5,0.5],"texture":"#1"},"down":{"uv":[0,0,0.5,0.5],"texture":"#1"}}},{"from":[4.425,5.35,7.9],"to":[4.55,6.05,8.1],"rotation":{"angle":-22.5,"axis":"z","origin":[4.55,5.2,8.05]},"faces":{"north":{"uv":[0,0,0.5,0.5],"texture":"#1"},"east":{"uv":[0,0,0.5,0.5],"texture":"#1"},"south":{"uv":[15,15,16,16],"texture":"#1"},"west":{"uv":[0,0,0.5,0.5],"texture":"#1"},"down":{"uv":[0,0,0.5,0.5],"texture":"#1"}}},{"from":[4.775,5.6,7.9],"to":[5.3,5.8,8.1],"rotation":{"angle":22.5,"axis":"z","origin":[4.55,5.2,8.05]},"faces":{"north":{"uv":[0,0,0.5,0.5],"rotation":270,"texture":"#1"},"south":{"uv":[15,15,16,16],"rotation":90,"texture":"#1"},"west":{"uv":[0,0,0.5,0.5],"rotation":90,"texture":"#1"},"up":{"uv":[0,0,0.5,0.5],"rotation":90,"texture":"#1"},"down":{"uv":[0,0,0.5,0.5],"rotation":90,"texture":"#1"}}},{"from":[4.34981,6.30028,7.499],"to":[4.49981,6.45028,8.701],"rotation":{"angle":0,"axis":"y","origin":[8,8,8.097]},"faces":{"north":{"uv":[0,12,3,15],"rotation":270,"texture":"#8"},"south":{"uv":[3,13,0,16],"texture":"#8"}}},{"from":[9.04981,6.30028,7.499],"to":[9.19981,6.45028,8.701],"rotation":{"angle":0,"axis":"y","origin":[8,8,8.097]},"faces":{"north":{"uv":[0,11,3,14],"texture":"#8"},"south":{"uv":[3,13,0,16],"texture":"#8"}}},{"from":[4.99981,7.20028,7.499],"to":[5.19981,7.40028,8.701],"rotation":{"angle":0,"axis":"y","origin":[8,8,8.097]},"faces":{"north":{"uv":[0,8,4,12],"rotation":180,"texture":"#8"},"south":{"uv":[4,8,0,12],"rotation":90,"texture":"#8"}}},{"from":[15.25,5.51066,7.81103],"to":[16.75,7.21066,8.18897],"rotation":{"angle":22.5,"axis":"x","origin":[17.25,6.46066,8]},"faces":{"east":{"uv":[0,7,1,8],"texture":"#9"},"west":{"uv":[11,5,12,14],"texture":"#9"},"up":{"uv":[15,3,16,4],"rotation":90,"texture":"#9"},"down":{"uv":[0,7,1,8],"rotation":180,"texture":"#9"}}},{"from":[15.249,5.51066,7.81103],"to":[16.75,7.21066,8.18897],"rotation":{"angle":45,"axis":"x","origin":[17.25,6.46066,8]},"faces":{"north":{"uv":[0,7,1,8],"texture":"#9"},"east":{"uv":[0,7,1,8],"texture":"#9"},"west":{"uv":[11,6,12,14],"texture":"#9"},"down":{"uv":[0,11,5,12],"rotation":90,"texture":"#9"}}},{"from":[15.25,6.27169,7.05],"to":[16.75,6.64963,8.95],"rotation":{"angle":-22.5,"axis":"x","origin":[17.25,6.46066,8]},"faces":{"north":{"uv":[7,5,11,6],"rotation":270,"texture":"#9"},"east":{"uv":[0,7,1,8],"texture":"#9"},"south":{"uv":[10,4,15,5],"rotation":90,"texture":"#9"},"west":{"uv":[11,5,12,14],"rotation":270,"texture":"#9"}}},{"from":[15.249,6.27169,7.05],"to":[16.75,6.64963,8.95],"rotation":{"angle":0,"axis":"x","origin":[17.25,6.46066,8]},"faces":{"north":{"uv":[4,9,9,10],"rotation":90,"texture":"#9"},"east":{"uv":[0,7,1,8],"texture":"#9"},"south":{"uv":[3,1,8,2],"rotation":270,"texture":"#9"},"west":{"uv":[11,5,12,14],"rotation":270,"texture":"#9"}}},{"from":[15.25,6.27169,7.05],"to":[16.75,6.64963,8.95],"rotation":{"angle":22.5,"axis":"x","origin":[17.25,6.46066,8]},"faces":{"north":{"uv":[10,4,15,5],"rotation":90,"texture":"#9"},"east":{"uv":[0,11,1,12],"texture":"#9"},"south":{"uv":[3,5,8,6],"rotation":90,"texture":"#9"},"west":{"uv":[11,5,12,14],"rotation":270,"texture":"#9"}}},{"from":[15.249,5.51066,7.81103],"to":[16.75,7.21066,8.18897],"rotation":{"angle":-45,"axis":"x","origin":[17.25,6.46066,8]},"faces":{"east":{"uv":[0,7,1,8],"texture":"#9"},"south":{"uv":[0,7,1,8],"texture":"#9"},"west":{"uv":[11,6,12,14],"texture":"#9"},"down":{"uv":[0,3,5,4],"rotation":90,"texture":"#9"}}},{"from":[15.25,5.51066,7.81103],"to":[16.75,7.21066,8.18897],"rotation":{"angle":-22.5,"axis":"x","origin":[17.25,6.46066,8]},"faces":{"east":{"uv":[0,7,1,8],"texture":"#9"},"west":{"uv":[11,5,12,14],"texture":"#9"},"up":{"uv":[15,3,16,4],"rotation":90,"texture":"#9"},"down":{"uv":[0,7,1,8],"rotation":180,"texture":"#9"}}},{"from":[15.249,5.51066,7.81103],"to":[16.75,7.26066,8.18897],"rotation":{"angle":0,"axis":"y","origin":[17.25,6.46066,8]},"faces":{"east":{"uv":[0,7,1,8],"texture":"#9"},"west":{"uv":[11,5,12,14],"texture":"#9"},"down":{"uv":[0,11,1,12],"rotation":180,"texture":"#9"}}},{"from":[15.251,6.61066,7.18603],"to":[16.7509,7.01066,8.81397],"rotation":{"angle":0,"axis":"y","origin":[17.25,6.46066,8]},"faces":{"north":{"uv":[0,0,1,1],"texture":"#9"},"east":{"uv":[0,7,1,8],"texture":"#9"},"south":{"uv":[0,0,1,1],"texture":"#9"},"west":{"uv":[0,0,1,1],"texture":"#9"},"up":{"uv":[15,1,16,10],"rotation":180,"texture":"#9"}}},{"from":[21.95,5.61066,7.83092],"to":[23.35,7.26066,8.16908],"rotation":{"angle":0,"axis":"y","origin":[17.5,6.46066,8]},"faces":{"east":{"uv":[0,6,1,13],"rotation":180,"texture":"#9"},"down":{"uv":[6,7,11,8],"rotation":90,"texture":"#9"}}},{"from":[20.55,5.61066,7.83092],"to":[21.95,7.21066,8.16908],"rotation":{"angle":0,"axis":"y","origin":[17.5,6.46066,8]},"faces":{"up":{"uv":[3,0,4,16],"rotation":90,"texture":"#9"},"down":{"uv":[15,0,16,16],"rotation":90,"texture":"#9"}}},{"from":[19.15,5.61066,7.83092],"to":[20.55,7.21066,8.16908],"rotation":{"angle":0,"axis":"y","origin":[16.1,6.46066,8]},"faces":{"up":{"uv":[3,0,4,16],"rotation":90,"texture":"#9"},"down":{"uv":[15,0,16,16],"rotation":90,"texture":"#9"}}},{"from":[17.75,5.61066,7.83092],"to":[19.15,7.21066,8.16908],"rotation":{"angle":0,"axis":"y","origin":[14.7,6.46066,8]},"faces":{"up":{"uv":[3,0,4,16],"rotation":90,"texture":"#9"},"down":{"uv":[15,0,16,16],"rotation":90,"texture":"#9"}}},{"from":[20.55,6.29158,7.15],"to":[21.95,6.62974,8.85],"rotation":{"angle":22.5,"axis":"x","origin":[17.5,6.46066,8]},"faces":{"north":{"uv":[1,0,2,16],"rotation":270,"texture":"#9"},"south":{"uv":[3,0,4,16],"rotation":90,"texture":"#9"}}},{"from":[19.15,6.29158,7.15],"to":[20.55,6.62974,8.85],"rotation":{"angle":22.5,"axis":"x","origin":[16.1,6.46066,8]},"faces":{"north":{"uv":[3,0,4,16],"rotation":270,"texture":"#9"},"south":{"uv":[3,0,4,16],"rotation":90,"texture":"#9"}}},{"from":[17.75,6.29158,7.15],"to":[19.15,6.62974,8.85],"rotation":{"angle":22.5,"axis":"x","origin":[14.7,6.46066,8]},"faces":{"north":{"uv":[11,0,12,16],"rotation":270,"texture":"#9"},"south":{"uv":[3,0,4,16],"rotation":90,"texture":"#9"}}},{"from":[20.55,5.61066,7.83092],"to":[21.95,7.31066,8.16908],"rotation":{"angle":-45,"axis":"x","origin":[17.5,6.46066,8]},"faces":{"up":{"uv":[10,0,11,16],"rotation":90,"texture":"#9"},"down":{"uv":[0,0,1,16],"rotation":90,"texture":"#9"}}},{"from":[19.15,5.61066,7.83092],"to":[20.55,7.31066,8.16908],"rotation":{"angle":-45,"axis":"x","origin":[16.1,6.46066,8]},"faces":{"up":{"uv":[9,0,10,16],"rotation":90,"texture":"#9"},"down":{"uv":[14,0,15,16],"rotation":90,"texture":"#9"}}},{"from":[17.75,5.61066,7.83092],"to":[19.15,7.31066,8.16908],"rotation":{"angle":-45,"axis":"x","origin":[14.7,6.46066,8]},"faces":{"up":{"uv":[10,0,11,16],"rotation":90,"texture":"#9"},"down":{"uv":[7,0,8,16],"rotation":90,"texture":"#9"}}},{"from":[20.55,5.61066,7.83092],"to":[21.95,7.31066,8.16908],"rotation":{"angle":-22.5,"axis":"x","origin":[17.5,6.46066,8]},"faces":{"up":{"uv":[3,0,4,16],"rotation":90,"texture":"#9"},"down":{"uv":[15,0,16,16],"rotation":90,"texture":"#9"}}},{"from":[19.15,5.61066,7.83092],"to":[20.55,7.31066,8.16908],"rotation":{"angle":-22.5,"axis":"x","origin":[16.1,6.46066,8]},"faces":{"up":{"uv":[3,0,4,16],"rotation":90,"texture":"#9"},"down":{"uv":[15,0,16,16],"rotation":90,"texture":"#9"}}},{"from":[17.75,5.61066,7.83092],"to":[19.15,7.31066,8.16908],"rotation":{"angle":-22.5,"axis":"x","origin":[14.7,6.46066,8]},"faces":{"up":{"uv":[3,0,4,16],"rotation":90,"texture":"#9"},"down":{"uv":[7,0,8,16],"rotation":90,"texture":"#9"}}},{"from":[20.55,6.29158,7.15],"to":[21.95,6.62974,8.85],"rotation":{"angle":0,"axis":"x","origin":[17.5,6.46066,8]},"faces":{"north":{"uv":[2,0,3,16],"rotation":270,"texture":"#9"},"south":{"uv":[10,0,11,16],"rotation":90,"texture":"#9"}}},{"from":[19.15,6.29158,7.15],"to":[20.55,6.62974,8.85],"rotation":{"angle":0,"axis":"x","origin":[16.1,6.46066,8]},"faces":{"north":{"uv":[10,0,11,16],"rotation":270,"texture":"#9"},"south":{"uv":[9,0,10,16],"rotation":90,"texture":"#9"}}},{"from":[17.75,6.29158,7.15],"to":[19.15,6.62974,8.85],"rotation":{"angle":0,"axis":"x","origin":[14.7,6.46066,8]},"faces":{"north":{"uv":[2,0,3,16],"rotation":270,"texture":"#9"},"south":{"uv":[5,0,6,16],"rotation":90,"texture":"#9"}}},{"from":[20.55,6.29158,7.15],"to":[21.95,6.62974,8.85],"rotation":{"angle":-22.5,"axis":"x","origin":[17.5,6.46066,8]},"faces":{"north":{"uv":[4,0,5,16],"rotation":270,"texture":"#9"},"south":{"uv":[3,0,4,16],"rotation":90,"texture":"#9"}}},{"from":[19.15,6.29158,7.15],"to":[20.55,6.62974,8.85],"rotation":{"angle":-22.5,"axis":"x","origin":[16.1,6.46066,8]},"faces":{"north":{"uv":[3,0,4,16],"rotation":270,"texture":"#9"},"south":{"uv":[11,0,12,16],"rotation":90,"texture":"#9"}}},{"from":[17.75,6.29158,7.15],"to":[19.15,6.62974,8.85],"rotation":{"angle":-22.5,"axis":"x","origin":[14.7,6.46066,8]},"faces":{"north":{"uv":[9,0,10,16],"rotation":270,"texture":"#9"},"south":{"uv":[6,0,7,16],"rotation":90,"texture":"#9"}}},{"from":[20.55,5.61066,7.83092],"to":[21.95,7.31066,8.16908],"rotation":{"angle":45,"axis":"x","origin":[17.5,6.46066,8]},"faces":{"up":{"uv":[1,0,2,16],"rotation":90,"texture":"#9"},"down":{"uv":[7,0,8,16],"rotation":90,"texture":"#9"}}},{"from":[19.15,5.61066,7.83092],"to":[20.55,7.31066,8.16908],"rotation":{"angle":45,"axis":"x","origin":[16.1,6.46066,8]},"faces":{"up":{"uv":[1,0,2,16],"rotation":90,"texture":"#9"},"down":{"uv":[0,0,1,16],"rotation":90,"texture":"#9"}}},{"from":[17.75,5.61066,7.83092],"to":[19.15,7.31066,8.16908],"rotation":{"angle":45,"axis":"x","origin":[14.7,6.46066,8]},"faces":{"up":{"uv":[12,0,13,16],"rotation":90,"texture":"#9"},"down":{"uv":[7,0,8,16],"rotation":90,"texture":"#9"}}},{"from":[20.55,5.61066,7.83092],"to":[21.95,7.31066,8.16908],"rotation":{"angle":22.5,"axis":"x","origin":[17.5,6.46066,8]},"faces":{"up":{"uv":[3,0,4,16],"rotation":90,"texture":"#9"},"down":{"uv":[15,0,16,16],"rotation":90,"texture":"#9"}}},{"from":[19.15,5.61066,7.83092],"to":[20.55,7.31066,8.16908],"rotation":{"angle":22.5,"axis":"x","origin":[16.1,6.46066,8]},"faces":{"up":{"uv":[3,0,4,16],"rotation":90,"texture":"#9"},"down":{"uv":[15,0,16,16],"rotation":90,"texture":"#9"}}},{"from":[17.75,5.61066,7.83092],"to":[19.15,7.31066,8.16908],"rotation":{"angle":22.5,"axis":"x","origin":[14.7,6.46066,8]},"faces":{"up":{"uv":[3,0,4,16],"rotation":90,"texture":"#9"},"down":{"uv":[15,0,16,16],"rotation":90,"texture":"#9"}}},{"from":[16.15,5.61066,7.83092],"to":[17.75,7.31066,8.16908],"rotation":{"angle":0,"axis":"y","origin":[11.7,6.46066,8]},"faces":{"down":{"uv":[0,11,1,12],"rotation":180,"texture":"#9"}}},{"from":[21.95,6.29158,7.15],"to":[23.35,6.62974,8.85],"rotation":{"angle":-22.5,"axis":"x","origin":[17.5,6.46066,8]},"faces":{"north":{"uv":[1,10,6,11],"rotation":90,"texture":"#9"},"east":{"uv":[0,6,1,13],"rotation":90,"texture":"#9"},"south":{"uv":[1,0,6,1],"rotation":270,"texture":"#9"}}},{"from":[16.15,6.29158,7.15],"to":[17.75,6.62974,8.85],"rotation":{"angle":-22.5,"axis":"x","origin":[11.7,6.46066,8]},"faces":{"north":{"uv":[7,5,12,6],"rotation":270,"texture":"#9"},"south":{"uv":[0,8,5,9],"rotation":90,"texture":"#9"}}},{"from":[21.95,6.29158,7.15],"to":[23.35,6.62974,8.85],"rotation":{"angle":0,"axis":"x","origin":[17.5,6.46066,8]},"faces":{"north":{"uv":[0,8,5,9],"rotation":90,"texture":"#9"},"east":{"uv":[0,6,1,13],"rotation":270,"texture":"#9"},"south":{"uv":[0,0,5,1],"rotation":270,"texture":"#9"}}},{"from":[16.15,6.29158,7.15],"to":[17.75,6.62974,8.85],"rotation":{"angle":0,"axis":"x","origin":[11.7,6.46066,8]},"faces":{"north":{"uv":[7,8,12,9],"rotation":270,"texture":"#9"},"south":{"uv":[7,8,12,9],"rotation":90,"texture":"#9"}}},{"from":[21.95,6.29158,7.15],"to":[23.35,6.62974,8.85],"rotation":{"angle":22.5,"axis":"x","origin":[17.5,6.46066,8]},"faces":{"north":{"uv":[6,0,11,1],"rotation":90,"texture":"#9"},"east":{"uv":[0,6,1,13],"rotation":270,"texture":"#9"},"south":{"uv":[2,9,7,10],"rotation":90,"texture":"#9"}}},{"from":[16.15,6.29158,7.15],"to":[17.75,6.62974,8.85],"rotation":{"angle":22.5,"axis":"x","origin":[11.7,6.46066,8]},"faces":{"north":{"uv":[9,5,14,6],"rotation":90,"texture":"#9"},"south":{"uv":[7,5,12,6],"rotation":270,"texture":"#9"}}},{"from":[21.95,5.61066,7.83092],"to":[23.35,7.31066,8.16908],"rotation":{"angle":-45,"axis":"x","origin":[17.5,6.46066,8]},"faces":{"east":{"uv":[0,6,1,13],"rotation":180,"texture":"#9"},"up":{"uv":[7,5,12,6],"rotation":270,"texture":"#9"},"down":{"uv":[7,5,12,6],"rotation":270,"texture":"#9"}}},{"from":[16.15,5.61066,7.83092],"to":[17.75,7.31066,8.16908],"rotation":{"angle":-45,"axis":"x","origin":[11.7,6.46066,8]},"faces":{"west":{"uv":[0,7,1,8],"texture":"#9"},"up":{"uv":[0,11,5,12],"rotation":270,"texture":"#9"},"down":{"uv":[0,3,5,4],"rotation":90,"texture":"#9"}}},{"from":[21.95,5.61066,7.83092],"to":[23.35,7.31066,8.16908],"rotation":{"angle":-22.5,"axis":"x","origin":[17.5,6.46066,8]},"faces":{"east":{"uv":[0,6,1,13],"rotation":180,"texture":"#9"},"up":{"uv":[0,11,1,12],"rotation":270,"texture":"#9"},"down":{"uv":[10,3,15,4],"rotation":90,"texture":"#9"}}},{"from":[16.15,5.61066,7.83092],"to":[17.75,7.31066,8.16908],"rotation":{"angle":-22.5,"axis":"x","origin":[11.7,6.46066,8]},"faces":{"up":{"uv":[0,11,1,12],"rotation":90,"texture":"#9"},"down":{"uv":[5,7,10,8],"rotation":90,"texture":"#9"}}},{"from":[21.95,5.61066,7.83092],"to":[23.35,7.31066,8.16908],"rotation":{"angle":45,"axis":"x","origin":[17.5,6.46066,8]},"faces":{"east":{"uv":[0,6,1,13],"rotation":180,"texture":"#9"},"up":{"uv":[7,5,12,6],"rotation":90,"texture":"#9"},"down":{"uv":[10,11,15,12],"rotation":270,"texture":"#9"}}},{"from":[16.15,5.61066,7.83092],"to":[17.75,7.31066,8.16908],"rotation":{"angle":45,"axis":"x","origin":[11.7,6.46066,8]},"faces":{"west":{"uv":[0,7,1,8],"texture":"#9"},"up":{"uv":[0,11,5,12],"rotation":90,"texture":"#9"},"down":{"uv":[3,3,8,4],"rotation":270,"texture":"#9"}}},{"from":[21.95,5.61066,7.83092],"to":[23.35,7.31066,8.16908],"rotation":{"angle":22.5,"axis":"x","origin":[17.5,6.46066,8]},"faces":{"east":{"uv":[0,6,1,13],"rotation":180,"texture":"#9"},"up":{"uv":[0,7,1,8],"rotation":90,"texture":"#9"},"down":{"uv":[6,7,11,8],"rotation":90,"texture":"#9"}}},{"from":[16.15,5.61066,7.83092],"to":[17.75,7.31066,8.16908],"rotation":{"angle":22.5,"axis":"x","origin":[11.7,6.46066,8]},"faces":{"up":{"uv":[0,11,1,12],"rotation":90,"texture":"#9"},"down":{"uv":[6,7,11,8],"rotation":90,"texture":"#9"}}},{"from":[7,7.875,7.91049],"to":[29.7,8.025,8.08951],"rotation":{"angle":22.5,"axis":"x","origin":[29.3,7.575,8]},"faces":{"east":{"uv":[0,2,1,3],"texture":"#1"},"up":{"uv":[9,9,11,9.01],"rotation":270,"texture":"#6"},"down":{"uv":[0,8,1,10],"texture":"#6"}}},{"from":[7,7.875,7.91049],"to":[29.7,8.025,8.08951],"rotation":{"angle":0,"axis":"y","origin":[9,8,8]},"faces":{"east":{"uv":[0,2,1,3],"texture":"#1"},"up":{"uv":[9,8,12,9],"rotation":270,"texture":"#6"},"down":{"uv":[0,8,1,10],"texture":"#6"}}},{"from":[7,7.875,7.91049],"to":[29.7,8.025,8.08951],"rotation":{"angle":45,"axis":"x","origin":[29.3,7.575,8]},"faces":{"east":{"uv":[0,2,1,3],"texture":"#1"},"up":{"uv":[12,15,16,15.01],"rotation":90,"texture":"#6"},"down":{"uv":[0,5,2,6],"rotation":90,"texture":"#6"}}},{"from":[7,7.48549,8.3],"to":[29.7,7.66451,8.45],"rotation":{"angle":-22.5,"axis":"x","origin":[29.3,7.575,8]},"faces":{"north":{"uv":[4,5,6,6],"rotation":90,"texture":"#6"},"east":{"uv":[0,2,1,3],"rotation":270,"texture":"#1"},"south":{"uv":[0,9,0.01,12.99],"texture":"#6"}}},{"from":[7,7.48549,8.3],"to":[29.7,7.66451,8.45],"rotation":{"angle":0,"axis":"y","origin":[9,8,8]},"faces":{"north":{"uv":[3,11,5,14],"rotation":270,"texture":"#6"},"east":{"uv":[0,2,1,3],"rotation":90,"texture":"#1"},"south":{"uv":[10,7,14,8],"rotation":90,"texture":"#1"}}},{"from":[7,7.48549,8.3],"to":[29.7,7.66451,8.45],"rotation":{"angle":22.5,"axis":"x","origin":[29.3,7.575,8]},"faces":{"north":{"uv":[3,11,5,14],"rotation":270,"texture":"#6"},"east":{"uv":[0,2,1,3],"rotation":90,"texture":"#1"},"south":{"uv":[14,10,16,11],"rotation":90,"texture":"#1"}}},{"from":[7,7.125,7.91049],"to":[29.7,7.275,8.08951],"rotation":{"angle":-45,"axis":"x","origin":[29.3,7.575,8]},"faces":{"east":{"uv":[0,2,1,3],"texture":"#1"},"up":{"uv":[3,11,5,14],"rotation":90,"texture":"#6"},"down":{"uv":[15,15,16,16],"texture":"#1"}}},{"from":[7,7.125,7.91049],"to":[29.7,7.275,8.08951],"rotation":{"angle":0,"axis":"y","origin":[9,8,8]},"faces":{"east":{"uv":[0,2,1,3],"texture":"#1"},"up":{"uv":[3,11,5,14],"rotation":90,"texture":"#6"},"down":{"uv":[15,15,16,16],"texture":"#1"}}},{"from":[7,7.125,7.91049],"to":[29.7,7.275,8.08951],"rotation":{"angle":-22.5,"axis":"x","origin":[29.3,7.575,8]},"faces":{"east":{"uv":[0,2,1,3],"texture":"#1"},"up":{"uv":[3,11,5,14],"rotation":90,"texture":"#6"},"down":{"uv":[15,15,16,16],"texture":"#1"}}},{"from":[7,7.125,7.91049],"to":[29.7,7.275,8.08951],"rotation":{"angle":22.5,"axis":"x","origin":[29.3,7.575,8]},"faces":{"east":{"uv":[0,2,1,3],"texture":"#1"},"up":{"uv":[3,11,5,14],"rotation":90,"texture":"#6"},"down":{"uv":[15,15,16,16],"texture":"#1"}}},{"from":[7,7.125,7.91049],"to":[29.7,7.275,8.08951],"rotation":{"angle":45,"axis":"x","origin":[29.3,7.575,8]},"faces":{"east":{"uv":[0,2,1,3],"texture":"#1"},"up":{"uv":[3,11,5,14],"rotation":90,"texture":"#6"},"down":{"uv":[15,9,16,10],"texture":"#1"}}},{"from":[7,7.48549,7.55],"to":[29.7,7.66451,7.7],"rotation":{"angle":-22.5,"axis":"x","origin":[29.3,7.575,8]},"faces":{"north":{"uv":[14,10,16,11],"texture":"#1"},"east":{"uv":[0,2,1,3],"rotation":270,"texture":"#1"},"south":{"uv":[3,11,5,14],"rotation":90,"texture":"#6"}}},{"from":[7,7.48549,7.55],"to":[29.7,7.66451,7.7],"rotation":{"angle":0,"axis":"y","origin":[9,8,8]},"faces":{"north":{"uv":[10,7,14,8],"rotation":90,"texture":"#1"},"east":{"uv":[0,2,1,3],"rotation":90,"texture":"#1"},"south":{"uv":[4,9,7,11],"texture":"#6"}}},{"from":[7,7.48549,7.55],"to":[29.7,7.66451,7.7],"rotation":{"angle":22.5,"axis":"x","origin":[29.3,7.575,8]},"faces":{"north":{"uv":[0,9,1,13],"texture":"#6"},"east":{"uv":[0,2,1,3],"rotation":90,"texture":"#1"},"south":{"uv":[4,5,6,6],"rotation":90,"texture":"#6"}}},{"from":[7,7.875,7.91049],"to":[29.7,8.025,8.08951],"rotation":{"angle":-45,"axis":"x","origin":[29.3,7.575,8]},"faces":{"east":{"uv":[0,2,1,3],"texture":"#1"},"up":{"uv":[12,15,16,15.01],"rotation":270,"texture":"#6"},"down":{"uv":[0,5,2,6],"rotation":270,"texture":"#6"}}},{"from":[7,7.875,7.91049],"to":[29.7,8.025,8.08951],"rotation":{"angle":-22.5,"axis":"x","origin":[29.3,7.575,8]},"faces":{"east":{"uv":[0,2,1,3],"texture":"#1"},"up":{"uv":[9,9,12.99,9.01],"rotation":90,"texture":"#6"},"down":{"uv":[0,6,1,8],"texture":"#6"}}},{"from":[-7.05,2.025,7.3],"to":[-6.95,2.125,8.7],"rotation":{"angle":0,"axis":"y","origin":[0,8,7.775]},"faces":{"north":{"uv":[0,0,0.5,0.5],"texture":"#1"},"east":{"uv":[4,0,5,5],"texture":"#1"},"south":{"uv":[5,0,6,5],"texture":"#1"},"west":{"uv":[10,10,11,11],"rotation":90,"texture":"#1"},"up":{"uv":[10,10,16,11],"texture":"#1"},"down":{"uv":[0,0,0.5,0.5],"texture":"#1"}}},{"from":[-7.05,1.425,7.3],"to":[-6.95,1.525,8.7],"rotation":{"angle":0,"axis":"y","origin":[0,8,7.775]},"faces":{"north":{"uv":[0,0,0.5,0.5],"texture":"#1"},"east":{"uv":[4,0,5,5],"texture":"#1"},"south":{"uv":[5,0,6,5],"texture":"#1"},"west":{"uv":[10,10,11,11],"rotation":90,"texture":"#1"},"up":{"uv":[10,10,16,11],"texture":"#1"},"down":{"uv":[0,0,0.5,0.5],"texture":"#1"}}},{"from":[-7.05,1.5,7.2],"to":[-6.95,2.05,7.3],"rotation":{"angle":0,"axis":"y","origin":[0,8,7.775]},"faces":{"north":{"uv":[0,0,0.5,3.5],"texture":"#1"},"east":{"uv":[4,0,5,5],"texture":"#1"},"south":{"uv":[0,0,1,1],"texture":"#1"},"west":{"uv":[10,10,11,11],"rotation":90,"texture":"#1"},"up":{"uv":[10,10,16,11],"texture":"#1"},"down":{"uv":[0,0,0.5,0.5],"texture":"#1"}}},{"from":[-7.05,1.5,8.7],"to":[-6.95,2.05,8.8],"rotation":{"angle":0,"axis":"y","origin":[0,8,7.775]},"faces":{"north":{"uv":[0,0,0.5,0.5],"texture":"#1"},"east":{"uv":[4,0,5,5],"texture":"#1"},"south":{"uv":[5,0,6,5],"texture":"#1"},"west":{"uv":[10,10,11,11],"rotation":90,"texture":"#1"},"up":{"uv":[10,10,16,11],"texture":"#1"},"down":{"uv":[0,0,0.5,0.5],"texture":"#1"}}},{"from":[-7.15,1.9,7.85],"to":[-6.85,2.6,8.15],"rotation":{"angle":0,"axis":"y","origin":[0,8,7.975]},"faces":{"north":{"uv":[0,0,0.5,0.5],"texture":"#6"},"east":{"uv":[4,0,5,5],"texture":"#6"},"south":{"uv":[5,0,6,5],"texture":"#6"},"west":{"uv":[10,10,11,11],"rotation":90,"texture":"#6"},"up":{"uv":[10,10,16,11],"texture":"#1"},"down":{"uv":[0,0,0.5,0.5],"texture":"#1"}}},{"from":[25.175,5.575,7.85],"to":[25.475,5.875,8.15],"rotation":{"angle":0,"axis":"y","origin":[0,8,7.975]},"faces":{"north":{"uv":[0,0,0.5,0.5],"texture":"#6"},"east":{"uv":[4,0,5,5],"texture":"#6"},"south":{"uv":[5,0,6,5],"texture":"#6"},"west":{"uv":[10,10,11,11],"rotation":90,"texture":"#6"},"up":{"uv":[10,10,16,11],"texture":"#1"},"down":{"uv":[0,0,0.5,0.5],"texture":"#1"}}},{"from":[-9.75,2.814,7.4995],"to":[-0.65,4.314,8.5005],"rotation":{"angle":22.5,"axis":"z","origin":[-5.9,2.95,8]},"faces":{"north":{"uv":[8,0,14,4],"texture":"#9"},"south":{"uv":[10,0,14,4],"texture":"#9"},"down":{"uv":[1,7,8,8],"rotation":270,"texture":"#9"}}},{"from":[0.235,-0.955,7.3995],"to":[2.36,0.545,8.6005],"rotation":{"angle":45,"axis":"z","origin":[-5.9,2.65,7.9]},"faces":{"north":{"uv":[0,9,16,10],"rotation":90,"texture":"#9"},"south":{"uv":[0,9,16,10],"rotation":90,"texture":"#9"},"up":{"uv":[0,0,16,1],"rotation":90,"texture":"#9"},"down":{"uv":[1,15,7,16],"rotation":270,"texture":"#9"}}},{"from":[-1.61,5.785,7.399],"to":[0.015,7.51,8.601],"rotation":{"angle":-22.5,"axis":"z","origin":[-5.9,2.65,7.8995]},"faces":{"north":{"uv":[0,10,16,11],"rotation":180,"texture":"#9"},"east":{"uv":[1,15,7,16],"rotation":180,"texture":"#9"},"south":{"uv":[0,10,16,11],"rotation":180,"texture":"#9"},"west":{"uv":[0,7,16,10],"rotation":180,"texture":"#9"},"down":{"uv":[0,11,16,12],"rotation":180,"texture":"#9"}}},{"from":[-9.3999,6.6,7.79289],"to":[0.6001,6.95,8.20711],"rotation":{"angle":0,"axis":"y","origin":[8.4,7.2,8]},"faces":{"up":{"uv":[7,0,10.25,1.25],"texture":"#9"}}},{"from":[-10.4999,6.6,7.69289],"to":[-9.3999,6.95,8.30711],"rotation":{"angle":0,"axis":"y","origin":[6.9,7.2,8.1]},"faces":{"east":{"uv":[0,0,1,1],"texture":"#2"},"west":{"uv":[0,0,1,1],"texture":"#2"},"up":{"uv":[6,3,9,4],"texture":"#2"}}},{"from":[0.6001,6.6,7.79289],"to":[1.3001,6.95,8.20711],"rotation":{"angle":-22.5,"axis":"z","origin":[0.6001,6.95,8]},"faces":{"north":{"uv":[0,0,1,1],"texture":"#9"},"south":{"uv":[0,0,1,1],"texture":"#9"},"up":{"uv":[0,8,3.25,9.25],"texture":"#9"}}},{"from":[-10.5,1.35,7.4],"to":[-9.4,6.66,8.6],"rotation":{"angle":0,"axis":"y","origin":[8,6.5,7.9]},"faces":{"north":{"uv":[0,0,3,16],"texture":"#2"},"east":{"uv":[0,0,1,1],"texture":"#2"},"south":{"uv":[0,0,3,16],"texture":"#2"},"west":{"uv":[0,5,16,8],"rotation":90,"texture":"#7"},"down":{"uv":[0,0,3,4],"rotation":180,"texture":"#2"}}},{"from":[-10.501,6.05,7.7],"to":[-9.401,6.65,8.3],"rotation":{"angle":0,"axis":"y","origin":[8,6.5,7.9]},"faces":{"west":{"uv":[1,8,5,12],"rotation":90,"texture":"#8"}}},{"from":[-10.501,1.75,7.7],"to":[-9.401,2.35,8.3],"rotation":{"angle":0,"axis":"y","origin":[8,6.5,7.9]},"faces":{"west":{"uv":[1,8,5,12],"rotation":90,"texture":"#8"}}},{"from":[-9.3999,6.6,7.79289],"to":[0.6001,6.95,8.20711],"rotation":{"angle":45,"axis":"x","origin":[-8.5,6.45,8]},"faces":{"east":{"uv":[2,0,3.5,1.25],"texture":"#9"},"up":{"uv":[11,0,14.25,1.25],"texture":"#9"}}},{"from":[-10.4999,6.6,7.89289],"to":[-9.3999,6.95,8.30711],"rotation":{"angle":45,"axis":"x","origin":[-10,6.45,8.1]},"faces":{"east":{"uv":[0,0,1,1],"texture":"#2"},"west":{"uv":[0,0,1,1],"texture":"#2"},"up":{"uv":[0,5,3,6],"texture":"#2"}}},{"from":[-9.3999,6.6,7.79289],"to":[0.6001,6.95,8.20711],"rotation":{"angle":-45,"axis":"x","origin":[-8.5,6.45,8]},"faces":{"east":{"uv":[2,0,3.5,1.25],"texture":"#9"},"up":{"uv":[9,4,12.25,5.25],"texture":"#9"}}},{"from":[-10.4999,6.6,7.69289],"to":[-9.3999,6.95,8.10711],"rotation":{"angle":-45,"axis":"x","origin":[-10,6.45,7.9]},"faces":{"east":{"uv":[0,0,1,1],"texture":"#2"},"west":{"uv":[0,0,1,1],"texture":"#2"},"up":{"uv":[0,4,3,5],"texture":"#2"}}},{"from":[-5.525,4.575,7.5],"to":[1.125,6.66,8.5],"rotation":{"angle":0,"axis":"y","origin":[8,6.5,8]},"faces":{"north":{"uv":[6,8,16,11],"rotation":90,"texture":"#9"},"south":{"uv":[5,0,16,3],"rotation":90,"texture":"#9"},"up":{"uv":[2,4,7.75,4.75],"rotation":90,"texture":"#9"},"down":{"uv":[1,7,8,8],"rotation":270,"texture":"#9"}}},{"from":[-9.4,2.975,7.5],"to":[-5.525,6.66,8.5],"rotation":{"angle":0,"axis":"y","origin":[8,6.5,8]},"faces":{"north":{"uv":[0,8,16,10],"rotation":270,"texture":"#9"},"south":{"uv":[0,8,16,10],"rotation":90,"texture":"#9"}}}],"display":{"thirdperson_righthand":{"rotation":[0,100,0],"translation":[-0.5,1.5,-1.25],"scale":[0.65,0.65,0.65]},"thirdperson_lefthand":{"rotation":[0,-90,190],"translation":[-1.75,-5.5,5],"scale":[0.65,0.65,0.65]},"firstperson_righthand":{"rotation":[0,90,0],"translation":[-1.25,5,-2],"scale":[1.3,1.3,1.3]},"firstperson_lefthand":{"scale":[0,0,0]},"ground":{"translation":[0,1.75,0],"scale":[0.65,0.65,0.65]},"gui":{"rotation":[0,0,45],"translation":[-1.25,0.5,0],"scale":[0.65,0.65,0.65]},"head":{"scale":[1.3,1.3,1.3]},"fixed":{"translation":[0,1.5,-2.2],"scale":[-1.3,1.3,-1.3]}}}