{"textures":{"1":"block/dropper_front_vertical","2":"block/gold_block","3":"block/iron_block","4":"block/redstone_block","5":"block/red_glazed_terracotta","particle":"block/dropper_front_vertical"},"elements":[{"from":[4,5.75,7.55246],"to":[15.7,10.25,8.44756],"faces":{"east":{"uv":[4,7,12,9],"rotation":270,"texture":"#1"},"up":{"uv":[8,12,9,15],"rotation":180,"texture":"#5"},"down":{"uv":[8,7,9,8],"rotation":90,"texture":"#4"}}},{"from":[2,5.75,7.55244],"to":[4,10.25,8.44754],"faces":{"up":{"uv":[11,1,13,16],"rotation":270,"texture":"#2"},"down":{"uv":[11,1,13,16],"rotation":270,"texture":"#2"}}},{"from":[2,5.75,7.55244],"to":[4,10.25,8.44754],"rotation":{"angle":-22.5,"axis":"x","origin":[6,8,8]},"faces":{"up":{"uv":[11,1,13,16],"rotation":270,"texture":"#2"},"down":{"uv":[11,1,13,16],"rotation":270,"texture":"#2"}}},{"from":[2,5.75,7.55244],"to":[4,10.25,8.44754],"rotation":{"angle":22.5,"axis":"x","origin":[6,8,8]},"faces":{"up":{"uv":[11,1,13,16],"rotation":270,"texture":"#2"},"down":{"uv":[11,1,13,16],"rotation":270,"texture":"#2"}}},{"from":[2,5.75,7.55244],"to":[4,10.25,8.44754],"rotation":{"angle":45,"axis":"x","origin":[6,8,8]},"faces":{"up":{"uv":[11,1,13,16],"rotation":270,"texture":"#2"},"down":{"uv":[11,1,13,16],"rotation":270,"texture":"#2"}}},{"from":[2,5.75,7.55244],"to":[4,10.25,8.44754],"rotation":{"angle":-45,"axis":"x","origin":[6,8,8]},"faces":{"up":{"uv":[11,1,13,16],"rotation":270,"texture":"#2"},"down":{"uv":[11,1,13,16],"rotation":270,"texture":"#2"}}},{"from":[2,7.55244,5.75],"to":[4,8.44754,10.25],"rotation":{"angle":22.5,"axis":"x","origin":[6,8,8]},"faces":{"north":{"uv":[11,1,13,16],"rotation":90,"texture":"#2"},"south":{"uv":[11,1,13,16],"rotation":270,"texture":"#2"}}},{"from":[2,7.55244,5.75],"to":[4,8.44754,10.25],"faces":{"north":{"uv":[11,1,13,16],"rotation":90,"texture":"#2"},"south":{"uv":[11,1,13,16],"rotation":270,"texture":"#2"}}},{"from":[2,7.55246,5.75],"to":[4,8.44756,10.25],"rotation":{"angle":-22.5,"axis":"x","origin":[6,8,8]},"faces":{"north":{"uv":[11,1,13,16],"rotation":90,"texture":"#2"},"south":{"uv":[11,1,13,16],"rotation":270,"texture":"#2"}}},{"from":[1.7499,5.5,7.50272],"to":[2,10.5,8.49728],"faces":{"east":{"uv":[15,14,16,15],"rotation":270,"texture":"#2"},"west":{"uv":[2,0,3,16],"rotation":180,"texture":"#2"},"up":{"uv":[1,2,2,3],"rotation":270,"texture":"#2"},"down":{"uv":[0,0,1,1],"rotation":270,"texture":"#2"}}},{"from":[1.7498,5.5,7.50272],"to":[2,10.5,8.49728],"rotation":{"angle":22.5,"axis":"x","origin":[1.875,8,8]},"faces":{"east":{"uv":[15,14,16,15],"rotation":270,"texture":"#2"},"west":{"uv":[3,0,4,16],"rotation":180,"texture":"#2"},"up":{"uv":[1,2,2,3],"rotation":270,"texture":"#2"},"down":{"uv":[0,0,1,1],"rotation":270,"texture":"#2"}}},{"from":[1.7497,5.5,7.50272],"to":[2,10.5,8.49728],"rotation":{"angle":-22.5,"axis":"x","origin":[1.875,8,8]},"faces":{"east":{"uv":[15,14,16,15],"rotation":270,"texture":"#2"},"west":{"uv":[3,0,4,16],"rotation":180,"texture":"#2"},"up":{"uv":[1,2,2,3],"rotation":270,"texture":"#2"},"down":{"uv":[0,0,1,1],"rotation":270,"texture":"#2"}}},{"from":[1.7499,5.5,7.50272],"to":[2,10.5,8.49728],"rotation":{"angle":45,"axis":"x","origin":[1.875,8,8]},"faces":{"east":{"uv":[15,14,16,15],"rotation":270,"texture":"#2"},"west":{"uv":[4,0,5,16],"rotation":180,"texture":"#2"},"up":{"uv":[1,2,2,3],"rotation":270,"texture":"#2"},"down":{"uv":[0,0,1,1],"rotation":270,"texture":"#2"}}},{"from":[1.7499,5.5,7.50272],"to":[2,10.5,8.49728],"rotation":{"angle":-45,"axis":"x","origin":[1.875,8,8]},"faces":{"east":{"uv":[15,14,16,15],"rotation":270,"texture":"#2"},"west":{"uv":[4,0,5,16],"rotation":180,"texture":"#2"},"up":{"uv":[1,2,2,3],"rotation":270,"texture":"#2"},"down":{"uv":[0,0,1,1],"rotation":270,"texture":"#2"}}},{"from":[1.75,7.50272,5.5],"to":[2,8.49728,10.5],"rotation":{"angle":-22.5,"axis":"x","origin":[1.875,8,8]},"faces":{"north":{"uv":[0,0,1,1],"rotation":90,"texture":"#2"},"east":{"uv":[15,14,16,15],"rotation":180,"texture":"#2"},"south":{"uv":[1,2,2,3],"rotation":270,"texture":"#2"},"west":{"uv":[8,0,9,16],"rotation":90,"texture":"#2"}}},{"from":[1.75,7.50272,5.5],"to":[2,8.49728,10.5],"rotation":{"angle":22.5,"axis":"x","origin":[1.875,8,8]},"faces":{"north":{"uv":[1,2,2,3],"rotation":90,"texture":"#2"},"east":{"uv":[15,14,16,15],"texture":"#2"},"south":{"uv":[0,0,1,1],"rotation":270,"texture":"#2"},"west":{"uv":[7,0,8,16],"rotation":90,"texture":"#2"}}},{"from":[1.75,7.50272,5.5],"to":[2,8.49728,10.5],"faces":{"north":{"uv":[0,0,1,1],"rotation":90,"texture":"#2"},"east":{"uv":[15,14,16,15],"rotation":180,"texture":"#2"},"south":{"uv":[1,2,2,3],"rotation":270,"texture":"#2"},"west":{"uv":[8,0,9,16],"rotation":90,"texture":"#2"}}},{"from":[1.65,7.87568,7.375],"to":[1.75,8.12432,8.625],"faces":{"north":{"uv":[0,0,1,1],"rotation":90,"texture":"#1"},"south":{"uv":[0,0,1,1],"rotation":270,"texture":"#1"},"west":{"uv":[1,0,1.00987,0.00987],"texture":"#3"}}},{"from":[1.65,7.87568,7.375],"to":[1.75,8.12432,8.625],"rotation":{"angle":22.5,"axis":"x","origin":[1.7,8,8]},"faces":{"north":{"uv":[0,0,1,1],"rotation":90,"texture":"#1"},"south":{"uv":[0,0,1,1],"rotation":270,"texture":"#1"},"west":{"uv":[1,0,1.00987,0.00987],"texture":"#3"}}},{"from":[1.65,7.87568,7.375],"to":[1.75,8.12432,8.625],"rotation":{"angle":-22.5,"axis":"x","origin":[1.7,8,8]},"faces":{"north":{"uv":[0,0,1,1],"rotation":90,"texture":"#1"},"south":{"uv":[0,0,1,1],"rotation":270,"texture":"#1"},"west":{"uv":[1,0,1.00987,0.00987],"texture":"#3"}}},{"from":[1.65,7.87568,7.375],"to":[1.75,8.12432,8.625],"rotation":{"angle":45,"axis":"x","origin":[1.7,8,8]},"faces":{"north":{"uv":[0,0,1,1],"rotation":90,"texture":"#1"},"south":{"uv":[0,0,1,1],"rotation":270,"texture":"#1"},"west":{"uv":[1,0,1.00987,0.00987],"texture":"#3"}}},{"from":[1.65,7.87568,7.375],"to":[1.75,8.12432,8.625],"rotation":{"angle":-45,"axis":"x","origin":[1.7,8,8]},"faces":{"north":{"uv":[0,0,1,1],"rotation":90,"texture":"#1"},"south":{"uv":[0,0,1,1],"rotation":270,"texture":"#1"},"west":{"uv":[1,0,1.00987,0.00987],"texture":"#3"}}},{"from":[1.65,7.375,7.87568],"to":[1.75,8.625,8.12432],"rotation":{"angle":-22.5,"axis":"x","origin":[1.7,8,8]},"faces":{"west":{"uv":[1,0,1.00987,0.00987],"rotation":90,"texture":"#3"},"up":{"uv":[0,0,1,1],"rotation":270,"texture":"#1"},"down":{"uv":[0,0,1,1],"rotation":270,"texture":"#1"}}},{"from":[1.65,7.375,7.87568],"to":[1.75,8.625,8.12432],"rotation":{"angle":22.5,"axis":"x","origin":[1.7,8,8]},"faces":{"west":{"uv":[1,0,1.00987,0.00987],"rotation":270,"texture":"#3"},"up":{"uv":[0,0,1,1],"rotation":270,"texture":"#1"},"down":{"uv":[0,0,1,1],"rotation":270,"texture":"#1"}}},{"from":[1.65,7.375,7.87568],"to":[1.75,8.625,8.12432],"faces":{"west":{"uv":[1,0,1.00987,0.00987],"rotation":90,"texture":"#3"},"up":{"uv":[0,0,1,1],"rotation":270,"texture":"#1"},"down":{"uv":[0,0,1,1],"rotation":270,"texture":"#1"}}},{"from":[4,5.75,7.55246],"to":[15.7,10.25,8.44756],"rotation":{"angle":22.5,"axis":"x","origin":[6,8,8]},"faces":{"east":{"uv":[4,7,12,9],"rotation":270,"texture":"#1"},"up":{"uv":[9,11,10,14],"rotation":180,"texture":"#5"},"down":{"uv":[8,6,9,7],"rotation":90,"texture":"#4"}}},{"from":[4,5.75,7.55246],"to":[15.7,10.25,8.44756],"rotation":{"angle":-22.5,"axis":"x","origin":[6,8,8]},"faces":{"east":{"uv":[4,7,12,9],"rotation":270,"texture":"#1"},"up":{"uv":[2,9,3,12],"rotation":180,"texture":"#5"},"down":{"uv":[7,6,8,7],"rotation":90,"texture":"#4"}}},{"from":[4,5.75,7.55246],"to":[15.7,10.25,8.44756],"rotation":{"angle":45,"axis":"x","origin":[6,8,8]},"faces":{"east":{"uv":[4,7,12,9],"rotation":270,"texture":"#1"},"up":{"uv":[12,1,13,4],"rotation":180,"texture":"#5"},"down":{"uv":[8,6,9,7],"rotation":90,"texture":"#4"}}},{"from":[4,5.75,7.55246],"to":[15.7,10.25,8.44756],"rotation":{"angle":-45,"axis":"x","origin":[6,8,8]},"faces":{"east":{"uv":[4,7,12,9],"rotation":270,"texture":"#1"},"up":{"uv":[0,14,3,16],"rotation":270,"texture":"#5"},"down":{"uv":[6,4,9,5],"rotation":270,"texture":"#4"}}},{"from":[4,7.55244,5.75],"to":[15.7,8.44754,10.25],"rotation":{"angle":-22.5,"axis":"x","origin":[6,8,8]},"faces":{"north":{"uv":[4,4,7,5],"rotation":90,"texture":"#4"},"east":{"uv":[4,7,12,9],"rotation":180,"texture":"#1"},"south":{"uv":[8,12,11,13],"rotation":90,"texture":"#5"}}},{"from":[4,7.55246,5.75],"to":[15.7,8.44756,10.25],"rotation":{"angle":22.5,"axis":"x","origin":[6,8,8]},"faces":{"north":{"uv":[6,12,9,13],"rotation":270,"texture":"#5"},"east":{"uv":[4,7,12,9],"texture":"#1"},"south":{"uv":[7,0,10,1],"rotation":270,"texture":"#5"}}},{"from":[4,7.55246,5.75],"to":[15.7,8.44756,10.25],"faces":{"north":{"uv":[7,0,10,1],"rotation":270,"texture":"#5"},"east":{"uv":[4,7,12,9],"rotation":180,"texture":"#1"},"south":{"uv":[8,11,9,14],"rotation":180,"texture":"#5"}}}],"gui_light":"front","display":{"thirdperson_righthand":{"rotation":[69,50,20],"scale":[0.125,0.125,0.125]},"thirdperson_lefthand":{"rotation":[69,-117,-58],"scale":[0.125,0.125,0.125]},"firstperson_righthand":{"rotation":[-128,69,72],"translation":[2.5,0,0],"scale":[0.3,0.3,0.3]},"firstperson_lefthand":{"rotation":[-140,-84,-87],"translation":[2.5,0,0],"scale":[0.3,0.3,0.3]},"ground":{"scale":[0.125,0.125,0.125]},"gui":{"rotation":[0,0,45],"scale":[1.5,1.5,1.5]},"head":{"scale":[0.25,0.25,0.25]},"fixed":{"rotation":[0,-99,90],"translation":[0,0,-1.5],"scale":[0.25,0.25,0.25]}}}