{"gui_light":"front","textures":{"0":"block/furnace_side","1":"block/coal_block","2":"block/coal_ore","3":"block/redstone_torch","4":"block/cauldron_inner","5":"block/furnace_top","6":"block/anvil","7":"block/fire_coral_fan","8":"block/observer_side","9":"block/furnace_front","particle":"block/redstone_torch","a":"block/acacia_planks"},"elements":[{"from":[7.225,8.2,7.54],"to":[10.928,8.5416,8.46],"rotation":{"angle":0,"axis":"y","origin":[9.0765,8.3208,8]},"faces":{"north":{"uv":[1,14,5,15],"rotation":270,"texture":"#1"},"east":{"uv":[1,13,2,14],"texture":"#1"},"south":{"uv":[1,14,5,15],"rotation":270,"texture":"#1"},"west":{"uv":[1,13,2,14],"texture":"#1"},"up":{"uv":[0.01,0.01,0.01,0.01],"texture":"#1"},"down":{"uv":[0.01,0.01,0.01,0.01],"texture":"#1"}}},{"from":[7.4162,8.47076,7.80266],"to":[9.3988,9.27622,8.19734],"rotation":{"angle":0,"axis":"y","origin":[14.7,6.881,8.92]},"faces":{"north":{"uv":[0,13,1,14],"rotation":180,"texture":"#1"},"south":{"uv":[1,13,2,14],"texture":"#1"},"west":{"uv":[0,1,7,2],"texture":"#1"}}},{"from":[9.3942,8.47076,7.80266],"to":[10.2268,9.09222,8.19734],"rotation":{"angle":0,"axis":"y","origin":[14.24,6.881,8.92]},"faces":{"north":{"uv":[1,13,2,14],"rotation":180,"texture":"#1"},"south":{"uv":[1,13,2,14],"texture":"#1"}}},{"from":[6.3369,10.38145,7.79572],"to":[6.8475,10.57251,8.20428],"rotation":{"angle":0,"axis":"y","origin":[4.98848,9.81396,8]},"faces":{"north":{"uv":[0,0,1,1],"rotation":180,"texture":"#1"},"east":{"uv":[8,7,9,8],"texture":"#4"},"south":{"uv":[0,0,1,1],"texture":"#1"},"west":{"uv":[10,10,14,11],"rotation":90,"texture":"#1"},"up":{"uv":[6,8,11,9],"rotation":90,"texture":"#1"}}},{"from":[6.3369,9.05541,7.79572],"to":[6.8475,9.24647,8.20428],"rotation":{"angle":0,"axis":"x","origin":[4.98848,9.81396,8]},"faces":{"north":{"uv":[0,0,1,1],"rotation":180,"texture":"#1"},"east":{"uv":[8,7,9,8],"rotation":180,"texture":"#4"},"south":{"uv":[0,0,1,1],"texture":"#1"},"west":{"uv":[10,10,14,11],"rotation":270,"texture":"#1"},"down":{"uv":[6,8,11,9],"rotation":90,"texture":"#1"}}},{"from":[6.3369,9.60968,7.24145],"to":[6.8475,10.01824,7.43251],"rotation":{"angle":0,"axis":"x","origin":[4.98848,9.81396,8]},"faces":{"north":{"uv":[6,8,11,9],"rotation":270,"texture":"#1"},"east":{"uv":[8,7,9,8],"rotation":90,"texture":"#4"},"west":{"uv":[10,10,14,11],"texture":"#1"},"up":{"uv":[0,0,1,1],"texture":"#1"},"down":{"uv":[0,0,1,1],"texture":"#1"}}},{"from":[6.3369,9.60968,8.56749],"to":[6.8475,10.01824,8.75855],"rotation":{"angle":0,"axis":"x","origin":[4.98848,9.81396,8]},"faces":{"east":{"uv":[8,7,9,8],"rotation":270,"texture":"#4"},"south":{"uv":[6,8,11,9],"rotation":90,"texture":"#1"},"west":{"uv":[10,10,14,11],"rotation":180,"texture":"#1"},"up":{"uv":[0,0,1,1],"texture":"#1"},"down":{"uv":[0,0,1,1],"texture":"#1"}}},{"from":[7.2756,10.36136,7.55422],"to":[7.9472,10.48342,8.44578],"rotation":{"angle":0,"axis":"x","origin":[3.97648,9.81396,8]},"faces":{"north":{"uv":[0,0,1,1],"rotation":180,"texture":"#1"},"east":{"uv":[8,7,9,8],"texture":"#4"},"south":{"uv":[0,0,1,1],"texture":"#1"},"west":{"uv":[10,10,14,11],"rotation":90,"texture":"#1"},"up":{"uv":[6,8,11,9],"rotation":90,"texture":"#1"}}},{"from":[7.2756,9.36818,8.5474],"to":[7.9472,10.25974,8.66946],"rotation":{"angle":0,"axis":"x","origin":[3.97648,9.81396,8]},"faces":{"east":{"uv":[8,7,9,8],"rotation":270,"texture":"#4"},"south":{"uv":[6,8,11,9],"rotation":90,"texture":"#1"},"west":{"uv":[10,10,14,11],"rotation":180,"texture":"#1"},"up":{"uv":[0,0,1,1],"texture":"#1"},"down":{"uv":[0,0,1,1],"texture":"#1"}}},{"from":[7.2756,9.36818,7.33054],"to":[7.9472,10.25974,7.4526],"rotation":{"angle":0,"axis":"x","origin":[3.97648,9.81396,8]},"faces":{"north":{"uv":[6,9,11,8],"rotation":90,"texture":"#1"},"east":{"uv":[8,8,9,7],"rotation":270,"texture":"#4"},"west":{"uv":[14,10,10,11],"rotation":180,"texture":"#1"},"up":{"uv":[0,1,1,0],"texture":"#1"},"down":{"uv":[0,1,1,0],"texture":"#1"}}},{"from":[10.20564,8.53976,7.59566],"to":[10.87724,9.16139,8.40434],"rotation":{"angle":0,"axis":"y","origin":[13.596,6.881,8]},"faces":{"north":{"uv":[7,12,11,13],"texture":"#1"},"east":{"uv":[1,13,2,14],"texture":"#1"},"south":{"uv":[7,12,11,13],"rotation":180,"texture":"#1"},"west":{"uv":[0,1,7,2],"texture":"#1"},"up":{"uv":[0.01,0.01,0.01,0.01],"texture":"#1"},"down":{"uv":[0.01,0.01,0.01,0.01],"texture":"#1"}}},{"from":[7.26164,8.53976,7.71066],"to":[7.65724,9.27639,8.28934],"rotation":{"angle":0,"axis":"y","origin":[14.056,6.881,8]},"faces":{"north":{"uv":[7,12,11,13],"rotation":180,"texture":"#1","cullface":"north"},"east":{"uv":[9,9,12,10],"texture":"#1"},"south":{"uv":[7,12,11,13],"texture":"#1"},"west":{"uv":[0,2,5,3],"rotation":270,"texture":"#1"},"up":{"uv":[0.01,0.01,0.01,0.01],"texture":"#1"},"down":{"uv":[0.01,0.01,0.01,0.01],"texture":"#1"}}},{"from":[7.54065,9.54711,8.63029],"to":[7.66875,10.19111,8.99829],"rotation":{"angle":0,"axis":"z","origin":[7.6047,9.86911,8.81429]},"faces":{"south":{"uv":[4,0,8,16],"texture":"#4"},"up":{"uv":[9,8,10,16],"rotation":270,"texture":"#2"},"down":{"uv":[9,8,10,16],"rotation":90,"texture":"#2"}}},{"from":[7.2827,10.44416,7.93597],"to":[7.9267,10.81216,8.06407],"rotation":{"angle":0,"axis":"y","origin":[7.6047,10.62825,8]},"faces":{"east":{"uv":[9,8,10,16],"rotation":90,"texture":"#2"},"west":{"uv":[9,8,10,16],"rotation":90,"texture":"#2"},"up":{"uv":[6,0,10,16],"rotation":90,"texture":"#4"}}},{"from":[7.54067,10.44416,7.678],"to":[7.66877,10.81216,8.322],"rotation":{"angle":0,"axis":"y","origin":[7.6047,10.62825,8]},"faces":{"north":{"uv":[9,8,10,16],"rotation":90,"texture":"#2"},"south":{"uv":[9,8,10,16],"rotation":90,"texture":"#2"},"up":{"uv":[5,0,9,16],"texture":"#4"}}},{"from":[7.2827,10.44425,7.93595],"to":[7.9267,10.81225,8.06405],"rotation":{"angle":-22.5,"axis":"y","origin":[7.6047,10.62825,8]},"faces":{"east":{"uv":[9,8,10,16],"rotation":90,"texture":"#2"},"west":{"uv":[9,8,10,16],"rotation":90,"texture":"#2"},"up":{"uv":[4,0,8,16],"rotation":270,"texture":"#4"}}},{"from":[7.2827,10.44425,7.93595],"to":[7.9267,10.81225,8.06405],"rotation":{"angle":22.5,"axis":"y","origin":[7.6047,10.62825,8]},"faces":{"east":{"uv":[9,8,10,16],"rotation":90,"texture":"#2"},"west":{"uv":[9,8,10,16],"rotation":90,"texture":"#2"},"up":{"uv":[4,0,8,16],"rotation":90,"texture":"#4"}}},{"from":[7.54065,10.44434,7.678],"to":[7.66875,10.81234,8.322],"rotation":{"angle":45,"axis":"y","origin":[7.6047,10.62825,8]},"faces":{"north":{"uv":[9,8,10,16],"rotation":90,"texture":"#2"},"south":{"uv":[9,8,10,16],"rotation":90,"texture":"#2"},"up":{"uv":[5,0,9,16],"texture":"#4"}}},{"from":[7.54065,10.44434,7.678],"to":[7.66875,10.81234,8.322],"rotation":{"angle":-45,"axis":"y","origin":[7.6047,10.62825,8]},"faces":{"north":{"uv":[9,8,10,16],"rotation":90,"texture":"#2"},"south":{"uv":[9,8,10,16],"rotation":90,"texture":"#2"},"up":{"uv":[6,0,10,16],"texture":"#4"}}},{"from":[7.54065,10.44425,7.678],"to":[7.66875,10.81225,8.322],"rotation":{"angle":22.5,"axis":"y","origin":[7.6047,10.62825,8]},"faces":{"north":{"uv":[9,8,10,16],"rotation":90,"texture":"#2"},"south":{"uv":[9,8,10,16],"rotation":90,"texture":"#2"},"up":{"uv":[4,0,8,16],"texture":"#4"}}},{"from":[7.54065,10.44425,7.678],"to":[7.66875,10.81225,8.322],"rotation":{"angle":-22.5,"axis":"y","origin":[7.6047,10.62825,8]},"faces":{"north":{"uv":[9,8,10,16],"rotation":90,"texture":"#2"},"south":{"uv":[9,8,10,16],"rotation":90,"texture":"#2"},"up":{"uv":[4,0,8,16],"texture":"#4"}}},{"from":[7.2827,9.80506,8.6302],"to":[7.9267,9.93316,8.9982],"rotation":{"angle":0,"axis":"z","origin":[7.6047,9.86911,8.81429]},"faces":{"east":{"uv":[9,8,10,16],"texture":"#2"},"south":{"uv":[4,0,8,16],"rotation":90,"texture":"#4"},"west":{"uv":[9,8,10,16],"rotation":180,"texture":"#2"}}},{"from":[7.2827,9.80506,8.63029],"to":[7.9267,9.93316,8.99829],"rotation":{"angle":22.5,"axis":"z","origin":[7.6047,9.86911,8.81429]},"faces":{"east":{"uv":[9,8,10,16],"texture":"#2"},"south":{"uv":[4,0,8,16],"rotation":90,"texture":"#4"},"west":{"uv":[9,8,10,16],"rotation":180,"texture":"#2"}}},{"from":[7.2827,9.80506,8.63011],"to":[7.9267,9.93316,8.99811],"rotation":{"angle":45,"axis":"z","origin":[7.6047,9.86911,8.81429]},"faces":{"east":{"uv":[9,8,10,16],"texture":"#2"},"south":{"uv":[4,0,8,16],"rotation":90,"texture":"#4"},"west":{"uv":[9,8,10,16],"rotation":180,"texture":"#2"}}},{"from":[7.2827,9.80506,8.63029],"to":[7.9267,9.93316,8.99829],"rotation":{"angle":-22.5,"axis":"z","origin":[7.6047,9.86911,8.81429]},"faces":{"east":{"uv":[9,8,10,16],"texture":"#2"},"south":{"uv":[5,0,9,16],"rotation":270,"texture":"#4"},"west":{"uv":[9,8,10,16],"rotation":180,"texture":"#2"}}},{"from":[7.54065,9.54711,8.63011],"to":[7.66875,10.19111,8.99811],"rotation":{"angle":45,"axis":"z","origin":[7.6047,9.86911,8.81429]},"faces":{"south":{"uv":[4,0,8,16],"texture":"#4"},"up":{"uv":[9,8,10,16],"rotation":270,"texture":"#2"},"down":{"uv":[9,8,10,16],"rotation":90,"texture":"#2"}}},{"from":[7.54065,9.54711,8.6302],"to":[7.66875,10.19111,8.9982],"rotation":{"angle":-22.5,"axis":"z","origin":[7.6047,9.86911,8.81429]},"faces":{"south":{"uv":[8,0,12,16],"texture":"#4"},"up":{"uv":[9,8,10,16],"rotation":270,"texture":"#2"},"down":{"uv":[9,8,10,16],"rotation":90,"texture":"#2"}}},{"from":[7.54065,9.54711,8.6302],"to":[7.66875,10.19111,8.9982],"rotation":{"angle":22.5,"axis":"z","origin":[7.6047,9.86911,8.81429]},"faces":{"south":{"uv":[5,0,9,16],"texture":"#4"},"up":{"uv":[9,8,10,16],"rotation":270,"texture":"#2"},"down":{"uv":[9,8,10,16],"rotation":90,"texture":"#2"}}},{"from":[7.524,9.6851,7.09371],"to":[7.67643,10.0531,7.46171],"rotation":{"angle":0,"axis":"z","origin":[7.60022,9.8691,7.27771]},"faces":{"north":{"uv":[1,0,0,1],"rotation":180,"texture":"#0"},"up":{"uv":[1,0,0,1],"rotation":270,"texture":"#1"},"down":{"uv":[1,0,0,1],"rotation":90,"texture":"#1"}}},{"from":[7.41622,9.79289,7.09371],"to":[7.78422,9.94533,7.46171],"rotation":{"angle":0,"axis":"z","origin":[7.60022,9.8691,7.27771]},"faces":{"north":{"uv":[1,0,0,1],"rotation":90,"texture":"#0"},"east":{"uv":[1,0,0,1],"texture":"#1"},"west":{"uv":[1,0,0,1],"rotation":180,"texture":"#1"}}},{"from":[7.524,9.6851,7.09371],"to":[7.67643,10.0531,7.46171],"rotation":{"angle":45,"axis":"z","origin":[7.60022,9.8691,7.27771]},"faces":{"north":{"uv":[1,0,0,1],"rotation":180,"texture":"#0"},"up":{"uv":[1,0,0,1],"rotation":270,"texture":"#1"},"down":{"uv":[1,0,0,1],"rotation":90,"texture":"#1"}}},{"from":[7.524,9.6851,7.09371],"to":[7.67643,10.0531,7.46171],"rotation":{"angle":-45,"axis":"z","origin":[7.60022,9.8691,7.27771]},"faces":{"north":{"uv":[1,0,0,1],"rotation":180,"texture":"#0"},"up":{"uv":[1,0,0,1],"rotation":270,"texture":"#1"},"down":{"uv":[1,0,0,1],"rotation":90,"texture":"#1"}}},{"from":[5.178,10.42484,7.84811],"to":[6.21576,10.57756,8.15189],"rotation":{"angle":-22.5,"axis":"x","origin":[5.60488,9.81396,8]},"faces":{"east":{"uv":[14,12,16,13],"rotation":90,"texture":"#0"},"west":{"uv":[10,10,16,11],"rotation":90,"texture":"#1"},"up":{"uv":[13,5,14,6],"rotation":90,"texture":"#0"},"down":{"uv":[15.99,6,15.99,7],"texture":"#0"}}},{"from":[5.178,10.42484,7.84811],"to":[6.21576,10.57756,8.15189],"rotation":{"angle":-45,"axis":"x","origin":[5.60488,9.81396,8]},"faces":{"east":{"uv":[0.01,0.01,0.01,0.01],"rotation":270,"texture":"#0"},"west":{"uv":[10,10,16,11],"rotation":90,"texture":"#1"},"up":{"uv":[14,5,16,6],"rotation":270,"texture":"#0"},"down":{"uv":[15.99,6,15.99,7],"texture":"#0"}}},{"from":[5.178,9.66207,7.2364],"to":[6.21576,9.96585,7.38912],"rotation":{"angle":22.5,"axis":"x","origin":[5.60488,9.81396,8]},"faces":{"north":{"uv":[15,5,16,6],"rotation":270,"texture":"#0"},"east":{"uv":[10,10,11,11],"texture":"#1"},"south":{"uv":[15.99,6,15.99,7],"texture":"#0"},"west":{"uv":[10,10,16,11],"texture":"#1"}}},{"from":[5.178,9.66207,7.2364],"to":[6.21576,9.96585,7.38912],"rotation":{"angle":0,"axis":"y","origin":[14.539,7.065,8]},"faces":{"north":{"uv":[5,13,7,14],"rotation":270,"texture":"#1"},"east":{"uv":[11,10,12,11],"rotation":180,"texture":"#1"},"south":{"uv":[15.99,6,15.99,7],"rotation":90,"texture":"#0"},"west":{"uv":[10,10,16,11],"texture":"#1"}}},{"from":[5.178,9.66207,7.2364],"to":[6.21576,9.96585,7.38912],"rotation":{"angle":-22.5,"axis":"x","origin":[5.60488,9.81396,8]},"faces":{"north":{"uv":[4,13,6,14],"rotation":270,"texture":"#1"},"east":{"uv":[0.01,0.01,0.01,0.01],"rotation":180,"texture":"#1"},"south":{"uv":[15.99,6,15.99,7],"rotation":90,"texture":"#0"},"west":{"uv":[10,10,16,11],"texture":"#1"}}},{"from":[5.178,9.05036,7.84811],"to":[6.21576,9.20308,8.15189],"rotation":{"angle":45,"axis":"x","origin":[5.60488,9.81396,8]},"faces":{"east":{"uv":[0.01,0.01,0.01,0.01],"rotation":270,"texture":"#1"},"west":{"uv":[10,10,16,11],"rotation":270,"texture":"#1"},"up":{"uv":[15.99,6,15.99,7],"rotation":90,"texture":"#0"},"down":{"uv":[2,13,4,14],"rotation":90,"texture":"#1"}}},{"from":[5.178,9.05036,7.84811],"to":[6.21576,9.20308,8.15189],"rotation":{"angle":22.5,"axis":"x","origin":[5.60488,9.81396,8]},"faces":{"east":{"uv":[0.01,0.01,0.01,0.01],"rotation":270,"texture":"#1"},"west":{"uv":[10,10,16,11],"rotation":270,"texture":"#1"},"up":{"uv":[15.99,6,15.99,7],"rotation":90,"texture":"#0"},"down":{"uv":[15.99,7,15.99,8],"texture":"#1"}}},{"from":[5.178,9.05036,7.84811],"to":[6.21576,9.20308,8.15189],"rotation":{"angle":0,"axis":"y","origin":[14.539,7.065,8]},"faces":{"east":{"uv":[0.01,0.01,0.01,0.01],"rotation":270,"texture":"#1"},"west":{"uv":[10,10,16,11],"rotation":270,"texture":"#1"},"up":{"uv":[15.99,6,15.99,7],"rotation":90,"texture":"#0"},"down":{"uv":[1,13,1,14],"texture":"#1"}}},{"from":[5.178,9.05036,7.84811],"to":[6.21576,9.20308,8.15189],"rotation":{"angle":-22.5,"axis":"x","origin":[5.60488,9.81396,8]},"faces":{"east":{"uv":[0.01,0.01,0.01,0.01],"rotation":270,"texture":"#1"},"west":{"uv":[10,10,16,11],"rotation":270,"texture":"#1"},"up":{"uv":[15.99,6,15.99,7],"rotation":90,"texture":"#0"},"down":{"uv":[2,13,4,14],"rotation":270,"texture":"#1"}}},{"from":[5.178,9.05036,7.84811],"to":[6.21576,9.20308,8.15189],"rotation":{"angle":-45,"axis":"x","origin":[5.60488,9.81396,8]},"faces":{"east":{"uv":[0.01,0.01,0.01,0.01],"rotation":270,"texture":"#1"},"west":{"uv":[10,10,16,11],"rotation":270,"texture":"#1"},"up":{"uv":[15.99,6,15.99,7],"rotation":90,"texture":"#0"},"down":{"uv":[3,13,4,14],"texture":"#1"}}},{"from":[5.178,9.66207,8.61088],"to":[6.21576,9.96585,8.7636],"rotation":{"angle":22.5,"axis":"x","origin":[5.60488,9.81396,8]},"faces":{"north":{"uv":[15.99,6,15.99,7],"rotation":270,"texture":"#0"},"east":{"uv":[0.01,0.01,0.01,0.01],"texture":"#1"},"south":{"uv":[3,13,5,14],"rotation":270,"texture":"#1"},"west":{"uv":[10,10,16,11],"rotation":180,"texture":"#1"}}},{"from":[5.178,9.66207,8.61088],"to":[6.21576,9.96585,8.7636],"rotation":{"angle":0,"axis":"y","origin":[14.539,7.065,8]},"faces":{"north":{"uv":[15.99,6,15.99,7],"rotation":180,"texture":"#0"},"east":{"uv":[11,10,12,11],"rotation":180,"texture":"#1"},"south":{"uv":[4,13,7,14],"rotation":270,"texture":"#1"},"west":{"uv":[10,10,16,11],"rotation":180,"texture":"#1"}}},{"from":[5.178,9.66207,8.61088],"to":[6.21576,9.96585,8.7636],"rotation":{"angle":-22.5,"axis":"x","origin":[5.60488,9.81396,8]},"faces":{"north":{"uv":[15.99,6,15.99,7],"rotation":180,"texture":"#0"},"east":{"uv":[10,10,11,11],"rotation":180,"texture":"#1"},"south":{"uv":[14,5,16,6],"rotation":90,"texture":"#0"},"west":{"uv":[10,10,16,11],"rotation":180,"texture":"#1"}}},{"from":[5.178,10.42484,7.84811],"to":[6.21576,10.57756,8.15189],"rotation":{"angle":45,"axis":"x","origin":[5.60488,9.81396,8]},"faces":{"east":{"uv":[0,0,1,1],"rotation":270,"texture":"#0"},"west":{"uv":[10,10,16,11],"rotation":90,"texture":"#1"},"up":{"uv":[15.99,6,15.99,7],"rotation":90,"texture":"#0"},"down":{"uv":[15.99,6,15.99,7],"texture":"#0"}}},{"from":[5.178,10.42484,7.84811],"to":[6.21576,10.57756,8.15189],"rotation":{"angle":22.5,"axis":"x","origin":[5.60488,9.81396,8]},"faces":{"east":{"uv":[14,10,16,11],"rotation":90,"texture":"#0"},"west":{"uv":[10,10,16,11],"rotation":90,"texture":"#1"},"up":{"uv":[15.99,5,15.99,6],"rotation":270,"texture":"#0"},"down":{"uv":[15.99,6,15.99,7],"texture":"#0"}}},{"from":[5.178,10.42484,7.84811],"to":[6.21576,10.57756,8.15189],"rotation":{"angle":0,"axis":"y","origin":[14.539,7.065,8]},"faces":{"east":{"uv":[13,9,16,10],"rotation":90,"texture":"#0"},"west":{"uv":[10,10,16,11],"rotation":90,"texture":"#1"},"up":{"uv":[15,0,16,1],"texture":"#0"},"down":{"uv":[15.99,6,15.99,7],"texture":"#0"}}},{"from":[5.2976,10.34848,7.8785],"to":[10.56276,10.42484,8.1215],"rotation":{"angle":0,"axis":"y","origin":[13.159,7.065,8]},"faces":{"east":{"uv":[0.01,0.01,0.01,0.01],"rotation":270,"texture":"#1"},"west":{"uv":[15,10,16,11],"rotation":90,"texture":"#1"},"up":{"uv":[15,0,16,1],"rotation":90,"texture":"#0"},"down":{"uv":[1,13,2,14],"texture":"#1"}}},{"from":[5.2976,10.34848,7.8785],"to":[10.56276,10.42484,8.1215],"rotation":{"angle":22.5,"axis":"x","origin":[4.98848,9.81396,8]},"faces":{"east":{"uv":[0.01,0.01,0.01,0.01],"rotation":270,"texture":"#1"},"west":{"uv":[15,10,16,11],"rotation":90,"texture":"#1"},"up":{"uv":[15.99,6,15.99,7],"rotation":90,"texture":"#0"},"down":{"uv":[3,13,4,14],"texture":"#1"}}},{"from":[5.2976,10.34848,7.8785],"to":[10.56276,10.51684,8.1215],"rotation":{"angle":45,"axis":"x","origin":[4.98848,9.81396,8]},"faces":{"north":{"uv":[9,0,10,1],"texture":"#0"},"east":{"uv":[0.01,0.01,0.01,0.01],"rotation":270,"texture":"#1"},"south":{"uv":[0,0,1,1],"texture":"#1"},"west":{"uv":[15,10,16,11],"rotation":90,"texture":"#1"},"up":{"uv":[10,8,11,11],"rotation":180,"texture":"#0"},"down":{"uv":[3,13,4,14],"texture":"#1"}}},{"from":[7.2756,10.34848,7.8095],"to":[7.9472,10.56284,8.1905],"rotation":{"angle":45,"axis":"x","origin":[3.97648,9.81396,8]},"faces":{"east":{"uv":[0.01,0.01,0.01,0.01],"rotation":270,"texture":"#1"},"west":{"uv":[15,10,16,11],"rotation":90,"texture":"#1"},"up":{"uv":[0,0,1,1],"rotation":90,"texture":"#1"}}},{"from":[7.2756,10.34848,7.8095],"to":[7.9472,10.56284,8.1905],"rotation":{"angle":-45,"axis":"x","origin":[3.97648,9.81396,8]},"faces":{"east":{"uv":[0.01,0.01,0.01,0.01],"rotation":270,"texture":"#1"},"west":{"uv":[15,11,16,10],"rotation":90,"texture":"#1"},"up":{"uv":[1,0,0,1],"rotation":90,"texture":"#1"}}},{"from":[7.2756,9.06416,7.5105],"to":[7.9472,9.27852,8.1905],"rotation":{"angle":-45,"axis":"x","origin":[3.97648,9.81304,8]},"faces":{"east":{"uv":[0.01,0.01,0.01,0.01],"rotation":270,"texture":"#1"},"west":{"uv":[16,10,15,11],"rotation":90,"texture":"#1"},"down":{"uv":[0,0,1,1],"rotation":90,"texture":"#1"}}},{"from":[7.2756,9.06416,7.8095],"to":[7.9472,9.27852,8.4895],"rotation":{"angle":45,"axis":"x","origin":[3.97648,9.81304,8]},"faces":{"east":{"uv":[0.01,0.01,0.01,0.01],"rotation":270,"texture":"#1"},"west":{"uv":[16,11,15,10],"rotation":90,"texture":"#1"},"down":{"uv":[1,0,0,1],"rotation":90,"texture":"#1"}}},{"from":[5.2976,9.69246,8.53452],"to":[10.56276,9.93546,8.61088],"rotation":{"angle":-22.5,"axis":"x","origin":[4.98848,9.81396,8]},"faces":{"north":{"uv":[4,13,5,14],"rotation":180,"texture":"#1"},"east":{"uv":[0.01,0.01,0.01,0.01],"rotation":180,"texture":"#1"},"south":{"uv":[6,13,7,14],"rotation":90,"texture":"#1"},"west":{"uv":[15,10,16,11],"rotation":180,"texture":"#1"}}},{"from":[10.7256,9.78446,7.97051],"to":[10.93076,9.84343,8.02949],"rotation":{"angle":0,"axis":"x","origin":[7.93018,9.81394,8]},"faces":{"west":{"uv":[6,5,10,9],"rotation":180,"texture":"#3"}}},{"from":[5.2976,9.69246,8.53452],"to":[10.56276,9.93546,8.61088],"rotation":{"angle":22.5,"axis":"x","origin":[4.98848,9.81396,8]},"faces":{"north":{"uv":[4,13,5,14],"rotation":180,"texture":"#1"},"east":{"uv":[0.01,0.01,0.01,0.01],"rotation":180,"texture":"#1"},"south":{"uv":[5,13,7,14],"rotation":270,"texture":"#1"},"west":{"uv":[15,10,16,11],"rotation":180,"texture":"#1"}}},{"from":[5.2976,9.69246,8.53452],"to":[10.56276,9.93546,8.61088],"rotation":{"angle":0,"axis":"y","origin":[13.159,7.065,8]},"faces":{"north":{"uv":[4,13,5,14],"rotation":180,"texture":"#1"},"east":{"uv":[0.01,0.01,0.01,0.01],"rotation":180,"texture":"#1"},"south":{"uv":[6,13,7,14],"rotation":90,"texture":"#1"},"west":{"uv":[15,10,16,11],"rotation":180,"texture":"#1"}}},{"from":[5.2976,9.20308,7.8785],"to":[10.56276,9.27944,8.1215],"rotation":{"angle":-45,"axis":"x","origin":[4.98848,9.81396,8]},"faces":{"east":{"uv":[0.01,0.01,0.01,0.01],"rotation":270,"texture":"#1"},"west":{"uv":[15,10,16,11],"rotation":90,"texture":"#1"},"up":{"uv":[4,13,5,14],"rotation":90,"texture":"#1"},"down":{"uv":[4,13,6,14],"rotation":270,"texture":"#1"}}},{"from":[5.2976,9.20308,7.8785],"to":[10.56276,9.27944,8.1215],"rotation":{"angle":-22.5,"axis":"x","origin":[4.98848,9.81396,8]},"faces":{"east":{"uv":[0.01,0.01,0.01,0.01],"rotation":270,"texture":"#1"},"west":{"uv":[15,10,16,11],"rotation":90,"texture":"#1"},"up":{"uv":[5,13,6,14],"rotation":90,"texture":"#1"},"down":{"uv":[2,13,4,14],"rotation":270,"texture":"#1"}}},{"from":[5.2976,9.20308,7.8785],"to":[10.56276,9.27944,8.1215],"rotation":{"angle":0,"axis":"y","origin":[13.159,7.065,8]},"faces":{"east":{"uv":[0.01,0.01,0.01,0.01],"rotation":270,"texture":"#1"},"west":{"uv":[15,10,16,11],"rotation":90,"texture":"#1"},"up":{"uv":[6,13,7,14],"rotation":90,"texture":"#1"},"down":{"uv":[1,13,2,14],"texture":"#1"}}},{"from":[5.2976,9.20308,7.8785],"to":[10.56276,9.27944,8.1215],"rotation":{"angle":22.5,"axis":"x","origin":[4.98848,9.81396,8]},"faces":{"east":{"uv":[0.01,0.01,0.01,0.01],"rotation":270,"texture":"#1"},"west":{"uv":[15,10,16,11],"rotation":90,"texture":"#1"},"up":{"uv":[5,13,6,14],"rotation":90,"texture":"#1"},"down":{"uv":[3,13,5,14],"rotation":90,"texture":"#1"}}},{"from":[5.2976,9.20308,7.8785],"to":[10.56276,9.27944,8.1215],"rotation":{"angle":45,"axis":"x","origin":[4.98848,9.81396,8]},"faces":{"east":{"uv":[0.01,0.01,0.01,0.01],"rotation":270,"texture":"#1"},"west":{"uv":[15,10,16,11],"rotation":90,"texture":"#1"},"up":{"uv":[4,13,5,14],"rotation":90,"texture":"#1"},"down":{"uv":[4,13,6,14],"rotation":90,"texture":"#1"}}},{"from":[5.2976,9.69246,7.38912],"to":[10.56276,9.93546,7.46548],"rotation":{"angle":-22.5,"axis":"x","origin":[4.98848,9.81396,8]},"faces":{"north":{"uv":[5,13,7,14],"rotation":270,"texture":"#1"},"east":{"uv":[0.01,0.01,0.01,0.01],"rotation":180,"texture":"#1"},"south":{"uv":[4,13,5,14],"rotation":90,"texture":"#1"},"west":{"uv":[15,10,16,11],"rotation":180,"texture":"#1"}}},{"from":[5.2976,9.69246,7.38912],"to":[10.56276,9.93546,7.46548],"rotation":{"angle":0,"axis":"y","origin":[13.159,7.065,8]},"faces":{"north":{"uv":[6,13,7,14],"rotation":180,"texture":"#1"},"east":{"uv":[0.01,0.01,0.01,0.01],"rotation":180,"texture":"#1"},"south":{"uv":[4,13,5,14],"rotation":90,"texture":"#1"},"west":{"uv":[15,10,16,11],"rotation":180,"texture":"#1"}}},{"from":[5.2976,9.69246,7.38912],"to":[10.56276,9.93546,7.46548],"rotation":{"angle":22.5,"axis":"x","origin":[4.98848,9.81396,8]},"faces":{"north":{"uv":[6,13,7,14],"rotation":90,"texture":"#1"},"east":{"uv":[0.01,0.01,0.01,0.01],"rotation":180,"texture":"#1"},"south":{"uv":[4,13,5,14],"rotation":90,"texture":"#1"},"west":{"uv":[15,10,16,11],"rotation":180,"texture":"#1"}}},{"from":[5.2976,10.34848,7.8785],"to":[10.56276,10.42484,8.1215],"rotation":{"angle":-45,"axis":"x","origin":[4.98848,9.81396,8]},"faces":{"east":{"uv":[0.01,0.01,0.01,0.01],"rotation":270,"texture":"#1"},"west":{"uv":[15,10,16,11],"rotation":90,"texture":"#1"},"up":{"uv":[14,5,16,6],"rotation":270,"texture":"#0"},"down":{"uv":[3,13,4,14],"texture":"#1"}}},{"from":[5.2976,10.34848,7.8785],"to":[10.56276,10.42484,8.1215],"rotation":{"angle":-22.5,"axis":"x","origin":[4.98848,9.81396,8]},"faces":{"east":{"uv":[0.01,0.01,0.01,0.01],"rotation":270,"texture":"#1"},"west":{"uv":[15,10,16,11],"rotation":90,"texture":"#1"},"up":{"uv":[15.99,6,15.99,7],"rotation":90,"texture":"#0"},"down":{"uv":[3,13,4,14],"texture":"#1"}}},{"from":[9.3824,10.42484,7.84811],"to":[10.88016,10.57756,8.15189],"rotation":{"angle":0,"axis":"y","origin":[12.331,7.065,8]},"faces":{"east":{"uv":[0.01,0.01,0.01,0.01],"rotation":270,"texture":"#1"},"west":{"uv":[10,10,16,11],"rotation":90,"texture":"#1"},"up":{"uv":[15.99,0,15.99,1],"rotation":90,"texture":"#0"},"down":{"uv":[1,13,2,14],"texture":"#1"}}},{"from":[10.4404,10.33284,7.81775],"to":[11.77716,10.48556,8.18225],"rotation":{"angle":22.5,"axis":"z","origin":[10.26928,10.5012,7.96964]},"faces":{"north":{"uv":[0,0,1,1],"texture":"#0"},"east":{"uv":[0.01,0.01,0.01,0.01],"rotation":270,"texture":"#1"},"south":{"uv":[0,0,1,1],"texture":"#0"},"west":{"uv":[10,10,16,11],"rotation":90,"texture":"#1"},"up":{"uv":[12,8,13,11],"rotation":180,"texture":"#0"}}},{"from":[9.3824,10.42484,7.84811],"to":[10.88016,10.57756,8.15189],"rotation":{"angle":22.5,"axis":"x","origin":[10.26928,9.81396,8]},"faces":{"east":{"uv":[0.01,0.01,0.01,0.01],"rotation":270,"texture":"#1"},"west":{"uv":[10,10,16,11],"rotation":90,"texture":"#1"},"up":{"uv":[15.99,6,15.99,7],"rotation":90,"texture":"#0"},"down":{"uv":[3,13,4,14],"texture":"#1"}}},{"from":[9.3824,10.42484,7.84811],"to":[10.88016,10.57756,8.15189],"rotation":{"angle":45,"axis":"x","origin":[10.26928,9.81396,8]},"faces":{"east":{"uv":[0.01,0.01,0.01,0.01],"rotation":270,"texture":"#1"},"west":{"uv":[10,10,16,11],"rotation":90,"texture":"#1"},"up":{"uv":[14,5,16,6],"rotation":90,"texture":"#0"},"down":{"uv":[3,13,4,14],"texture":"#1"}}},{"from":[9.3824,9.66207,8.61088],"to":[10.88016,9.96585,8.7636],"rotation":{"angle":-22.5,"axis":"x","origin":[10.26928,9.81396,8]},"faces":{"north":{"uv":[4,13,5,14],"rotation":180,"texture":"#1"},"east":{"uv":[0.01,0.01,0.01,0.01],"rotation":180,"texture":"#1"},"south":{"uv":[6,13,7,14],"rotation":90,"texture":"#1"},"west":{"uv":[10,10,16,11],"rotation":180,"texture":"#1"}}},{"from":[9.3824,9.66207,8.61088],"to":[10.88016,9.96585,8.7636],"rotation":{"angle":0,"axis":"y","origin":[12.331,7.065,8]},"faces":{"north":{"uv":[4,13,5,14],"rotation":180,"texture":"#1"},"east":{"uv":[0.01,0.01,0.01,0.01],"rotation":180,"texture":"#1"},"south":{"uv":[6,13,7,14],"rotation":90,"texture":"#1"},"west":{"uv":[10,10,16,11],"rotation":180,"texture":"#1"}}},{"from":[9.3824,9.66207,8.61088],"to":[10.88016,9.96585,8.7636],"rotation":{"angle":22.5,"axis":"x","origin":[10.26928,9.81396,8]},"faces":{"north":{"uv":[4,13,5,14],"rotation":270,"texture":"#1"},"east":{"uv":[0.01,0.01,0.01,0.01],"texture":"#1"},"south":{"uv":[4,13,7,14],"rotation":270,"texture":"#1"},"west":{"uv":[10,10,16,11],"rotation":180,"texture":"#1"}}},{"from":[9.3824,9.05036,7.84811],"to":[10.88016,9.20308,8.15189],"rotation":{"angle":-45,"axis":"x","origin":[10.26928,9.81396,8]},"faces":{"east":{"uv":[0.01,0.01,0.01,0.01],"rotation":270,"texture":"#1"},"west":{"uv":[10,10,16,11],"rotation":270,"texture":"#1"},"up":{"uv":[4,13,5,14],"rotation":90,"texture":"#1"},"down":{"uv":[13,10,14,11],"texture":"#1"}}},{"from":[9.3824,9.05036,7.84811],"to":[10.88016,9.20308,8.15189],"rotation":{"angle":0,"axis":"y","origin":[12.331,7.065,8]},"faces":{"east":{"uv":[0.01,0.01,0.01,0.01],"rotation":270,"texture":"#1"},"west":{"uv":[10,10,16,11],"rotation":270,"texture":"#1"},"up":{"uv":[6,13,7,14],"rotation":90,"texture":"#1"},"down":{"uv":[15.99,6,15.99,7],"texture":"#1"}}},{"from":[9.3824,9.05036,7.84811],"to":[10.88016,9.20308,8.15189],"rotation":{"angle":-22.5,"axis":"x","origin":[10.26928,9.81396,8]},"faces":{"east":{"uv":[0.01,0.01,0.01,0.01],"rotation":270,"texture":"#1"},"west":{"uv":[10,10,16,11],"rotation":270,"texture":"#1"},"up":{"uv":[5,13,6,14],"rotation":90,"texture":"#1"},"down":{"uv":[15.99,6,15.99,7],"texture":"#1"}}},{"from":[9.3824,9.05036,7.84811],"to":[10.88016,9.20308,8.15189],"rotation":{"angle":22.5,"axis":"x","origin":[10.26928,9.81396,8]},"faces":{"east":{"uv":[0.01,0.01,0.01,0.01],"rotation":270,"texture":"#1"},"west":{"uv":[10,10,16,11],"rotation":270,"texture":"#1"},"up":{"uv":[5,13,6,14],"rotation":90,"texture":"#1"},"down":{"uv":[15.99,6,15.99,7],"texture":"#1"}}},{"from":[9.3824,9.05036,7.84811],"to":[10.88016,9.20308,8.15189],"rotation":{"angle":45,"axis":"x","origin":[10.26928,9.81396,8]},"faces":{"east":{"uv":[0.01,0.01,0.01,0.01],"rotation":270,"texture":"#1"},"west":{"uv":[10,10,16,11],"rotation":270,"texture":"#1"},"up":{"uv":[4,13,5,14],"rotation":90,"texture":"#1"},"down":{"uv":[13,10,14,11],"texture":"#1"}}},{"from":[9.3824,9.66207,7.2364],"to":[10.88016,9.96585,7.38912],"rotation":{"angle":-22.5,"axis":"x","origin":[10.26928,9.81396,8]},"faces":{"north":{"uv":[4,13,5,14],"rotation":180,"texture":"#1"},"east":{"uv":[0.01,0.01,0.01,0.01],"rotation":180,"texture":"#1"},"south":{"uv":[4,13,5,14],"rotation":90,"texture":"#1"},"west":{"uv":[10,10,16,11],"texture":"#1"}}},{"from":[9.3824,9.66207,7.2364],"to":[10.88016,9.96585,7.38912],"rotation":{"angle":0,"axis":"y","origin":[12.331,7.065,8]},"faces":{"north":{"uv":[4,13,6,14],"rotation":270,"texture":"#1"},"east":{"uv":[0.01,0.01,0.01,0.01],"rotation":180,"texture":"#1"},"south":{"uv":[4,13,5,14],"rotation":90,"texture":"#1"},"west":{"uv":[10,10,16,11],"texture":"#1"}}},{"from":[9.3824,9.66207,7.2364],"to":[10.88016,9.96585,7.38912],"rotation":{"angle":22.5,"axis":"x","origin":[10.26928,9.81396,8]},"faces":{"north":{"uv":[5,13,7,14],"rotation":270,"texture":"#1"},"east":{"uv":[0.01,0.01,0.01,0.01],"texture":"#1"},"south":{"uv":[4,13,5,14],"texture":"#1"},"west":{"uv":[10,10,16,11],"texture":"#1"}}},{"from":[9.3824,10.42484,7.84811],"to":[10.88016,10.57756,8.15189],"rotation":{"angle":-45,"axis":"x","origin":[10.26928,9.81396,8]},"faces":{"east":{"uv":[0.01,0.01,0.01,0.01],"rotation":270,"texture":"#1"},"west":{"uv":[10,10,16,11],"rotation":90,"texture":"#1"},"up":{"uv":[14,5,16,6],"rotation":270,"texture":"#0"},"down":{"uv":[3,13,4,14],"texture":"#1"}}},{"from":[9.3824,10.42484,7.84811],"to":[10.88016,10.57756,8.15189],"rotation":{"angle":-22.5,"axis":"x","origin":[10.26928,9.81396,8]},"faces":{"east":{"uv":[0.01,0.01,0.01,0.01],"rotation":270,"texture":"#1"},"west":{"uv":[10,10,16,11],"rotation":90,"texture":"#1"},"up":{"uv":[15.99,6,15.99,7],"rotation":90,"texture":"#0"},"down":{"uv":[3,13,4,14],"texture":"#1"}}},{"from":[10.88016,10.57756,7.81773],"to":[11.96392,10.73028,8.18227],"rotation":{"angle":0,"axis":"y","origin":[12.331,7.065,8]},"faces":{"east":{"uv":[0.01,0.01,0.01,0.01],"rotation":270,"texture":"#1"},"west":{"uv":[10,10,16,11],"rotation":90,"texture":"#1"},"up":{"uv":[15.99,0,15.99,5],"rotation":270,"texture":"#0"},"down":{"uv":[1,13,2,14],"texture":"#1"}}},{"from":[11.57439,10.77911,7.81773],"to":[12.03439,11.11491,8.18223],"rotation":{"angle":-22.5,"axis":"z","origin":[11.49251,10.85547,8]},"faces":{"north":{"uv":[0,0,1,1],"texture":"#0"},"east":{"uv":[0.01,0.01,0.01,0.01],"rotation":270,"texture":"#1"},"south":{"uv":[0,0,1,1],"texture":"#0"},"west":{"uv":[3,3,4,4],"rotation":90,"texture":"#0"},"up":{"uv":[15.99,0,15.99,5],"rotation":270,"texture":"#0"}}},{"from":[11.20363,10.68711,7.81773],"to":[11.57439,10.83983,8.18223],"rotation":{"angle":22.5,"axis":"z","origin":[11.49251,10.85547,8]},"faces":{"north":{"uv":[0,0,1,1],"texture":"#0"},"south":{"uv":[0,0,1,1],"texture":"#0"}}},{"from":[10.88016,10.57756,7.81773],"to":[11.96392,10.73028,8.18227],"rotation":{"angle":-22.5,"axis":"x","origin":[11.49104,9.81396,8]},"faces":{"east":{"uv":[0.01,0.01,0.01,0.01],"rotation":270,"texture":"#1"},"west":{"uv":[10,10,16,11],"rotation":90,"texture":"#1"},"up":{"uv":[14,5,15,6],"rotation":90,"texture":"#0"},"down":{"uv":[3,13,4,14],"texture":"#1"}}},{"from":[10.88016,10.57756,7.81773],"to":[11.96392,10.73028,8.18227],"rotation":{"angle":-45,"axis":"x","origin":[11.49104,9.81396,8]},"faces":{"east":{"uv":[0.01,0.01,0.01,0.01],"rotation":270,"texture":"#1"},"west":{"uv":[10,10,16,11],"rotation":90,"texture":"#1"},"up":{"uv":[14,5,16,6],"rotation":270,"texture":"#0"},"down":{"uv":[3,13,4,14],"texture":"#1"}}},{"from":[10.88016,9.63169,7.08368],"to":[11.96392,9.99623,7.2364],"rotation":{"angle":22.5,"axis":"x","origin":[11.49104,9.81396,8]},"faces":{"north":{"uv":[5,13,7,14],"rotation":270,"texture":"#1"},"east":{"uv":[0.01,0.01,0.01,0.01],"texture":"#1"},"south":{"uv":[3,13,4,14],"texture":"#1"},"west":{"uv":[10,10,16,11],"texture":"#1"}}},{"from":[10.88016,9.63169,7.08368],"to":[11.82592,9.99623,7.2364],"rotation":{"angle":0,"axis":"y","origin":[12.331,7.065,8]},"faces":{"north":{"uv":[4,13,6,14],"rotation":270,"texture":"#1"},"east":{"uv":[0.01,0.01,0.01,0.01],"rotation":180,"texture":"#1"},"south":{"uv":[13,10,14,11],"rotation":90,"texture":"#1"},"west":{"uv":[10,10,16,11],"texture":"#1"}}},{"from":[10.88016,9.63169,7.08368],"to":[11.82592,9.99623,7.2364],"rotation":{"angle":-22.5,"axis":"x","origin":[11.49104,9.81396,8]},"faces":{"north":{"uv":[12,10,13,11],"rotation":180,"texture":"#1"},"east":{"uv":[0.01,0.01,0.01,0.01],"rotation":180,"texture":"#1"},"south":{"uv":[13,10,14,11],"rotation":90,"texture":"#1"},"west":{"uv":[10,10,16,11],"texture":"#1"},"up":{"uv":[12,10,13,11],"rotation":180,"texture":"#1"}}},{"from":[10.88016,8.89764,7.81773],"to":[11.82592,9.05036,8.18227],"rotation":{"angle":45,"axis":"x","origin":[11.49104,9.81396,8]},"faces":{"east":{"uv":[0.01,0.01,0.01,0.01],"rotation":270,"texture":"#1"},"west":{"uv":[10,10,16,11],"rotation":270,"texture":"#1"},"up":{"uv":[13,10,14,11],"rotation":90,"texture":"#1"},"down":{"uv":[2,13,4,14],"rotation":90,"texture":"#1"}}},{"from":[10.88016,8.89764,7.81773],"to":[11.82592,9.05036,8.18227],"rotation":{"angle":22.5,"axis":"x","origin":[11.49104,9.81396,8]},"faces":{"east":{"uv":[0.01,0.01,0.01,0.01],"rotation":270,"texture":"#1"},"west":{"uv":[10,10,16,11],"rotation":270,"texture":"#1"},"up":{"uv":[13,10,14,11],"rotation":90,"texture":"#1"},"down":{"uv":[1,13,2,14],"texture":"#1"}}},{"from":[10.88016,8.89764,7.81773],"to":[11.82592,9.05036,8.18227],"rotation":{"angle":0,"axis":"y","origin":[12.331,7.065,8]},"faces":{"east":{"uv":[0.01,0.01,0.01,0.01],"rotation":270,"texture":"#1"},"west":{"uv":[10,10,16,11],"rotation":270,"texture":"#1"},"up":{"uv":[13,10,14,11],"rotation":90,"texture":"#1"},"down":{"uv":[1,13,2,14],"texture":"#1"}}},{"from":[10.88016,8.89764,7.81773],"to":[11.82592,9.05036,8.18227],"rotation":{"angle":-22.5,"axis":"x","origin":[11.49104,9.81396,8]},"faces":{"east":{"uv":[0.01,0.01,0.01,0.01],"rotation":270,"texture":"#1"},"west":{"uv":[10,10,16,11],"rotation":270,"texture":"#1"},"up":{"uv":[13,10,14,11],"rotation":90,"texture":"#1"},"down":{"uv":[1,13,2,14],"texture":"#1"}}},{"from":[10.88016,8.89764,7.81773],"to":[11.82592,9.05036,8.18227],"rotation":{"angle":-45,"axis":"x","origin":[11.49104,9.81396,8]},"faces":{"east":{"uv":[0.01,0.01,0.01,0.01],"rotation":270,"texture":"#1"},"west":{"uv":[10,10,16,11],"rotation":270,"texture":"#1"},"up":{"uv":[13,10,14,11],"rotation":90,"texture":"#1"},"down":{"uv":[2,13,4,14],"rotation":270,"texture":"#1"}}},{"from":[10.88016,9.63169,8.7636],"to":[11.82592,9.99623,8.91632],"rotation":{"angle":22.5,"axis":"x","origin":[11.49104,9.81396,8]},"faces":{"north":{"uv":[13,10,14,11],"rotation":270,"texture":"#1"},"east":{"uv":[0.01,0.01,0.01,0.01],"texture":"#1"},"south":{"uv":[3,13,5,14],"rotation":270,"texture":"#1"},"west":{"uv":[10,10,16,11],"rotation":180,"texture":"#1"}}},{"from":[10.88016,9.63169,8.7636],"to":[11.82592,9.99623,8.91632],"rotation":{"angle":0,"axis":"y","origin":[12.331,7.065,8]},"faces":{"north":{"uv":[13,10,14,11],"rotation":180,"texture":"#1"},"south":{"uv":[4,13,6,14],"rotation":270,"texture":"#1"},"west":{"uv":[10,10,16,11],"rotation":180,"texture":"#1"}}},{"from":[11.7679,9.79878,7.0846],"to":[11.93166,10.18632,7.23732],"rotation":{"angle":-22.5,"axis":"z","origin":[11.45878,9.98105,7.16004]},"faces":{"north":{"uv":[5,13,6,14],"rotation":90,"texture":"#1"},"east":{"uv":[0.01,0.01,0.01,0.01],"rotation":180,"texture":"#1"},"south":{"uv":[14,10,13,11],"rotation":180,"texture":"#1"},"west":{"uv":[4,3,3,4],"rotation":180,"texture":"#0"},"up":{"uv":[0,1,1,0],"texture":"#1"}}},{"from":[11.7679,9.79878,8.76268],"to":[11.93166,10.18632,8.9154],"rotation":{"angle":-22.5,"axis":"z","origin":[11.45878,9.98105,8.83996]},"faces":{"north":{"uv":[13,10,14,11],"rotation":180,"texture":"#1"},"east":{"uv":[0.01,0.01,0.01,0.01],"rotation":180,"texture":"#1"},"south":{"uv":[5,14,6,13],"rotation":90,"texture":"#1"},"west":{"uv":[3,3,4,4],"rotation":180,"texture":"#0"},"up":{"uv":[0,0,1,1],"texture":"#1"}}},{"from":[10.88016,10.57756,7.81773],"to":[11.96392,10.73028,8.18227],"rotation":{"angle":45,"axis":"x","origin":[11.49104,9.81396,8]},"faces":{"east":{"uv":[0.01,0.01,0.01,0.01],"rotation":270,"texture":"#1"},"west":{"uv":[10,10,16,11],"rotation":90,"texture":"#1"},"up":{"uv":[14,5,16,6],"rotation":90,"texture":"#0"},"down":{"uv":[3,13,4,14],"texture":"#1"}}},{"from":[10.88016,9.63169,8.7636],"to":[11.96392,9.99623,8.91632],"rotation":{"angle":-22.5,"axis":"x","origin":[11.49104,9.81396,8]},"faces":{"north":{"uv":[13,10,14,11],"rotation":180,"texture":"#1"},"east":{"uv":[0.01,0.01,0.01,0.01],"rotation":180,"texture":"#1"},"south":{"uv":[5,13,7,14],"rotation":270,"texture":"#1"},"west":{"uv":[10,10,16,11],"rotation":180,"texture":"#1"},"down":{"uv":[0,0,1,1],"texture":"#1"}}},{"from":[10.88016,10.57756,7.81773],"to":[11.96392,10.73028,8.18227],"rotation":{"angle":22.5,"axis":"x","origin":[11.49104,9.81396,8]},"faces":{"east":{"uv":[0.01,0.01,0.01,0.01],"rotation":270,"texture":"#1"},"west":{"uv":[10,10,16,11],"rotation":90,"texture":"#1"},"up":{"uv":[15.99,6,15.99,7],"rotation":90,"texture":"#0"},"down":{"uv":[3,13,4,14],"texture":"#1"}}},{"from":[4.45,4.75,7.9],"to":[4.55,5.15,8.1],"rotation":{"angle":45,"axis":"z","origin":[4.55,5.2,8.05]},"faces":{"north":{"uv":[0,0,0.5,0.5],"texture":"#1"},"east":{"uv":[0,0,0.5,0.5],"texture":"#1"},"south":{"uv":[15,15,16,16],"texture":"#1"},"west":{"uv":[0,0,0.5,0.5],"texture":"#1"},"down":{"uv":[0,0,0.5,0.5],"texture":"#1"}}},{"from":[28.7,8.1,7.925],"to":[29.15,8.45,8.075],"rotation":{"angle":0,"axis":"z","origin":[28.925,8.275,8]},"faces":{"north":{"uv":[0,-0.09951,0.89967,11.99918],"rotation":180,"texture":"#6"},"south":{"uv":[0,0,1,12],"rotation":180,"texture":"#6"},"up":{"uv":[0,0,4,12],"rotation":90,"texture":"#6"}}},{"from":[29,8.125,7.925],"to":[29.15,8.45,8.075],"rotation":{"angle":22.5,"axis":"z","origin":[29.15,8.45,8]},"faces":{"north":{"uv":[0,-0.09951,0.89967,11.99918],"rotation":180,"texture":"#6"},"east":{"uv":[7,7,9,11],"texture":"#6"},"south":{"uv":[0,0,1,12],"rotation":180,"texture":"#6"}}},{"from":[27.9,8.1,7.925],"to":[28.7,8.45,8.075],"rotation":{"angle":22.5,"axis":"z","origin":[28.7,8.45,8]},"faces":{"north":{"uv":[0,-0.09951,0.89967,11.99918],"rotation":180,"texture":"#6"},"south":{"uv":[0,0,1,12],"rotation":180,"texture":"#6"},"up":{"uv":[0,0,4,12],"rotation":90,"texture":"#6"}}},{"from":[28.3,8.4,7.924],"to":[28.7,8.451,8.076],"rotation":{"angle":22.5,"axis":"z","origin":[28.7,8.45,7.999]},"faces":{"north":{"uv":[8,12,10.9,13],"rotation":270,"texture":"#7"},"south":{"uv":[8,12,11,13],"rotation":270,"texture":"#7"},"up":{"uv":[7,11,8,12],"rotation":90,"texture":"#7"}}},{"from":[10.75,6.025,7.91049],"to":[25.15,6.925,8.08951],"rotation":{"angle":-45,"axis":"x","origin":[21.95,6.475,8]},"faces":{"east":{"uv":[0,4,5,5],"rotation":90,"texture":"#1"},"west":{"uv":[8,9,9,10],"texture":"#1"},"up":{"uv":[0,13,2,14],"rotation":90,"texture":"#1"},"down":{"uv":[11,10,13,11],"rotation":90,"texture":"#1"}}},{"from":[10.75,6.025,7.91049],"to":[25.15,6.925,8.08951],"rotation":{"angle":-22.5,"axis":"x","origin":[21.95,6.475,8]},"faces":{"east":{"uv":[0,4,5,5],"rotation":90,"texture":"#1"},"west":{"uv":[8,9,9,10],"texture":"#1"},"up":{"uv":[0,13,1,14],"rotation":90,"texture":"#1"},"down":{"uv":[12,10,14,11],"rotation":90,"texture":"#1"}}},{"from":[10.75,6.025,7.91049],"to":[25.15,6.925,8.08951],"faces":{"east":{"uv":[0,4,5,5],"rotation":90,"texture":"#1"},"west":{"uv":[8,9,9,10],"texture":"#1"},"up":{"uv":[0,13,1,14],"rotation":90,"texture":"#1"},"down":{"uv":[15,10,16,11],"texture":"#1"}}},{"from":[10.75,6.025,7.91049],"to":[25.15,6.925,8.08951],"rotation":{"angle":22.5,"axis":"x","origin":[21.95,6.475,8]},"faces":{"east":{"uv":[0,4,5,5],"rotation":90,"texture":"#1"},"west":{"uv":[8,9,9,10],"texture":"#1"},"up":{"uv":[0,13,0.99,14],"rotation":90,"texture":"#1"},"down":{"uv":[13,10,15,11],"rotation":270,"texture":"#1"}}},{"from":[10.75,6.025,7.91049],"to":[25.15,6.925,8.08951],"rotation":{"angle":45,"axis":"x","origin":[21.95,6.475,8]},"faces":{"east":{"uv":[0,4,5,5],"rotation":90,"texture":"#1"},"west":{"uv":[8,9,9,10],"texture":"#1"},"up":{"uv":[0,14,2,14.5],"rotation":270,"texture":"#1"},"down":{"uv":[11,10,13,11],"rotation":270,"texture":"#1"}}},{"from":[10.75,6.38549,7.55],"to":[25.15,6.56451,8.45],"rotation":{"angle":-22.5,"axis":"x","origin":[21.95,6.475,8]},"faces":{"north":{"uv":[10,10,12,11],"rotation":90,"texture":"#1"},"east":{"uv":[0,4,5,5],"rotation":180,"texture":"#1"},"south":{"uv":[10,7,12,7.5],"rotation":270,"texture":"#1"},"west":{"uv":[8,9,9,10],"rotation":90,"texture":"#1"}}},{"from":[10.75,6.38549,7.55],"to":[25.15,6.56451,8.45],"faces":{"north":{"uv":[11,13,12,15],"texture":"#1"},"east":{"uv":[0,4,5,5],"texture":"#1"},"south":{"uv":[12,12,13,14],"texture":"#1"},"west":{"uv":[8,9,9,10],"rotation":270,"texture":"#1"}}},{"from":[10.75,6.38549,7.55],"to":[25.15,6.56451,8.45],"rotation":{"angle":22.5,"axis":"x","origin":[21.95,6.475,8]},"faces":{"north":{"uv":[10,7,12,8],"rotation":270,"texture":"#1"},"east":{"uv":[0,4,5,5],"texture":"#1"},"south":{"uv":[0,13,1,14],"texture":"#1"},"west":{"uv":[8,9,9,10],"rotation":270,"texture":"#1"}}},{"from":[27.65,7.9,7.85],"to":[29.275,8.175,8.15],"rotation":{"angle":0,"axis":"y","origin":[10.4,8,8]},"faces":{"north":{"uv":[0,0,0.89967,1.09868],"rotation":180,"texture":"#6"},"east":{"uv":[7,7,9,11],"texture":"#6"},"south":{"uv":[0,0,1,1],"rotation":180,"texture":"#6"},"west":{"uv":[8,9,9,10],"texture":"#1"},"up":{"uv":[0,0,4,12],"rotation":90,"texture":"#6"},"down":{"uv":[0,0,4,1],"texture":"#missing"}}},{"from":[25.65,5.975,7.90054],"to":[26.3,6.975,8.09946],"rotation":{"angle":0,"axis":"y","origin":[11.1,4.95,8]},"faces":{"east":{"uv":[5,4,0,5],"rotation":90,"texture":"#1"},"west":{"uv":[8,10,9,9],"texture":"#1"},"up":{"uv":[8,10,16,8],"rotation":180,"texture":"#1"},"down":{"uv":[0,9,8,7],"rotation":180,"texture":"#1"}}},{"from":[25,5.875,7.75147],"to":[25.65,7.25,8.24853],"rotation":{"angle":0,"axis":"y","origin":[10.5,4.95,8]},"faces":{"north":{"uv":[0,13,1,14],"texture":"#1"},"east":{"uv":[5,4,0,5],"rotation":90,"texture":"#1"},"south":{"uv":[0,13,1,14],"texture":"#1"},"west":{"uv":[8,10,9,9],"texture":"#1"},"up":{"uv":[10,11,16,10],"texture":"#1"},"down":{"uv":[10,11,16,10],"texture":"#1"}}},{"from":[25.65,5.975,7.90054],"to":[26.3,6.975,8.09946],"rotation":{"angle":-22.5,"axis":"x","origin":[25.6,6.475,8]},"faces":{"east":{"uv":[5,4,0,5],"rotation":90,"texture":"#1"},"west":{"uv":[8,10,9,9],"texture":"#1"},"up":{"uv":[0,5,8,3],"rotation":180,"texture":"#1"},"down":{"uv":[0,9,8,7],"rotation":180,"texture":"#1"}}},{"from":[25.65,5.975,7.90054],"to":[26.3,6.975,8.09946],"rotation":{"angle":-45,"axis":"x","origin":[25.6,6.475,8]},"faces":{"east":{"uv":[5,4,0,5],"rotation":90,"texture":"#1"},"west":{"uv":[8,10,9,9],"texture":"#1"},"up":{"uv":[0,9,8,7],"rotation":180,"texture":"#1"},"down":{"uv":[8,11,16,9],"rotation":180,"texture":"#1"}}},{"from":[25.65,6.37554,7.5],"to":[26.3,6.57446,8.5],"rotation":{"angle":22.5,"axis":"x","origin":[25.6,6.475,8]},"faces":{"north":{"uv":[0,9,8,7],"texture":"#1"},"east":{"uv":[0,5,5,4],"texture":"#1"},"south":{"uv":[8,11,16,9],"rotation":180,"texture":"#1"},"west":{"uv":[9,9,8,10],"rotation":90,"texture":"#1"}}},{"from":[25.65,5.975,7.90054],"to":[26.3,6.975,8.09946],"rotation":{"angle":22.5,"axis":"x","origin":[25.6,6.475,8]},"faces":{"east":{"uv":[5,4,0,5],"rotation":90,"texture":"#1"},"west":{"uv":[8,10,9,9],"texture":"#1"},"up":{"uv":[0,5,8,3],"rotation":180,"texture":"#1"},"down":{"uv":[0,9,8,7],"rotation":180,"texture":"#1"}}},{"from":[25.65,5.975,7.90054],"to":[26.3,6.975,8.09946],"rotation":{"angle":45,"axis":"x","origin":[25.6,6.475,8]},"faces":{"east":{"uv":[5,4,0,5],"rotation":90,"texture":"#1"},"west":{"uv":[8,10,9,9],"texture":"#1"},"up":{"uv":[0,9,8,7],"rotation":180,"texture":"#1"},"down":{"uv":[8,11,16,9],"rotation":180,"texture":"#1"}}},{"from":[25.65,6.37554,7.5],"to":[26.3,6.57446,8.5],"rotation":{"angle":-22.5,"axis":"x","origin":[25.6,6.475,8]},"faces":{"north":{"uv":[8,11,16,9],"texture":"#1"},"east":{"uv":[0,5,5,4],"rotation":180,"texture":"#1"},"south":{"uv":[0,9,8,7],"rotation":180,"texture":"#1"},"west":{"uv":[9,9,8,10],"rotation":270,"texture":"#1"}}},{"from":[25.65,6.37554,7.5],"to":[26.3001,6.57446,8.5],"rotation":{"angle":0,"axis":"y","origin":[11.1,4.95,8]},"faces":{"north":{"uv":[8,11,16,9],"texture":"#1"},"east":{"uv":[0,5,5,4],"rotation":180,"texture":"#1"},"south":{"uv":[8,11,16,9],"rotation":180,"texture":"#1"},"west":{"uv":[9,9,8,10],"rotation":270,"texture":"#1"}}},{"from":[25,5.875,7.75147],"to":[25.65,7.075,8.24853],"rotation":{"angle":-45,"axis":"x","origin":[26.025,6.475,8]},"faces":{"east":{"uv":[5,4,0,5],"rotation":90,"texture":"#1"},"west":{"uv":[8,10,9,9],"texture":"#1"},"up":{"uv":[10,11,16,10],"texture":"#1"},"down":{"uv":[10,11,16,10],"texture":"#1"}}},{"from":[25,5.875,7.75147],"to":[25.65,7.075,8.24853],"rotation":{"angle":45,"axis":"x","origin":[26.025,6.475,8]},"faces":{"east":{"uv":[5,4,0,5],"rotation":90,"texture":"#1"},"west":{"uv":[8,10,9,9],"texture":"#1"},"up":{"uv":[10,11,16,10],"texture":"#1"},"down":{"uv":[10,11,16,10],"texture":"#1"}}},{"from":[25,6.22647,7.4],"to":[25.65,6.72353,8.6],"rotation":{"angle":0,"axis":"y","origin":[10.5,4.95,8]},"faces":{"north":{"uv":[10,11,16,10],"rotation":180,"texture":"#1"},"east":{"uv":[0,5,5,4],"texture":"#1"},"south":{"uv":[10,11,16,10],"texture":"#1"},"west":{"uv":[9,9,8,10],"rotation":90,"texture":"#1"}}},{"from":[4.4,7.5113,7.3],"to":[11.001,7.75,8],"rotation":{"angle":45,"axis":"x","origin":[6.75,7.63065,7.9]},"faces":{"north":{"uv":[0,11,2.98,12],"rotation":270,"texture":"#5"},"east":{"uv":[2,0,3,1],"texture":"#6"},"south":{"uv":[5,6,16,7],"texture":"#1"},"west":{"uv":[14,12,16,16],"texture":"#1"}}},{"from":[4.4,7.5113,7.3],"to":[11,7.75,8],"rotation":{"angle":22.5,"axis":"x","origin":[6.75,7.63065,7.9]},"faces":{"north":{"uv":[10,7,11,8],"rotation":90,"texture":"#1"},"east":{"uv":[0,0,1,1],"texture":"#6"},"south":{"uv":[5,6,16,7],"texture":"#1"},"west":{"uv":[14,12,16,16],"texture":"#1"}}},{"from":[4.4,7.5113,8],"to":[7.3,7.75,8.7],"rotation":{"angle":-22.5,"axis":"x","origin":[6.75,7.63065,8.1]},"faces":{"north":{"uv":[5,6,16,7],"texture":"#1"},"east":{"uv":[0.01,0.01,0.01,0.01],"texture":"#1"},"south":{"uv":[10,7,11,8],"rotation":90,"texture":"#1"},"west":{"uv":[14,12,16,16],"texture":"#1"}}},{"from":[3.5,6.15,7.3],"to":[11.001,7.75,7.8],"rotation":{"angle":0,"axis":"y","origin":[8,8,7.9]},"faces":{"north":{"uv":[10,7,16,8],"rotation":90,"texture":"#1"},"east":{"uv":[7,12,11.5,12.75],"rotation":180,"texture":"#1"},"west":{"uv":[14,12,16,16],"texture":"#1"},"up":{"uv":[10,10,16,12],"texture":"#1"},"down":{"uv":[10,15,16,16],"texture":"#1"}}},{"from":[2.4,6.275,7.301],"to":[3.5,7.75,8.699],"rotation":{"angle":22.5,"axis":"z","origin":[3.5,7.75,8.001]},"faces":{"north":{"uv":[10,7,16,8],"rotation":90,"texture":"#1"},"east":{"uv":[14.25,12.75,15.75,15.5],"texture":"#1"},"south":{"uv":[10,7,16,8],"rotation":90,"texture":"#1"},"west":{"uv":[0,0,1,1],"texture":"#1"},"up":{"uv":[4,7,16,8],"rotation":90,"texture":"#1"},"down":{"uv":[10,15,16,16],"texture":"#1"}}},{"from":[2.4,7.35,8.151],"to":[4.525,7.825,8.549],"rotation":{"angle":22.5,"axis":"z","origin":[3.5,7.75,8.001]},"faces":{"north":{"uv":[10,7,16,8],"rotation":90,"texture":"#1"},"east":{"uv":[10,7,13.5,7.75],"texture":"#1"},"south":{"uv":[10,7,12,8],"rotation":90,"texture":"#1"},"up":{"uv":[12,3,16,4],"rotation":90,"texture":"#8"},"down":{"uv":[10,15,16,16],"texture":"#1"}}},{"from":[2.4,7.35,7.451],"to":[4.525,7.825,7.849],"rotation":{"angle":22.5,"axis":"z","origin":[3.5,7.75,7.999]},"faces":{"north":{"uv":[10,8,12,7],"rotation":90,"texture":"#1"},"east":{"uv":[13.5,7,10,7.75],"texture":"#1"},"south":{"uv":[10,8,16,7],"rotation":90,"texture":"#1"},"up":{"uv":[12,4,16,3],"rotation":270,"texture":"#8"},"down":{"uv":[10,16,16,15],"texture":"#1"}}},{"from":[1.3,6.35,7.4],"to":[2.4,7.85,8.6],"rotation":{"angle":22.5,"axis":"z","origin":[3.5,7.75,8]},"faces":{"north":{"uv":[0,2,16,3],"rotation":90,"texture":"#a"},"east":{"uv":[0,11,1,12],"texture":"#a"},"south":{"uv":[0,2,16,3],"rotation":90,"texture":"#a"},"up":{"uv":[0,12,16,13],"rotation":90,"texture":"#a"},"down":{"uv":[1,15,7,16],"rotation":90,"texture":"#a"}}},{"from":[4.4,7.53065,7.78065],"to":[11,8.23065,8.01935],"rotation":{"angle":-22.5,"axis":"x","origin":[6.75,7.63065,7.9]},"faces":{"east":{"uv":[4,0,5,1],"texture":"#6"},"west":{"uv":[14,12,16,16],"rotation":90,"texture":"#1"},"up":{"uv":[1,9,1.99,12.01],"rotation":180,"texture":"#9"},"down":{"uv":[5,6,16,7],"texture":"#1"}}},{"from":[4.4,7.53065,7.78065],"to":[11.001,8.23065,8.21935],"faces":{"east":{"uv":[8,0,9,1],"texture":"#6"},"west":{"uv":[14,12,16,16],"rotation":90,"texture":"#1"},"up":{"uv":[12,9,13,12],"texture":"#9"},"down":{"uv":[5,6,16,7],"texture":"#1"}}},{"from":[5.375,8.125,7.7],"to":[10.975,8.325,8.3],"rotation":{"angle":0,"axis":"y","origin":[8.2,8.125,7.71935]},"faces":{"north":{"uv":[0,0,5,1],"rotation":270,"texture":"#5"},"east":{"uv":[0,0,5,1],"rotation":270,"texture":"#5"},"south":{"uv":[0,0,5,1],"rotation":270,"texture":"#5"},"west":{"uv":[0,0,5,1],"rotation":270,"texture":"#5"},"up":{"uv":[0,1,1,6],"rotation":180,"texture":"#8"}}},{"from":[5.375,8.325,7.65],"to":[5.675,8.425,8.35],"rotation":{"angle":0,"axis":"y","origin":[7.8,8.325,7.76935]},"faces":{"north":{"uv":[0,0,7,1],"rotation":270,"texture":"#6"},"east":{"uv":[0,0,1,1],"texture":"#1"},"south":{"uv":[0,0,7,1],"rotation":270,"texture":"#6"},"west":{"uv":[0,0,5,1],"rotation":270,"texture":"#6"},"up":{"uv":[3,9,4,16],"rotation":180,"texture":"#8"},"down":{"uv":[1,13,2,14],"texture":"#1"}}},{"from":[6.275,8.325,7.65],"to":[6.475,8.425,8.35],"rotation":{"angle":0,"axis":"y","origin":[8.7,8.325,7.76935]},"faces":{"north":{"uv":[0,0,7,1],"rotation":270,"texture":"#6"},"east":{"uv":[0,0,1,1],"texture":"#1"},"south":{"uv":[0,0,7,1],"rotation":270,"texture":"#6"},"west":{"uv":[0,0,1,1],"rotation":90,"texture":"#1"},"up":{"uv":[3,9,4,16],"rotation":180,"texture":"#8"},"down":{"uv":[1,13,2,14],"texture":"#1"}}},{"from":[5.875,8.325,7.65],"to":[6.075,8.425,8.35],"rotation":{"angle":0,"axis":"y","origin":[8.3,8.325,7.76935]},"faces":{"north":{"uv":[0,0,7,1],"rotation":270,"texture":"#6"},"east":{"uv":[0,0,1,1],"texture":"#1"},"south":{"uv":[0,0,7,1],"rotation":270,"texture":"#6"},"west":{"uv":[0,0,1,1],"rotation":90,"texture":"#1"},"up":{"uv":[3,9,4,16],"rotation":180,"texture":"#8"},"down":{"uv":[1,13,2,14],"texture":"#1"}}},{"from":[7.075,8.325,7.65],"to":[7.275,8.425,8.35],"rotation":{"angle":0,"axis":"y","origin":[9.5,8.325,7.76935]},"faces":{"north":{"uv":[0,0,7,1],"rotation":270,"texture":"#6"},"east":{"uv":[0,0,1,1],"texture":"#1"},"south":{"uv":[0,0,7,1],"rotation":270,"texture":"#6"},"west":{"uv":[0,0,1,1],"rotation":90,"texture":"#1"},"up":{"uv":[3,9,4,16],"rotation":180,"texture":"#8"},"down":{"uv":[1,13,2,14],"texture":"#1"}}},{"from":[6.675,8.325,7.65],"to":[6.875,8.425,8.35],"rotation":{"angle":0,"axis":"y","origin":[9.1,8.325,7.76935]},"faces":{"north":{"uv":[0,0,7,1],"rotation":270,"texture":"#6"},"east":{"uv":[0,0,1,1],"texture":"#1"},"south":{"uv":[0,0,7,1],"rotation":270,"texture":"#6"},"west":{"uv":[0,0,1,1],"rotation":90,"texture":"#1"},"up":{"uv":[3,9,4,16],"rotation":180,"texture":"#8"},"down":{"uv":[1,13,2,14],"texture":"#1"}}},{"from":[10.675,8.325,7.65],"to":[10.975,8.425,8.35],"rotation":{"angle":0,"axis":"y","origin":[13.1,8.325,7.76935]},"faces":{"north":{"uv":[0,0,7,1],"rotation":270,"texture":"#6"},"east":{"uv":[0,0,5,1],"rotation":270,"texture":"#6"},"south":{"uv":[0,0,7,1],"rotation":270,"texture":"#6"},"west":{"uv":[0,0,1,1],"rotation":90,"texture":"#1"},"up":{"uv":[3,9,4,16],"rotation":180,"texture":"#8"},"down":{"uv":[1,13,2,14],"texture":"#1"}}},{"from":[3.95,8.13065,7.80565],"to":[4.4,8.23065,8.19435],"rotation":{"angle":22.5,"axis":"z","origin":[4.4,8.23065,8]},"faces":{"north":{"uv":[6,0,7,1],"texture":"#6"},"south":{"uv":[7,0,8,1],"texture":"#6"},"west":{"uv":[0,4,4,5],"rotation":180,"texture":"#6"},"up":{"uv":[4,8,5,12],"rotation":180,"texture":"#9"},"down":{"uv":[5,6,16,7],"texture":"#1"}}},{"from":[2.275,8.13065,7.80565],"to":[2.875,8.23065,8.19435],"rotation":{"angle":22.5,"axis":"z","origin":[4.4,8.23065,8]},"faces":{"north":{"uv":[6,0,7,1],"texture":"#6"},"east":{"uv":[0,0,4,1],"rotation":270,"texture":"#6"},"south":{"uv":[7,0,8,1],"texture":"#6"},"west":{"uv":[14,12,16,16],"rotation":90,"texture":"#1"},"up":{"uv":[0,13,4,14],"rotation":90,"texture":"#5"},"down":{"uv":[5,6,16,7],"texture":"#1"}}},{"from":[3.2,8.13065,7.85565],"to":[3.9,8.25565,8.14435],"rotation":{"angle":22.5,"axis":"z","origin":[4.4,8.23065,8]},"faces":{"north":{"uv":[0,0,1,1],"texture":"#6"},"east":{"uv":[1,5,5,6],"texture":"#5"},"south":{"uv":[0,0,1,1],"texture":"#6"},"west":{"uv":[1,6,5,7],"rotation":180,"texture":"#5"},"up":{"uv":[1,6,5,7],"rotation":90,"texture":"#5"}}},{"from":[3.3,8.25565,7.85565],"to":[3.8,8.28065,8.14435],"rotation":{"angle":22.5,"axis":"z","origin":[4.4,8.23065,8]},"faces":{"north":{"uv":[2,0,3,1],"texture":"#6"},"east":{"uv":[1,6,5,7],"texture":"#5"},"south":{"uv":[2,0,3,1],"texture":"#6"},"west":{"uv":[1,7,5,8],"rotation":180,"texture":"#5"},"up":{"uv":[1,7,5,8],"rotation":90,"texture":"#5"}}},{"from":[3.375,8.28065,7.85565],"to":[3.725,8.30565,8.14435],"rotation":{"angle":22.5,"axis":"z","origin":[4.4,8.23065,8]},"faces":{"north":{"uv":[4,0,5,1],"texture":"#6"},"east":{"uv":[1,7,5,8],"texture":"#5"},"south":{"uv":[5,0,6,1],"texture":"#6"},"west":{"uv":[2,8,3,9],"texture":"#5"},"up":{"uv":[1,8,5,9],"rotation":90,"texture":"#5"}}},{"from":[3.425,8.30565,7.85565],"to":[3.675,8.33065,8.14435],"rotation":{"angle":22.5,"axis":"z","origin":[4.4,8.23065,8]},"faces":{"north":{"uv":[6,0,7,1],"texture":"#6"},"east":{"uv":[2,8,3,9],"texture":"#5"},"south":{"uv":[7,0,8,1],"texture":"#6"},"west":{"uv":[2,8,3,9],"texture":"#5"},"up":{"uv":[2,4,5,5],"rotation":90,"texture":"#5"}}},{"from":[3.475,8.2307,7.925],"to":[3.625,8.3307,8.075],"rotation":{"angle":22.5,"axis":"z","origin":[4.4,8.23065,7.96935]},"faces":{"up":{"uv":[0,12,3,13],"rotation":90,"texture":"#5"}}},{"from":[2.95,8.0311,7.925],"to":[3.1,8.1311,8.075],"rotation":{"angle":22.5,"axis":"z","origin":[4.4,8.23065,7.96935]},"faces":{"up":{"uv":[7,11,10,14],"rotation":90,"texture":"#7"}}},{"from":[4.4,7.5113,8],"to":[11.001,7.75,8.7],"rotation":{"angle":-45,"axis":"x","origin":[6.75,7.63065,8.1]},"faces":{"north":{"uv":[5,6,16,7],"texture":"#1"},"east":{"uv":[3,0,4,1],"texture":"#6"},"south":{"uv":[0,11,1,14],"rotation":180,"texture":"#5"},"west":{"uv":[14,12,16,16],"texture":"#1"},"down":{"uv":[0.01,0.01,0.01,0.01],"texture":"#1"}}},{"from":[4.4,7.53065,7.98065],"to":[11,8.23065,8.21935],"rotation":{"angle":22.5,"axis":"x","origin":[6.75,7.63065,8.1]},"faces":{"east":{"uv":[5,0,6,1],"texture":"#6"},"west":{"uv":[14,12,16,16],"rotation":270,"texture":"#1"},"up":{"uv":[11,10,13.99,10.01],"rotation":90,"texture":"#5"},"down":{"uv":[5,6,16,7],"rotation":180,"texture":"#1"}}},{"from":[3.075,6.15,7.3],"to":[11,6.24946,7.6],"rotation":{"angle":-45,"axis":"x","origin":[7.125,6.19973,7.55]},"faces":{"north":{"uv":[5,7,16,6],"texture":"#1"},"east":{"uv":[0,0,1,1],"texture":"#1"},"south":{"uv":[15,7,16,6],"texture":"#1"},"west":{"uv":[14,16,16,12],"texture":"#1"}}},{"from":[3.075,6.15,7.3],"to":[11,6.24946,7.6],"rotation":{"angle":-22.5,"axis":"x","origin":[7.125,6.19973,7.55]},"faces":{"north":{"uv":[5,7,16,6],"texture":"#1"},"east":{"uv":[0,0,1,1],"texture":"#1"},"south":{"uv":[15,7,16,6],"texture":"#1"},"west":{"uv":[14,16,16,12],"texture":"#1"}}},{"from":[3.075,5.94973,7.50027],"to":[11,6.24973,7.59973],"rotation":{"angle":22.5,"axis":"x","origin":[7.125,6.19973,7.55]},"faces":{"east":{"uv":[0,0,1,1],"rotation":90,"texture":"#1"},"south":{"uv":[0,13,1,14],"texture":"#1"},"west":{"uv":[14,16,16,12],"rotation":270,"texture":"#1"},"up":{"uv":[15,7,16,6],"texture":"#1"},"down":{"uv":[5,7,16,6],"rotation":180,"texture":"#1"}}},{"from":[3.075,5.94973,7.50027],"to":[7.501,6.24973,8.49973],"rotation":{"angle":0,"axis":"x","origin":[7.125,6.19973,8.35]},"faces":{"east":{"uv":[0,0,2,3],"rotation":270,"texture":"#1"},"west":{"uv":[14,16,16,12],"rotation":90,"texture":"#1"},"up":{"uv":[5,7,16,6],"rotation":180,"texture":"#1"},"down":{"uv":[15,7,16,6],"texture":"#1"}}},{"from":[10.3,5.94973,7.50027],"to":[11.0015,6.24973,8.49973],"rotation":{"angle":0,"axis":"x","origin":[7.125,6.19973,8.35]},"faces":{"east":{"uv":[0,0,2,3],"rotation":270,"texture":"#1"},"west":{"uv":[0,14,1,13],"rotation":90,"texture":"#1"},"up":{"uv":[5,7,16,6],"rotation":180,"texture":"#1"},"down":{"uv":[15,7,16,6],"texture":"#1"}}},{"from":[3.075,5.94973,8.40027],"to":[11,6.24973,8.49973],"rotation":{"angle":-22.5,"axis":"x","origin":[7.125,6.19973,8.45]},"faces":{"north":{"uv":[0,13,1,14],"texture":"#1"},"east":{"uv":[0,0,1,1],"rotation":270,"texture":"#1"},"west":{"uv":[14,16,16,12],"rotation":90,"texture":"#1"},"up":{"uv":[5,7,16,6],"rotation":180,"texture":"#1"},"down":{"uv":[15,7,16,6],"texture":"#1"}}},{"from":[3.075,6.15,8.4],"to":[11,6.24946,8.7],"rotation":{"angle":45,"axis":"x","origin":[7.125,6.19973,8.45]},"faces":{"north":{"uv":[5,7,16,6],"texture":"#1"},"east":{"uv":[0,0,1,1],"texture":"#1"},"south":{"uv":[15,7,16,6],"texture":"#1"},"west":{"uv":[14,16,16,12],"texture":"#1"}}},{"from":[3.075,6.15,8.4],"to":[11,6.24946,8.7],"rotation":{"angle":22.5,"axis":"x","origin":[7.125,6.19973,8.45]},"faces":{"north":{"uv":[5,7,16,6],"texture":"#1"},"east":{"uv":[0,0,1,1],"texture":"#1"},"south":{"uv":[15,7,16,6],"texture":"#1"},"west":{"uv":[14,16,16,12],"texture":"#1"}}},{"from":[3.5,6.15,8],"to":[11.001,7.1,8.7],"rotation":{"angle":0,"axis":"y","origin":[8,8,8.1]},"faces":{"east":{"uv":[7,12,14,12.75],"texture":"#1"},"south":{"uv":[13,7,16,8],"rotation":90,"texture":"#1"},"west":{"uv":[14,12,16,16],"texture":"#1"},"up":{"uv":[10,10,16,12],"texture":"#1"},"down":{"uv":[10,15,16,16],"texture":"#1"}}},{"from":[10.3,7.1,8],"to":[11.001,7.75,8.7],"rotation":{"angle":0,"axis":"y","origin":[8,8,8.1]},"faces":{"north":{"uv":[5,6,16,9],"texture":"#1"},"east":{"uv":[7,12,13.5,12.75],"texture":"#1"},"south":{"uv":[10,7,13,8],"rotation":90,"texture":"#1"},"west":{"uv":[14,12,16,16],"texture":"#1"},"up":{"uv":[10,10,16,12],"texture":"#1"},"down":{"uv":[10,15,16,16],"texture":"#1"}}},{"from":[3.5,7.1,8.4],"to":[7.3,7.75,8.7],"rotation":{"angle":0,"axis":"y","origin":[8,8,8.1]},"faces":{"east":{"uv":[14.25,12.75,15.75,15.5],"texture":"#1"},"south":{"uv":[10,7,13,8],"rotation":90,"texture":"#1"},"west":{"uv":[14,12,16,16],"texture":"#1"},"up":{"uv":[10,10,16,12],"texture":"#1"},"down":{"uv":[10,15,16,16],"texture":"#1"}}},{"from":[10.3,7.5113,8],"to":[11,7.75,8.7],"rotation":{"angle":-22.5,"axis":"x","origin":[7.75,7.63065,8.1]},"faces":{"north":{"uv":[5,6,16,7],"texture":"#1"},"east":{"uv":[0,0,1,1],"texture":"#6"},"south":{"uv":[10,7,11,8],"rotation":90,"texture":"#1"},"west":{"uv":[14,14,16,16],"texture":"#1"}}},{"from":[7.3,7.225,8.125],"to":[10.35,7.725,8.625],"rotation":{"angle":0,"axis":"y","origin":[8,8,8.125]},"faces":{"south":{"uv":[0,0,10,1],"rotation":270,"texture":"#6"},"down":{"uv":[0,0,1,1],"texture":"#1"}}},{"from":[7.3,7.725,8.125],"to":[10.35,7.925,8.625],"rotation":{"angle":-22.5,"axis":"x","origin":[8.825,7.725,8.625]},"faces":{"south":{"uv":[0,0,8,1],"rotation":90,"texture":"#6"}}},{"from":[7.2,6.825,8.35],"to":[16.149,7.25,8.55],"faces":{"north":{"uv":[0,0,0.5,0.5],"texture":"#6"},"east":{"uv":[0,0,0.5,0.5],"texture":"#6"},"south":{"uv":[0,0,9,1],"rotation":270,"texture":"#6"},"west":{"uv":[0,0,0.5,0.5],"texture":"#6"},"up":{"uv":[0,2,4.5,2.5],"rotation":90,"texture":"#5"},"down":{"uv":[0,0,0.5,0.5],"texture":"#1"}}},{"from":[9.5,7.425,8.45],"to":[10.449,7.6,8.65],"rotation":{"angle":0,"axis":"y","origin":[8,8,8.1]},"faces":{"north":{"uv":[0,0,0.5,0.5],"texture":"#6"},"south":{"uv":[0,9,4,10],"rotation":270,"texture":"#9"},"west":{"uv":[0,0,0.5,0.5],"texture":"#6"},"up":{"uv":[0,2,4.5,2.5],"rotation":90,"texture":"#5"},"down":{"uv":[0,0,0.5,0.5],"texture":"#1"}}},{"from":[7.2,6.825,7.45],"to":[16.149,7.25,7.65],"faces":{"north":{"uv":[0,1,9,0],"rotation":270,"texture":"#6"},"east":{"uv":[0.5,0,0,0.5],"texture":"#6"},"south":{"uv":[0.5,0,0,0.5],"texture":"#6"},"west":{"uv":[0.5,0,0,0.5],"texture":"#6"},"up":{"uv":[4.5,2,0,2.5],"rotation":90,"texture":"#5"},"down":{"uv":[0,0.5,0.5,0],"texture":"#1"}}},{"from":[7.5,6.05,7.4875],"to":[10.325,6.3,8.5125],"rotation":{"angle":0,"axis":"y","origin":[8,8,7.9875]},"faces":{"down":{"uv":[0,3,16,6],"texture":"#8"}}},{"from":[4.7,5.9,7.8],"to":[5.70348,6,8.2],"rotation":{"angle":0,"axis":"y","origin":[5.53924,5.3,8]},"faces":{"north":{"uv":[9,3,12,5],"texture":"#8"},"south":{"uv":[2,3,5,5],"texture":"#8"},"up":{"uv":[1,2,8,3],"rotation":90,"texture":"#8"},"down":{"uv":[7.75,11.75,8.25,12],"rotation":270,"texture":"#6"}}},{"from":[4.7,4.6,7.8],"to":[5.70348,4.7,8.2],"rotation":{"angle":0,"axis":"y","origin":[5.53924,5.3,8]},"faces":{"north":{"uv":[9,2,12,4],"texture":"#8"},"south":{"uv":[1,2,4,4],"texture":"#8"},"up":{"uv":[4,1,11,2],"rotation":90,"texture":"#8"},"down":{"uv":[7.75,11.75,8.25,12],"rotation":270,"texture":"#6"}}},{"from":[6.16424,5.16076,7.7995],"to":[6.26424,5.46424,8.2005],"rotation":{"angle":0,"axis":"z","origin":[5.56424,5.3,7.9995]},"faces":{"north":{"uv":[9,2,12,4],"rotation":90,"texture":"#8"},"east":{"uv":[7.75,11.75,8.25,12],"rotation":180,"texture":"#6"},"south":{"uv":[1,2,4,4],"rotation":270,"texture":"#8"},"west":{"uv":[1,2,8,3],"texture":"#8"}}},{"from":[4.13924,5.16076,7.7995],"to":[4.23924,6.03924,8.2005],"rotation":{"angle":0,"axis":"z","origin":[4.83924,5.3,7.9995]},"faces":{"north":{"uv":[1,2,4,4],"rotation":90,"texture":"#8"},"east":{"uv":[7.75,11.75,8.25,12],"rotation":180,"texture":"#6"},"south":{"uv":[1,2,4,4],"rotation":270,"texture":"#8"},"west":{"uv":[7,7,9,8],"texture":"#6"}}},{"from":[6.16424,5.16076,7.8],"to":[6.26424,5.43924,8.2],"rotation":{"angle":-22.5,"axis":"z","origin":[5.56424,5.3,8]},"faces":{"north":{"uv":[9,2,12,4],"rotation":90,"texture":"#8"},"east":{"uv":[7.75,11.75,8.25,12],"rotation":180,"texture":"#6"},"south":{"uv":[1,2,4,4],"rotation":270,"texture":"#8"},"west":{"uv":[1,2,8,3],"texture":"#8"}}},{"from":[4.13924,5.16076,7.8],"to":[4.23924,5.43924,8.2],"rotation":{"angle":-22.5,"axis":"z","origin":[4.83924,5.3,8]},"faces":{"north":{"uv":[10,3,13,5],"rotation":90,"texture":"#8"},"east":{"uv":[7.75,11.75,8.25,12],"rotation":180,"texture":"#6"},"south":{"uv":[3,3,6,5],"rotation":270,"texture":"#8"},"west":{"uv":[1,2,8,3],"texture":"#8"}}},{"from":[6.16424,5.16076,7.8005],"to":[6.26424,5.43924,8.1995],"rotation":{"angle":-22.5,"axis":"z","origin":[6.86424,5.3,8.0005]},"faces":{"north":{"uv":[0,1.1,0.1,1.2],"rotation":90,"texture":"#8"},"east":{"uv":[7.75,11.75,8.25,12],"rotation":180,"texture":"#6"},"south":{"uv":[0,1.1,0.1,1.2],"rotation":270,"texture":"#8"},"west":{"uv":[1,2,8,3],"texture":"#8"}}},{"from":[6.16424,5.16076,7.8],"to":[6.26424,5.43924,8.2],"rotation":{"angle":22.5,"axis":"z","origin":[5.56424,5.3,8]},"faces":{"north":{"uv":[9,3.1,12,5],"rotation":270,"texture":"#8"},"east":{"uv":[1,2,8,3],"rotation":180,"texture":"#8"},"south":{"uv":[4,3.1,7,5],"rotation":90,"texture":"#8"},"west":{"uv":[7.75,11.75,8.25,12],"texture":"#6"}}},{"from":[4.13924,5.16076,7.8],"to":[4.23924,5.43924,8.2],"rotation":{"angle":22.5,"axis":"z","origin":[4.83924,5.3,8]},"faces":{"north":{"uv":[9,2,12,4],"rotation":270,"texture":"#8"},"east":{"uv":[1,2,8,3],"rotation":180,"texture":"#8"},"south":{"uv":[1,2,4,4],"rotation":90,"texture":"#8"},"west":{"uv":[7.75,11.75,8.25,12],"texture":"#6"}}},{"from":[5.425,5.9,7.8],"to":[5.70348,6,8.2],"rotation":{"angle":-45,"axis":"z","origin":[5.56424,5.3,8]},"faces":{"north":{"uv":[5,3.1,8,5],"texture":"#8"},"south":{"uv":[1,3.1,4,5],"texture":"#8"},"up":{"uv":[1,2,8,3],"rotation":90,"texture":"#8"},"down":{"uv":[7.75,11.75,8.25,12],"rotation":270,"texture":"#6"}}},{"from":[4.7,4.6,7.8],"to":[4.97848,4.7,8.2],"rotation":{"angle":-45,"axis":"z","origin":[4.83924,5.3,8]},"faces":{"north":{"uv":[9,2,12,4],"texture":"#8"},"south":{"uv":[1,2,4,4],"texture":"#8"},"up":{"uv":[1,2,8,3],"rotation":90,"texture":"#8"},"down":{"uv":[7.75,11.75,8.25,12],"rotation":270,"texture":"#6"}}},{"from":[4.675,5.9,7.799],"to":[5.15348,6.425,8.201],"rotation":{"angle":45,"axis":"z","origin":[4.83924,5.3,7.999]},"faces":{"north":{"uv":[0,1.1,0.1,1.2],"texture":"#8"},"south":{"uv":[0,1,1,2],"texture":"#8"},"west":{"uv":[1,12,2,15],"rotation":90,"texture":"#6"},"up":{"uv":[1,2,8,3],"rotation":90,"texture":"#8"},"down":{"uv":[7.75,11.75,8.25,12],"rotation":270,"texture":"#6"}}},{"from":[6.575,5.9,7.8005],"to":[7.20348,6.525,8.1995],"rotation":{"angle":45,"axis":"z","origin":[6.86424,5.3,8.0005]},"faces":{"north":{"uv":[0,1,1,2],"texture":"#8"},"south":{"uv":[0,1,1,2],"texture":"#8"},"up":{"uv":[1,2,8,3],"rotation":90,"texture":"#8"},"down":{"uv":[7.75,13,8.25,13.25],"rotation":270,"texture":"#6"}}},{"from":[5.425,4.6,7.8],"to":[5.70348,4.7,8.2],"rotation":{"angle":45,"axis":"z","origin":[5.56424,5.3,8]},"faces":{"north":{"uv":[9,2,12,4],"texture":"#8"},"south":{"uv":[1,2,4,4],"texture":"#8"},"up":{"uv":[1,2,8,3],"rotation":90,"texture":"#8"},"down":{"uv":[7.75,11.75,8.25,12],"rotation":270,"texture":"#6"}}},{"from":[5.425,5.9,7.8],"to":[5.70348,6,8.2],"rotation":{"angle":-22.5,"axis":"z","origin":[5.56424,5.3,8]},"faces":{"north":{"uv":[12,3.1,15,5],"texture":"#8"},"south":{"uv":[3,3.1,6,5],"texture":"#8"},"up":{"uv":[1,2,8,3],"rotation":90,"texture":"#8"},"down":{"uv":[7.75,11.75,8.25,12],"rotation":270,"texture":"#6"}}},{"from":[4.7,4.6,7.8],"to":[4.97848,4.7,8.2],"rotation":{"angle":-22.5,"axis":"z","origin":[4.83924,5.3,8]},"faces":{"north":{"uv":[9,2,12,4],"texture":"#8"},"south":{"uv":[1,2,4,4],"texture":"#8"},"up":{"uv":[8,2,15,3],"rotation":90,"texture":"#8"},"down":{"uv":[7.75,11.75,8.25,12],"rotation":270,"texture":"#6"}}},{"from":[4.5,5.9,7.8],"to":[4.97848,6.2,8.2],"rotation":{"angle":22.5,"axis":"z","origin":[4.83924,5.3,8]},"faces":{"north":{"uv":[0,1,1,2],"texture":"#8"},"south":{"uv":[0,1,1,2],"texture":"#8"},"up":{"uv":[1,2,8,3],"rotation":90,"texture":"#8"},"down":{"uv":[7.75,11.75,8.25,12],"rotation":270,"texture":"#6"}}},{"from":[5.425,4.6,7.8],"to":[5.70348,4.7,8.2],"rotation":{"angle":22.5,"axis":"z","origin":[5.56424,5.3,8]},"faces":{"north":{"uv":[9,2,12,4],"texture":"#8"},"south":{"uv":[1,2,4,4],"texture":"#8"},"up":{"uv":[6,2,13,3],"rotation":90,"texture":"#8"},"down":{"uv":[7.75,11.75,8.25,12],"rotation":270,"texture":"#6"}}},{"from":[4.47294,5.08467,7.9],"to":[4.62294,5.93467,8.1],"rotation":{"angle":0,"axis":"y","origin":[7.4,7.9,8]},"faces":{"north":{"uv":[0,0,0.5,0.5],"texture":"#1"},"east":{"uv":[0,0,0.5,0.5],"texture":"#1"},"south":{"uv":[15,15,16,16],"texture":"#1"},"west":{"uv":[0,0,0.5,0.5],"texture":"#1"},"down":{"uv":[0,0,0.5,0.5],"texture":"#1"}}},{"from":[4.425,5.35,7.9],"to":[4.55,6.05,8.1],"rotation":{"angle":-22.5,"axis":"z","origin":[4.55,5.2,8.05]},"faces":{"north":{"uv":[0,0,0.5,0.5],"texture":"#1"},"east":{"uv":[0,0,0.5,0.5],"texture":"#1"},"south":{"uv":[15,15,16,16],"texture":"#1"},"west":{"uv":[0,0,0.5,0.5],"texture":"#1"},"down":{"uv":[0,0,0.5,0.5],"texture":"#1"}}},{"from":[4.775,5.6,7.9],"to":[5.3,5.8,8.1],"rotation":{"angle":22.5,"axis":"z","origin":[4.55,5.2,8.05]},"faces":{"north":{"uv":[0,0,0.5,0.5],"rotation":270,"texture":"#1"},"south":{"uv":[15,15,16,16],"rotation":90,"texture":"#1"},"west":{"uv":[0,0,0.5,0.5],"rotation":90,"texture":"#1"},"up":{"uv":[0,0,0.5,0.5],"rotation":90,"texture":"#1"},"down":{"uv":[0,0,0.5,0.5],"rotation":90,"texture":"#1"}}},{"from":[4.34981,6.30028,7.499],"to":[4.49981,6.45028,8.701],"rotation":{"angle":0,"axis":"y","origin":[8,8,8.097]},"faces":{"north":{"uv":[0,12,3,15],"rotation":270,"texture":"#9"},"south":{"uv":[3,13,0,16],"texture":"#9"}}},{"from":[9.04981,6.30028,7.499],"to":[9.19981,6.45028,8.701],"rotation":{"angle":0,"axis":"y","origin":[8,8,8.097]},"faces":{"north":{"uv":[0,11,3,14],"texture":"#9"},"south":{"uv":[3,13,0,16],"texture":"#9"}}},{"from":[4.99981,7.20028,7.499],"to":[5.19981,7.40028,8.701],"rotation":{"angle":0,"axis":"y","origin":[8,8,8.097]},"faces":{"north":{"uv":[0,8,4,12],"rotation":180,"texture":"#9"},"south":{"uv":[4,8,0,12],"rotation":90,"texture":"#9"}}},{"from":[15.25,5.51066,7.81103],"to":[16.75,7.21066,8.18897],"rotation":{"angle":22.5,"axis":"x","origin":[17.25,6.46066,8]},"faces":{"east":{"uv":[0,7,1,8],"texture":"#a"},"west":{"uv":[11,5,12,14],"texture":"#a"},"up":{"uv":[15,3,16,4],"rotation":90,"texture":"#a"},"down":{"uv":[0,7,1,8],"rotation":180,"texture":"#a"}}},{"from":[15.249,5.51066,7.81103],"to":[16.75,7.21066,8.18897],"rotation":{"angle":45,"axis":"x","origin":[17.25,6.46066,8]},"faces":{"north":{"uv":[0,7,1,8],"texture":"#a"},"east":{"uv":[0,7,1,8],"texture":"#a"},"west":{"uv":[11,6,12,14],"texture":"#a"},"down":{"uv":[0,11,5,12],"rotation":90,"texture":"#a"}}},{"from":[15.25,6.27169,7.05],"to":[16.75,6.64963,8.95],"rotation":{"angle":-22.5,"axis":"x","origin":[17.25,6.46066,8]},"faces":{"north":{"uv":[7,5,11,6],"rotation":270,"texture":"#a"},"east":{"uv":[0,7,1,8],"texture":"#a"},"south":{"uv":[10,4,15,5],"rotation":90,"texture":"#a"},"west":{"uv":[11,5,12,14],"rotation":270,"texture":"#a"}}},{"from":[15.249,6.27169,7.05],"to":[16.75,6.64963,8.95],"rotation":{"angle":0,"axis":"x","origin":[17.25,6.46066,8]},"faces":{"north":{"uv":[4,9,9,10],"rotation":90,"texture":"#a"},"east":{"uv":[0,7,1,8],"texture":"#a"},"south":{"uv":[3,1,8,2],"rotation":270,"texture":"#a"},"west":{"uv":[11,5,12,14],"rotation":270,"texture":"#a"}}},{"from":[15.25,6.27169,7.05],"to":[16.75,6.64963,8.95],"rotation":{"angle":22.5,"axis":"x","origin":[17.25,6.46066,8]},"faces":{"north":{"uv":[10,4,15,5],"rotation":90,"texture":"#a"},"east":{"uv":[0,11,1,12],"texture":"#a"},"south":{"uv":[3,5,8,6],"rotation":90,"texture":"#a"},"west":{"uv":[11,5,12,14],"rotation":270,"texture":"#a"}}},{"from":[15.249,5.51066,7.81103],"to":[16.75,7.21066,8.18897],"rotation":{"angle":-45,"axis":"x","origin":[17.25,6.46066,8]},"faces":{"east":{"uv":[0,7,1,8],"texture":"#a"},"south":{"uv":[0,7,1,8],"texture":"#a"},"west":{"uv":[11,6,12,14],"texture":"#a"},"down":{"uv":[0,3,5,4],"rotation":90,"texture":"#a"}}},{"from":[15.25,5.51066,7.81103],"to":[16.75,7.21066,8.18897],"rotation":{"angle":-22.5,"axis":"x","origin":[17.25,6.46066,8]},"faces":{"east":{"uv":[0,7,1,8],"texture":"#a"},"west":{"uv":[11,5,12,14],"texture":"#a"},"up":{"uv":[15,3,16,4],"rotation":90,"texture":"#a"},"down":{"uv":[0,7,1,8],"rotation":180,"texture":"#a"}}},{"from":[15.249,5.51066,7.81103],"to":[16.75,7.26066,8.18897],"rotation":{"angle":0,"axis":"y","origin":[17.25,6.46066,8]},"faces":{"east":{"uv":[0,7,1,8],"texture":"#a"},"west":{"uv":[11,5,12,14],"texture":"#a"},"down":{"uv":[0,11,1,12],"rotation":180,"texture":"#a"}}},{"from":[15.251,6.61066,7.18603],"to":[16.7509,7.01066,8.81397],"rotation":{"angle":0,"axis":"y","origin":[17.25,6.46066,8]},"faces":{"north":{"uv":[0,0,1,1],"texture":"#a"},"east":{"uv":[0,7,1,8],"texture":"#a"},"south":{"uv":[0,0,1,1],"texture":"#a"},"west":{"uv":[0,0,1,1],"texture":"#a"},"up":{"uv":[15,1,16,10],"rotation":180,"texture":"#a"}}},{"from":[21.95,5.61066,7.83092],"to":[23.35,7.26066,8.16908],"rotation":{"angle":0,"axis":"y","origin":[17.5,6.46066,8]},"faces":{"east":{"uv":[0,6,1,13],"rotation":180,"texture":"#a"},"down":{"uv":[6,7,11,8],"rotation":90,"texture":"#a"}}},{"from":[20.55,5.61066,7.83092],"to":[21.95,7.21066,8.16908],"rotation":{"angle":0,"axis":"y","origin":[17.5,6.46066,8]},"faces":{"up":{"uv":[3,0,4,16],"rotation":90,"texture":"#a"},"down":{"uv":[15,0,16,16],"rotation":90,"texture":"#a"}}},{"from":[19.15,5.61066,7.83092],"to":[20.55,7.21066,8.16908],"rotation":{"angle":0,"axis":"y","origin":[16.1,6.46066,8]},"faces":{"up":{"uv":[3,0,4,16],"rotation":90,"texture":"#a"},"down":{"uv":[15,0,16,16],"rotation":90,"texture":"#a"}}},{"from":[17.75,5.61066,7.83092],"to":[19.15,7.21066,8.16908],"rotation":{"angle":0,"axis":"y","origin":[14.7,6.46066,8]},"faces":{"up":{"uv":[3,0,4,16],"rotation":90,"texture":"#a"},"down":{"uv":[15,0,16,16],"rotation":90,"texture":"#a"}}},{"from":[20.55,6.29158,7.15],"to":[21.95,6.62974,8.85],"rotation":{"angle":22.5,"axis":"x","origin":[17.5,6.46066,8]},"faces":{"north":{"uv":[1,0,2,16],"rotation":270,"texture":"#a"},"south":{"uv":[3,0,4,16],"rotation":90,"texture":"#a"}}},{"from":[19.15,6.29158,7.15],"to":[20.55,6.62974,8.85],"rotation":{"angle":22.5,"axis":"x","origin":[16.1,6.46066,8]},"faces":{"north":{"uv":[3,0,4,16],"rotation":270,"texture":"#a"},"south":{"uv":[3,0,4,16],"rotation":90,"texture":"#a"}}},{"from":[17.75,6.29158,7.15],"to":[19.15,6.62974,8.85],"rotation":{"angle":22.5,"axis":"x","origin":[14.7,6.46066,8]},"faces":{"north":{"uv":[11,0,12,16],"rotation":270,"texture":"#a"},"south":{"uv":[3,0,4,16],"rotation":90,"texture":"#a"}}},{"from":[20.55,5.61066,7.83092],"to":[21.95,7.31066,8.16908],"rotation":{"angle":-45,"axis":"x","origin":[17.5,6.46066,8]},"faces":{"up":{"uv":[10,0,11,16],"rotation":90,"texture":"#a"},"down":{"uv":[0,0,1,16],"rotation":90,"texture":"#a"}}},{"from":[19.15,5.61066,7.83092],"to":[20.55,7.31066,8.16908],"rotation":{"angle":-45,"axis":"x","origin":[16.1,6.46066,8]},"faces":{"up":{"uv":[9,0,10,16],"rotation":90,"texture":"#a"},"down":{"uv":[14,0,15,16],"rotation":90,"texture":"#a"}}},{"from":[17.75,5.61066,7.83092],"to":[19.15,7.31066,8.16908],"rotation":{"angle":-45,"axis":"x","origin":[14.7,6.46066,8]},"faces":{"up":{"uv":[10,0,11,16],"rotation":90,"texture":"#a"},"down":{"uv":[7,0,8,16],"rotation":90,"texture":"#a"}}},{"from":[20.55,5.61066,7.83092],"to":[21.95,7.31066,8.16908],"rotation":{"angle":-22.5,"axis":"x","origin":[17.5,6.46066,8]},"faces":{"up":{"uv":[3,0,4,16],"rotation":90,"texture":"#a"},"down":{"uv":[15,0,16,16],"rotation":90,"texture":"#a"}}},{"from":[19.15,5.61066,7.83092],"to":[20.55,7.31066,8.16908],"rotation":{"angle":-22.5,"axis":"x","origin":[16.1,6.46066,8]},"faces":{"up":{"uv":[3,0,4,16],"rotation":90,"texture":"#a"},"down":{"uv":[15,0,16,16],"rotation":90,"texture":"#a"}}},{"from":[17.75,5.61066,7.83092],"to":[19.15,7.31066,8.16908],"rotation":{"angle":-22.5,"axis":"x","origin":[14.7,6.46066,8]},"faces":{"up":{"uv":[3,0,4,16],"rotation":90,"texture":"#a"},"down":{"uv":[7,0,8,16],"rotation":90,"texture":"#a"}}},{"from":[20.55,6.29158,7.15],"to":[21.95,6.62974,8.85],"rotation":{"angle":0,"axis":"x","origin":[17.5,6.46066,8]},"faces":{"north":{"uv":[2,0,3,16],"rotation":270,"texture":"#a"},"south":{"uv":[10,0,11,16],"rotation":90,"texture":"#a"}}},{"from":[19.15,6.29158,7.15],"to":[20.55,6.62974,8.85],"rotation":{"angle":0,"axis":"x","origin":[16.1,6.46066,8]},"faces":{"north":{"uv":[10,0,11,16],"rotation":270,"texture":"#a"},"south":{"uv":[9,0,10,16],"rotation":90,"texture":"#a"}}},{"from":[17.75,6.29158,7.15],"to":[19.15,6.62974,8.85],"rotation":{"angle":0,"axis":"x","origin":[14.7,6.46066,8]},"faces":{"north":{"uv":[2,0,3,16],"rotation":270,"texture":"#a"},"south":{"uv":[5,0,6,16],"rotation":90,"texture":"#a"}}},{"from":[20.55,6.29158,7.15],"to":[21.95,6.62974,8.85],"rotation":{"angle":-22.5,"axis":"x","origin":[17.5,6.46066,8]},"faces":{"north":{"uv":[4,0,5,16],"rotation":270,"texture":"#a"},"south":{"uv":[3,0,4,16],"rotation":90,"texture":"#a"}}},{"from":[19.15,6.29158,7.15],"to":[20.55,6.62974,8.85],"rotation":{"angle":-22.5,"axis":"x","origin":[16.1,6.46066,8]},"faces":{"north":{"uv":[3,0,4,16],"rotation":270,"texture":"#a"},"south":{"uv":[11,0,12,16],"rotation":90,"texture":"#a"}}},{"from":[17.75,6.29158,7.15],"to":[19.15,6.62974,8.85],"rotation":{"angle":-22.5,"axis":"x","origin":[14.7,6.46066,8]},"faces":{"north":{"uv":[9,0,10,16],"rotation":270,"texture":"#a"},"south":{"uv":[6,0,7,16],"rotation":90,"texture":"#a"}}},{"from":[20.55,5.61066,7.83092],"to":[21.95,7.31066,8.16908],"rotation":{"angle":45,"axis":"x","origin":[17.5,6.46066,8]},"faces":{"up":{"uv":[1,0,2,16],"rotation":90,"texture":"#a"},"down":{"uv":[7,0,8,16],"rotation":90,"texture":"#a"}}},{"from":[19.15,5.61066,7.83092],"to":[20.55,7.31066,8.16908],"rotation":{"angle":45,"axis":"x","origin":[16.1,6.46066,8]},"faces":{"up":{"uv":[1,0,2,16],"rotation":90,"texture":"#a"},"down":{"uv":[0,0,1,16],"rotation":90,"texture":"#a"}}},{"from":[17.75,5.61066,7.83092],"to":[19.15,7.31066,8.16908],"rotation":{"angle":45,"axis":"x","origin":[14.7,6.46066,8]},"faces":{"up":{"uv":[12,0,13,16],"rotation":90,"texture":"#a"},"down":{"uv":[7,0,8,16],"rotation":90,"texture":"#a"}}},{"from":[20.55,5.61066,7.83092],"to":[21.95,7.31066,8.16908],"rotation":{"angle":22.5,"axis":"x","origin":[17.5,6.46066,8]},"faces":{"up":{"uv":[3,0,4,16],"rotation":90,"texture":"#a"},"down":{"uv":[15,0,16,16],"rotation":90,"texture":"#a"}}},{"from":[19.15,5.61066,7.83092],"to":[20.55,7.31066,8.16908],"rotation":{"angle":22.5,"axis":"x","origin":[16.1,6.46066,8]},"faces":{"up":{"uv":[3,0,4,16],"rotation":90,"texture":"#a"},"down":{"uv":[15,0,16,16],"rotation":90,"texture":"#a"}}},{"from":[17.75,5.61066,7.83092],"to":[19.15,7.31066,8.16908],"rotation":{"angle":22.5,"axis":"x","origin":[14.7,6.46066,8]},"faces":{"up":{"uv":[3,0,4,16],"rotation":90,"texture":"#a"},"down":{"uv":[15,0,16,16],"rotation":90,"texture":"#a"}}},{"from":[16.15,5.61066,7.83092],"to":[17.75,7.31066,8.16908],"rotation":{"angle":0,"axis":"y","origin":[11.7,6.46066,8]},"faces":{"down":{"uv":[0,11,1,12],"rotation":180,"texture":"#a"}}},{"from":[21.95,6.29158,7.15],"to":[23.35,6.62974,8.85],"rotation":{"angle":-22.5,"axis":"x","origin":[17.5,6.46066,8]},"faces":{"north":{"uv":[1,10,6,11],"rotation":90,"texture":"#a"},"east":{"uv":[0,6,1,13],"rotation":90,"texture":"#a"},"south":{"uv":[1,0,6,1],"rotation":270,"texture":"#a"}}},{"from":[16.15,6.29158,7.15],"to":[17.75,6.62974,8.85],"rotation":{"angle":-22.5,"axis":"x","origin":[11.7,6.46066,8]},"faces":{"north":{"uv":[7,5,12,6],"rotation":270,"texture":"#a"},"south":{"uv":[0,8,5,9],"rotation":90,"texture":"#a"}}},{"from":[21.95,6.29158,7.15],"to":[23.35,6.62974,8.85],"rotation":{"angle":0,"axis":"x","origin":[17.5,6.46066,8]},"faces":{"north":{"uv":[0,8,5,9],"rotation":90,"texture":"#a"},"east":{"uv":[0,6,1,13],"rotation":270,"texture":"#a"},"south":{"uv":[0,0,5,1],"rotation":270,"texture":"#a"}}},{"from":[16.15,6.29158,7.15],"to":[17.75,6.62974,8.85],"rotation":{"angle":0,"axis":"x","origin":[11.7,6.46066,8]},"faces":{"north":{"uv":[7,8,12,9],"rotation":270,"texture":"#a"},"south":{"uv":[7,8,12,9],"rotation":90,"texture":"#a"}}},{"from":[21.95,6.29158,7.15],"to":[23.35,6.62974,8.85],"rotation":{"angle":22.5,"axis":"x","origin":[17.5,6.46066,8]},"faces":{"north":{"uv":[6,0,11,1],"rotation":90,"texture":"#a"},"east":{"uv":[0,6,1,13],"rotation":270,"texture":"#a"},"south":{"uv":[2,9,7,10],"rotation":90,"texture":"#a"}}},{"from":[16.15,6.29158,7.15],"to":[17.75,6.62974,8.85],"rotation":{"angle":22.5,"axis":"x","origin":[11.7,6.46066,8]},"faces":{"north":{"uv":[9,5,14,6],"rotation":90,"texture":"#a"},"south":{"uv":[7,5,12,6],"rotation":270,"texture":"#a"}}},{"from":[21.95,5.61066,7.83092],"to":[23.35,7.31066,8.16908],"rotation":{"angle":-45,"axis":"x","origin":[17.5,6.46066,8]},"faces":{"east":{"uv":[0,6,1,13],"rotation":180,"texture":"#a"},"up":{"uv":[7,5,12,6],"rotation":270,"texture":"#a"},"down":{"uv":[7,5,12,6],"rotation":270,"texture":"#a"}}},{"from":[16.15,5.61066,7.83092],"to":[17.75,7.31066,8.16908],"rotation":{"angle":-45,"axis":"x","origin":[11.7,6.46066,8]},"faces":{"west":{"uv":[0,7,1,8],"texture":"#a"},"up":{"uv":[0,11,5,12],"rotation":270,"texture":"#a"},"down":{"uv":[0,3,5,4],"rotation":90,"texture":"#a"}}},{"from":[21.95,5.61066,7.83092],"to":[23.35,7.31066,8.16908],"rotation":{"angle":-22.5,"axis":"x","origin":[17.5,6.46066,8]},"faces":{"east":{"uv":[0,6,1,13],"rotation":180,"texture":"#a"},"up":{"uv":[0,11,1,12],"rotation":270,"texture":"#a"},"down":{"uv":[10,3,15,4],"rotation":90,"texture":"#a"}}},{"from":[16.15,5.61066,7.83092],"to":[17.75,7.31066,8.16908],"rotation":{"angle":-22.5,"axis":"x","origin":[11.7,6.46066,8]},"faces":{"up":{"uv":[0,11,1,12],"rotation":90,"texture":"#a"},"down":{"uv":[5,7,10,8],"rotation":90,"texture":"#a"}}},{"from":[21.95,5.61066,7.83092],"to":[23.35,7.31066,8.16908],"rotation":{"angle":45,"axis":"x","origin":[17.5,6.46066,8]},"faces":{"east":{"uv":[0,6,1,13],"rotation":180,"texture":"#a"},"up":{"uv":[7,5,12,6],"rotation":90,"texture":"#a"},"down":{"uv":[10,11,15,12],"rotation":270,"texture":"#a"}}},{"from":[16.15,5.61066,7.83092],"to":[17.75,7.31066,8.16908],"rotation":{"angle":45,"axis":"x","origin":[11.7,6.46066,8]},"faces":{"west":{"uv":[0,7,1,8],"texture":"#a"},"up":{"uv":[0,11,5,12],"rotation":90,"texture":"#a"},"down":{"uv":[3,3,8,4],"rotation":270,"texture":"#a"}}},{"from":[21.95,5.61066,7.83092],"to":[23.35,7.31066,8.16908],"rotation":{"angle":22.5,"axis":"x","origin":[17.5,6.46066,8]},"faces":{"east":{"uv":[0,6,1,13],"rotation":180,"texture":"#a"},"up":{"uv":[0,7,1,8],"rotation":90,"texture":"#a"},"down":{"uv":[6,7,11,8],"rotation":90,"texture":"#a"}}},{"from":[16.15,5.61066,7.83092],"to":[17.75,7.31066,8.16908],"rotation":{"angle":22.5,"axis":"x","origin":[11.7,6.46066,8]},"faces":{"up":{"uv":[0,11,1,12],"rotation":90,"texture":"#a"},"down":{"uv":[6,7,11,8],"rotation":90,"texture":"#a"}}},{"from":[7,7.875,7.91049],"to":[29.7,8.025,8.08951],"rotation":{"angle":22.5,"axis":"x","origin":[29.3,7.575,8]},"faces":{"east":{"uv":[0,2,1,3],"texture":"#1"},"up":{"uv":[9,9,11,9.01],"rotation":270,"texture":"#5"},"down":{"uv":[0,8,1,10],"texture":"#5"}}},{"from":[7,7.875,7.91049],"to":[29.7,8.025,8.08951],"rotation":{"angle":0,"axis":"y","origin":[9,8,8]},"faces":{"east":{"uv":[0,2,1,3],"texture":"#1"},"up":{"uv":[9,8,12,9],"rotation":270,"texture":"#5"},"down":{"uv":[0,8,1,10],"texture":"#5"}}},{"from":[7,7.875,7.91049],"to":[29.7,8.025,8.08951],"rotation":{"angle":45,"axis":"x","origin":[29.3,7.575,8]},"faces":{"east":{"uv":[0,2,1,3],"texture":"#1"},"up":{"uv":[12,15,16,15.01],"rotation":90,"texture":"#5"},"down":{"uv":[0,5,2,6],"rotation":90,"texture":"#5"}}},{"from":[7,7.48549,8.3],"to":[29.7,7.66451,8.45],"rotation":{"angle":-22.5,"axis":"x","origin":[29.3,7.575,8]},"faces":{"north":{"uv":[4,5,6,6],"rotation":90,"texture":"#5"},"east":{"uv":[0,2,1,3],"rotation":270,"texture":"#1"},"south":{"uv":[0,9,0.01,12.99],"texture":"#5"}}},{"from":[7,7.48549,8.3],"to":[29.7,7.66451,8.45],"rotation":{"angle":0,"axis":"y","origin":[9,8,8]},"faces":{"north":{"uv":[3,11,5,14],"rotation":270,"texture":"#5"},"east":{"uv":[0,2,1,3],"rotation":90,"texture":"#1"},"south":{"uv":[10,7,14,8],"rotation":90,"texture":"#1"}}},{"from":[7,7.48549,8.3],"to":[29.7,7.66451,8.45],"rotation":{"angle":22.5,"axis":"x","origin":[29.3,7.575,8]},"faces":{"north":{"uv":[3,11,5,14],"rotation":270,"texture":"#5"},"east":{"uv":[0,2,1,3],"rotation":90,"texture":"#1"},"south":{"uv":[14,10,16,11],"rotation":90,"texture":"#1"}}},{"from":[7,7.125,7.91049],"to":[29.7,7.275,8.08951],"rotation":{"angle":-45,"axis":"x","origin":[29.3,7.575,8]},"faces":{"east":{"uv":[0,2,1,3],"texture":"#1"},"up":{"uv":[3,11,5,14],"rotation":90,"texture":"#5"},"down":{"uv":[15,15,16,16],"texture":"#1"}}},{"from":[7,7.125,7.91049],"to":[29.7,7.275,8.08951],"rotation":{"angle":0,"axis":"y","origin":[9,8,8]},"faces":{"east":{"uv":[0,2,1,3],"texture":"#1"},"up":{"uv":[3,11,5,14],"rotation":90,"texture":"#5"},"down":{"uv":[15,15,16,16],"texture":"#1"}}},{"from":[7,7.125,7.91049],"to":[29.7,7.275,8.08951],"rotation":{"angle":-22.5,"axis":"x","origin":[29.3,7.575,8]},"faces":{"east":{"uv":[0,2,1,3],"texture":"#1"},"up":{"uv":[3,11,5,14],"rotation":90,"texture":"#5"},"down":{"uv":[15,15,16,16],"texture":"#1"}}},{"from":[7,7.125,7.91049],"to":[29.7,7.275,8.08951],"rotation":{"angle":22.5,"axis":"x","origin":[29.3,7.575,8]},"faces":{"east":{"uv":[0,2,1,3],"texture":"#1"},"up":{"uv":[3,11,5,14],"rotation":90,"texture":"#5"},"down":{"uv":[15,15,16,16],"texture":"#1"}}},{"from":[7,7.125,7.91049],"to":[29.7,7.275,8.08951],"rotation":{"angle":45,"axis":"x","origin":[29.3,7.575,8]},"faces":{"east":{"uv":[0,2,1,3],"texture":"#1"},"up":{"uv":[3,11,5,14],"rotation":90,"texture":"#5"},"down":{"uv":[15,9,16,10],"texture":"#1"}}},{"from":[7,7.48549,7.55],"to":[29.7,7.66451,7.7],"rotation":{"angle":-22.5,"axis":"x","origin":[29.3,7.575,8]},"faces":{"north":{"uv":[14,10,16,11],"texture":"#1"},"east":{"uv":[0,2,1,3],"rotation":270,"texture":"#1"},"south":{"uv":[3,11,5,14],"rotation":90,"texture":"#5"}}},{"from":[7,7.48549,7.55],"to":[29.7,7.66451,7.7],"rotation":{"angle":0,"axis":"y","origin":[9,8,8]},"faces":{"north":{"uv":[10,7,14,8],"rotation":90,"texture":"#1"},"east":{"uv":[0,2,1,3],"rotation":90,"texture":"#1"},"south":{"uv":[4,9,7,11],"texture":"#5"}}},{"from":[7,7.48549,7.55],"to":[29.7,7.66451,7.7],"rotation":{"angle":22.5,"axis":"x","origin":[29.3,7.575,8]},"faces":{"north":{"uv":[0,9,1,13],"texture":"#5"},"east":{"uv":[0,2,1,3],"rotation":90,"texture":"#1"},"south":{"uv":[4,5,6,6],"rotation":90,"texture":"#5"}}},{"from":[7,7.875,7.91049],"to":[29.7,8.025,8.08951],"rotation":{"angle":-45,"axis":"x","origin":[29.3,7.575,8]},"faces":{"east":{"uv":[0,2,1,3],"texture":"#1"},"up":{"uv":[12,15,16,15.01],"rotation":270,"texture":"#5"},"down":{"uv":[0,5,2,6],"rotation":270,"texture":"#5"}}},{"from":[7,7.875,7.91049],"to":[29.7,8.025,8.08951],"rotation":{"angle":-22.5,"axis":"x","origin":[29.3,7.575,8]},"faces":{"east":{"uv":[0,2,1,3],"texture":"#1"},"up":{"uv":[9,9,12.99,9.01],"rotation":90,"texture":"#5"},"down":{"uv":[0,6,1,8],"texture":"#5"}}},{"from":[-7.05,2.025,7.3],"to":[-6.95,2.125,8.7],"rotation":{"angle":0,"axis":"y","origin":[0,8,7.775]},"faces":{"north":{"uv":[0,0,0.5,0.5],"texture":"#1"},"east":{"uv":[4,0,5,5],"texture":"#1"},"south":{"uv":[5,0,6,5],"texture":"#1"},"west":{"uv":[10,10,11,11],"rotation":90,"texture":"#1"},"up":{"uv":[10,10,16,11],"texture":"#1"},"down":{"uv":[0,0,0.5,0.5],"texture":"#1"}}},{"from":[-7.05,1.425,7.3],"to":[-6.95,1.525,8.7],"rotation":{"angle":0,"axis":"y","origin":[0,8,7.775]},"faces":{"north":{"uv":[0,0,0.5,0.5],"texture":"#1"},"east":{"uv":[4,0,5,5],"texture":"#1"},"south":{"uv":[5,0,6,5],"texture":"#1"},"west":{"uv":[10,10,11,11],"rotation":90,"texture":"#1"},"up":{"uv":[10,10,16,11],"texture":"#1"},"down":{"uv":[0,0,0.5,0.5],"texture":"#1"}}},{"from":[-7.05,1.5,7.2],"to":[-6.95,2.05,7.3],"rotation":{"angle":0,"axis":"y","origin":[0,8,7.775]},"faces":{"north":{"uv":[0,0,0.5,3.5],"texture":"#1"},"east":{"uv":[4,0,5,5],"texture":"#1"},"south":{"uv":[0,0,1,1],"texture":"#1"},"west":{"uv":[10,10,11,11],"rotation":90,"texture":"#1"},"up":{"uv":[10,10,16,11],"texture":"#1"},"down":{"uv":[0,0,0.5,0.5],"texture":"#1"}}},{"from":[-7.05,1.5,8.7],"to":[-6.95,2.05,8.8],"rotation":{"angle":0,"axis":"y","origin":[0,8,7.775]},"faces":{"north":{"uv":[0,0,0.5,0.5],"texture":"#1"},"east":{"uv":[4,0,5,5],"texture":"#1"},"south":{"uv":[5,0,6,5],"texture":"#1"},"west":{"uv":[10,10,11,11],"rotation":90,"texture":"#1"},"up":{"uv":[10,10,16,11],"texture":"#1"},"down":{"uv":[0,0,0.5,0.5],"texture":"#1"}}},{"from":[-7.15,1.9,7.85],"to":[-6.85,2.6,8.15],"rotation":{"angle":0,"axis":"y","origin":[0,8,7.975]},"faces":{"north":{"uv":[0,0,0.5,0.5],"texture":"#5"},"east":{"uv":[4,0,5,5],"texture":"#5"},"south":{"uv":[5,0,6,5],"texture":"#5"},"west":{"uv":[10,10,11,11],"rotation":90,"texture":"#5"},"up":{"uv":[10,10,16,11],"texture":"#1"},"down":{"uv":[0,0,0.5,0.5],"texture":"#1"}}},{"from":[25.175,5.575,7.85],"to":[25.475,5.875,8.15],"rotation":{"angle":0,"axis":"y","origin":[0,8,7.975]},"faces":{"north":{"uv":[0,0,0.5,0.5],"texture":"#5"},"east":{"uv":[4,0,5,5],"texture":"#5"},"south":{"uv":[5,0,6,5],"texture":"#5"},"west":{"uv":[10,10,11,11],"rotation":90,"texture":"#5"},"up":{"uv":[10,10,16,11],"texture":"#1"},"down":{"uv":[0,0,0.5,0.5],"texture":"#1"}}},{"from":[-9.75,2.814,7.4995],"to":[-0.65,4.314,8.5005],"rotation":{"angle":22.5,"axis":"z","origin":[-5.9,2.95,8]},"faces":{"north":{"uv":[8,0,14,4],"texture":"#a"},"south":{"uv":[10,0,14,4],"texture":"#a"},"down":{"uv":[1,7,8,8],"rotation":270,"texture":"#a"}}},{"from":[0.235,-0.955,7.3995],"to":[2.36,0.545,8.6005],"rotation":{"angle":45,"axis":"z","origin":[-5.9,2.65,7.9]},"faces":{"north":{"uv":[0,9,16,10],"rotation":90,"texture":"#a"},"south":{"uv":[0,9,16,10],"rotation":90,"texture":"#a"},"up":{"uv":[0,0,16,1],"rotation":90,"texture":"#a"},"down":{"uv":[1,15,7,16],"rotation":270,"texture":"#a"}}},{"from":[-1.61,5.785,7.399],"to":[0.015,7.51,8.601],"rotation":{"angle":-22.5,"axis":"z","origin":[-5.9,2.65,7.8995]},"faces":{"north":{"uv":[0,10,16,11],"rotation":180,"texture":"#a"},"east":{"uv":[1,15,7,16],"rotation":180,"texture":"#a"},"south":{"uv":[0,10,16,11],"rotation":180,"texture":"#a"},"west":{"uv":[0,7,16,10],"rotation":180,"texture":"#a"},"down":{"uv":[0,11,16,12],"rotation":180,"texture":"#a"}}},{"from":[-9.3999,6.6,7.79289],"to":[0.6001,6.95,8.20711],"rotation":{"angle":0,"axis":"y","origin":[8.4,7.2,8]},"faces":{"up":{"uv":[7,0,10.25,1.25],"texture":"#a"}}},{"from":[-10.4999,6.6,7.69289],"to":[-9.3999,6.95,8.30711],"rotation":{"angle":0,"axis":"y","origin":[6.9,7.2,8.1]},"faces":{"east":{"uv":[0,0,1,1],"texture":"#6"},"west":{"uv":[0,0,1,1],"texture":"#6"},"up":{"uv":[6,3,9,4],"texture":"#6"}}},{"from":[0.6001,6.6,7.79289],"to":[1.3001,6.95,8.20711],"rotation":{"angle":-22.5,"axis":"z","origin":[0.6001,6.95,8]},"faces":{"north":{"uv":[0,0,1,1],"texture":"#a"},"south":{"uv":[0,0,1,1],"texture":"#a"},"up":{"uv":[0,8,3.25,9.25],"texture":"#a"}}},{"from":[-10.5,1.35,7.4],"to":[-9.4,6.66,8.6],"rotation":{"angle":0,"axis":"y","origin":[8,6.5,7.9]},"faces":{"north":{"uv":[0,0,3,16],"texture":"#6"},"east":{"uv":[0,0,1,1],"texture":"#6"},"south":{"uv":[0,0,3,16],"texture":"#6"},"west":{"uv":[0,5,16,8],"rotation":90,"texture":"#8"},"down":{"uv":[0,0,3,4],"rotation":180,"texture":"#6"}}},{"from":[-10.501,6.05,7.7],"to":[-9.401,6.65,8.3],"rotation":{"angle":0,"axis":"y","origin":[8,6.5,7.9]},"faces":{"west":{"uv":[1,8,5,12],"rotation":90,"texture":"#9"}}},{"from":[-10.501,1.75,7.7],"to":[-9.401,2.35,8.3],"rotation":{"angle":0,"axis":"y","origin":[8,6.5,7.9]},"faces":{"west":{"uv":[1,8,5,12],"rotation":90,"texture":"#9"}}},{"from":[-9.3999,6.6,7.79289],"to":[0.6001,6.95,8.20711],"rotation":{"angle":45,"axis":"x","origin":[-8.5,6.45,8]},"faces":{"east":{"uv":[2,0,3.5,1.25],"texture":"#a"},"up":{"uv":[11,0,14.25,1.25],"texture":"#a"}}},{"from":[-10.4999,6.6,7.89289],"to":[-9.3999,6.95,8.30711],"rotation":{"angle":45,"axis":"x","origin":[-10,6.45,8.1]},"faces":{"east":{"uv":[0,0,1,1],"texture":"#6"},"west":{"uv":[0,0,1,1],"texture":"#6"},"up":{"uv":[0,5,3,6],"texture":"#6"}}},{"from":[-9.3999,6.6,7.79289],"to":[0.6001,6.95,8.20711],"rotation":{"angle":-45,"axis":"x","origin":[-8.5,6.45,8]},"faces":{"east":{"uv":[2,0,3.5,1.25],"texture":"#a"},"up":{"uv":[9,4,12.25,5.25],"texture":"#a"}}},{"from":[-10.4999,6.6,7.69289],"to":[-9.3999,6.95,8.10711],"rotation":{"angle":-45,"axis":"x","origin":[-10,6.45,7.9]},"faces":{"east":{"uv":[0,0,1,1],"texture":"#6"},"west":{"uv":[0,0,1,1],"texture":"#6"},"up":{"uv":[0,4,3,5],"texture":"#6"}}},{"from":[-5.525,4.575,7.5],"to":[1.125,6.66,8.5],"rotation":{"angle":0,"axis":"y","origin":[8,6.5,8]},"faces":{"north":{"uv":[6,8,16,11],"rotation":90,"texture":"#a"},"south":{"uv":[5,0,16,3],"rotation":90,"texture":"#a"},"up":{"uv":[2,4,7.75,4.75],"rotation":90,"texture":"#a"},"down":{"uv":[1,7,8,8],"rotation":270,"texture":"#a"}}},{"from":[-9.4,2.975,7.5],"to":[-5.525,6.66,8.5],"rotation":{"angle":0,"axis":"y","origin":[8,6.5,8]},"faces":{"north":{"uv":[0,8,16,10],"rotation":270,"texture":"#a"},"south":{"uv":[0,8,16,10],"rotation":90,"texture":"#a"}}}],"display":{"thirdperson_righthand":{"rotation":[0,90,0],"translation":[-1,1,-1.25],"scale":[0.65,0.65,0.65]},"thirdperson_lefthand":{"rotation":[0,-90,190],"translation":[-1.75,-5.5,5],"scale":[0.65,0.65,0.65]},"firstperson_righthand":{"rotation":[0,90.125,-0.125],"translation":[-8.97,5.97,7],"scale":[0.4,1.3,1.3]},"firstperson_lefthand":{"scale":[0,0,0]},"ground":{"translation":[0,1.75,0],"scale":[0.65,0.65,0.65]},"gui":{"rotation":[0,0,45],"translation":[-1.25,0.5,0],"scale":[0.65,0.65,0.65]},"head":{"scale":[1.3,1.3,1.3]},"fixed":{"translation":[0,1.5,-2.2],"scale":[-1.3,1.3,-1.3]}}}