{"gui_light":"front","textures":{"0":"block/tripwire_hook","1":"block/observer_side","2":"block/bedrock","3":"block/birch_planks","4":"block/gray_wool","5":"block/cut_sandstone","6":"block/polished_andesite","7":"block/coal_ore","8":"block/coal_block","9":"block/furnace_top","particle":"block/bedrock","a":"block/anvil","b":"block/chiseled_stone_bricks","c":"block/fire_coral"},"elements":[{"from":[26,7.5,7.2],"to":[26.25,8.5,8.8],"rotation":{"angle":0,"axis":"y","origin":[10.5,8,8]},"faces":{"north":{"uv":[0,5,2,6],"rotation":270,"texture":"#4"},"east":{"uv":[5,4,11,8],"texture":"#0"},"south":{"uv":[0,5,2,6],"rotation":90,"texture":"#4"},"west":{"uv":[0,0,2,1],"texture":"#4"},"up":{"uv":[2,2,4,4],"texture":"#4"},"down":{"uv":[2,2,4,4],"texture":"#4"}}},{"from":[4.6,4.4,7.5],"to":[7.9,6.1,8.5],"faces":{"north":{"uv":[0,2,1,15],"rotation":90,"texture":"#4"},"east":{"uv":[1,7,8,8],"rotation":90,"texture":"#4"},"south":{"uv":[0,3,1,15],"rotation":270,"texture":"#4"},"west":{"uv":[1,5,2,8],"rotation":90,"texture":"#4"},"down":{"uv":[4,13,16,16],"texture":"#4"}}},{"from":[2.1,3.75,7.7],"to":[3.05,6.65,8.3],"rotation":{"angle":-22.5,"axis":"z","origin":[3.55,5.7,8.4]},"faces":{"north":{"uv":[8,0,15,4],"rotation":90,"texture":"#3"},"east":{"uv":[0,7,16,8],"texture":"#3"},"south":{"uv":[9,0,16,4],"rotation":270,"texture":"#3"},"west":{"uv":[0,7,16,8],"texture":"#3"},"down":{"uv":[6,12,4,11],"texture":"#3"}}},{"from":[9.7,6.7,8.25],"to":[13.7,7,8.55],"faces":{"east":{"uv":[0.01,0.01,0.01,0.01],"texture":"#4"},"south":{"uv":[16,3,2,5],"texture":"#5"},"west":{"uv":[0.01,0.01,0.01,0.01],"texture":"#4"},"up":{"uv":[1,0,0,1],"texture":"#2"},"down":{"uv":[1,1,0,2],"texture":"#2"}}},{"from":[-5.1,6,7.25],"to":[-4.5,8.457,8.75],"rotation":{"angle":0,"axis":"y","origin":[6.5,8,8]},"faces":{"north":{"uv":[15,1,16,16],"texture":"#6"},"east":{"uv":[14,0,15,1],"texture":"#6"},"south":{"uv":[15,1,16,16],"rotation":180,"texture":"#6"},"west":{"uv":[0,5,1,12],"texture":"#4"},"down":{"uv":[0.01,0.01,0.01,0.01],"texture":"#4"}}},{"from":[-4.95732,5.60227,7.6],"to":[-1.50732,6.25227,8.4],"rotation":{"angle":0,"axis":"y","origin":[6.49268,8.00227,8]},"faces":{"north":{"uv":[9,14,16,16],"texture":"#6"},"south":{"uv":[9,16,16,14],"rotation":180,"texture":"#6"},"west":{"uv":[0,15,1,16],"texture":"#4"},"up":{"uv":[6,0,13,1],"texture":"#6"},"down":{"uv":[12,5,8,6],"texture":"#4"}}},{"from":[-1.6,5.75,7.601],"to":[-1.1,7.75,8.399],"rotation":{"angle":-22.5,"axis":"z","origin":[-1.675,6.7,8]},"faces":{"north":{"uv":[3,0,5,2],"texture":"#6"},"east":{"uv":[4,1,6,2],"texture":"#6"},"south":{"uv":[7,0,9,2],"texture":"#6"},"west":{"uv":[14,14,16,16],"texture":"#6"}}},{"from":[4.3,6.1,7.35],"to":[8.3,7.7,8.65],"faces":{"north":{"uv":[10,3,14,8],"texture":"#3"},"south":{"uv":[2,3,6,8],"rotation":180,"texture":"#3"},"west":{"uv":[10,11,13,12],"rotation":270,"texture":"#3"},"down":{"uv":[0,0,5,1],"texture":"#4"}}},{"from":[8.3,8.4,8.7],"to":[8.425,8.6,9.35],"faces":{"north":{"uv":[14,14,16,16],"texture":"#6"},"east":{"uv":[11,3,12,5],"texture":"#4"},"south":{"uv":[13,14,16,16],"texture":"#6"},"west":{"uv":[0,15,4,16],"rotation":90,"texture":"#6"},"up":{"uv":[0,0,1,2],"texture":"#6"},"down":{"uv":[0,14,1,16],"rotation":270,"texture":"#4"}}},{"from":[0.7,7.6,7.9],"to":[8,8.25,8.5],"faces":{"east":{"uv":[15,15,16,16],"texture":"#6"},"south":{"uv":[7,7,16,8],"rotation":90,"texture":"#6"},"up":{"uv":[12,1,13,5],"rotation":180,"texture":"#1"}}},{"from":[3.4,5.75,7.875],"to":[3.75804,5.8,8.125],"faces":{"north":{"uv":[0,2,1.19984,2.19984],"texture":"#3"},"south":{"uv":[0,2,1.19984,2.19984],"texture":"#3"},"up":{"uv":[0,3,1.19984,3.39967],"texture":"#3"},"down":{"uv":[0,3,1.19984,3.39967],"texture":"#3"}}},{"from":[3.575,6.4,7.925],"to":[3.7,6.9,8.075],"faces":{"north":{"uv":[0,3,1,4],"texture":"#3"},"east":{"uv":[2,3,3,4],"texture":"#3"},"south":{"uv":[1,3,2,4],"texture":"#3"},"west":{"uv":[5,11,6,12],"texture":"#3"},"down":{"uv":[0,0,0.1,0.2],"texture":"#8"}}},{"from":[16.85,8.172,7.6375],"to":[16.9,8.722,8.3625],"rotation":{"angle":0,"axis":"y","origin":[9,8,8]},"faces":{"east":{"uv":[8,15,7,16],"rotation":270,"texture":"#3"},"west":{"uv":[0.01,0.01,0.01,0.01],"texture":"#4"},"up":{"uv":[0,1,1,0],"texture":"#3"}}},{"from":[16.85,8.505,8.056],"to":[16.9,8.805,8.206],"rotation":{"angle":22.5,"axis":"x","origin":[14.385,8,8]},"faces":{"east":{"uv":[8,15,7,16],"rotation":90,"texture":"#3"},"west":{"uv":[0.01,0.01,0.01,0.01],"rotation":270,"texture":"#4"},"up":{"uv":[4,5,5,6],"texture":"#3"}}},{"from":[16.85,7.75,8.35],"to":[16.9,8.35,8.9],"rotation":{"angle":-22.5,"axis":"x","origin":[18.885,7.5,7.9]},"faces":{"east":{"uv":[8,15,7,16],"texture":"#3"},"south":{"uv":[0,0,1,1],"texture":"#3"},"west":{"uv":[0.01,0.01,0.01,0.01],"texture":"#4"}}},{"from":[16.85,7.886,8.428],"to":[16.9,8.114,8.728],"rotation":{"angle":0,"axis":"y","origin":[9,8,8]},"faces":{"east":{"uv":[7,15,8,16],"texture":"#3"},"south":{"uv":[3,0,4,1],"texture":"#3"},"west":{"uv":[0.01,0.01,0.01,0.01],"texture":"#4"},"up":{"uv":[11,0,12,4],"rotation":270,"texture":"#3"},"down":{"uv":[8,4,12,6],"texture":"#3"}}},{"from":[16.85,7.65,8.35],"to":[16.9,8.25,8.9],"rotation":{"angle":22.5,"axis":"x","origin":[18.885,8.5,7.9]},"faces":{"east":{"uv":[7,15,8,16],"texture":"#3"},"south":{"uv":[6,9,7,8],"texture":"#3"},"west":{"uv":[0,1,1,0],"texture":"#4"}}},{"from":[16.85,7.325,7.5],"to":[16.9,7.875,8.5],"rotation":{"angle":0,"axis":"y","origin":[9,8,8]},"faces":{"east":{"uv":[8,15,7,16],"rotation":270,"texture":"#3"},"west":{"uv":[0.01,0.01,0.01,0.01],"texture":"#4"},"down":{"uv":[7,10,8,11],"texture":"#3"}}},{"from":[16.85,7.65,7.1],"to":[16.9,8.25,7.65],"rotation":{"angle":-22.5,"axis":"x","origin":[18.885,8.5,8.1]},"faces":{"north":{"uv":[8,10,7,9],"texture":"#3"},"east":{"uv":[8,15,7,16],"texture":"#3"},"west":{"uv":[1,1,0,0],"texture":"#4"}}},{"from":[16.85,7.75,7.1],"to":[16.9,8.35,7.65],"rotation":{"angle":22.5,"axis":"x","origin":[18.885,7.5,8.1]},"faces":{"north":{"uv":[4,13,3,14],"texture":"#3"},"east":{"uv":[8,15,7,16],"texture":"#3"},"west":{"uv":[1,0,0,1],"texture":"#4"}}},{"from":[16.85,8.505,7.794],"to":[16.9,8.805,7.944],"rotation":{"angle":-22.5,"axis":"x","origin":[14.385,8,8]},"faces":{"east":{"uv":[8,15,7,16],"rotation":90,"texture":"#3"},"west":{"uv":[0.01,0.01,0.01,0.01],"rotation":270,"texture":"#4"},"up":{"uv":[10,13,11,12],"texture":"#3"}}},{"from":[16.55,7.5,7.45],"to":[16.95,7.65,8.55],"rotation":{"angle":0,"axis":"y","origin":[9,8,8]},"faces":{"north":{"uv":[8,4,12,6],"rotation":180,"texture":"#3"},"east":{"uv":[7,3,8,8],"rotation":180,"texture":"#3"},"south":{"uv":[11,0,12,4],"rotation":270,"texture":"#3"},"up":{"uv":[2,2,3,5],"rotation":180,"texture":"#3"},"down":{"uv":[0,8,16,11],"texture":"#3"}}},{"from":[16.85,7.886,7.272],"to":[16.9,8.114,7.572],"rotation":{"angle":0,"axis":"y","origin":[9,8,8]},"faces":{"north":{"uv":[4,0,3,1],"texture":"#3"},"east":{"uv":[8,15,7,16],"texture":"#3"},"west":{"uv":[0.01,0.01,0.01,0.01],"texture":"#4"},"up":{"uv":[12,0,11,4],"rotation":270,"texture":"#3"},"down":{"uv":[8,6,12,4],"texture":"#3"}}},{"from":[8.5,7.65,7.93038],"to":[26.2,8.35,8.06962],"rotation":{"angle":0,"axis":"y","origin":[10.5,8,8]},"faces":{"east":{"uv":[0.01,0.01,0.01,0.01],"texture":"#8"},"west":{"uv":[2,1,10,2],"rotation":270,"texture":"#6"},"up":{"uv":[1,1,2,2],"texture":"#6"},"down":{"uv":[1,1,2,2],"texture":"#6"}}},{"from":[8.5,7.65,7.93038],"to":[26.2,8.35,8.06962],"rotation":{"angle":22.5,"axis":"x","origin":[17.25,8,8]},"faces":{"east":{"uv":[0.01,0.01,0.01,0.01],"texture":"#8"},"up":{"uv":[0,0,1,1],"texture":"#6"},"down":{"uv":[0,0,1,1],"texture":"#6"}}},{"from":[8.5,7.65,7.93038],"to":[26.2,8.35,8.06962],"rotation":{"angle":-22.5,"axis":"x","origin":[17.25,8,8]},"faces":{"east":{"uv":[0.01,0.01,0.01,0.01],"texture":"#8"},"west":{"uv":[2,1,10,2],"rotation":270,"texture":"#6"},"up":{"uv":[0,0,1,1],"texture":"#6"},"down":{"uv":[0,0,1,1],"texture":"#6"}}},{"from":[8.5,7.65,7.93038],"to":[26.2,8.35,8.06962],"rotation":{"angle":45,"axis":"x","origin":[17.25,8,8]},"faces":{"east":{"uv":[0.01,0.01,0.01,0.01],"texture":"#8"},"up":{"uv":[1,1,2,2],"texture":"#6"},"down":{"uv":[1,1,2,2],"texture":"#6"}}},{"from":[8.5,7.65,7.93038],"to":[26.2,8.35,8.06962],"rotation":{"angle":-45,"axis":"x","origin":[17.25,8,8]},"faces":{"east":{"uv":[0.01,0.01,0.01,0.01],"texture":"#8"},"west":{"uv":[1,1,10,2],"rotation":270,"texture":"#6"},"up":{"uv":[1,1,2,2],"texture":"#6"},"down":{"uv":[1,1,2,2],"texture":"#6"}}},{"from":[8.5,7.93038,7.65],"to":[26.2,8.06962,8.35],"rotation":{"angle":-22.5,"axis":"x","origin":[17.25,8,8]},"faces":{"north":{"uv":[0,0,1,1],"rotation":180,"texture":"#6"},"east":{"uv":[0.01,0.01,0.01,0.01],"texture":"#8"},"south":{"uv":[0,0,1,1],"texture":"#6"}}},{"from":[8.5,7.93038,7.65],"to":[26.2,8.06962,8.35],"rotation":{"angle":22.5,"axis":"x","origin":[17.25,8,8]},"faces":{"north":{"uv":[0,0,1,1],"rotation":180,"texture":"#6"},"east":{"uv":[0.01,0.01,0.01,0.01],"texture":"#8"},"south":{"uv":[0,0,1,1],"texture":"#6"},"west":{"uv":[1,1,10,2],"rotation":180,"texture":"#6"}}},{"from":[8.5,7.93038,7.65],"to":[26.2,8.06962,8.35],"rotation":{"angle":0,"axis":"y","origin":[10.5,8,8]},"faces":{"north":{"uv":[1,1,2,2],"rotation":180,"texture":"#6"},"east":{"uv":[0.01,0.01,0.01,0.01],"texture":"#8"},"south":{"uv":[1,1,2,2],"texture":"#6"},"west":{"uv":[1,1,10,2],"rotation":180,"texture":"#6"}}},{"from":[10.7,8.05,8.85],"to":[16.1,8.35,8.9],"rotation":{"angle":-22.5,"axis":"x","origin":[8,7.5,7.9]},"faces":{"north":{"uv":[0.01,0.01,0.01,0.01],"texture":"#4"},"south":{"uv":[7,4,11,5.2],"texture":"#3"},"up":{"uv":[8,2,12,2.6],"texture":"#5"},"down":{"uv":[0,0,4,0.6],"texture":"#4"}}},{"from":[10.7,7.75,8.85],"to":[16.1,7.85,8.9],"rotation":{"angle":-22.5,"axis":"x","origin":[12.5,7.5,7.9]},"faces":{"north":{"uv":[0.01,0.01,0.01,0.01],"texture":"#4"},"south":{"uv":[8,10,14,10.7],"texture":"#3"},"up":{"uv":[0,0,4,0.2],"texture":"#4"},"down":{"uv":[0,0,4,0.2],"texture":"#3"}}},{"from":[13.3,7.85,8.85],"to":[13.5,8.05,8.9],"rotation":{"angle":-22.5,"axis":"x","origin":[8,7.5,7.9]},"faces":{"north":{"uv":[0.01,0.01,0.01,0.01],"texture":"#4"},"east":{"uv":[0,0,0.1,1.1],"texture":"#4"},"south":{"uv":[0,8,2,10],"rotation":90,"texture":"#5"},"west":{"uv":[0,0,0.1,1.1],"texture":"#4"}}},{"from":[14,7.85,8.85],"to":[14.2,8.05,8.9],"rotation":{"angle":-22.5,"axis":"x","origin":[8,7.5,7.9]},"faces":{"north":{"uv":[0.01,0.01,0.01,0.01],"texture":"#4"},"east":{"uv":[0,0,0.1,1.1],"texture":"#4"},"south":{"uv":[11,2,13,4],"rotation":270,"texture":"#5"},"west":{"uv":[0,0,0.1,1.1],"texture":"#4"}}},{"from":[14.7,7.85,8.85],"to":[14.9,8.05,8.9],"rotation":{"angle":-22.5,"axis":"x","origin":[8,7.5,7.9]},"faces":{"north":{"uv":[0.01,0.01,0.01,0.01],"texture":"#4"},"east":{"uv":[0,0,0.1,1.1],"texture":"#4"},"south":{"uv":[9,8,11,10],"rotation":90,"texture":"#5"},"west":{"uv":[0,0,0.1,1.1],"texture":"#4"}}},{"from":[15.4,7.85,8.85],"to":[15.6,8.05,8.9],"rotation":{"angle":-22.5,"axis":"x","origin":[8,7.5,7.9]},"faces":{"north":{"uv":[0.01,0.01,0.01,0.01],"texture":"#4"},"east":{"uv":[0,0,0.1,1.1],"texture":"#4"},"south":{"uv":[10,2,12,4],"rotation":270,"texture":"#5"},"west":{"uv":[0,0,0.1,1.1],"texture":"#4"}}},{"from":[11.9,7.85,8.85],"to":[12.1,8.05,8.9],"rotation":{"angle":-22.5,"axis":"x","origin":[8,7.5,7.9]},"faces":{"north":{"uv":[0.01,0.01,0.01,0.01],"texture":"#4"},"east":{"uv":[0,0,0.1,1.1],"texture":"#4"},"south":{"uv":[10,2,12,4],"rotation":270,"texture":"#5"},"west":{"uv":[0,0,0.1,1.1],"texture":"#4"}}},{"from":[12.6,7.85,8.85],"to":[12.8,8.05,8.9],"rotation":{"angle":-22.5,"axis":"x","origin":[8,7.5,7.9]},"faces":{"north":{"uv":[0.01,0.01,0.01,0.01],"texture":"#4"},"east":{"uv":[0,0,1,1],"texture":"#4"},"south":{"uv":[4,2,6,4],"rotation":270,"texture":"#5"},"west":{"uv":[0,0,0.1,1.1],"texture":"#4"}}},{"from":[11.2,7.85,8.85],"to":[11.4,8.05,8.9],"rotation":{"angle":-22.5,"axis":"x","origin":[8,7.5,7.9]},"faces":{"north":{"uv":[0.01,0.01,0.01,0.01],"texture":"#4"},"east":{"uv":[0,0,0.1,1.1],"texture":"#4"},"south":{"uv":[10,2,12,4],"rotation":270,"texture":"#5"},"west":{"uv":[0,0,0.1,1.1],"texture":"#4"}}},{"from":[16.1,7.75,8.85],"to":[16.85,8.35,8.9],"rotation":{"angle":-22.5,"axis":"x","origin":[12.5,7.5,7.9]},"faces":{"north":{"uv":[0.01,0.01,0.01,0.01],"texture":"#4"},"east":{"uv":[0,3,1,4],"texture":"#3"},"south":{"uv":[6,8,8,10],"texture":"#3"},"west":{"uv":[0,0,1,1],"texture":"#4"},"up":{"uv":[10,2,11,3],"texture":"#5"},"down":{"uv":[0,0,1,4],"rotation":270,"texture":"#3"}}},{"from":[16.1,7.65,8.85],"to":[16.85,8.25,8.9],"rotation":{"angle":22.5,"axis":"x","origin":[12.5,8.5,7.9]},"faces":{"north":{"uv":[0.01,0.01,0.01,0.01],"texture":"#4"},"east":{"uv":[0,4,1,3],"texture":"#3"},"south":{"uv":[6,10,8,8],"texture":"#3"},"west":{"uv":[0,1,1,0],"texture":"#4"},"up":{"uv":[1,3,0,4],"rotation":270,"texture":"#3"},"down":{"uv":[10,3,11,2],"texture":"#5"}}},{"from":[11.2,7.85,8.85],"to":[11.4,8.05,8.9],"rotation":{"angle":22.5,"axis":"x","origin":[8,8.5,7.9]},"faces":{"north":{"uv":[0.01,0.01,0.01,0.01],"texture":"#4"},"east":{"uv":[0,1.1,0.1,0],"texture":"#4"},"south":{"uv":[12,2,10,4],"rotation":270,"texture":"#5"},"west":{"uv":[0,1.1,0.1,0],"texture":"#4"}}},{"from":[12.6,7.85,8.85],"to":[12.8,8.05,8.9],"rotation":{"angle":22.5,"axis":"x","origin":[8,8.5,7.9]},"faces":{"north":{"uv":[0.01,0.01,0.01,0.01],"texture":"#4"},"east":{"uv":[0,1,1,0],"texture":"#4"},"south":{"uv":[6,2,4,4],"rotation":270,"texture":"#5"},"west":{"uv":[0,1.1,0.1,0],"texture":"#4"}}},{"from":[11.9,7.85,8.85],"to":[12.1,8.05,8.9],"rotation":{"angle":22.5,"axis":"x","origin":[8,8.5,7.9]},"faces":{"north":{"uv":[0.01,0.01,0.01,0.01],"texture":"#4"},"east":{"uv":[0,1.1,0.1,0],"texture":"#4"},"south":{"uv":[12,2,10,4],"rotation":270,"texture":"#5"},"west":{"uv":[0,1.1,0.1,0],"texture":"#4"}}},{"from":[15.4,7.85,8.85],"to":[15.6,8.05,8.9],"rotation":{"angle":22.5,"axis":"x","origin":[8,8.5,7.9]},"faces":{"north":{"uv":[0.01,0.01,0.01,0.01],"texture":"#4"},"east":{"uv":[0,1.1,0.1,0],"texture":"#4"},"south":{"uv":[12,2,10,4],"rotation":270,"texture":"#5"},"west":{"uv":[0,1.1,0.1,0],"texture":"#4"}}},{"from":[14.7,7.85,8.85],"to":[14.9,8.05,8.9],"rotation":{"angle":22.5,"axis":"x","origin":[8,8.5,7.9]},"faces":{"north":{"uv":[0.01,0.01,0.01,0.01],"texture":"#4"},"east":{"uv":[0,1.1,0.1,0],"texture":"#4"},"south":{"uv":[11,8,9,10],"rotation":90,"texture":"#5"},"west":{"uv":[0,1.1,0.1,0],"texture":"#4"}}},{"from":[14,7.85,8.85],"to":[14.2,8.05,8.9],"rotation":{"angle":22.5,"axis":"x","origin":[8,8.5,7.9]},"faces":{"north":{"uv":[0.01,0.01,0.01,0.01],"texture":"#4"},"east":{"uv":[0,1.1,0.1,0],"texture":"#4"},"south":{"uv":[13,2,11,4],"rotation":270,"texture":"#5"},"west":{"uv":[0,1.1,0.1,0],"texture":"#4"}}},{"from":[13.3,7.85,8.85],"to":[13.5,8.05,8.9],"rotation":{"angle":22.5,"axis":"x","origin":[8,8.5,7.9]},"faces":{"north":{"uv":[0.01,0.01,0.01,0.01],"texture":"#4"},"east":{"uv":[0,1.1,0.1,0],"texture":"#4"},"south":{"uv":[2,8,0,10],"rotation":90,"texture":"#5"},"west":{"uv":[0,1.1,0.1,0],"texture":"#4"}}},{"from":[10.7,8.05,8.85],"to":[16.1,8.25,8.9],"rotation":{"angle":22.5,"axis":"x","origin":[12.5,8.5,7.9]},"faces":{"north":{"uv":[0.01,0.01,0.01,0.01],"texture":"#4"},"south":{"uv":[8,10.7,14,9],"texture":"#3"},"up":{"uv":[0,3.19984,4,3],"texture":"#3"},"down":{"uv":[0,0.2,4,0],"texture":"#4"}}},{"from":[10.7,7.65,8.85],"to":[16.1,7.85,8.9],"rotation":{"angle":22.5,"axis":"x","origin":[8,8.5,7.9]},"faces":{"north":{"uv":[0.01,0.01,0.01,0.01],"texture":"#4"},"south":{"uv":[7,2.2,11,2],"texture":"#5"},"up":{"uv":[0,0.6,4,0],"texture":"#4"},"down":{"uv":[8,2.6,12,2],"texture":"#5"}}},{"from":[10.7,7.65,7.1],"to":[16.1,7.85,7.15],"rotation":{"angle":-22.5,"axis":"x","origin":[9,8.5,8.1]},"faces":{"north":{"uv":[11,2.2,7,2],"texture":"#5"},"south":{"uv":[0.01,0.01,0.01,0.01],"texture":"#4"},"up":{"uv":[0,0,4,0.6],"texture":"#4"},"down":{"uv":[8,2,12,2.6],"texture":"#5"}}},{"from":[10.7,8.05,7.1],"to":[16.1,8.25,7.15],"rotation":{"angle":-22.5,"axis":"x","origin":[13.5,8.5,8.1]},"faces":{"north":{"uv":[14,10.7,8,9],"texture":"#3"},"south":{"uv":[0.01,0.01,0.01,0.01],"texture":"#4"},"up":{"uv":[0,3,4,3.19984],"texture":"#3"},"down":{"uv":[0,0,4,0.2],"texture":"#4"}}},{"from":[13.3,7.85,7.1],"to":[13.5,8.05,7.15],"rotation":{"angle":-22.5,"axis":"x","origin":[8.6,8.5,8.1]},"faces":{"north":{"uv":[2,10,0,8],"rotation":90,"texture":"#5"},"east":{"uv":[0.1,1.1,0,0],"texture":"#4"},"south":{"uv":[0.01,0.01,0.01,0.01],"texture":"#4"},"west":{"uv":[0.1,1.1,0,0],"texture":"#4"}}},{"from":[14,7.85,7.1],"to":[14.2,8.05,7.15],"rotation":{"angle":-22.5,"axis":"x","origin":[8.7,8.5,8.1]},"faces":{"north":{"uv":[13,4,11,2],"rotation":270,"texture":"#5"},"east":{"uv":[0.1,1.1,0,0],"texture":"#4"},"south":{"uv":[0.01,0.01,0.01,0.01],"texture":"#4"},"west":{"uv":[0.1,1.1,0,0],"texture":"#4"}}},{"from":[14.7,7.85,7.1],"to":[14.9,8.05,7.15],"rotation":{"angle":-22.5,"axis":"x","origin":[8.8,8.5,8.1]},"faces":{"north":{"uv":[11,10,9,8],"rotation":90,"texture":"#5"},"east":{"uv":[0.1,1.1,0,0],"texture":"#4"},"south":{"uv":[0.01,0.01,0.01,0.01],"texture":"#4"},"west":{"uv":[0.1,1.1,0,0],"texture":"#4"}}},{"from":[15.4,7.85,7.1],"to":[15.6,8.05,7.15],"rotation":{"angle":-22.5,"axis":"x","origin":[8.9,8.5,8.1]},"faces":{"north":{"uv":[12,4,10,2],"rotation":270,"texture":"#5"},"east":{"uv":[0.1,1.1,0,0],"texture":"#4"},"south":{"uv":[0.01,0.01,0.01,0.01],"texture":"#4"},"west":{"uv":[0.1,1.1,0,0],"texture":"#4"}}},{"from":[11.9,7.85,7.1],"to":[12.1,8.05,7.15],"rotation":{"angle":-22.5,"axis":"x","origin":[8.4,8.5,8.1]},"faces":{"north":{"uv":[12,4,10,2],"rotation":270,"texture":"#5"},"east":{"uv":[0.1,1.1,0,0],"texture":"#4"},"south":{"uv":[0.01,0.01,0.01,0.01],"texture":"#4"},"west":{"uv":[0.1,1.1,0,0],"texture":"#4"}}},{"from":[12.6,7.85,7.1],"to":[12.8,8.05,7.15],"rotation":{"angle":-22.5,"axis":"x","origin":[8.5,8.5,8.1]},"faces":{"north":{"uv":[6,4,4,2],"rotation":270,"texture":"#5"},"east":{"uv":[1,1,0,0],"texture":"#4"},"south":{"uv":[0.01,0.01,0.01,0.01],"texture":"#4"},"west":{"uv":[0.1,1.1,0,0],"texture":"#4"}}},{"from":[11.2,7.85,7.1],"to":[11.4,8.05,7.15],"rotation":{"angle":-22.5,"axis":"x","origin":[8.3,8.5,8.1]},"faces":{"north":{"uv":[12,4,10,2],"rotation":270,"texture":"#5"},"east":{"uv":[0.1,1.1,0,0],"texture":"#4"},"south":{"uv":[0.01,0.01,0.01,0.01],"texture":"#4"},"west":{"uv":[0.1,1.1,0,0],"texture":"#4"}}},{"from":[16.1,7.65,7.1],"to":[16.85,8.25,7.15],"rotation":{"angle":-22.5,"axis":"x","origin":[12.5,8.5,8.1]},"faces":{"north":{"uv":[8,10,6,8],"texture":"#3"},"east":{"uv":[1,4,0,3],"texture":"#3"},"south":{"uv":[0.01,0.01,0.01,0.01],"texture":"#4"},"west":{"uv":[1,1,0,0],"texture":"#4"},"up":{"uv":[0,3,1,4],"rotation":270,"texture":"#3"},"down":{"uv":[10,2,11,3],"texture":"#5"}}},{"from":[16.1,7.75,7.1],"to":[16.85,8.35,7.15],"rotation":{"angle":22.5,"axis":"x","origin":[12.5,7.5,8.1]},"faces":{"north":{"uv":[8,8,6,10],"texture":"#3"},"east":{"uv":[1,3,0,4],"texture":"#3"},"south":{"uv":[0.01,0.01,0.01,0.01],"texture":"#4"},"west":{"uv":[1,0,0,1],"texture":"#4"},"up":{"uv":[10,3,11,2],"texture":"#5"},"down":{"uv":[1,0,0,4],"rotation":270,"texture":"#3"}}},{"from":[11.2,7.85,7.1],"to":[11.4,8.05,7.15],"rotation":{"angle":22.5,"axis":"x","origin":[8.3,7.5,8.1]},"faces":{"north":{"uv":[10,4,12,2],"rotation":270,"texture":"#5"},"east":{"uv":[0.1,0,0,1.1],"texture":"#4"},"south":{"uv":[0.01,0.01,0.01,0.01],"texture":"#4"},"west":{"uv":[0.1,0,0,1.1],"texture":"#4"}}},{"from":[12.6,7.85,7.1],"to":[12.8,8.05,7.15],"rotation":{"angle":22.5,"axis":"x","origin":[8.5,7.5,8.1]},"faces":{"north":{"uv":[4,4,6,2],"rotation":270,"texture":"#5"},"east":{"uv":[1,0,0,1],"texture":"#4"},"south":{"uv":[0.01,0.01,0.01,0.01],"texture":"#4"},"west":{"uv":[0.1,0,0,1.1],"texture":"#4"}}},{"from":[11.9,7.85,7.1],"to":[12.1,8.05,7.15],"rotation":{"angle":22.5,"axis":"x","origin":[8.4,7.5,8.1]},"faces":{"north":{"uv":[10,4,12,2],"rotation":270,"texture":"#5"},"east":{"uv":[0.1,0,0,1.1],"texture":"#4"},"south":{"uv":[0.01,0.01,0.01,0.01],"texture":"#4"},"west":{"uv":[0.1,0,0,1.1],"texture":"#4"}}},{"from":[15.4,7.85,7.1],"to":[15.6,8.05,7.15],"rotation":{"angle":22.5,"axis":"x","origin":[8.9,7.5,8.1]},"faces":{"north":{"uv":[10,4,12,2],"rotation":270,"texture":"#5"},"east":{"uv":[0.1,0,0,1.1],"texture":"#4"},"south":{"uv":[0.01,0.01,0.01,0.01],"texture":"#4"},"west":{"uv":[0.1,0,0,1.1],"texture":"#4"}}},{"from":[14.7,7.85,7.1],"to":[14.9,8.05,7.15],"rotation":{"angle":22.5,"axis":"x","origin":[8.8,7.5,8.1]},"faces":{"north":{"uv":[9,10,11,8],"rotation":90,"texture":"#5"},"east":{"uv":[0.1,0,0,1.1],"texture":"#4"},"south":{"uv":[0.01,0.01,0.01,0.01],"texture":"#4"},"west":{"uv":[0.1,0,0,1.1],"texture":"#4"}}},{"from":[14,7.85,7.1],"to":[14.2,8.05,7.15],"rotation":{"angle":22.5,"axis":"x","origin":[8.7,7.5,8.1]},"faces":{"north":{"uv":[11,4,13,2],"rotation":270,"texture":"#5"},"east":{"uv":[0.1,0,0,1.1],"texture":"#4"},"south":{"uv":[0.01,0.01,0.01,0.01],"texture":"#4"},"west":{"uv":[0.1,0,0,1.1],"texture":"#4"}}},{"from":[13.3,7.85,7.1],"to":[13.5,8.05,7.15],"rotation":{"angle":22.5,"axis":"x","origin":[8.6,7.5,8.1]},"faces":{"north":{"uv":[0,10,2,8],"rotation":90,"texture":"#5"},"east":{"uv":[0.1,0,0,1.1],"texture":"#4"},"south":{"uv":[0.01,0.01,0.01,0.01],"texture":"#4"},"west":{"uv":[0.1,0,0,1.1],"texture":"#4"}}},{"from":[10.7,7.75,7.1],"to":[16.1,7.85,7.15],"rotation":{"angle":22.5,"axis":"x","origin":[13.5,7.5,8.1]},"faces":{"north":{"uv":[14,10,8,10.7],"texture":"#3"},"south":{"uv":[0.01,0.01,0.01,0.01],"texture":"#4"},"up":{"uv":[0,0.2,4,0],"texture":"#4"},"down":{"uv":[0,0.2,4,0],"texture":"#3"}}},{"from":[10.7,8.05,7.1],"to":[16.1,8.35,7.15],"rotation":{"angle":22.5,"axis":"x","origin":[9,7.5,8.1]},"faces":{"north":{"uv":[11,4,7,5.2],"texture":"#3"},"south":{"uv":[0.01,0.01,0.01,0.01],"texture":"#4"},"up":{"uv":[8,2.6,12,2],"texture":"#5"},"down":{"uv":[0,0.6,4,0],"texture":"#4"}}},{"from":[2.9,7.7,8.2],"to":[3.7,8.1,8.6],"rotation":{"angle":22.5,"axis":"x","origin":[3.9,7.8,8.5]},"faces":{"east":{"uv":[15,15,16,16],"texture":"#8"},"south":{"uv":[13,0,14,10],"rotation":90,"texture":"#2"},"up":{"uv":[13,0,14,10],"rotation":90,"texture":"#2"}}},{"from":[8,7.6,7.9],"to":[8.3,8.3,8.6],"faces":{"east":{"uv":[15,15,16,16],"texture":"#6"},"south":{"uv":[0,15,10,16],"rotation":90,"texture":"#6"},"west":{"uv":[2,1,10,2],"rotation":90,"texture":"#4"},"up":{"uv":[15,0,16,5],"rotation":180,"texture":"#6"}}},{"from":[8.3,7.7,7.9],"to":[8.6,8.4,8.6],"rotation":{"angle":-22.5,"axis":"x","origin":[8.15,8.05,8.25]},"faces":{"east":{"uv":[15,15,16,16],"texture":"#6"},"south":{"uv":[0,15,10,16],"rotation":90,"texture":"#6"},"west":{"uv":[2,1,10,2],"rotation":90,"texture":"#4"},"up":{"uv":[15,0,16,5],"rotation":180,"texture":"#6"}}},{"from":[7.70615,6.0391,7.351],"to":[8.60615,7.4141,8.649],"rotation":{"angle":-22.5,"axis":"z","origin":[8.60615,6.8391,7.95]},"faces":{"north":{"uv":[5,8,6,12],"texture":"#3"},"east":{"uv":[4,11,12,12],"rotation":90,"texture":"#3"},"south":{"uv":[3,4,4,8],"texture":"#3"}}},{"from":[1.66642,6.97604,7.501],"to":[2.49142,8.00104,8.499],"rotation":{"angle":45,"axis":"z","origin":[2.19142,7.30104,8.1]},"faces":{"north":{"uv":[4,8,3,11],"texture":"#3"},"south":{"uv":[4,4,3,7],"texture":"#3"},"west":{"uv":[4,12,12,11],"rotation":90,"texture":"#3"}}},{"from":[1.66642,6.65104,7.801],"to":[2.49142,6.97604,8.199],"rotation":{"angle":45,"axis":"z","origin":[2.19142,7.30104,8.1]},"faces":{"north":{"uv":[4,8,3,11],"texture":"#3"},"south":{"uv":[4,4,3,7],"texture":"#3"},"west":{"uv":[4,12,12,11],"rotation":90,"texture":"#3"}}},{"from":[2.05,6.7,7.5],"to":[4.3,7.35,8.5],"faces":{"north":{"uv":[11,4,8,7],"texture":"#3"},"south":{"uv":[5,4,2,7],"rotation":180,"texture":"#3"},"down":{"uv":[5,3,0,4],"texture":"#3"}}},{"from":[8.3,7.37033,7.35],"to":[8.82619,7.7,8.65],"faces":{"north":{"uv":[5,7,6,8],"texture":"#3"},"east":{"uv":[4,11,12,12],"rotation":90,"texture":"#3"},"south":{"uv":[11,3,12,4],"texture":"#3"}}},{"from":[3.4,5.75,7.875],"to":[3.75804,5.8,8.125],"rotation":{"angle":22.5,"axis":"z","origin":[3.57902,6.65,8.175]},"faces":{"north":{"uv":[0,2,1.19984,2.19984],"texture":"#3"},"south":{"uv":[0,2,1.19984,2.19984],"texture":"#3"},"up":{"uv":[0,3,1.19984,3.39967],"texture":"#3"},"down":{"uv":[0,3,1.19984,3.39967],"texture":"#3"}}},{"from":[3.35,5.75,7.876],"to":[3.75804,5.8,8.124],"rotation":{"angle":-22.5,"axis":"z","origin":[3.57902,6.65,8.175]},"faces":{"north":{"uv":[0,2,1.19984,2.19984],"texture":"#3"},"south":{"uv":[0,2,1.19984,2.19984],"texture":"#3"},"up":{"uv":[0,3,1.19984,3.39967],"texture":"#3"},"down":{"uv":[0,3,1.19984,3.39967],"texture":"#3"}}},{"from":[3.4,5.75,7.875],"to":[3.75804,5.8,8.125],"rotation":{"angle":45,"axis":"z","origin":[3.57902,6.65,8.175]},"faces":{"north":{"uv":[0,2,1.19984,2.19984],"texture":"#3"},"south":{"uv":[0,2,1.19984,2.19984],"texture":"#3"},"up":{"uv":[0,3,1.19984,3.39967],"texture":"#3"},"down":{"uv":[0,3,1.19984,3.39967],"texture":"#3"}}},{"from":[3.6,6.1,7.925],"to":[3.7,6.45,8.075],"rotation":{"angle":22.5,"axis":"z","origin":[3.625,6.4,8.025]},"faces":{"north":{"uv":[1,3,2,4],"texture":"#3"},"east":{"uv":[1,3,2,4],"texture":"#3"},"south":{"uv":[0,3,1,4],"texture":"#3"},"west":{"uv":[2,3,3,4],"texture":"#3"},"down":{"uv":[0,0,0.1,0.2],"texture":"#8"}}},{"from":[4.4,5.72096,7.75],"to":[4.45,6.12096,8.25],"faces":{"north":{"uv":[0,0,1,1],"texture":"#2"},"east":{"uv":[15,15,16,16],"texture":"#8"},"south":{"uv":[0,0,1,1],"rotation":90,"texture":"#2"},"west":{"uv":[0.01,0.01,0.01,0.01],"texture":"#4"},"down":{"uv":[0.01,0.01,0.01,0.01],"texture":"#8"}}},{"from":[1.95,3.7505,7.8],"to":[2.75,6.6505,8.2],"rotation":{"angle":-22.5,"axis":"z","origin":[3.55,5.7,8.5]},"faces":{"north":{"uv":[12,0,16,16],"texture":"#5"},"south":{"uv":[12,0,16,16],"texture":"#5"},"west":{"uv":[0,7,16,8],"texture":"#3"},"down":{"uv":[6,12,4,11],"texture":"#3"}}},{"from":[2.92035,5.11503,7.701],"to":[3.0784,5.39003,8.299],"rotation":{"angle":22.5,"axis":"z","origin":[2.64938,4.85253,8]},"faces":{"north":{"uv":[0,3,1.19984,3.19984],"texture":"#3"},"east":{"uv":[0,7,16,8],"texture":"#3"},"south":{"uv":[0,3,1.19984,3.19984],"texture":"#3"},"down":{"uv":[0,7,16,8],"rotation":270,"texture":"#3"}}},{"from":[2.07035,4.26503,7.701],"to":[2.2784,4.54003,8.299],"rotation":{"angle":22.5,"axis":"z","origin":[2.64938,4.85253,8]},"faces":{"north":{"uv":[0,3,1.19984,3.19984],"texture":"#3"},"east":{"uv":[0,7,16,8],"texture":"#3"},"south":{"uv":[0,3,1.19984,3.19984],"texture":"#3"},"down":{"uv":[0,7,16,8],"rotation":270,"texture":"#3"}}},{"from":[-5.1,8.457,7.68934],"to":[-4.5,8.89541,8.31253],"rotation":{"angle":0,"axis":"y","origin":[6.5,8,8]},"faces":{"east":{"uv":[14,0,15,1],"texture":"#6"},"west":{"uv":[0,15,1,16],"texture":"#4"},"up":{"uv":[2,1,5,2],"rotation":90,"texture":"#4"},"down":{"uv":[0.01,0.01,0.01,0.01],"texture":"#4"}}},{"from":[-5.1005,8.49541,7.69027],"to":[-4.5005,8.89541,8.31027],"rotation":{"angle":45,"axis":"x","origin":[-4.7495,8.14541,8.00093]},"faces":{"east":{"uv":[14,0,15,1],"texture":"#6"},"west":{"uv":[0,15,1,16],"texture":"#4"},"up":{"uv":[6,1,9,2],"rotation":90,"texture":"#4"}}},{"from":[-5.1005,8.49634,7.68934],"to":[-4.5005,8.89634,8.30934],"rotation":{"angle":-45,"axis":"x","origin":[-4.7495,8.14634,8]},"faces":{"east":{"uv":[14,0,15,1],"texture":"#6"},"west":{"uv":[0,15,1,16],"texture":"#4"},"up":{"uv":[0,1,3,2],"rotation":90,"texture":"#4"}}},{"from":[8.3,7.75,8.85],"to":[10.7,8.35,8.9],"rotation":{"angle":-22.5,"axis":"x","origin":[12.5,7.5,7.9]},"faces":{"north":{"uv":[0.01,0.01,0.01,0.01],"texture":"#4"},"east":{"uv":[0.01,0.01,0.01,0.01],"texture":"#4"},"south":{"uv":[5,8,7,11],"rotation":180,"texture":"#3"},"west":{"uv":[0,3,3,4],"texture":"#3"},"up":{"uv":[0,0,4,0.2],"texture":"#3"},"down":{"uv":[0,0,4,0.2],"texture":"#3"}}},{"from":[8.3,7.886,8.678],"to":[16.85,8.114,8.728],"faces":{"north":{"uv":[0.01,0.01,0.01,0.01],"texture":"#4"},"east":{"uv":[0,3,1,4],"texture":"#3"},"south":{"uv":[0,8,5,9],"rotation":180,"texture":"#3"},"west":{"uv":[0,3,1,4],"texture":"#3"},"up":{"uv":[11,3,12,4],"rotation":270,"texture":"#3"},"down":{"uv":[8,4,12,6],"texture":"#3"}}},{"from":[-4.5,7.325,7.5],"to":[16.85,7.375,8.5],"faces":{"north":{"uv":[8,4,12,6],"rotation":180,"texture":"#3"},"east":{"uv":[0,3,1,4],"rotation":270,"texture":"#3"},"south":{"uv":[11,0,12,4],"rotation":270,"texture":"#3"},"up":{"uv":[0.01,0.01,0.01,0.01],"rotation":180,"texture":"#4"},"down":{"uv":[0,8,16,11],"rotation":180,"texture":"#3"}}},{"from":[-4.5,7.886,7.272],"to":[16.85,8.114,7.322],"faces":{"north":{"uv":[15,0,0,1],"texture":"#3"},"east":{"uv":[1,3,0,4],"texture":"#3"},"south":{"uv":[0.01,0.01,0.01,0.01],"texture":"#4"},"up":{"uv":[12,0,11,4],"rotation":270,"texture":"#3"},"down":{"uv":[8,6,12,4],"texture":"#3"}}},{"from":[2.5,8.755,7.794],"to":[16.85,8.805,7.944],"rotation":{"angle":-22.5,"axis":"x","origin":[-5.5,8,8]},"faces":{"north":{"uv":[12,4,8,6],"texture":"#3"},"east":{"uv":[0,4,1,3],"rotation":90,"texture":"#3"},"south":{"uv":[11,4,12,0],"rotation":90,"texture":"#3"},"west":{"uv":[0.01,0.01,0.01,0.01],"rotation":270,"texture":"#3"},"up":{"uv":[0,1,15,0],"rotation":180,"texture":"#3"},"down":{"uv":[0.01,0.01,0.01,0.01],"rotation":180,"texture":"#4"}}},{"from":[2.5,8.66,7.6375],"to":[16.85,8.72,8.3625],"faces":{"north":{"uv":[8,6,12,4],"rotation":180,"texture":"#3"},"east":{"uv":[1,3,0,4],"rotation":270,"texture":"#3"},"south":{"uv":[12,0,11,4],"rotation":270,"texture":"#3"},"up":{"uv":[0,11,15,8],"rotation":180,"texture":"#3"},"down":{"uv":[0.01,0.01,0.01,0.01],"rotation":180,"texture":"#4"}}},{"from":[2.5,8.755,8.056],"to":[16.85,8.805,8.206],"rotation":{"angle":22.5,"axis":"x","origin":[-5.5,8,8]},"faces":{"north":{"uv":[11,0,12,4],"rotation":90,"texture":"#3"},"east":{"uv":[0,3,1,4],"rotation":90,"texture":"#3"},"south":{"uv":[10,3,11,4],"texture":"#3"},"west":{"uv":[0.01,0.01,0.01,0.01],"rotation":270,"texture":"#3"},"up":{"uv":[0,0,15,1],"rotation":180,"texture":"#3"},"down":{"uv":[0.01,0.01,0.01,0.01],"rotation":180,"texture":"#4"}}},{"from":[-4.5,7.65,8.85],"to":[10.7,8.25,8.9],"rotation":{"angle":22.5,"axis":"x","origin":[12,8.5,7.9]},"faces":{"north":{"uv":[0.01,0.01,0.01,0.01],"texture":"#4"},"east":{"uv":[0.01,0.01,0.01,0.01],"texture":"#4"},"south":{"uv":[5,3,16,0],"rotation":180,"texture":"#3"},"up":{"uv":[0,0.2,4,0],"texture":"#3"}}},{"from":[-4.5,7.75,7.1],"to":[10.7,8.35,7.15],"rotation":{"angle":22.5,"axis":"x","origin":[12,7.5,8.1]},"faces":{"north":{"uv":[16,0,5,3],"rotation":180,"texture":"#3"},"east":{"uv":[0.01,0.01,0.01,0.01],"texture":"#4"},"south":{"uv":[0.01,0.01,0.01,0.01],"texture":"#4"},"up":{"uv":[0,0.2,4,0],"texture":"#3"},"down":{"uv":[0,0.2,4,0],"texture":"#3"}}},{"from":[-4.5,7.65,7.102],"to":[10.7,8.25,7.152],"rotation":{"angle":-22.5,"axis":"x","origin":[12,8.5,8.1]},"faces":{"north":{"uv":[16,11,5,8],"rotation":180,"texture":"#3"},"east":{"uv":[0.01,0.01,0.01,0.01],"texture":"#4"},"south":{"uv":[0.01,0.01,0.01,0.01],"texture":"#4"},"up":{"uv":[0,0,4,0.2],"texture":"#3"}}},{"from":[-4.5,7.75,8.85],"to":[4,8.35,8.9],"rotation":{"angle":-22.5,"axis":"x","origin":[12,7.5,7.9]},"faces":{"east":{"uv":[0.01,0.01,0.01,0.01],"texture":"#4"},"south":{"uv":[10,8,16,11],"rotation":180,"texture":"#3"},"up":{"uv":[0.01,0.01,0.01,0.01],"texture":"#3"},"down":{"uv":[0.01,0.01,0.01,0.01],"texture":"#4"}}},{"from":[-4.5,7.886,8.678],"to":[3,8.114,8.728],"faces":{"east":{"uv":[0,3,1,4],"texture":"#3"},"south":{"uv":[7,9,12,10],"rotation":180,"texture":"#3"},"up":{"uv":[11,3,12,4],"rotation":270,"texture":"#3"}}},{"from":[4,8.15,8.85],"to":[8.3,8.35,8.9],"rotation":{"angle":-22.5,"axis":"x","origin":[8,7.5,7.9]},"faces":{"north":{"uv":[0.01,0.01,0.01,0.01],"texture":"#4"},"south":{"uv":[7,2,11,3],"texture":"#3"},"up":{"uv":[8,2,12,2.6],"texture":"#5"},"down":{"uv":[0,0,4,0.6],"texture":"#4"}}},{"from":[-4.5,8.615,7.5],"to":[2.6,8.665,8.5],"faces":{"north":{"uv":[8,6,12,4],"rotation":180,"texture":"#3"},"east":{"uv":[1,3,0,4],"rotation":270,"texture":"#4"},"south":{"uv":[12,0,11,4],"rotation":270,"texture":"#3"},"up":{"uv":[7,15,12,12],"texture":"#3"},"down":{"uv":[0.01,0.01,0.01,0.01],"rotation":180,"texture":"#4"}}},{"from":[2.6,8.722,7.8],"to":[16.85,8.872,8.2],"faces":{"north":{"uv":[0,4,1,2],"rotation":180,"texture":"#3"},"east":{"uv":[1,3,0,4],"rotation":270,"texture":"#3"},"south":{"uv":[12,2,11,4],"texture":"#3"},"up":{"uv":[0,9,15,6],"rotation":180,"texture":"#3"}}},{"from":[16.525,8.85,7.75],"to":[16.9,8.925,8.25],"rotation":{"angle":0,"axis":"y","origin":[8.9,8,8]},"faces":{"north":{"uv":[4,6,5,8],"texture":"#3"},"east":{"uv":[0,3,1,4],"rotation":90,"texture":"#3"},"south":{"uv":[1,6,2,8],"texture":"#3"},"west":{"uv":[1,3,2,4],"rotation":270,"texture":"#3"},"up":{"uv":[10,2,12,4],"rotation":270,"texture":"#5"},"down":{"uv":[0.01,0.01,0.01,0.01],"rotation":180,"texture":"#4"}}},{"from":[10.825,8.85,7.75],"to":[10.95,8.925,8.25],"rotation":{"angle":0,"axis":"y","origin":[13.3,8,8]},"faces":{"north":{"uv":[4,6,5,8],"texture":"#3"},"east":{"uv":[0,3,1,4],"rotation":90,"texture":"#3"},"south":{"uv":[1,6,2,8],"texture":"#3"},"west":{"uv":[1,3,2,4],"rotation":270,"texture":"#3"},"up":{"uv":[10,2,12,4],"rotation":270,"texture":"#5"},"down":{"uv":[0.01,0.01,0.01,0.01],"rotation":180,"texture":"#4"}}},{"from":[8.125,8.85,7.75],"to":[8.25,8.925,8.25],"rotation":{"angle":0,"axis":"y","origin":[10.6,8,8]},"faces":{"north":{"uv":[4,6,5,8],"texture":"#3"},"east":{"uv":[0,3,1,4],"rotation":90,"texture":"#3"},"south":{"uv":[1,6,2,8],"texture":"#3"},"west":{"uv":[1,3,2,4],"rotation":270,"texture":"#3"},"up":{"uv":[10,2,12,4],"rotation":270,"texture":"#5"},"down":{"uv":[0.01,0.01,0.01,0.01],"rotation":180,"texture":"#4"}}},{"from":[5.725,8.85,7.75],"to":[5.85,8.925,8.25],"rotation":{"angle":0,"axis":"y","origin":[8.2,8,8]},"faces":{"north":{"uv":[4,6,5,8],"texture":"#3"},"east":{"uv":[0,3,1,4],"rotation":90,"texture":"#3"},"south":{"uv":[1,6,2,8],"texture":"#3"},"west":{"uv":[1,3,2,4],"rotation":270,"texture":"#3"},"up":{"uv":[10,2,12,4],"rotation":270,"texture":"#5"},"down":{"uv":[0.01,0.01,0.01,0.01],"rotation":180,"texture":"#4"}}},{"from":[13.525,8.85,7.75],"to":[13.65,8.925,8.25],"rotation":{"angle":0,"axis":"y","origin":[16,8,8]},"faces":{"north":{"uv":[4,6,5,8],"texture":"#3"},"east":{"uv":[0,3,1,4],"rotation":90,"texture":"#3"},"south":{"uv":[1,6,2,8],"texture":"#3"},"west":{"uv":[1,3,2,4],"rotation":270,"texture":"#3"},"up":{"uv":[10,2,12,4],"rotation":270,"texture":"#5"},"down":{"uv":[0.01,0.01,0.01,0.01],"rotation":180,"texture":"#4"}}},{"from":[15.925,8.85,7.75],"to":[16.05,8.925,8.25],"rotation":{"angle":0,"axis":"y","origin":[18.4,8,8]},"faces":{"north":{"uv":[4,6,5,8],"texture":"#3"},"east":{"uv":[0,3,1,4],"rotation":90,"texture":"#3"},"south":{"uv":[1,6,2,8],"texture":"#3"},"west":{"uv":[1,3,2,4],"rotation":270,"texture":"#3"},"up":{"uv":[10,2,12,4],"rotation":270,"texture":"#5"},"down":{"uv":[0.01,0.01,0.01,0.01],"rotation":180,"texture":"#4"}}},{"from":[16.225,8.85,7.75],"to":[16.35,8.925,8.25],"rotation":{"angle":0,"axis":"y","origin":[18.7,8,8]},"faces":{"north":{"uv":[4,6,5,8],"texture":"#3"},"east":{"uv":[0,3,1,4],"rotation":90,"texture":"#3"},"south":{"uv":[1,6,2,8],"texture":"#3"},"west":{"uv":[1,3,2,4],"rotation":270,"texture":"#3"},"up":{"uv":[10,2,12,4],"rotation":270,"texture":"#5"},"down":{"uv":[0.01,0.01,0.01,0.01],"rotation":180,"texture":"#4"}}},{"from":[10.525,8.85,7.75],"to":[10.65,8.925,8.25],"rotation":{"angle":0,"axis":"y","origin":[13.25,8,8]},"faces":{"north":{"uv":[4,6,5,8],"texture":"#3"},"east":{"uv":[0,3,1,4],"rotation":90,"texture":"#3"},"south":{"uv":[1,6,2,8],"texture":"#3"},"west":{"uv":[1,3,2,4],"rotation":270,"texture":"#3"},"up":{"uv":[10,2,12,4],"rotation":270,"texture":"#5"},"down":{"uv":[0.01,0.01,0.01,0.01],"rotation":180,"texture":"#4"}}},{"from":[7.825,8.85,7.75],"to":[7.95,8.925,8.25],"rotation":{"angle":0,"axis":"y","origin":[10.55,8,8]},"faces":{"north":{"uv":[4,6,5,8],"texture":"#3"},"east":{"uv":[0,3,1,4],"rotation":90,"texture":"#3"},"south":{"uv":[1,6,2,8],"texture":"#3"},"west":{"uv":[1,3,2,4],"rotation":270,"texture":"#3"},"up":{"uv":[10,2,12,4],"rotation":270,"texture":"#5"},"down":{"uv":[0.01,0.01,0.01,0.01],"rotation":180,"texture":"#4"}}},{"from":[6.625,8.85,7.75],"to":[6.75,8.925,8.25],"rotation":{"angle":0,"axis":"y","origin":[9.35,8,8]},"faces":{"north":{"uv":[4,6,5,8],"texture":"#3"},"east":{"uv":[0,3,1,4],"rotation":90,"texture":"#3"},"south":{"uv":[1,6,2,8],"texture":"#3"},"west":{"uv":[1,3,2,4],"rotation":270,"texture":"#3"},"up":{"uv":[10,2,12,4],"rotation":270,"texture":"#5"},"down":{"uv":[0.01,0.01,0.01,0.01],"rotation":180,"texture":"#4"}}},{"from":[5.425,8.85,7.75],"to":[5.55,8.925,8.25],"rotation":{"angle":0,"axis":"y","origin":[8.15,8,8]},"faces":{"north":{"uv":[4,6,5,8],"texture":"#3"},"east":{"uv":[0,3,1,4],"rotation":90,"texture":"#3"},"south":{"uv":[1,6,2,8],"texture":"#3"},"west":{"uv":[1,3,2,4],"rotation":270,"texture":"#3"},"up":{"uv":[10,2,12,4],"rotation":270,"texture":"#5"},"down":{"uv":[0.01,0.01,0.01,0.01],"rotation":180,"texture":"#4"}}},{"from":[13.225,8.85,7.75],"to":[13.35,8.925,8.25],"rotation":{"angle":0,"axis":"y","origin":[15.95,8,8]},"faces":{"north":{"uv":[4,6,5,8],"texture":"#3"},"east":{"uv":[0,3,1,4],"rotation":90,"texture":"#3"},"south":{"uv":[1,6,2,8],"texture":"#3"},"west":{"uv":[1,3,2,4],"rotation":270,"texture":"#3"},"up":{"uv":[10,2,12,4],"rotation":270,"texture":"#5"},"down":{"uv":[0.01,0.01,0.01,0.01],"rotation":180,"texture":"#4"}}},{"from":[14.725,8.85,7.75],"to":[14.85,8.925,8.25],"rotation":{"angle":0,"axis":"y","origin":[17.45,8,8]},"faces":{"north":{"uv":[4,6,5,8],"texture":"#3"},"east":{"uv":[0,3,1,4],"rotation":90,"texture":"#3"},"south":{"uv":[1,6,2,8],"texture":"#3"},"west":{"uv":[1,3,2,4],"rotation":270,"texture":"#3"},"up":{"uv":[10,2,12,4],"rotation":270,"texture":"#5"},"down":{"uv":[0.01,0.01,0.01,0.01],"rotation":180,"texture":"#4"}}},{"from":[15.325,8.85,7.75],"to":[15.45,8.925,8.25],"rotation":{"angle":0,"axis":"y","origin":[18.05,8,8]},"faces":{"north":{"uv":[4,6,5,8],"texture":"#3"},"east":{"uv":[0,3,1,4],"rotation":90,"texture":"#3"},"south":{"uv":[1,6,2,8],"texture":"#3"},"west":{"uv":[1,3,2,4],"rotation":270,"texture":"#3"},"up":{"uv":[10,2,12,4],"rotation":270,"texture":"#5"},"down":{"uv":[0.01,0.01,0.01,0.01],"rotation":180,"texture":"#4"}}},{"from":[15.025,8.85,7.75],"to":[15.15,8.925,8.25],"rotation":{"angle":0,"axis":"y","origin":[17.45,8,8]},"faces":{"north":{"uv":[4,6,5,8],"texture":"#3"},"east":{"uv":[0,3,1,4],"rotation":90,"texture":"#3"},"south":{"uv":[1,6,2,8],"texture":"#3"},"west":{"uv":[1,3,2,4],"rotation":270,"texture":"#3"},"up":{"uv":[10,2,12,4],"rotation":270,"texture":"#5"},"down":{"uv":[0.01,0.01,0.01,0.01],"rotation":180,"texture":"#4"}}},{"from":[15.625,8.85,7.75],"to":[15.75,8.925,8.25],"rotation":{"angle":0,"axis":"y","origin":[18.05,8,8]},"faces":{"north":{"uv":[4,6,5,8],"texture":"#3"},"east":{"uv":[0,3,1,4],"rotation":90,"texture":"#3"},"south":{"uv":[1,6,2,8],"texture":"#3"},"west":{"uv":[1,3,2,4],"rotation":270,"texture":"#3"},"up":{"uv":[10,2,12,4],"rotation":270,"texture":"#5"},"down":{"uv":[0.01,0.01,0.01,0.01],"rotation":180,"texture":"#4"}}},{"from":[10.225,8.85,7.75],"to":[10.35,8.925,8.25],"rotation":{"angle":0,"axis":"y","origin":[13.2,8,8]},"faces":{"north":{"uv":[4,6,5,8],"texture":"#3"},"east":{"uv":[0,3,1,4],"rotation":90,"texture":"#3"},"south":{"uv":[1,6,2,8],"texture":"#3"},"west":{"uv":[1,3,2,4],"rotation":270,"texture":"#3"},"up":{"uv":[10,2,12,4],"rotation":270,"texture":"#5"},"down":{"uv":[0.01,0.01,0.01,0.01],"rotation":180,"texture":"#4"}}},{"from":[12.925,8.85,7.75],"to":[13.05,8.925,8.25],"rotation":{"angle":0,"axis":"y","origin":[15.9,8,8]},"faces":{"north":{"uv":[4,6,5,8],"texture":"#3"},"east":{"uv":[0,3,1,4],"rotation":90,"texture":"#3"},"south":{"uv":[1,6,2,8],"texture":"#3"},"west":{"uv":[1,3,2,4],"rotation":270,"texture":"#3"},"up":{"uv":[10,2,12,4],"rotation":270,"texture":"#5"},"down":{"uv":[0.01,0.01,0.01,0.01],"rotation":180,"texture":"#4"}}},{"from":[14.425,8.85,7.75],"to":[14.55,8.925,8.25],"rotation":{"angle":0,"axis":"y","origin":[17.4,8,8]},"faces":{"north":{"uv":[4,6,5,8],"texture":"#3"},"east":{"uv":[0,3,1,4],"rotation":90,"texture":"#3"},"south":{"uv":[1,6,2,8],"texture":"#3"},"west":{"uv":[1,3,2,4],"rotation":270,"texture":"#3"},"up":{"uv":[10,2,12,4],"rotation":270,"texture":"#5"},"down":{"uv":[0.01,0.01,0.01,0.01],"rotation":180,"texture":"#4"}}},{"from":[9.925,8.85,7.75],"to":[10.05,8.925,8.25],"rotation":{"angle":0,"axis":"y","origin":[13.4,8,8]},"faces":{"north":{"uv":[4,6,5,8],"texture":"#3"},"east":{"uv":[0,3,1,4],"rotation":90,"texture":"#3"},"south":{"uv":[1,6,2,8],"texture":"#3"},"west":{"uv":[1,3,2,4],"rotation":270,"texture":"#3"},"up":{"uv":[10,2,12,4],"rotation":270,"texture":"#5"},"down":{"uv":[0.01,0.01,0.01,0.01],"rotation":180,"texture":"#4"}}},{"from":[12.625,8.85,7.75],"to":[12.75,8.925,8.25],"rotation":{"angle":0,"axis":"y","origin":[16.1,8,8]},"faces":{"north":{"uv":[4,6,5,8],"texture":"#3"},"east":{"uv":[0,3,1,4],"rotation":90,"texture":"#3"},"south":{"uv":[1,6,2,8],"texture":"#3"},"west":{"uv":[1,3,2,4],"rotation":270,"texture":"#3"},"up":{"uv":[10,2,12,4],"rotation":270,"texture":"#5"},"down":{"uv":[0.01,0.01,0.01,0.01],"rotation":180,"texture":"#4"}}},{"from":[14.125,8.85,7.75],"to":[14.25,8.925,8.25],"rotation":{"angle":0,"axis":"y","origin":[17.6,8,8]},"faces":{"north":{"uv":[4,6,5,8],"texture":"#3"},"east":{"uv":[0,3,1,4],"rotation":90,"texture":"#3"},"south":{"uv":[1,6,2,8],"texture":"#3"},"west":{"uv":[1,3,2,4],"rotation":270,"texture":"#3"},"up":{"uv":[10,2,12,4],"rotation":270,"texture":"#5"},"down":{"uv":[0.01,0.01,0.01,0.01],"rotation":180,"texture":"#4"}}},{"from":[4.225,8.85,7.75],"to":[4.35,8.925,8.25],"rotation":{"angle":0,"axis":"y","origin":[7.95,8,8]},"faces":{"north":{"uv":[4,6,5,8],"texture":"#3"},"east":{"uv":[0,3,1,4],"rotation":90,"texture":"#3"},"south":{"uv":[1,6,2,8],"texture":"#3"},"west":{"uv":[1,3,2,4],"rotation":270,"texture":"#3"},"up":{"uv":[10,2,12,4],"rotation":270,"texture":"#5"},"down":{"uv":[0.01,0.01,0.01,0.01],"rotation":180,"texture":"#4"}}},{"from":[9.625,8.85,7.75],"to":[9.75,8.925,8.25],"rotation":{"angle":0,"axis":"y","origin":[13.35,8,8]},"faces":{"north":{"uv":[4,6,5,8],"texture":"#3"},"east":{"uv":[0,3,1,4],"rotation":90,"texture":"#3"},"south":{"uv":[1,6,2,8],"texture":"#3"},"west":{"uv":[1,3,2,4],"rotation":270,"texture":"#3"},"up":{"uv":[10,2,12,4],"rotation":270,"texture":"#5"},"down":{"uv":[0.01,0.01,0.01,0.01],"rotation":180,"texture":"#4"}}},{"from":[12.325,8.85,7.75],"to":[12.45,8.925,8.25],"rotation":{"angle":0,"axis":"y","origin":[16.05,8,8]},"faces":{"north":{"uv":[4,6,5,8],"texture":"#3"},"east":{"uv":[0,3,1,4],"rotation":90,"texture":"#3"},"south":{"uv":[1,6,2,8],"texture":"#3"},"west":{"uv":[1,3,2,4],"rotation":270,"texture":"#3"},"up":{"uv":[10,2,12,4],"rotation":270,"texture":"#5"},"down":{"uv":[0.01,0.01,0.01,0.01],"rotation":180,"texture":"#4"}}},{"from":[13.825,8.85,7.75],"to":[13.95,8.925,8.25],"rotation":{"angle":0,"axis":"y","origin":[17.55,8,8]},"faces":{"north":{"uv":[4,6,5,8],"texture":"#3"},"east":{"uv":[0,3,1,4],"rotation":90,"texture":"#3"},"south":{"uv":[1,6,2,8],"texture":"#3"},"west":{"uv":[1,3,2,4],"rotation":270,"texture":"#3"},"up":{"uv":[10,2,12,4],"rotation":270,"texture":"#5"},"down":{"uv":[0.01,0.01,0.01,0.01],"rotation":180,"texture":"#4"}}},{"from":[3.925,8.85,7.75],"to":[4.05,8.925,8.25],"rotation":{"angle":0,"axis":"y","origin":[7.9,8,8]},"faces":{"north":{"uv":[4,6,5,8],"texture":"#3"},"east":{"uv":[0,3,1,4],"rotation":90,"texture":"#3"},"south":{"uv":[1,6,2,8],"texture":"#3"},"west":{"uv":[1,3,2,4],"rotation":270,"texture":"#3"},"up":{"uv":[10,2,12,4],"rotation":270,"texture":"#5"},"down":{"uv":[0.01,0.01,0.01,0.01],"rotation":180,"texture":"#4"}}},{"from":[9.325,8.85,7.75],"to":[9.45,8.925,8.25],"rotation":{"angle":0,"axis":"y","origin":[13.3,8,8]},"faces":{"north":{"uv":[4,6,5,8],"texture":"#3"},"east":{"uv":[0,3,1,4],"rotation":90,"texture":"#3"},"south":{"uv":[1,6,2,8],"texture":"#3"},"west":{"uv":[1,3,2,4],"rotation":270,"texture":"#3"},"up":{"uv":[10,2,12,4],"rotation":270,"texture":"#5"},"down":{"uv":[0.01,0.01,0.01,0.01],"rotation":180,"texture":"#4"}}},{"from":[12.025,8.85,7.75],"to":[12.15,8.925,8.25],"rotation":{"angle":0,"axis":"y","origin":[16,8,8]},"faces":{"north":{"uv":[4,6,5,8],"texture":"#3"},"east":{"uv":[0,3,1,4],"rotation":90,"texture":"#3"},"south":{"uv":[1,6,2,8],"texture":"#3"},"west":{"uv":[1,3,2,4],"rotation":270,"texture":"#3"},"up":{"uv":[10,2,12,4],"rotation":270,"texture":"#5"},"down":{"uv":[0.01,0.01,0.01,0.01],"rotation":180,"texture":"#4"}}},{"from":[3.625,8.85,7.75],"to":[3.75,8.925,8.25],"rotation":{"angle":0,"axis":"y","origin":[7.85,8,8]},"faces":{"north":{"uv":[4,6,5,8],"texture":"#3"},"east":{"uv":[0,3,1,4],"rotation":90,"texture":"#3"},"south":{"uv":[1,6,2,8],"texture":"#3"},"west":{"uv":[1,3,2,4],"rotation":270,"texture":"#3"},"up":{"uv":[10,2,12,4],"rotation":270,"texture":"#5"},"down":{"uv":[0.01,0.01,0.01,0.01],"rotation":180,"texture":"#4"}}},{"from":[9.025,8.85,7.75],"to":[9.15,8.925,8.25],"rotation":{"angle":0,"axis":"y","origin":[13.25,8,8]},"faces":{"north":{"uv":[4,6,5,8],"texture":"#3"},"east":{"uv":[0,3,1,4],"rotation":90,"texture":"#3"},"south":{"uv":[1,6,2,8],"texture":"#3"},"west":{"uv":[1,3,2,4],"rotation":270,"texture":"#3"},"up":{"uv":[10,2,12,4],"rotation":270,"texture":"#5"},"down":{"uv":[0.01,0.01,0.01,0.01],"rotation":180,"texture":"#4"}}},{"from":[6.325,8.85,7.75],"to":[6.45,8.925,8.25],"rotation":{"angle":0,"axis":"y","origin":[10.55,8,8]},"faces":{"north":{"uv":[4,6,5,8],"texture":"#3"},"east":{"uv":[0,3,1,4],"rotation":90,"texture":"#3"},"south":{"uv":[1,6,2,8],"texture":"#3"},"west":{"uv":[1,3,2,4],"rotation":270,"texture":"#3"},"up":{"uv":[10,2,12,4],"rotation":270,"texture":"#5"},"down":{"uv":[0.01,0.01,0.01,0.01],"rotation":180,"texture":"#4"}}},{"from":[11.725,8.85,7.75],"to":[11.85,8.925,8.25],"rotation":{"angle":0,"axis":"y","origin":[15.95,8,8]},"faces":{"north":{"uv":[4,6,5,8],"texture":"#3"},"east":{"uv":[0,3,1,4],"rotation":90,"texture":"#3"},"south":{"uv":[1,6,2,8],"texture":"#3"},"west":{"uv":[1,3,2,4],"rotation":270,"texture":"#3"},"up":{"uv":[10,2,12,4],"rotation":270,"texture":"#5"},"down":{"uv":[0.01,0.01,0.01,0.01],"rotation":180,"texture":"#4"}}},{"from":[2.325,8.55,7.6125],"to":[2.65,8.875,8.3875],"rotation":{"angle":0,"axis":"y","origin":[7.8,7.9,7.9625]},"faces":{"north":{"uv":[4,6,5,8],"texture":"#3"},"east":{"uv":[0,3,1,4],"rotation":90,"texture":"#3"},"south":{"uv":[1,6,2,8],"texture":"#3"},"west":{"uv":[1,3,2,4],"rotation":270,"texture":"#3"},"up":{"uv":[10,2,12,4],"rotation":270,"texture":"#5"}}},{"from":[2.325,8.875,8.3125],"to":[2.65,9.225,8.3875],"rotation":{"angle":0,"axis":"y","origin":[7.8,8.225,7.9875]},"faces":{"north":{"uv":[4,6,5,8],"texture":"#3"},"east":{"uv":[0,3,1,4],"rotation":90,"texture":"#3"},"south":{"uv":[1,6,2,8],"texture":"#3"},"west":{"uv":[1,3,2,4],"rotation":270,"texture":"#3"},"up":{"uv":[10,2,12,4],"rotation":270,"texture":"#5"}}},{"from":[2.325,8.875,7.6125],"to":[2.65,9.225,7.6875],"rotation":{"angle":0,"axis":"y","origin":[7.8,8.225,7.2875]},"faces":{"north":{"uv":[4,6,5,8],"texture":"#3"},"east":{"uv":[0,3,1,4],"rotation":90,"texture":"#3"},"south":{"uv":[1,6,2,8],"texture":"#3"},"west":{"uv":[1,3,2,4],"rotation":270,"texture":"#3"},"up":{"uv":[10,2,12,4],"rotation":270,"texture":"#5"}}},{"from":[2.725,8.85,7.75],"to":[2.85,8.925,8.25],"faces":{"north":{"uv":[4,6,5,8],"texture":"#3"},"east":{"uv":[0,3,1,4],"rotation":90,"texture":"#3"},"south":{"uv":[1,6,2,8],"texture":"#3"},"west":{"uv":[1,3,2,4],"rotation":270,"texture":"#3"},"up":{"uv":[10,2,12,4],"rotation":270,"texture":"#5"},"down":{"uv":[0.01,0.01,0.01,0.01],"rotation":180,"texture":"#4"}}},{"from":[3.025,8.85,7.75],"to":[3.15,8.925,8.25],"rotation":{"angle":0,"axis":"y","origin":[8.25,8,8]},"faces":{"north":{"uv":[4,6,5,8],"texture":"#3"},"east":{"uv":[0,3,1,4],"rotation":90,"texture":"#3"},"south":{"uv":[1,6,2,8],"texture":"#3"},"west":{"uv":[1,3,2,4],"rotation":270,"texture":"#3"},"up":{"uv":[10,2,12,4],"rotation":270,"texture":"#5"},"down":{"uv":[0.01,0.01,0.01,0.01],"rotation":180,"texture":"#4"}}},{"from":[8.425,8.85,7.75],"to":[8.55,8.925,8.25],"rotation":{"angle":0,"axis":"y","origin":[13.65,8,8]},"faces":{"north":{"uv":[4,6,5,8],"texture":"#3"},"east":{"uv":[0,3,1,4],"rotation":90,"texture":"#3"},"south":{"uv":[1,6,2,8],"texture":"#3"},"west":{"uv":[1,3,2,4],"rotation":270,"texture":"#3"},"up":{"uv":[10,2,12,4],"rotation":270,"texture":"#5"},"down":{"uv":[0.01,0.01,0.01,0.01],"rotation":180,"texture":"#4"}}},{"from":[11.125,8.85,7.75],"to":[11.25,8.925,8.25],"rotation":{"angle":0,"axis":"y","origin":[16.35,8,8]},"faces":{"north":{"uv":[4,6,5,8],"texture":"#3"},"east":{"uv":[0,3,1,4],"rotation":90,"texture":"#3"},"south":{"uv":[1,6,2,8],"texture":"#3"},"west":{"uv":[1,3,2,4],"rotation":270,"texture":"#3"},"up":{"uv":[10,2,12,4],"rotation":270,"texture":"#5"},"down":{"uv":[0.01,0.01,0.01,0.01],"rotation":180,"texture":"#4"}}},{"from":[3.325,8.85,7.75],"to":[3.45,8.925,8.25],"rotation":{"angle":0,"axis":"y","origin":[8.55,8,8]},"faces":{"north":{"uv":[4,6,5,8],"texture":"#3"},"east":{"uv":[0,3,1,4],"rotation":90,"texture":"#3"},"south":{"uv":[1,6,2,8],"texture":"#3"},"west":{"uv":[1,3,2,4],"rotation":270,"texture":"#3"},"up":{"uv":[10,2,12,4],"rotation":270,"texture":"#5"},"down":{"uv":[0.01,0.01,0.01,0.01],"rotation":180,"texture":"#4"}}},{"from":[8.725,8.85,7.75],"to":[8.85,8.925,8.25],"rotation":{"angle":0,"axis":"y","origin":[13.95,8,8]},"faces":{"north":{"uv":[4,6,5,8],"texture":"#3"},"east":{"uv":[0,3,1,4],"rotation":90,"texture":"#3"},"south":{"uv":[1,6,2,8],"texture":"#3"},"west":{"uv":[1,3,2,4],"rotation":270,"texture":"#3"},"up":{"uv":[10,2,12,4],"rotation":270,"texture":"#5"},"down":{"uv":[0.01,0.01,0.01,0.01],"rotation":180,"texture":"#4"}}},{"from":[6.025,8.85,7.75],"to":[6.15,8.925,8.25],"rotation":{"angle":0,"axis":"y","origin":[11.25,8,8]},"faces":{"north":{"uv":[4,6,5,8],"texture":"#3"},"east":{"uv":[0,3,1,4],"rotation":90,"texture":"#3"},"south":{"uv":[1,6,2,8],"texture":"#3"},"west":{"uv":[1,3,2,4],"rotation":270,"texture":"#3"},"up":{"uv":[10,2,12,4],"rotation":270,"texture":"#5"},"down":{"uv":[0.01,0.01,0.01,0.01],"rotation":180,"texture":"#4"}}},{"from":[11.2,8.8,7.6],"to":[11.7,9.1,8.4],"faces":{"north":{"uv":[4,6,5,8],"texture":"#3"},"east":{"uv":[0,3,1,4],"rotation":90,"texture":"#3"},"south":{"uv":[1,6,2,8],"texture":"#3"},"west":{"uv":[1,3,2,4],"rotation":270,"texture":"#3"},"up":{"uv":[10,2,12,4],"rotation":270,"texture":"#5"},"down":{"uv":[0.01,0.01,0.01,0.01],"rotation":180,"texture":"#4"}}},{"from":[11.4,8.9,7.599],"to":[11.5,9,8.401],"faces":{"north":{"uv":[4,10,7,13],"texture":"#2"},"south":{"uv":[4,10,7,13],"texture":"#2"}}},{"from":[11,8.95,7.95],"to":[11.85,9.05,8.05],"faces":{"north":{"uv":[2,0,3,2],"texture":"#6"},"east":{"uv":[5,10,7,12],"texture":"#2"},"south":{"uv":[7,0,8,2],"texture":"#6"},"up":{"uv":[4,0,7,1],"rotation":270,"texture":"#6"},"down":{"uv":[0.01,0.01,0.01,0.01],"rotation":180,"texture":"#4"}}},{"from":[10.95,8.95,7.05],"to":[11.05,9.05,8.05],"faces":{"north":{"uv":[4,0,7,1],"texture":"#6"},"east":{"uv":[1,0,2,2],"texture":"#6"},"south":{"uv":[6,0,7,2],"texture":"#6"},"west":{"uv":[2,0,3,2],"texture":"#6"},"up":{"uv":[4,0,7,1],"rotation":180,"texture":"#6"},"down":{"uv":[0.01,0.01,0.01,0.01],"rotation":270,"texture":"#4"}}},{"from":[2.425,8.975,7.45],"to":[2.575,9.125,8.45],"rotation":{"angle":0,"axis":"y","origin":[-0.5,8.025,8.4]},"faces":{"north":{"uv":[4,0,7,1],"texture":"#6"},"east":{"uv":[1,0,2,2],"texture":"#6"},"south":{"uv":[6,0,7,2],"texture":"#6"},"west":{"uv":[2,0,3,2],"texture":"#6"},"up":{"uv":[4,0,7,1],"rotation":180,"texture":"#6"},"down":{"uv":[0.01,0.01,0.01,0.01],"rotation":270,"texture":"#4"}}},{"from":[10.95,6.45,7.05],"to":[11.05,8.95,7.15],"faces":{"north":{"uv":[4,0,7,1],"texture":"#6"},"east":{"uv":[7,1,8,2],"rotation":90,"texture":"#6"},"south":{"uv":[0.01,0.01,0.01,0.01],"rotation":270,"texture":"#4"},"west":{"uv":[2,1,3,2],"rotation":270,"texture":"#6"},"down":{"uv":[5,10,7,12],"rotation":180,"texture":"#2"}}},{"from":[8.35,6.25,6.85],"to":[10.95,6.75,7.35],"faces":{"north":{"uv":[0,0,2,16],"rotation":90,"texture":"#4"},"east":{"uv":[9,4,13,8],"rotation":90,"texture":"#7"},"south":{"uv":[0,0,2,16],"rotation":270,"texture":"#4"},"west":{"uv":[9,4,13,8],"rotation":270,"texture":"#7"},"up":{"uv":[0,0,2,16],"rotation":90,"texture":"#4"},"down":{"uv":[0,0,2,16],"rotation":90,"texture":"#4"}}},{"from":[9.7,6.5,8.25],"to":[13.7,7.2,8.35],"faces":{"north":{"uv":[15,0,0,4],"rotation":180,"texture":"#6"},"east":{"uv":[0.01,0.01,0.01,0.01],"texture":"#4"},"south":{"uv":[1,0,0,16],"rotation":270,"texture":"#3"},"west":{"uv":[0.01,0.01,0.01,0.01],"texture":"#4"},"up":{"uv":[14,1,2,3],"texture":"#5"},"down":{"uv":[16,2,2,3],"texture":"#5"}}},{"from":[9.2,6.5,8.25],"to":[9.7,7.2,8.35],"rotation":{"angle":45,"axis":"y","origin":[9.55,6.85,8.3]},"faces":{"north":{"uv":[15,0,0,4],"rotation":180,"texture":"#4"},"east":{"uv":[0.01,0.01,0.01,0.01],"texture":"#4"},"south":{"uv":[3,0,0,4],"rotation":270,"texture":"#4"},"west":{"uv":[0.01,0.01,0.01,0.01],"texture":"#4"},"up":{"uv":[3,1,2,2],"texture":"#8"},"down":{"uv":[3,2,2,3],"texture":"#8"}}},{"from":[9.45,6.75,8.25],"to":[9.95,6.95,8.45],"faces":{"south":{"uv":[3,0,1,3],"texture":"#6"},"west":{"uv":[0.01,0.01,0.01,0.01],"texture":"#4"},"up":{"uv":[5,6,0,7],"rotation":90,"texture":"#4"},"down":{"uv":[1,1,0,2],"texture":"#8"}}},{"from":[9.7,6.5,7.65],"to":[13.7,7.2,7.75],"faces":{"north":{"uv":[1,16,0,0],"rotation":270,"texture":"#3"},"east":{"uv":[0.01,0.01,0.01,0.01],"texture":"#4"},"south":{"uv":[0,0,15,4],"rotation":180,"texture":"#6"},"west":{"uv":[0.01,0.01,0.01,0.01],"texture":"#4"},"up":{"uv":[14,3,2,1],"texture":"#5"},"down":{"uv":[16,3,2,2],"texture":"#5"}}},{"from":[9.7,6.7,7.45],"to":[13.7,7,7.75],"faces":{"north":{"uv":[2,3,16,5],"texture":"#5"},"east":{"uv":[0.01,0.01,0.01,0.01],"texture":"#4"},"west":{"uv":[0.01,0.01,0.01,0.01],"texture":"#4"},"up":{"uv":[1,1,0,0],"texture":"#2"},"down":{"uv":[1,2,0,1],"texture":"#2"}}},{"from":[9.45,6.75,7.55],"to":[9.95,6.95,7.75],"faces":{"north":{"uv":[1,0,3,3],"texture":"#6"},"west":{"uv":[0.01,0.01,0.01,0.01],"texture":"#4"},"up":{"uv":[0,6,5,7],"rotation":90,"texture":"#4"},"down":{"uv":[1,2,0,1],"texture":"#8"}}},{"from":[9.2,6.5,7.65],"to":[9.7,7.2,7.75],"rotation":{"angle":-45,"axis":"y","origin":[9.55,6.85,7.7]},"faces":{"north":{"uv":[3,4,0,0],"rotation":270,"texture":"#4"},"east":{"uv":[0.01,0.01,0.01,0.01],"texture":"#4"},"south":{"uv":[0,0,15,4],"rotation":180,"texture":"#4"},"west":{"uv":[0.01,0.01,0.01,0.01],"texture":"#4"},"up":{"uv":[3,2,2,1],"texture":"#8"},"down":{"uv":[3,3,2,2],"texture":"#8"}}},{"from":[13.7,6.65,7.6],"to":[14.4,7.35,8.4],"faces":{"north":{"uv":[3,3,5,7],"texture":"#3"},"east":{"uv":[3,3,5,7],"texture":"#3"},"south":{"uv":[5,3,3,7],"texture":"#3"},"west":{"uv":[0.01,0.01,0.01,0.01],"texture":"#4"},"down":{"uv":[1,3,0,4],"texture":"#3"}}},{"from":[13.9,6.7,7.599],"to":[14.2,7,8.401],"faces":{"north":{"uv":[11,9,13,15],"rotation":90,"texture":"#7"},"south":{"uv":[11,9,13,15],"rotation":270,"texture":"#7"}}},{"from":[9.7,6.95,7.85],"to":[10.4,7.35,8.15],"faces":{"north":{"uv":[3,3,5,7],"texture":"#3"},"east":{"uv":[3,3,5,7],"texture":"#3"},"south":{"uv":[5,3,3,7],"texture":"#3"},"west":{"uv":[1,3,2,4],"texture":"#3"},"up":{"uv":[1,0,0,1],"texture":"#2"},"down":{"uv":[1,3,0,4],"texture":"#3"}}},{"from":[13.849,6.9,7.925],"to":[14.651,7.05,8.075],"faces":{"north":{"uv":[5,0,6,2],"rotation":180,"texture":"#6"},"east":{"uv":[0,1,2,3],"rotation":270,"texture":"#6"},"south":{"uv":[4,0,5,2],"rotation":180,"texture":"#6"},"up":{"uv":[5,2,6,3],"rotation":270,"texture":"#6"},"down":{"uv":[0.01,0.01,0.01,0.01],"rotation":270,"texture":"#6"}}},{"from":[14.499,6.4,7.94033],"to":[14.599,6.45,8.05967],"faces":{"east":{"uv":[5,0,6,2],"texture":"#6"},"west":{"uv":[7,0,8,2],"texture":"#6"},"up":{"uv":[13,1,14,4],"rotation":270,"texture":"#7"},"down":{"uv":[13,1,14,4],"rotation":270,"texture":"#7"}}},{"from":[14.499,6.4,7.94033],"to":[14.599,6.45,8.05967],"rotation":{"angle":22.5,"axis":"x","origin":[14.549,6.7,8]},"faces":{"east":{"uv":[5,0,6,2],"texture":"#6"},"west":{"uv":[7,0,8,2],"texture":"#6"},"up":{"uv":[13,1,14,4],"rotation":270,"texture":"#7"},"down":{"uv":[13,1,14,4],"rotation":270,"texture":"#7"}}},{"from":[14.499,6.4,7.94033],"to":[14.599,6.45,8.05967],"rotation":{"angle":-22.5,"axis":"x","origin":[14.549,6.7,8]},"faces":{"east":{"uv":[5,0,6,2],"texture":"#6"},"west":{"uv":[7,0,8,2],"texture":"#6"},"up":{"uv":[13,1,14,4],"rotation":270,"texture":"#7"},"down":{"uv":[13,1,14,4],"rotation":270,"texture":"#7"}}},{"from":[14.499,6.4,7.94033],"to":[14.599,6.45,8.05967],"rotation":{"angle":45,"axis":"x","origin":[14.549,6.7,8]},"faces":{"east":{"uv":[5,0,6,2],"texture":"#6"},"west":{"uv":[7,0,8,2],"texture":"#6"},"up":{"uv":[13,1,14,4],"rotation":270,"texture":"#7"},"down":{"uv":[13,1,14,4],"rotation":270,"texture":"#7"}}},{"from":[14.499,6.4,7.94033],"to":[14.599,6.45,8.05967],"rotation":{"angle":-45,"axis":"x","origin":[14.549,6.7,8]},"faces":{"east":{"uv":[5,0,6,2],"texture":"#6"},"west":{"uv":[7,0,8,2],"texture":"#6"},"up":{"uv":[13,1,14,4],"rotation":270,"texture":"#7"},"down":{"uv":[13,1,14,4],"rotation":270,"texture":"#7"}}},{"from":[14.499,6.64033,7.7],"to":[14.599,6.75967,7.75],"rotation":{"angle":22.5,"axis":"x","origin":[14.549,6.7,8]},"faces":{"north":{"uv":[13,1,14,4],"rotation":90,"texture":"#7"},"east":{"uv":[5,0,6,2],"rotation":90,"texture":"#6"},"south":{"uv":[13,1,14,4],"rotation":270,"texture":"#7"},"west":{"uv":[7,0,8,2],"rotation":270,"texture":"#6"}}},{"from":[14.499,6.64033,7.7],"to":[14.599,6.75967,7.75],"faces":{"north":{"uv":[13,1,14,4],"rotation":90,"texture":"#7"},"east":{"uv":[5,0,6,2],"rotation":90,"texture":"#6"},"south":{"uv":[13,1,14,4],"rotation":270,"texture":"#7"},"west":{"uv":[7,0,8,2],"rotation":270,"texture":"#6"}}},{"from":[14.499,6.64033,7.7],"to":[14.599,6.75967,7.75],"rotation":{"angle":-22.5,"axis":"x","origin":[14.549,6.7,8]},"faces":{"north":{"uv":[13,1,14,4],"rotation":90,"texture":"#7"},"east":{"uv":[5,0,6,2],"rotation":270,"texture":"#6"},"south":{"uv":[13,1,14,4],"rotation":270,"texture":"#7"},"west":{"uv":[7,0,8,2],"rotation":90,"texture":"#6"}}},{"from":[14.499,6.64033,8.25],"to":[14.599,6.75967,8.3],"rotation":{"angle":22.5,"axis":"x","origin":[14.549,6.7,8]},"faces":{"north":{"uv":[13,1,14,4],"rotation":90,"texture":"#7"},"east":{"uv":[5,0,6,2],"rotation":90,"texture":"#6"},"south":{"uv":[13,1,14,4],"rotation":270,"texture":"#7"},"west":{"uv":[7,0,8,2],"rotation":270,"texture":"#6"}}},{"from":[14.499,6.64033,8.25],"to":[14.599,6.75967,8.3],"faces":{"north":{"uv":[13,1,14,4],"rotation":90,"texture":"#7"},"east":{"uv":[5,0,6,2],"rotation":90,"texture":"#6"},"south":{"uv":[13,1,14,4],"rotation":270,"texture":"#7"},"west":{"uv":[7,0,8,2],"rotation":270,"texture":"#6"}}},{"from":[14.499,6.64033,8.25],"to":[14.599,6.75967,8.3],"rotation":{"angle":-22.5,"axis":"x","origin":[14.549,6.7,8]},"faces":{"north":{"uv":[13,1,14,4],"rotation":90,"texture":"#7"},"east":{"uv":[5,0,6,2],"rotation":270,"texture":"#6"},"south":{"uv":[13,1,14,4],"rotation":270,"texture":"#7"},"west":{"uv":[7,0,8,2],"rotation":90,"texture":"#6"}}},{"from":[14.499,6.95,7.94033],"to":[14.599,7,8.05967],"rotation":{"angle":45,"axis":"x","origin":[14.549,6.7,8]},"faces":{"east":{"uv":[5,0,6,2],"texture":"#6"},"west":{"uv":[7,0,8,2],"texture":"#6"},"up":{"uv":[13,1,14,4],"rotation":270,"texture":"#7"},"down":{"uv":[13,1,14,4],"rotation":270,"texture":"#7"}}},{"from":[14.499,6.95,7.94033],"to":[14.599,7,8.05967],"faces":{"east":{"uv":[5,0,6,2],"texture":"#6"},"west":{"uv":[7,0,8,2],"texture":"#6"},"up":{"uv":[13,1,14,4],"rotation":270,"texture":"#7"},"down":{"uv":[13,1,14,4],"rotation":270,"texture":"#7"}}},{"from":[14.499,6.95,7.94033],"to":[14.599,7,8.05967],"rotation":{"angle":22.5,"axis":"x","origin":[14.549,6.7,8]},"faces":{"east":{"uv":[5,0,6,2],"texture":"#6"},"west":{"uv":[7,0,8,2],"texture":"#6"},"up":{"uv":[13,1,14,4],"rotation":270,"texture":"#7"},"down":{"uv":[13,1,14,4],"rotation":270,"texture":"#7"}}},{"from":[14.499,6.95,7.94033],"to":[14.599,7,8.05967],"rotation":{"angle":-22.5,"axis":"x","origin":[14.549,6.7,8]},"faces":{"east":{"uv":[5,0,6,2],"texture":"#6"},"west":{"uv":[7,0,8,2],"texture":"#6"},"up":{"uv":[13,1,14,4],"rotation":270,"texture":"#7"},"down":{"uv":[13,1,14,4],"rotation":270,"texture":"#7"}}},{"from":[14.499,6.95,7.94033],"to":[14.599,7,8.05967],"rotation":{"angle":-45,"axis":"x","origin":[14.549,6.7,8]},"faces":{"east":{"uv":[5,0,6,2],"texture":"#6"},"west":{"uv":[7,0,8,2],"texture":"#6"},"up":{"uv":[13,1,14,4],"rotation":270,"texture":"#7"},"down":{"uv":[13,1,14,4],"rotation":270,"texture":"#7"}}},{"from":[8.3,7.925,8.701],"to":[8.4,8.525,8.901],"rotation":{"angle":-22.5,"axis":"z","origin":[8.35,8.5,9.275]},"faces":{"north":{"uv":[0,14,1,16],"rotation":90,"texture":"#4"},"east":{"uv":[11,3,12,5],"rotation":270,"texture":"#4"},"south":{"uv":[0,0,1,2],"texture":"#6"},"west":{"uv":[0,15,4,16],"rotation":180,"texture":"#6"},"down":{"uv":[13,14,16,16],"texture":"#6"}}},{"from":[8.05,7.95,8.55],"to":[8.175,8.15,8.9],"faces":{"north":{"uv":[14,14,16,16],"texture":"#6"},"east":{"uv":[11,3,12,5],"texture":"#4"},"south":{"uv":[13,14,16,16],"texture":"#6"},"west":{"uv":[0,15,4,16],"rotation":90,"texture":"#6"},"up":{"uv":[0,0,1,2],"texture":"#6"},"down":{"uv":[0,14,1,16],"rotation":270,"texture":"#4"}}},{"from":[26.8,7.6,7.2],"to":[26.9,8.4,8.8],"rotation":{"angle":0,"axis":"y","origin":[10.7,8,8]},"faces":{"north":{"uv":[0,5,2,6],"rotation":270,"texture":"#4"},"east":{"uv":[5,4,11,8],"texture":"#0"},"south":{"uv":[0,5,2,6],"rotation":90,"texture":"#4"},"west":{"uv":[0,0,2,1],"texture":"#4"}}},{"from":[27.45,7.5,7.2],"to":[27.65,8.5,8.8],"rotation":{"angle":0,"axis":"y","origin":[10.9,8,8]},"faces":{"north":{"uv":[0,5,2,6],"rotation":270,"texture":"#4"},"east":{"uv":[5,4,11,8],"texture":"#0"},"south":{"uv":[0,5,2,6],"rotation":90,"texture":"#4"},"west":{"uv":[0,0,2,1],"texture":"#4"},"up":{"uv":[2,2,4,4],"texture":"#4"},"down":{"uv":[2,2,4,4],"texture":"#4"}}},{"from":[26.25,8.4,7.2],"to":[27.45,8.5,8.8],"rotation":{"angle":0,"axis":"y","origin":[10.5,8,8]},"faces":{"north":{"uv":[0,5,2,6],"rotation":270,"texture":"#4"},"south":{"uv":[0,5,2,6],"rotation":90,"texture":"#4"},"up":{"uv":[2,2,4,4],"texture":"#4"},"down":{"uv":[2,2,4,4],"texture":"#4"}}},{"from":[26.25,7.5,7.2],"to":[27.45,7.6,8.8],"rotation":{"angle":0,"axis":"y","origin":[10.5,8,8]},"faces":{"north":{"uv":[0,5,2,6],"rotation":270,"texture":"#4"},"south":{"uv":[0,5,2,6],"rotation":90,"texture":"#4"},"up":{"uv":[2,2,4,4],"texture":"#4"},"down":{"uv":[2,2,4,4],"texture":"#4"}}},{"from":[27.50297,7.5,7.26903],"to":[27.80297,8.5,8.13403],"rotation":{"angle":22.5,"axis":"y","origin":[27.55297,7.9,7.61903]},"faces":{"east":{"uv":[8,4,11,8],"texture":"#0"},"south":{"uv":[7,4,9,8],"texture":"#0"},"up":{"uv":[2,2,4,3],"texture":"#4"},"down":{"uv":[2,2,4,4],"texture":"#4"}}},{"from":[27.50297,7.5,7.866],"to":[27.80297,8.5,8.731],"rotation":{"angle":-22.5,"axis":"y","origin":[27.55297,7.9,8.38097]},"faces":{"north":{"uv":[9,4,7,8],"texture":"#0"},"east":{"uv":[11,4,8,8],"texture":"#0"},"up":{"uv":[3,4,4,3],"texture":"#4"},"down":{"uv":[2,4,4,2],"texture":"#4"}}},{"from":[26,7.7,7.94033],"to":[28,7.775,8.05967],"rotation":{"angle":0,"axis":"y","origin":[10.5,8,8]},"faces":{"east":{"uv":[6,4,7,5],"texture":"#0"},"west":{"uv":[0,0,2,1],"texture":"#4"},"up":{"uv":[2,2,4,4],"texture":"#4"},"down":{"uv":[2,2,4,4],"texture":"#4"}}},{"from":[26,7.7,7.94033],"to":[28,7.775,8.05967],"rotation":{"angle":22.5,"axis":"x","origin":[26.05,8,8]},"faces":{"east":{"uv":[6,4,7,5],"texture":"#0"},"west":{"uv":[0,0,2,1],"texture":"#4"},"up":{"uv":[2,2,4,4],"texture":"#4"},"down":{"uv":[2,2,4,4],"texture":"#4"}}},{"from":[26,7.7,7.94033],"to":[28,7.775,8.05967],"rotation":{"angle":45,"axis":"x","origin":[26.05,8,8]},"faces":{"east":{"uv":[6,4,7,5],"texture":"#0"},"west":{"uv":[0,0,2,1],"texture":"#4"},"up":{"uv":[2,2,4,4],"texture":"#4"},"down":{"uv":[2,2,4,4],"texture":"#4"}}},{"from":[26,7.7,7.94033],"to":[28,7.775,8.05967],"rotation":{"angle":-22.5,"axis":"x","origin":[26.05,8,8]},"faces":{"east":{"uv":[6,4,7,5],"texture":"#0"},"west":{"uv":[0,0,2,1],"texture":"#4"},"up":{"uv":[2,2,4,4],"texture":"#4"},"down":{"uv":[2,2,4,4],"texture":"#4"}}},{"from":[26,7.7,7.94033],"to":[28,7.775,8.05967],"rotation":{"angle":-45,"axis":"x","origin":[26.05,8,8]},"faces":{"east":{"uv":[6,4,7,5],"texture":"#0"},"west":{"uv":[0,0,2,1],"texture":"#4"},"up":{"uv":[2,2,4,4],"texture":"#4"},"down":{"uv":[2,2,4,4],"texture":"#4"}}},{"from":[26,7.94033,7.7],"to":[28,8.05967,7.775],"rotation":{"angle":22.5,"axis":"x","origin":[26.05,8,8]},"faces":{"north":{"uv":[2,2,4,4],"rotation":180,"texture":"#4"},"east":{"uv":[6,4,7,5],"rotation":90,"texture":"#0"},"south":{"uv":[2,2,4,4],"texture":"#4"},"west":{"uv":[0,0,2,1],"rotation":270,"texture":"#4"}}},{"from":[26,7.94033,7.7],"to":[28,8.05967,7.775],"rotation":{"angle":-22.5,"axis":"x","origin":[26.05,8,8]},"faces":{"north":{"uv":[2,2,4,4],"rotation":180,"texture":"#4"},"east":{"uv":[6,4,7,5],"rotation":270,"texture":"#0"},"south":{"uv":[2,2,4,4],"texture":"#4"},"west":{"uv":[0,0,2,1],"rotation":90,"texture":"#4"}}},{"from":[26,7.94033,7.7],"to":[28,8.05967,7.775],"rotation":{"angle":0,"axis":"y","origin":[10.5,8,8]},"faces":{"north":{"uv":[2,2,4,4],"rotation":180,"texture":"#4"},"east":{"uv":[6,4,7,5],"rotation":90,"texture":"#0"},"south":{"uv":[2,2,4,4],"texture":"#4"},"west":{"uv":[0,0,2,1],"rotation":270,"texture":"#4"}}},{"from":[26,7.94033,8.225],"to":[28,8.05967,8.3],"rotation":{"angle":0,"axis":"y","origin":[10.5,8,8]},"faces":{"north":{"uv":[2,2,4,4],"rotation":180,"texture":"#4"},"east":{"uv":[6,4,7,5],"rotation":90,"texture":"#0"},"south":{"uv":[2,2,4,4],"texture":"#4"},"west":{"uv":[0,0,2,1],"rotation":270,"texture":"#4"}}},{"from":[26,7.94033,8.225],"to":[28,8.05967,8.3],"rotation":{"angle":-22.5,"axis":"x","origin":[26.05,8,8]},"faces":{"north":{"uv":[2,2,4,4],"rotation":180,"texture":"#4"},"east":{"uv":[6,4,7,5],"rotation":270,"texture":"#0"},"south":{"uv":[2,2,4,4],"texture":"#4"},"west":{"uv":[0,0,2,1],"rotation":90,"texture":"#4"}}},{"from":[26,7.94033,8.225],"to":[28,8.05967,8.3],"rotation":{"angle":22.5,"axis":"x","origin":[26.05,8,8]},"faces":{"north":{"uv":[2,2,4,4],"rotation":180,"texture":"#4"},"east":{"uv":[6,4,7,5],"rotation":90,"texture":"#0"},"south":{"uv":[2,2,4,4],"texture":"#4"},"west":{"uv":[0,0,2,1],"rotation":270,"texture":"#4"}}},{"from":[26,8.225,7.94033],"to":[28,8.3,8.05967],"rotation":{"angle":45,"axis":"x","origin":[26.05,8,8]},"faces":{"east":{"uv":[6,4,7,5],"texture":"#0"},"west":{"uv":[0,0,2,1],"texture":"#4"},"up":{"uv":[2,2,4,4],"texture":"#4"},"down":{"uv":[2,2,4,4],"texture":"#4"}}},{"from":[26,8.225,7.94033],"to":[28,8.3,8.05967],"rotation":{"angle":22.5,"axis":"x","origin":[26.05,8,8]},"faces":{"east":{"uv":[6,4,7,5],"texture":"#0"},"west":{"uv":[0,0,2,1],"texture":"#4"},"up":{"uv":[2,2,4,4],"texture":"#4"},"down":{"uv":[2,2,4,4],"texture":"#4"}}},{"from":[26,8.225,7.94033],"to":[28,8.3,8.05967],"rotation":{"angle":0,"axis":"y","origin":[10.5,8,8]},"faces":{"east":{"uv":[6,4,7,5],"texture":"#0"},"west":{"uv":[0,0,2,1],"texture":"#4"},"up":{"uv":[2,2,4,4],"texture":"#4"},"down":{"uv":[2,2,4,4],"texture":"#4"}}},{"from":[26,8.225,7.94033],"to":[28,8.3,8.05967],"rotation":{"angle":-22.5,"axis":"x","origin":[26.05,8,8]},"faces":{"east":{"uv":[6,4,7,5],"texture":"#0"},"west":{"uv":[0,0,2,1],"texture":"#4"},"up":{"uv":[2,2,4,4],"texture":"#4"},"down":{"uv":[2,2,4,4],"texture":"#4"}}},{"from":[26,8.225,7.94033],"to":[28,8.3,8.05967],"rotation":{"angle":-45,"axis":"x","origin":[26.05,8,8]},"faces":{"east":{"uv":[6,4,7,5],"texture":"#0"},"west":{"uv":[0,0,2,1],"texture":"#4"},"up":{"uv":[2,2,4,4],"texture":"#4"},"down":{"uv":[2,2,4,4],"texture":"#4"}}},{"from":[3.15,9.075,7.925],"to":[3.3,9.125,8.075],"rotation":{"angle":0,"axis":"y","origin":[2.425,3.725,7.5]},"faces":{"north":{"uv":[13,3,14,4],"rotation":270,"texture":"#1"},"east":{"uv":[10,2,12,4],"rotation":180,"texture":"#1"},"south":{"uv":[13,3,14,4],"rotation":90,"texture":"#1"},"west":{"uv":[9,4,10,5],"rotation":270,"texture":"#1"},"up":{"uv":[5,3,11,9],"rotation":180,"texture":"#0"},"down":{"uv":[5,3,11,9],"rotation":180,"texture":"#0"}}},{"from":[3.125,9.077,8.0375],"to":[3.55,9.152,8.1625],"rotation":{"angle":0,"axis":"y","origin":[1.85,3.75,7.3875]},"faces":{"up":{"uv":[13,0,14,16],"rotation":270,"texture":"#2"},"down":{"uv":[5,5,11,7],"texture":"#1"}}},{"from":[2.6,9.076,8.0375],"to":[3.8,9.151,8.2625],"rotation":{"angle":0,"axis":"y","origin":[1.875,3.75,7.3875]},"faces":{"north":{"uv":[0,2,1,4],"rotation":270,"texture":"#1"},"east":{"uv":[15,3,16,4],"texture":"#1"},"south":{"uv":[15,1,16,3],"texture":"#1"},"up":{"uv":[2,1,15,4],"rotation":180,"texture":"#1"},"down":{"uv":[5,5,11,7],"texture":"#1"}}},{"from":[2.6,9.076,7.7375],"to":[3.8,9.151,7.9625],"rotation":{"angle":0,"axis":"y","origin":[1.875,3.75,8.6125]},"faces":{"north":{"uv":[16,1,15,3],"texture":"#1"},"east":{"uv":[16,3,15,4],"texture":"#1"},"south":{"uv":[1,2,0,4],"rotation":90,"texture":"#1"},"up":{"uv":[2,4,15,1],"rotation":180,"texture":"#1"},"down":{"uv":[14,6,7,8],"rotation":180,"texture":"#1"}}},{"from":[3.6,8.95,7.738],"to":[3.799,9.15,8.262],"rotation":{"angle":0,"axis":"y","origin":[2.575,3.75,7.388]},"faces":{"north":{"uv":[14,3,16,5],"rotation":270,"texture":"#1"},"east":{"uv":[10,2,12,4],"rotation":180,"texture":"#1"},"south":{"uv":[14,3,16,5],"rotation":180,"texture":"#1"},"west":{"uv":[9,4,10,5],"rotation":270,"texture":"#1"},"up":{"uv":[8,4,16,5],"texture":"#1"},"down":{"uv":[13,3,16,5],"rotation":180,"texture":"#1"}}},{"from":[3.8,8.925,8.038],"to":[3.9,9.15,8.263],"rotation":{"angle":22.5,"axis":"x","origin":[3.85,9.0375,8.1505]},"faces":{"north":{"uv":[5,5,13,7],"rotation":270,"texture":"#1"},"east":{"uv":[10,2,12,4],"rotation":180,"texture":"#1"},"south":{"uv":[4,5,12,7],"rotation":90,"texture":"#1"},"west":{"uv":[9,4,10,5],"rotation":270,"texture":"#1"},"up":{"uv":[6,5,14,7],"rotation":270,"texture":"#1"},"down":{"uv":[3,5,12,7],"rotation":90,"texture":"#1"}}},{"from":[2.4,8.95,7.738],"to":[2.9,9.15,8.262],"rotation":{"angle":0,"axis":"y","origin":[1.675,3.75,7.388]},"faces":{"north":{"uv":[15,3,16,4],"rotation":270,"texture":"#1"},"east":{"uv":[10,3,12,5],"rotation":180,"texture":"#1"},"south":{"uv":[15,3,16,4],"rotation":90,"texture":"#1"},"west":{"uv":[13,1,15,4],"texture":"#1"},"up":{"uv":[8,13,15,15],"rotation":180,"texture":"#1"},"down":{"uv":[15,0,16,1],"rotation":180,"texture":"#1"}}},{"from":[2.4,8.85,7.375],"to":[2.56569,9.25,7.575],"rotation":{"angle":45,"axis":"z","origin":[2.48284,9.05,7.475]},"faces":{"north":{"uv":[9,5,13,7],"rotation":90,"texture":"#7"},"south":{"uv":[0,0,1,1],"rotation":270,"texture":"#8"},"up":{"uv":[12,0,14,7],"rotation":270,"texture":"#4"},"down":{"uv":[8,1,10,8],"rotation":90,"texture":"#4"}}},{"from":[2.4,8.85,7.3749],"to":[2.56569,9.25,7.5749],"rotation":{"angle":0,"axis":"y","origin":[2.48284,9.05,7.475]},"faces":{"north":{"uv":[9,5,13,7],"rotation":90,"texture":"#7"},"south":{"uv":[0,0,1,1],"rotation":270,"texture":"#8"},"up":{"uv":[12,0,14,7],"rotation":270,"texture":"#4"},"down":{"uv":[8,1,10,8],"rotation":90,"texture":"#4"}}},{"from":[2.28284,8.96716,7.375],"to":[2.68284,9.13284,7.575],"rotation":{"angle":45,"axis":"z","origin":[2.48284,9.05,7.475]},"faces":{"north":{"uv":[9,5,13,7],"texture":"#7"},"east":{"uv":[12,0,14,7],"texture":"#4"},"south":{"uv":[0,0,1,1],"texture":"#8"},"west":{"uv":[8,1,10,8],"rotation":180,"texture":"#4"}}},{"from":[2.28284,8.96716,7.3751],"to":[2.68284,9.13284,7.5751],"rotation":{"angle":0,"axis":"z","origin":[2.48284,9.05,7.475]},"faces":{"north":{"uv":[9,5,13,7],"rotation":180,"texture":"#7"},"east":{"uv":[8,1,10,8],"texture":"#4"},"south":{"uv":[0,0,1,1],"rotation":180,"texture":"#8"},"west":{"uv":[12,0,14,7],"rotation":180,"texture":"#4"}}},{"from":[4.275,8.8,7.5494],"to":[5.315,9.01,8.4506],"rotation":{"angle":0,"axis":"y","origin":[4.54456,8.90007,8.00536]},"faces":{"north":{"uv":[0,13,5,14],"rotation":90,"texture":"#8"},"east":{"uv":[1,13,1.5,13.75],"texture":"#8"},"south":{"uv":[0,13,5,14],"rotation":90,"texture":"#8"},"west":{"uv":[1,13,2,14],"texture":"#8"},"up":{"uv":[4,3,8,4],"texture":"#8"},"down":{"uv":[11,5,12,6],"texture":"#8"}}},{"from":[6.735,8.8,7.5494],"to":[7.775,9.01,8.4506],"rotation":{"angle":0,"axis":"y","origin":[6.405,8.71,7.97]},"faces":{"north":{"uv":[0,13,5,14],"rotation":90,"texture":"#8"},"east":{"uv":[1,13,1.5,13.75],"texture":"#8"},"south":{"uv":[0,13,5,14],"rotation":90,"texture":"#8"},"west":{"uv":[1,13,2,14],"texture":"#8"},"up":{"uv":[4,3,8,4],"texture":"#8"},"down":{"uv":[11,5,12,6],"texture":"#8"}}},{"from":[4.68,8.94444,7.34884],"to":[8.28,9.46944,7.53004],"rotation":{"angle":0,"axis":"y","origin":[6.405,8.82444,8.29444]},"faces":{"north":{"uv":[0,13,5,14],"rotation":270,"texture":"#8"},"east":{"uv":[10,8,14.5,9],"rotation":90,"texture":"#8"},"west":{"uv":[0,13,6,14],"rotation":270,"texture":"#8"},"down":{"uv":[1,13,2,14],"texture":"#8"}}},{"from":[4.68006,9.38577,7.55748],"to":[8.27946,9.65577,7.79868],"rotation":{"angle":-45,"axis":"x","origin":[6.75,9.31077,7.67808]},"faces":{"east":{"uv":[10,8,11,9],"rotation":90,"texture":"#8"},"west":{"uv":[5,13,7,14],"texture":"#8"},"up":{"uv":[4,13,7,14],"rotation":90,"texture":"#8"}}},{"from":[3.975,8.95,7.5194],"to":[5.22,9.76,8.4806],"rotation":{"angle":0,"axis":"y","origin":[6.405,8.83,8]},"faces":{"north":{"uv":[0,13,7,14],"rotation":270,"texture":"#8"},"east":{"uv":[10,8,14.5,9],"rotation":90,"texture":"#8"},"south":{"uv":[0,14,5,15],"rotation":270,"texture":"#8"},"west":{"uv":[0,12,5,15],"rotation":270,"texture":"#8"},"up":{"uv":[0,3,16,4],"rotation":270,"texture":"#a"},"down":{"uv":[1,13,2,14],"texture":"#8"}}},{"from":[5.22,8.95,7.5194],"to":[8.28,9.64,7.7606],"rotation":{"angle":0,"axis":"y","origin":[6.405,8.83,8]},"faces":{"east":{"uv":[9,8,14.5,9],"rotation":90,"texture":"#8"},"south":{"uv":[0,14,5,15],"rotation":270,"texture":"#8"},"up":{"uv":[0,15,16,16],"rotation":270,"texture":"#a"},"down":{"uv":[1,13,2,14],"texture":"#8"}}},{"from":[5.22,8.95,7.7594],"to":[8.28,9.58,8.2406],"rotation":{"angle":0,"axis":"y","origin":[6.405,8.83,8]},"faces":{"east":{"uv":[10,8,14.5,9],"rotation":90,"texture":"#8"},"up":{"uv":[0,3,16,4],"rotation":270,"texture":"#a"},"down":{"uv":[1,13,2,14],"texture":"#8"}}},{"from":[5.22,8.95,8.2394],"to":[8.28,9.64,8.4806],"rotation":{"angle":0,"axis":"y","origin":[6.405,8.83,8]},"faces":{"north":{"uv":[0,13,7,14],"rotation":270,"texture":"#8"},"east":{"uv":[9,8,14.5,9],"rotation":90,"texture":"#8"},"south":{"uv":[0,14,5,15],"rotation":270,"texture":"#8"},"up":{"uv":[0,15,16,16],"rotation":270,"texture":"#a"},"down":{"uv":[1,13,2,14],"texture":"#8"}}},{"from":[5.04,9.01,8.4644],"to":[7.35,9.58,8.5406],"rotation":{"angle":0,"axis":"y","origin":[6.405,8.83,8]},"faces":{"east":{"uv":[11,5,16,6],"rotation":90,"texture":"#9"},"south":{"uv":[0,14,5,15],"rotation":270,"texture":"#8"},"west":{"uv":[3,13,7,14],"rotation":270,"texture":"#8"},"up":{"uv":[0,2,6,3],"texture":"#9"},"down":{"uv":[1,13,2,14],"texture":"#8"}}},{"from":[6.825,9.13,8.0438],"to":[7.215,9.52,8.6162],"rotation":{"angle":0,"axis":"y","origin":[6.825,8.83,8.0006]},"faces":{"east":{"uv":[7,13,4,14],"rotation":90,"texture":"#8"},"south":{"uv":[5,10,10,5],"rotation":270,"texture":"#b"},"west":{"uv":[7,13,4,14],"rotation":90,"texture":"#8"},"up":{"uv":[13,6,16,5],"rotation":180,"texture":"#9"},"down":{"uv":[11,6,12,5],"texture":"#8"}}},{"from":[6.825,9.25,8.5838],"to":[7.215,9.4,8.7962],"rotation":{"angle":45,"axis":"z","origin":[7.02,9.325,8.69]},"faces":{"east":{"uv":[7,13,3,14],"texture":"#8"},"south":{"uv":[11,1,16,0],"rotation":90,"texture":"#a"},"west":{"uv":[2,13,1,14],"texture":"#8"},"up":{"uv":[3,14,7,13],"rotation":90,"texture":"#8"},"down":{"uv":[1,14,2,13],"texture":"#8"}}},{"from":[6.165,9.31,8.1038],"to":[6.315,9.46,8.6162],"rotation":{"angle":0,"axis":"y","origin":[6.945,8.83,7.9994]},"faces":{"east":{"uv":[11,5,12,6],"texture":"#8"},"south":{"uv":[2,9,4,11],"rotation":180,"texture":"#2"},"west":{"uv":[11,5,12,6],"texture":"#8"},"up":{"uv":[0,0,3,1],"rotation":180,"texture":"#8"},"down":{"uv":[11,5,12,6],"texture":"#8"}}},{"from":[5.265,9.31,8.1038],"to":[5.715,9.46,8.6162],"rotation":{"angle":0,"axis":"y","origin":[6.945,8.83,7.9994]},"faces":{"east":{"uv":[11,5,12,6],"texture":"#8"},"south":{"uv":[2,13,10,14],"texture":"#8"},"west":{"uv":[11,5,12,6],"texture":"#8"},"up":{"uv":[8,7,13,8],"texture":"#8"},"down":{"uv":[11,5,12,6],"texture":"#8"}}},{"from":[4.425,9.295,8.5541],"to":[4.605,9.475,8.5865],"rotation":{"angle":0,"axis":"y","origin":[6.945,8.83,7.9994]},"faces":{"south":{"uv":[2,9,4,11],"rotation":180,"texture":"#2"}}},{"from":[4.21927,9.26073,8.3738],"to":[4.81927,9.50927,8.5862],"rotation":{"angle":22.5,"axis":"z","origin":[4.51927,9.385,8.48]},"faces":{"east":{"uv":[11,5,12,6],"texture":"#8"},"south":{"uv":[0,14,9,15],"texture":"#8"},"west":{"uv":[11,5,12,6],"texture":"#8"}}},{"from":[4.21927,9.26073,8.37386],"to":[4.81927,9.50927,8.58626],"rotation":{"angle":-22.5,"axis":"z","origin":[4.51927,9.385,8.48]},"faces":{"east":{"uv":[11,5,12,6],"rotation":180,"texture":"#8"},"south":{"uv":[0,14,9,15],"rotation":180,"texture":"#8"},"west":{"uv":[11,5,12,6],"rotation":180,"texture":"#8"}}},{"from":[4.395,9.085,8.37374],"to":[4.64353,9.685,8.58614],"rotation":{"angle":-22.5,"axis":"z","origin":[4.51927,9.385,8.48]},"faces":{"south":{"uv":[0,14,9,15],"rotation":270,"texture":"#8"},"up":{"uv":[11,5,12,6],"rotation":270,"texture":"#8"},"down":{"uv":[11,5,12,6],"rotation":270,"texture":"#8"}}},{"from":[4.395,9.085,8.3738],"to":[4.64353,9.685,8.5862],"rotation":{"angle":22.5,"axis":"z","origin":[4.51927,9.385,8.48]},"faces":{"south":{"uv":[0,14,9,15],"rotation":270,"texture":"#8"},"up":{"uv":[11,5,12,6],"rotation":270,"texture":"#8"},"down":{"uv":[11,5,12,6],"rotation":270,"texture":"#8"}}},{"from":[4.395,9.7588,7.64],"to":[4.53821,9.8488,8.36],"rotation":{"angle":0,"axis":"x","origin":[4.46661,9.8038,8]},"faces":{"north":{"uv":[11,5,12,6],"rotation":90,"texture":"#8"},"south":{"uv":[11,5,12,6],"rotation":270,"texture":"#8"},"up":{"uv":[1,14,8,15],"rotation":270,"texture":"#8"}}},{"from":[4.395,9.7588,7.64],"to":[4.53821,9.8488,8.36],"rotation":{"angle":45,"axis":"y","origin":[4.46661,9.8038,8]},"faces":{"north":{"uv":[11,5,12,6],"rotation":90,"texture":"#8"},"south":{"uv":[11,5,12,6],"rotation":270,"texture":"#8"},"up":{"uv":[1,14,8,15],"rotation":270,"texture":"#8"}}},{"from":[4.395,9.7588,7.64],"to":[4.53821,9.8488,8.36],"rotation":{"angle":22.5,"axis":"y","origin":[4.46661,9.8038,8]},"faces":{"north":{"uv":[11,5,12,6],"rotation":90,"texture":"#8"},"south":{"uv":[11,5,12,6],"rotation":270,"texture":"#8"},"up":{"uv":[1,14,8,15],"rotation":270,"texture":"#8"}}},{"from":[4.10661,9.7588,7.92839],"to":[4.82661,9.8488,8.07161],"rotation":{"angle":-22.5,"axis":"y","origin":[4.46661,9.8038,8]},"faces":{"east":{"uv":[11,5,12,6],"rotation":90,"texture":"#8"},"west":{"uv":[11,5,12,6],"rotation":270,"texture":"#8"},"up":{"uv":[1,14,8,15],"texture":"#8"}}},{"from":[4.10661,9.7588,7.92839],"to":[4.82661,9.8488,8.07161],"rotation":{"angle":0,"axis":"y","origin":[4.46661,9.8038,8]},"faces":{"east":{"uv":[11,5,12,6],"rotation":90,"texture":"#8"},"west":{"uv":[11,5,12,6],"rotation":270,"texture":"#8"},"up":{"uv":[1,14,8,15],"texture":"#8"}}},{"from":[4.10661,9.7588,7.92839],"to":[4.82661,9.8488,8.07161],"rotation":{"angle":22.5,"axis":"y","origin":[4.46661,9.8038,8]},"faces":{"east":{"uv":[11,5,12,6],"rotation":90,"texture":"#8"},"west":{"uv":[11,5,12,6],"rotation":270,"texture":"#8"},"up":{"uv":[1,14,8,15],"texture":"#8"}}},{"from":[4.395,9.7588,7.64],"to":[4.53821,9.8488,8.36],"rotation":{"angle":-45,"axis":"y","origin":[4.46661,9.8038,8]},"faces":{"north":{"uv":[11,5,12,6],"rotation":90,"texture":"#8"},"south":{"uv":[11,5,12,6],"rotation":270,"texture":"#8"},"up":{"uv":[1,14,8,15],"rotation":270,"texture":"#8"}}},{"from":[4.395,9.7588,7.64],"to":[4.53821,9.8488,8.36],"rotation":{"angle":-22.5,"axis":"y","origin":[4.46661,9.8038,8]},"faces":{"north":{"uv":[11,5,12,6],"rotation":90,"texture":"#8"},"south":{"uv":[11,5,12,6],"rotation":270,"texture":"#8"},"up":{"uv":[1,14,8,15],"rotation":270,"texture":"#8"}}},{"from":[4.34661,9.7591,7.88],"to":[4.58661,9.8491,8.12],"rotation":{"angle":45,"axis":"y","origin":[4.46661,9.80386,8]},"faces":{"up":{"uv":[7,11,10,14],"texture":"#2"}}},{"from":[7.77,9.58854,7.69144],"to":[8.235,9.72354,8.08354],"rotation":{"angle":22.5,"axis":"x","origin":[8.175,10.03854,8]},"faces":{"east":{"uv":[10,9,10.5,8],"rotation":90,"texture":"#8"},"west":{"uv":[16,8,15,9],"texture":"#8"},"up":{"uv":[16,15,10,16],"rotation":180,"texture":"#8"}}},{"from":[7.77,9.955,7.535],"to":[8.235,10.2421,7.685],"rotation":{"angle":-45,"axis":"x","origin":[8.175,10.03854,8]},"faces":{"east":{"uv":[10,9,10.5,8],"texture":"#8"},"south":{"uv":[16,15,10,16],"rotation":180,"texture":"#8"},"west":{"uv":[16,8,15,9],"rotation":90,"texture":"#8"}}},{"from":[7.77,9.955,7.55],"to":[8.235,10.1821,7.685],"rotation":{"angle":-22.5,"axis":"x","origin":[8.175,10.03854,8]},"faces":{"east":{"uv":[10,9,10.5,8],"texture":"#8"},"south":{"uv":[16,15,10,16],"rotation":180,"texture":"#8"},"west":{"uv":[16,8,15,9],"rotation":90,"texture":"#8"}}},{"from":[7.77,9.955,7.595],"to":[8.235,10.1221,7.685],"rotation":{"angle":0,"axis":"x","origin":[8.175,10.03854,8]},"faces":{"east":{"uv":[10,9,10.5,8],"texture":"#8"},"south":{"uv":[16,15,10,16],"rotation":180,"texture":"#8"},"west":{"uv":[16,8,15,9],"rotation":90,"texture":"#8"}}},{"from":[7.77,9.97,7.64],"to":[8.235,10.1221,7.685],"rotation":{"angle":22.5,"axis":"x","origin":[8.175,10.03854,8]},"faces":{"east":{"uv":[10,9,13,8],"rotation":180,"texture":"#8"},"south":{"uv":[16,15,10,16],"rotation":180,"texture":"#8"},"west":{"uv":[16,8,15,9],"rotation":90,"texture":"#8"}}},{"from":[7.77,9.97,7.64],"to":[8.235,10.1221,7.685],"rotation":{"angle":45,"axis":"x","origin":[8.175,10.03854,8]},"faces":{"east":{"uv":[10,9,13,8],"rotation":180,"texture":"#8"},"south":{"uv":[16,15,10,16],"rotation":180,"texture":"#8"},"west":{"uv":[16,8,15,9],"rotation":90,"texture":"#8"}}},{"from":[7.77,10.35354,7.93146],"to":[8.235,10.39854,8.08354],"rotation":{"angle":-22.5,"axis":"x","origin":[8.175,10.03854,8]},"faces":{"east":{"uv":[10,9,13,8],"rotation":90,"texture":"#8"},"west":{"uv":[16,8,15,9],"rotation":180,"texture":"#8"},"down":{"uv":[16,15,10,16],"rotation":180,"texture":"#8"}}},{"from":[7.77,10.35354,7.92396],"to":[8.235,10.39854,8.07604],"rotation":{"angle":0,"axis":"x","origin":[8.175,10.03854,8.0075]},"faces":{"east":{"uv":[10,9,13,8],"rotation":90,"texture":"#8"},"west":{"uv":[16,8,15,9],"texture":"#8"},"down":{"uv":[10,16,16,15],"texture":"#8"}}},{"from":[7.77,10.35354,7.91646],"to":[8.235,10.39854,8.06854],"rotation":{"angle":22.5,"axis":"x","origin":[8.175,10.03854,8]},"faces":{"east":{"uv":[10,9,13,8],"rotation":90,"texture":"#8"},"west":{"uv":[16,8,15,9],"texture":"#8"},"down":{"uv":[10,16,16,15],"texture":"#8"}}},{"from":[7.77,9.97,8.315],"to":[8.235,10.12209,8.36],"rotation":{"angle":-45,"axis":"x","origin":[8.175,10.03854,8]},"faces":{"north":{"uv":[10,16,16,15],"rotation":180,"texture":"#8"},"east":{"uv":[10,9,13,8],"texture":"#8"},"west":{"uv":[16,8,15,9],"rotation":90,"texture":"#8"}}},{"from":[7.77,9.97,8.315],"to":[8.235,10.12209,8.36],"rotation":{"angle":-22.5,"axis":"x","origin":[8.175,10.03854,8]},"faces":{"north":{"uv":[10,16,16,15],"rotation":180,"texture":"#8"},"east":{"uv":[10,9,13,8],"texture":"#8"},"west":{"uv":[16,8,15,9],"rotation":90,"texture":"#8"}}},{"from":[7.77,9.955,8.315],"to":[8.235,10.12209,8.405],"rotation":{"angle":0,"axis":"x","origin":[8.175,10.03854,8]},"faces":{"north":{"uv":[10,16,16,15],"rotation":180,"texture":"#8"},"east":{"uv":[10,9,10.5,8],"texture":"#8"},"west":{"uv":[16,8,15,9],"rotation":90,"texture":"#8"}}},{"from":[7.77,9.955,8.315],"to":[8.235,10.22709,8.48],"rotation":{"angle":45,"axis":"x","origin":[8.175,10.03854,8]},"faces":{"north":{"uv":[10,16,16,15],"rotation":180,"texture":"#8"},"east":{"uv":[10,9,10.5,8],"texture":"#8"},"west":{"uv":[16,8,15,9],"rotation":90,"texture":"#8"}}},{"from":[7.77,9.955,8.315],"to":[8.235,10.18209,8.45],"rotation":{"angle":22.5,"axis":"x","origin":[8.175,10.03854,8]},"faces":{"north":{"uv":[10,16,16,15],"rotation":180,"texture":"#8"},"east":{"uv":[10,9,10.5,8],"texture":"#8"},"west":{"uv":[16,8,15,9],"rotation":90,"texture":"#8"}}},{"from":[7.77,9.58854,7.91646],"to":[8.235,9.72354,8.30854],"rotation":{"angle":-22.5,"axis":"x","origin":[8.175,10.03854,8]},"faces":{"east":{"uv":[10,9,10.5,8],"rotation":270,"texture":"#8"},"west":{"uv":[16,8,15,9],"rotation":180,"texture":"#8"},"up":{"uv":[10,16,16,15],"texture":"#8"}}},{"from":[7.7703,9.55854,7.57146],"to":[8.2353,9.72354,8.42854],"rotation":{"angle":0,"axis":"x","origin":[8.175,10.03854,8]},"faces":{"east":{"uv":[10,9,16,8],"rotation":90,"texture":"#8"},"west":{"uv":[16,8,15,9],"rotation":180,"texture":"#8"},"up":{"uv":[10,16,16,15],"texture":"#8"}}},{"from":[7.68,9.64,7.5194],"to":[8.265,9.979,7.5806],"rotation":{"angle":0,"axis":"y","origin":[6.825,8.83,8]},"faces":{"north":{"uv":[3,15,5,14],"rotation":270,"texture":"#8"},"east":{"uv":[10,9,14.5,8],"rotation":180,"texture":"#8"},"south":{"uv":[0,0,1,5],"rotation":270,"texture":"#8"},"west":{"uv":[16,8,15,9],"texture":"#8"}}},{"from":[7.68,9.7972,7.58],"to":[8.265,10.1221,7.64],"rotation":{"angle":22.5,"axis":"x","origin":[8.175,10.03854,8]},"faces":{"north":{"uv":[7,14,5,13],"rotation":90,"texture":"#8"},"east":{"uv":[14.5,9,10,8],"texture":"#8"},"south":{"uv":[16,16,10,15],"rotation":180,"texture":"#8"},"west":{"uv":[16,8,13,7],"rotation":180,"texture":"#8"}}},{"from":[7.68006,9.955,7.58],"to":[8.26506,10.12209,7.64],"rotation":{"angle":45,"axis":"x","origin":[8.175,10.03854,8]},"faces":{"north":{"uv":[14,6,16,5],"rotation":90,"texture":"#9"},"east":{"uv":[10,9,14.5,8],"rotation":180,"texture":"#8"},"south":{"uv":[16,15,10,16],"rotation":180,"texture":"#8"},"west":{"uv":[14,7,11,8],"rotation":180,"texture":"#8"}}},{"from":[7.68,10.39854,7.91646],"to":[8.265,10.45854,8.08354],"rotation":{"angle":-22.5,"axis":"x","origin":[8.175,10.03854,8]},"faces":{"east":{"uv":[10,9,14.5,8],"rotation":90,"texture":"#8"},"west":{"uv":[13,7,10,8],"rotation":270,"texture":"#8"},"up":{"uv":[13,6,15,5],"rotation":270,"texture":"#9"},"down":{"uv":[16,15,10,16],"rotation":180,"texture":"#8"}}},{"from":[7.68006,10.39854,7.91646],"to":[8.26506,10.45854,8.08354],"rotation":{"angle":0,"axis":"x","origin":[8.175,10.03854,8]},"faces":{"east":{"uv":[10,9,14.5,8],"rotation":90,"texture":"#8"},"west":{"uv":[13,7,10,8],"rotation":270,"texture":"#8"},"up":{"uv":[11,2,8,3],"rotation":270,"texture":"#9"},"down":{"uv":[10,16,16,15],"texture":"#8"}}},{"from":[7.68,10.39854,7.91646],"to":[8.265,10.45854,8.08354],"rotation":{"angle":22.5,"axis":"x","origin":[8.175,10.03854,8]},"faces":{"east":{"uv":[10,9,14.5,8],"rotation":90,"texture":"#8"},"west":{"uv":[13,7,10,8],"rotation":270,"texture":"#8"},"up":{"uv":[15,5,13,6],"rotation":270,"texture":"#9"},"down":{"uv":[10,16,16,15],"texture":"#8"}}},{"from":[7.68006,9.955,8.36],"to":[8.26506,10.12209,8.42],"rotation":{"angle":-45,"axis":"x","origin":[8.175,10.03854,8]},"faces":{"north":{"uv":[10,16,16,15],"rotation":180,"texture":"#8"},"east":{"uv":[10,9,14.5,8],"texture":"#8"},"south":{"uv":[16,5,14,6],"rotation":270,"texture":"#9"},"west":{"uv":[14,7,11,8],"texture":"#8"}}},{"from":[7.68,9.7972,8.36],"to":[8.265,10.1221,8.42],"rotation":{"angle":-22.5,"axis":"x","origin":[8.175,10.03854,8]},"faces":{"north":{"uv":[10,16,16,15],"rotation":180,"texture":"#8"},"east":{"uv":[10,9,14.5,8],"texture":"#8"},"south":{"uv":[7,13,5,14],"rotation":90,"texture":"#8"},"west":{"uv":[16,7,13,8],"texture":"#8"}}},{"from":[7.68,9.64,8.4194],"to":[8.265,9.979,8.4806],"rotation":{"angle":0,"axis":"y","origin":[6.825,8.83,8]},"faces":{"north":{"uv":[0,0,1,5],"rotation":90,"texture":"#8"},"east":{"uv":[10,8,14.5,9],"texture":"#8"},"south":{"uv":[4,14,5,15],"rotation":270,"texture":"#8"},"west":{"uv":[15,8,16,9],"texture":"#8"}}},{"from":[7.60029,9.51828,8.4194],"to":[7.75029,9.91728,8.4806],"rotation":{"angle":-22.5,"axis":"z","origin":[7.79529,9.74778,8.45]},"faces":{"north":{"uv":[0,1,1,0],"rotation":270,"texture":"#8"},"east":{"uv":[10,8,14.5,9],"rotation":90,"texture":"#8"},"south":{"uv":[4,14,5,15],"rotation":270,"texture":"#8"},"west":{"uv":[12,8,15,9],"rotation":180,"texture":"#8"}}},{"from":[7.60032,9.51828,7.51946],"to":[7.75032,9.91728,7.58066],"rotation":{"angle":-22.5,"axis":"z","origin":[7.79529,9.74778,7.55]},"faces":{"north":{"uv":[3,15,5,14],"rotation":270,"texture":"#8"},"east":{"uv":[10,9,14.5,8],"rotation":90,"texture":"#8"},"south":{"uv":[0,0,1,1],"rotation":270,"texture":"#8"},"west":{"uv":[15,8,12,9],"rotation":180,"texture":"#8"}}},{"from":[8.2596,10.03,8.0225],"to":[8.3496,10.039,8.0975],"rotation":{"angle":0,"axis":"x","origin":[8.304,10.06,8.0075]},"faces":{"west":{"uv":[9,3,10,4],"rotation":90,"texture":"#c"}}},{"from":[8.2596,10.03,7.9025],"to":[8.3496,10.039,7.9775],"rotation":{"angle":0,"axis":"x","origin":[8.304,10.06,8.0075]},"faces":{"west":{"uv":[9,3,10,4],"rotation":90,"texture":"#c"}}},{"from":[8.259,9.94,7.9955],"to":[8.349,10.015,8.0045],"rotation":{"angle":0,"axis":"y","origin":[9.225,8.68,8.0255]},"faces":{"west":{"uv":[9,3,10,4],"rotation":180,"texture":"#c"}}}],"display":{"thirdperson_righthand":{"rotation":[0,90,0],"translation":[0,1,-3.5]},"thirdperson_lefthand":{"rotation":[0,-90,190],"translation":[-2,-5,7]},"firstperson_righthand":{"rotation":[0,90.125,0],"translation":[-8.99,4.255,-2.5],"scale":[2,2,2]},"firstperson_lefthand":{"translation":[2,3,-2],"scale":[0,0,0]},"ground":{"translation":[0,3.5,0],"scale":[0.6,0.6,0.6]},"gui":{"rotation":[0,0,45],"translation":[-1.2,0,0]},"head":{"scale":[2,2,2]},"fixed":{"translation":[0,0,-2.75],"scale":[-2,2,-2]}}}