{"gui_light":"front","textures":{"0":"block/coal_block","1":"block/furnace_side","2":"block/black_concrete_powder","3":"block/bedrock","4":"block/chiseled_stone_bricks","6":"block/black_glazed_terracotta","7":"block/tripwire_hook","8":"block/white_stained_glass_pane_top","particle":"block/coal_block"},"elements":[{"from":[9.8,11.2,7.81103],"to":[27.3,11.55,8.18897],"rotation":{"angle":0,"axis":"y","origin":[16.8,12.15,7.9]},"faces":{"east":{"uv":[15.5,9,16,9.5],"texture":"#0"},"up":{"uv":[3,8,4,11],"texture":"#1"},"down":{"uv":[0,13,0.5,13.5],"texture":"#0"}}},{"from":[9.8,12.75,7.81103],"to":[27.301,13.1,8.18897],"rotation":{"angle":0,"axis":"y","origin":[16.8,12.15,8]},"faces":{"east":{"uv":[0,5,1,8],"rotation":90,"texture":"#1"},"up":{"uv":[11,12,12,15],"texture":"#1"},"down":{"uv":[0,13,0.5,13.5],"texture":"#0"}}},{"from":[9.8,11.96103,7.05],"to":[27.3,12.33897,7.4],"rotation":{"angle":0,"axis":"y","origin":[16.8,12.15,8]},"faces":{"north":{"uv":[2,13,5,14],"rotation":270,"texture":"#0"},"east":{"uv":[15.5,9,16,9.5],"rotation":270,"texture":"#0"},"south":{"uv":[15,5,16,8],"texture":"#1"}}},{"from":[9.8,11.96103,8.6],"to":[27.3,12.33897,8.95],"rotation":{"angle":0,"axis":"y","origin":[16.8,12.15,8]},"faces":{"north":{"uv":[10,0,13,1],"rotation":90,"texture":"#1"},"east":{"uv":[15.5,9,16,9.5],"rotation":270,"texture":"#0"},"south":{"uv":[0,13,0.5,13.5],"texture":"#0"}}},{"from":[9.8,11.96103,7.05],"to":[27.299,12.33897,7.4],"rotation":{"angle":22.5,"axis":"x","origin":[16.8,12.15,8]},"faces":{"north":{"uv":[4,13,7,14],"rotation":270,"texture":"#0"},"east":{"uv":[3,13,5,14],"rotation":270,"texture":"#0"},"south":{"uv":[6,12,9,13],"rotation":90,"texture":"#0"}}},{"from":[9.8,11.96103,8.6],"to":[27.3,12.33897,8.95],"rotation":{"angle":22.5,"axis":"x","origin":[16.8,12.15,8]},"faces":{"north":{"uv":[5,2,8,3],"rotation":90,"texture":"#1"},"east":{"uv":[15.5,9,16,9.5],"rotation":90,"texture":"#0"},"south":{"uv":[0,13,0.5,13.5],"texture":"#0"}}},{"from":[9.8,11.96103,7.05],"to":[27.3,12.33897,7.4],"rotation":{"angle":-22.5,"axis":"x","origin":[16.8,12.15,8]},"faces":{"north":{"uv":[1,13,4,14],"rotation":270,"texture":"#0"},"east":{"uv":[15.5,9,16,9.5],"rotation":270,"texture":"#0"},"south":{"uv":[10,0,13,1],"rotation":90,"texture":"#1"}}},{"from":[9.8,11.96103,8.6],"to":[27.299,12.33897,8.95],"rotation":{"angle":-22.5,"axis":"x","origin":[16.8,12.15,8]},"faces":{"north":{"uv":[15,5,16,8],"rotation":180,"texture":"#1"},"east":{"uv":[3,13,5,14],"rotation":270,"texture":"#0"},"south":{"uv":[2,13,5,14],"rotation":270,"texture":"#0"}}},{"from":[9.8,11.2,7.81103],"to":[27.3,11.55,8.18897],"rotation":{"angle":-45,"axis":"x","origin":[16.8,12.15,8]},"faces":{"east":{"uv":[15.5,9,16,9.5],"texture":"#0"},"up":{"uv":[4,6,5,9],"texture":"#1"},"down":{"uv":[0,13,0.5,13.5],"texture":"#0"}}},{"from":[9.8,12.75,7.81103],"to":[27.3,13.1,8.18897],"rotation":{"angle":-45,"axis":"x","origin":[16.8,12.15,8]},"faces":{"east":{"uv":[4,13,6,14],"rotation":180,"texture":"#0"},"up":{"uv":[9,0,10,3],"texture":"#1"},"down":{"uv":[6,12,9,13],"rotation":90,"texture":"#0"}}},{"from":[9.8,11.2,7.81103],"to":[27.3,11.55,8.18897],"rotation":{"angle":45,"axis":"x","origin":[16.8,12.15,8]},"faces":{"east":{"uv":[15.5,9,16,9.5],"texture":"#0"},"up":{"uv":[5,2,8,3],"rotation":90,"texture":"#1"},"down":{"uv":[0,13,0.5,13.5],"texture":"#0"}}},{"from":[9.8,12.75,7.81103],"to":[27.3,13.1,8.18897],"rotation":{"angle":45,"axis":"x","origin":[16.8,12.15,8]},"faces":{"east":{"uv":[4,13,6,14],"texture":"#0"},"up":{"uv":[4,13,7,14],"rotation":270,"texture":"#0"},"down":{"uv":[6,12,9,13],"rotation":90,"texture":"#0"}}},{"from":[9.8,11.2,7.81103],"to":[27.3,11.55,8.18897],"rotation":{"angle":-22.5,"axis":"x","origin":[16.8,12.15,8]},"faces":{"east":{"uv":[15.5,9,16,9.5],"texture":"#0"},"up":{"uv":[1,8,2,11],"texture":"#1"},"down":{"uv":[0,13,0.5,13.5],"texture":"#0"}}},{"from":[9.8,12.75,7.81103],"to":[27.3,13.1,8.18897],"rotation":{"angle":-22.5,"axis":"x","origin":[16.8,12.15,8]},"faces":{"east":{"uv":[5,13,7,14],"rotation":180,"texture":"#0"},"up":{"uv":[1,9,2,12],"rotation":180,"texture":"#1"},"down":{"uv":[0,4,1,7],"texture":"#0"}}},{"from":[9.8,11.2,7.81103],"to":[27.3,11.55,8.18897],"rotation":{"angle":22.5,"axis":"x","origin":[16.8,12.15,8]},"faces":{"east":{"uv":[15.5,9,16,9.5],"texture":"#0"},"up":{"uv":[4,6,5,9],"rotation":180,"texture":"#1"},"down":{"uv":[0,13,0.5,13.5],"texture":"#0"}}},{"from":[9.8,12.75,7.81103],"to":[27.3,13.1,8.18897],"rotation":{"angle":22.5,"axis":"x","origin":[16.8,12.15,8]},"faces":{"east":{"uv":[5,13,7,14],"texture":"#0"},"up":{"uv":[10,0,11,2],"rotation":180,"texture":"#1"},"down":{"uv":[0,4,1,7],"texture":"#0"}}},{"from":[0.8,9.8,6.399],"to":[10.3,12.2,9.601],"rotation":{"angle":0,"axis":"y","origin":[7.9,8,8.399]},"faces":{"north":{"uv":[0,15.5,16,15.51],"rotation":90,"texture":"#0"},"east":{"uv":[7,12,11,13],"rotation":90,"texture":"#0"},"south":{"uv":[0,15.5,16,15.51],"rotation":90,"texture":"#0"},"west":{"uv":[7,7,10,10],"rotation":180,"texture":"#0"},"up":{"uv":[4,0.5,12,0.51],"rotation":90,"texture":"#3"},"down":{"uv":[0,13,1,14],"texture":"#0"}}},{"from":[13.4,9.8,6.399],"to":[23.4,12.2,9.601],"rotation":{"angle":0,"axis":"y","origin":[7.9,8,8.399]},"faces":{"north":{"uv":[0,15.5,16,15.51],"rotation":90,"texture":"#0"},"east":{"uv":[7,12,11,13],"rotation":90,"texture":"#0"},"south":{"uv":[0,15.5,16,15.51],"rotation":90,"texture":"#0"},"west":{"uv":[7,7,10,10],"rotation":180,"texture":"#0"},"up":{"uv":[4,0.5,12,0.51],"rotation":90,"texture":"#3"},"down":{"uv":[0,13,1,14],"texture":"#0"}}},{"from":[10.3,9.8,6.399],"to":[13.4,11.8,9.601],"rotation":{"angle":0,"axis":"y","origin":[7.9,8,8.399]},"faces":{"north":{"uv":[3,15.5,16,15.51],"rotation":90,"texture":"#0"},"east":{"uv":[7,12,11,13],"rotation":90,"texture":"#0"},"south":{"uv":[3,15.5,16,15.51],"rotation":90,"texture":"#0"},"west":{"uv":[7,7,10,10],"rotation":180,"texture":"#0"},"up":{"uv":[4,0.5,12,0.51],"rotation":90,"texture":"#3"},"down":{"uv":[0,13,1,14],"texture":"#0"}}},{"from":[0.799,11.65,7.5],"to":[2.199,12.65,8.5],"rotation":{"angle":0,"axis":"y","origin":[7.9,8,9.5]},"faces":{"west":{"uv":[5,3,11,9],"rotation":180,"texture":"#7"}}},{"from":[0,9.8,6.4],"to":[1.7,12.2,7.449],"rotation":{"angle":-22.5,"axis":"z","origin":[0,12.2,6.5]},"faces":{"north":{"uv":[7,12,12,13],"rotation":90,"texture":"#0"},"south":{"uv":[1,3,6,4],"rotation":180,"texture":"#0"},"west":{"uv":[0,6,1,12],"rotation":180,"texture":"#0"},"down":{"uv":[0,13,1,14],"texture":"#0"}}},{"from":[0,11.75,6.401],"to":[0.8,12.2,7.451],"rotation":{"angle":0,"axis":"y","origin":[0.8,12.2,6.5]},"faces":{"north":{"uv":[5,3,6,4],"rotation":270,"texture":"#0"},"up":{"uv":[12,5,16,6],"rotation":180,"texture":"#1"}}},{"from":[0,9.8,8.551],"to":[1.7,12.2,9.6],"rotation":{"angle":-22.5,"axis":"z","origin":[0,12.2,9.5]},"faces":{"north":{"uv":[1,3,6,4],"texture":"#0"},"south":{"uv":[7,12,11,13],"rotation":90,"texture":"#0"},"west":{"uv":[1,6,0,12],"rotation":180,"texture":"#0"},"down":{"uv":[0,14,1,13],"texture":"#0"}}},{"from":[0,11.75,8.549],"to":[0.8,12.2,9.599],"rotation":{"angle":0,"axis":"y","origin":[0.8,12.2,9.5]},"faces":{"south":{"uv":[5,3,6,4],"rotation":90,"texture":"#0"},"up":{"uv":[16,5,12,6],"texture":"#1"}}},{"from":[0.8,12.2,6.65],"to":[1.8,13.1,9.35],"rotation":{"angle":0,"axis":"y","origin":[0.7,12.2,7.225]},"faces":{"north":{"uv":[10,0,10.5,4],"rotation":180,"texture":"#1"},"east":{"uv":[5,3,6,4],"texture":"#0"},"south":{"uv":[10,0,10.5,4],"rotation":180,"texture":"#1"},"west":{"uv":[3,3,6,4],"rotation":270,"texture":"#0"},"up":{"uv":[0,5,16,6],"rotation":90,"texture":"#1"}}},{"from":[0.8,11.9,8.5501],"to":[1.8,13.1,9.3481],"rotation":{"angle":-45,"axis":"z","origin":[0.8,13.1,8.0001]},"faces":{"north":{"uv":[3,3,6,4],"texture":"#0"},"south":{"uv":[10,0,10.5,2],"rotation":90,"texture":"#1"},"west":{"uv":[13,4,16,6],"rotation":90,"texture":"#1"},"down":{"uv":[5,3,6,4],"texture":"#0"}}},{"from":[0.8,11.9,6.651],"to":[1.8,13.1,7.449],"rotation":{"angle":-45,"axis":"z","origin":[0.8,13.1,7.9999]},"faces":{"north":{"uv":[10.5,0,10,2],"rotation":270,"texture":"#1"},"south":{"uv":[3,3,6,4],"rotation":180,"texture":"#0"},"west":{"uv":[16,4,13,6],"rotation":270,"texture":"#1"},"down":{"uv":[5,3,6,4],"texture":"#0"}}},{"from":[23.4,9.8,6.4],"to":[25.1,12.201,7.4],"rotation":{"angle":-22.5,"axis":"y","origin":[23.4,10.5,6.4]},"faces":{"north":{"uv":[0,15.5,16,15.51],"rotation":90,"texture":"#0"},"up":{"uv":[4,0,7,1],"rotation":90,"texture":"#3"},"down":{"uv":[0,13,1,14],"texture":"#0"}}},{"from":[23.4,9.8,8.6],"to":[25.1,12.201,9.6],"rotation":{"angle":22.5,"axis":"y","origin":[23.4,10.5,9.6]},"faces":{"south":{"uv":[0,15.5,16,15.51],"rotation":90,"texture":"#0"},"up":{"uv":[4,0,7,1],"rotation":270,"texture":"#3"},"down":{"uv":[0,14,1,13],"texture":"#0"}}},{"from":[15.9,8.8,6.752],"to":[23.9625,9.79783,9.248],"rotation":{"angle":0,"axis":"y","origin":[15.48125,8.99891,9.752]},"faces":{"north":{"uv":[2,13.5,6,13.51],"rotation":90,"texture":"#0"},"east":{"uv":[0,13,5,14],"rotation":90,"texture":"#0"},"south":{"uv":[2,13.5,6,13.51],"rotation":90,"texture":"#0"}}},{"from":[22.7,9.05,7.1],"to":[26.2,10.10804,8.9],"rotation":{"angle":0,"axis":"y","origin":[24.45,9.22902,8]},"faces":{"north":{"uv":[0,13,7,14],"rotation":90,"texture":"#0"},"east":{"uv":[7,12,14,13],"texture":"#0"},"south":{"uv":[0,13,7,14],"rotation":90,"texture":"#0"}}},{"from":[25.701,9.05,7.6],"to":[26.201,9.38137,8.4],"rotation":{"angle":22.5,"axis":"x","origin":[25.95,9.21569,8]},"faces":{"east":{"uv":[5,5,10,6],"texture":"#1"}}},{"from":[25.703,8.81569,7.83431],"to":[26.203,9.61569,8.16569],"rotation":{"angle":22.5,"axis":"x","origin":[25.95,9.21569,8]},"faces":{"east":{"uv":[5,5,10,6],"rotation":270,"texture":"#1"}}},{"from":[25.702,9.05,7.6],"to":[26.202,9.38137,8.4],"rotation":{"angle":-22.5,"axis":"x","origin":[25.95,9.21569,8]},"faces":{"east":{"uv":[5,5,10,6],"rotation":180,"texture":"#1"}}},{"from":[25.702,8.81569,7.83431],"to":[26.202,9.61569,8.16569],"rotation":{"angle":-22.5,"axis":"x","origin":[25.95,9.21569,8]},"faces":{"east":{"uv":[5,5,10,6],"rotation":270,"texture":"#1"}}},{"from":[22.7,8.32902,7.82098],"to":[26.2,9.12902,8.17902],"rotation":{"angle":-22.5,"axis":"x","origin":[24.45,9.22902,8]},"faces":{"east":{"uv":[7,12,11,13],"rotation":270,"texture":"#0"},"down":{"uv":[0,13,1,14],"texture":"#0"}}},{"from":[22.7,9.05,8.1],"to":[26.2,9.40804,8.9],"rotation":{"angle":45,"axis":"x","origin":[24.45,9.22902,8]},"faces":{"east":{"uv":[7,12,11,13],"texture":"#0"},"south":{"uv":[2,13,5,14],"rotation":270,"texture":"#0"}}},{"from":[22.7,8.32902,7.82098],"to":[26.2,9.12902,8.17902],"rotation":{"angle":0,"axis":"y","origin":[24.45,9.22902,8]},"faces":{"east":{"uv":[7,12,11,13],"rotation":270,"texture":"#0"},"down":{"uv":[0,13,1,14],"rotation":180,"texture":"#0"}}},{"from":[22.7,8.32902,7.82098],"to":[26.2,9.12902,8.17902],"rotation":{"angle":22.5,"axis":"x","origin":[24.45,9.22902,8]},"faces":{"east":{"uv":[7,12,11,13],"rotation":270,"texture":"#0"},"down":{"uv":[0,13,1,14],"rotation":180,"texture":"#0"}}},{"from":[22.7,9.05,7.1],"to":[26.2,9.40804,7.9],"rotation":{"angle":-45,"axis":"x","origin":[24.45,9.22902,8]},"faces":{"north":{"uv":[2,13,5,14],"rotation":270,"texture":"#0"},"east":{"uv":[7,12,11,13],"rotation":180,"texture":"#0"}}},{"from":[22.7,9.05,7.1],"to":[26.2,9.40804,7.9],"rotation":{"angle":-22.5,"axis":"x","origin":[24.45,9.22902,8]},"faces":{"north":{"uv":[4,13,7,14],"rotation":270,"texture":"#0"},"east":{"uv":[7,12,11,13],"rotation":180,"texture":"#0"}}},{"from":[22.7,9.05,8.1],"to":[26.2,9.40804,8.9],"rotation":{"angle":22.5,"axis":"x","origin":[24.45,9.22902,8]},"faces":{"east":{"uv":[7,12,11,13],"texture":"#0"},"south":{"uv":[4,13,7,14],"rotation":270,"texture":"#0"}}},{"from":[16.001,7.99891,8.05109],"to":[23.9635,8.99891,8.44891],"rotation":{"angle":-22.5,"axis":"x","origin":[15.48125,8.99891,8.25]},"faces":{"east":{"uv":[3,13,4,14],"rotation":90,"texture":"#0"},"down":{"uv":[0,13,1,14],"rotation":180,"texture":"#0"}}},{"from":[16,7.99891,7.55109],"to":[23.9625,8.99891,8.44891],"rotation":{"angle":0,"axis":"y","origin":[15.48125,8.99891,10.25]},"faces":{"east":{"uv":[0,13,1,14],"rotation":90,"texture":"#0"},"down":{"uv":[0,13,1,14],"rotation":180,"texture":"#0"}}},{"from":[16.001,7.99891,7.55109],"to":[23.9635,8.99891,7.94891],"rotation":{"angle":22.5,"axis":"x","origin":[15.48125,8.99891,7.75]},"faces":{"east":{"uv":[3,13,4,14],"rotation":90,"texture":"#0"},"down":{"uv":[0,13,1,14],"rotation":180,"texture":"#0"}}},{"from":[16,8.8,6.75],"to":[23.9625,9.19783,7.75],"rotation":{"angle":-45,"axis":"x","origin":[15.48125,8.99891,7.75]},"faces":{"north":{"uv":[1,13,4,14],"rotation":270,"texture":"#0"},"east":{"uv":[4,13,5,14],"texture":"#0"}}},{"from":[16,8.8,8.25],"to":[23.9625,9.19783,9.25],"rotation":{"angle":45,"axis":"x","origin":[15.48125,8.99891,8.25]},"faces":{"east":{"uv":[4,13,5,14],"texture":"#0"},"south":{"uv":[0,13,1,14],"texture":"#0"}}},{"from":[16,8.8,6.75],"to":[23.9625,9.19783,7.75],"rotation":{"angle":-22.5,"axis":"x","origin":[15.48125,8.99891,7.75]},"faces":{"north":{"uv":[4,13.5,7,13.51],"rotation":270,"texture":"#0"},"east":{"uv":[4,13,5,14],"texture":"#0"}}},{"from":[16,8.8,8.25],"to":[23.9625,9.19783,9.25],"rotation":{"angle":22.5,"axis":"x","origin":[15.48125,8.99891,8.25]},"faces":{"east":{"uv":[4,13,5,14],"texture":"#0"},"south":{"uv":[5,12.5,8,12.51],"rotation":270,"texture":"#0"}}},{"from":[24.2,12,7.85],"to":[26.2,12.47739,9.25],"rotation":{"angle":-22.5,"axis":"x","origin":[25.25,12.2387,8.05]},"faces":{"east":{"uv":[1,12,4,13],"rotation":180,"texture":"#0"},"south":{"uv":[11,0,10,3],"rotation":180,"texture":"#1"},"west":{"uv":[10,0,11,3],"texture":"#1"}}},{"from":[1.8,11.5,7.85],"to":[10.2,12.47739,9.25],"rotation":{"angle":-22.5,"axis":"x","origin":[9.25,12.2387,8.05]},"faces":{"east":{"uv":[10,0,11,4],"texture":"#1"},"south":{"uv":[16,7,12,8],"rotation":270,"texture":"#0"}}},{"from":[24.2,12,6.75],"to":[26.2,12.47739,8.15],"rotation":{"angle":22.5,"axis":"x","origin":[25.25,12.2387,7.95]},"faces":{"north":{"uv":[11,0,10,3],"rotation":180,"texture":"#1"},"east":{"uv":[1,12,4,13],"texture":"#0"},"south":{"uv":[9,8,8,10],"rotation":180,"texture":"#missing"},"west":{"uv":[10,0,11,3],"texture":"#1"}}},{"from":[1.8,11.5,6.75],"to":[10.2,12.47739,8.15],"rotation":{"angle":22.5,"axis":"x","origin":[9.25,12.2387,7.95]},"faces":{"north":{"uv":[14,7,10,8],"rotation":270,"texture":"#0"},"east":{"uv":[10,0,11,4],"texture":"#1"}}},{"from":[24.2,12.0387,7.7113],"to":[26.2,13.4387,8.18869],"rotation":{"angle":-45,"axis":"x","origin":[25.25,12.2387,7.95]},"faces":{"east":{"uv":[1,12,4,13],"rotation":270,"texture":"#0"},"west":{"uv":[6,13,7,14],"rotation":270,"texture":"#0"},"up":{"uv":[11,2,10,5],"texture":"#1"}}},{"from":[1.8,12.0387,7.7113],"to":[10.2,13.4387,8.18869],"rotation":{"angle":-45,"axis":"x","origin":[9.25,12.2387,7.95]},"faces":{"east":{"uv":[6,13,7,14],"rotation":90,"texture":"#0"},"west":{"uv":[10,0,9,0.5],"rotation":270,"texture":"#1"},"up":{"uv":[11,0,10,3],"texture":"#1"}}},{"from":[24.2,12.0387,7.7113],"to":[26.2,13.4387,8.18869],"rotation":{"angle":-22.5,"axis":"x","origin":[25.25,12.2387,7.95]},"faces":{"east":{"uv":[1,12,4,13],"rotation":270,"texture":"#0"},"west":{"uv":[0,0,1,1],"rotation":270,"texture":"#0"},"up":{"uv":[11,8,10,11],"rotation":180,"texture":"#1"}}},{"from":[1.8,12.0387,7.7113],"to":[10.2,13.4387,8.18869],"rotation":{"angle":-22.5,"axis":"x","origin":[9.25,12.2387,7.95]},"faces":{"east":{"uv":[0,0,1,1],"rotation":90,"texture":"#0"},"west":{"uv":[10,0,9,0.5],"rotation":270,"texture":"#1"},"up":{"uv":[11,9,10,12],"rotation":180,"texture":"#1"}}},{"from":[24.2,12.0387,7.71131],"to":[26.2,13.4387,8.2887],"rotation":{"angle":0,"axis":"y","origin":[25.25,12.2387,8.05]},"faces":{"east":{"uv":[1,12,4,13],"rotation":270,"texture":"#0"},"west":{"uv":[0,0,1,1],"rotation":270,"texture":"#0"},"up":{"uv":[8,8,4,9],"rotation":90,"texture":"#1"}}},{"from":[1.8,12.0387,7.71131],"to":[10.2,13.4387,8.2887],"rotation":{"angle":0,"axis":"y","origin":[9.25,12.2387,8.05]},"faces":{"east":{"uv":[0,0,1,1],"rotation":90,"texture":"#0"},"west":{"uv":[10,0,9,0.5],"rotation":270,"texture":"#1"},"up":{"uv":[12,11,11,14],"texture":"#1"}}},{"from":[24.2,12.0387,7.81131],"to":[26.2,13.4387,8.2887],"rotation":{"angle":22.5,"axis":"x","origin":[25.25,12.2387,8.05]},"faces":{"east":{"uv":[1,12,4,13],"rotation":270,"texture":"#0"},"west":{"uv":[0,0,1,1],"rotation":270,"texture":"#0"},"up":{"uv":[10,3,7,4],"rotation":270,"texture":"#1"}}},{"from":[1.8,12.0387,7.81131],"to":[10.2,13.4387,8.2887],"rotation":{"angle":22.5,"axis":"x","origin":[9.25,12.2387,8.05]},"faces":{"east":{"uv":[0,0,1,1],"rotation":90,"texture":"#0"},"west":{"uv":[10,0,9,0.5],"rotation":270,"texture":"#1"},"up":{"uv":[11,0,10,3],"rotation":180,"texture":"#1"}}},{"from":[24.2,12,7.85],"to":[26.2,12.47739,9.25],"rotation":{"angle":-45,"axis":"x","origin":[25.25,12.2387,8.05]},"faces":{"east":{"uv":[1,12,4,13],"rotation":180,"texture":"#0"},"south":{"uv":[11,2,10,5],"rotation":180,"texture":"#1"},"west":{"uv":[6,13,7,14],"texture":"#0"}}},{"from":[1.8,12,7.85],"to":[10.2,12.47739,9.25],"rotation":{"angle":-45,"axis":"x","origin":[9.25,12.2387,8.05]},"faces":{"east":{"uv":[6,13,7,14],"texture":"#0"},"south":{"uv":[13,7,10,8],"rotation":270,"texture":"#0"},"west":{"uv":[10,0,9,0.5],"texture":"#1"}}},{"from":[24.2,10.1,6.75],"to":[26.2,12.4774,9.25],"rotation":{"angle":0,"axis":"y","origin":[9.5,8.3,7.875]},"faces":{"north":{"uv":[7,13,2,14],"rotation":90,"texture":"#0"},"east":{"uv":[9,12,12,13],"rotation":180,"texture":"#0"},"south":{"uv":[7,13,2,14],"rotation":90,"texture":"#0"},"west":{"uv":[9,8,8,9.5],"texture":"#missing"},"down":{"uv":[0,14,1,13],"texture":"#0"}}},{"from":[25.701,11.5,7.35],"to":[26.201,12.4774,8.65],"rotation":{"angle":0,"axis":"y","origin":[9.5,8.3,7.775]},"faces":{"east":{"uv":[0,13,1,14],"rotation":180,"texture":"#0"},"west":{"uv":[9,8,8,9.5],"texture":"#missing"}}},{"from":[23.7,10.6,8.95],"to":[26.199,11.13553,9.25],"rotation":{"angle":45,"axis":"x","origin":[25.2,10.61777,8]},"faces":{"east":{"uv":[7,12,8,13],"texture":"#0"},"south":{"uv":[1,13,0,14],"texture":"#0"}}},{"from":[23.7,10.6,6.75],"to":[26.199,11.13553,7.05],"rotation":{"angle":-45,"axis":"x","origin":[25.2,10.61777,8]},"faces":{"north":{"uv":[0,13,1,14],"texture":"#0"},"east":{"uv":[7,12,8,13],"texture":"#0"}}},{"from":[23.0113,11.9887,6.751],"to":[24.1887,12.4887,9.249],"rotation":{"angle":22.5,"axis":"z","origin":[24.2,12.4887,6.5]},"faces":{"north":{"uv":[10,0,9,1],"rotation":270,"texture":"#1"},"south":{"uv":[16,5,15,6],"rotation":90,"texture":"#1"},"up":{"uv":[3,5,4,6],"rotation":90,"texture":"#1"}}},{"from":[24.6625,13.4,7.8],"to":[25.55,14,8.2],"rotation":{"angle":0,"axis":"y","origin":[9.8,8.5,8.6]},"faces":{"north":{"uv":[10,0,11,5],"rotation":180,"texture":"#1"},"south":{"uv":[10,0,11,5],"rotation":180,"texture":"#1"},"west":{"uv":[0,9,1,12],"rotation":180,"texture":"#0"},"up":{"uv":[10,8,11,13],"rotation":90,"texture":"#1"}}},{"from":[24.661,13.7,7.9],"to":[24.861,13.9,8.1],"rotation":{"angle":0,"axis":"y","origin":[9.8,8.5,8.7]},"faces":{"west":{"uv":[7,0,9,2],"rotation":180,"texture":"#8"}}},{"from":[2.549,13.8,7.65],"to":[2.649,13.9,7.75],"rotation":{"angle":0,"axis":"y","origin":[9.8,8.5,8.7]},"faces":{"west":{"uv":[7,0,9,2],"rotation":180,"texture":"#8"}}},{"from":[2.549,13.8,8.25],"to":[2.649,13.9,8.35],"rotation":{"angle":0,"axis":"y","origin":[9.8,8.5,7.3]},"faces":{"west":{"uv":[9,0,7,2],"rotation":180,"texture":"#8"}}},{"from":[25.55,13.5,7.801],"to":[26.35,14,8.199],"rotation":{"angle":-45,"axis":"z","origin":[25.55,14,7.801]},"faces":{"north":{"uv":[10,0,11,4],"rotation":180,"texture":"#1"},"south":{"uv":[10,0,11,4],"rotation":180,"texture":"#1"},"up":{"uv":[0,5,4,6],"rotation":180,"texture":"#1"}}},{"from":[2.85,11.5,9.2],"to":[4.05,11.9,10.3],"rotation":{"angle":0,"axis":"y","origin":[8,8.1,7.9]},"faces":{"east":{"uv":[10.5,0,10,2.5],"rotation":180,"texture":"#1"},"south":{"uv":[11,0,10,2.5],"rotation":180,"texture":"#1"},"up":{"uv":[10,5,11,13],"texture":"#3"},"down":{"uv":[1,13,0,13.5],"texture":"#0"}}},{"from":[2.85,11.5,5.7],"to":[4.05,11.9,6.8],"rotation":{"angle":0,"axis":"y","origin":[8,8.1,8.1]},"faces":{"north":{"uv":[10,0,11,2.5],"rotation":180,"texture":"#1"},"east":{"uv":[10,0,10.5,2.5],"rotation":180,"texture":"#1"},"up":{"uv":[10,13,11,5],"texture":"#3"},"down":{"uv":[1,13.5,0,13],"texture":"#0"}}},{"from":[4.85,9.1,6.2],"to":[6.55,9.5,6.7],"rotation":{"angle":-22.5,"axis":"x","origin":[5.7,9.2,6.25]},"faces":{"north":{"uv":[10,0,11,2.5],"rotation":180,"texture":"#1"},"east":{"uv":[10,0,10.5,2.5],"rotation":180,"texture":"#1"},"west":{"uv":[0,0,3,3],"rotation":180,"texture":"#1"},"up":{"uv":[10,13,11,5],"texture":"#3"},"down":{"uv":[1,13.5,0,13],"texture":"#0"}}},{"from":[11.15,9.3,6.35],"to":[11.85,9.7,6.85],"rotation":{"angle":-22.5,"axis":"x","origin":[11.7,9.4,6.5]},"faces":{"north":{"uv":[10,0,11,2.5],"rotation":180,"texture":"#1"},"east":{"uv":[10,0,10.5,2.5],"rotation":180,"texture":"#1"},"west":{"uv":[0,0,3,3],"rotation":180,"texture":"#1"},"up":{"uv":[10,8,11,2],"texture":"#3"},"down":{"uv":[1,13.5,0,13],"texture":"#0"}}},{"from":[1.65,11.5,9.55],"to":[2.85,11.899,10.3],"rotation":{"angle":-45,"axis":"y","origin":[2.85,11.7,10.3]},"faces":{"north":{"uv":[1.75,3.5,0.75,4],"texture":"#missing"},"south":{"uv":[11,0,10,2.5],"rotation":180,"texture":"#1"},"up":{"uv":[0,0.5,1,0],"texture":"#1"},"down":{"uv":[1,13,0,13.5],"texture":"#0"}}},{"from":[1.5,11.5,5.7],"to":[2.85,11.899,6.45],"rotation":{"angle":22.5,"axis":"y","origin":[2.85,11.7,5.7]},"faces":{"north":{"uv":[10,0,11,2.5],"rotation":180,"texture":"#1"},"south":{"uv":[0.75,3.5,1.75,4],"texture":"#missing"},"up":{"uv":[0,0,1,0.5],"texture":"#1"},"down":{"uv":[1,13.5,0,13],"texture":"#0"}}},{"from":[-3.7,8.95,7.5],"to":[0.45,9.85,8.5],"rotation":{"angle":-22.5,"axis":"z","origin":[-1.3,9.55,8]},"faces":{"north":{"uv":[16,5,11,6],"rotation":270,"texture":"#1"},"east":{"uv":[3,11.5,0,15],"texture":"#missing"},"south":{"uv":[16,5,11,6],"rotation":270,"texture":"#1"},"west":{"uv":[3,7,4,14],"rotation":180,"texture":"#3"},"up":{"uv":[13,13,15,16],"rotation":270,"texture":"#4"},"down":{"uv":[0,13,1,14],"texture":"#0"}}},{"from":[-3.7,8.35,7.5],"to":[-3.5,8.95,8.5],"rotation":{"angle":-22.5,"axis":"z","origin":[-1.3,9.55,8]},"faces":{"north":{"uv":[13,0,11,1],"rotation":180,"texture":"#1"},"east":{"uv":[13,10,6,11],"texture":"#0"},"south":{"uv":[9,0,7,1],"texture":"#1"},"west":{"uv":[3,6,4,11],"texture":"#3"},"up":{"uv":[0,15,3,11],"texture":"#missing"},"down":{"uv":[15.99,6.5,15.99,9.5],"texture":"#missing"}}},{"from":[-2.9,8.35,7.5],"to":[-2.4,8.95,8.5],"rotation":{"angle":-22.5,"axis":"z","origin":[-1.3,9.55,8]},"faces":{"north":{"uv":[12,7,10,8],"rotation":270,"texture":"#0"},"east":{"uv":[3,11.5,0,15],"texture":"#missing"},"south":{"uv":[12,7,10,8],"rotation":270,"texture":"#0"},"west":{"uv":[13,10,6,11],"texture":"#0"},"up":{"uv":[0,15,3,11],"texture":"#missing"},"down":{"uv":[15.99,6.5,15.99,9.5],"texture":"#missing"}}},{"from":[-3.7,8.2,7.5],"to":[-2.4,8.35,8.5],"rotation":{"angle":-22.5,"axis":"z","origin":[-1.3,9.55,8]},"faces":{"north":{"uv":[13,7,10,8],"texture":"#0"},"east":{"uv":[1,13,0,14],"texture":"#0"},"south":{"uv":[11,7,8,8],"texture":"#0"},"west":{"uv":[0,11,1,12],"texture":"#3"},"up":{"uv":[6,11,13,10],"rotation":270,"texture":"#0"},"down":{"uv":[0,13,1,14],"texture":"#0"}}},{"from":[-2.8,8.85,7.501],"to":[-1.3,9.45,8.499],"rotation":{"angle":0,"axis":"y","origin":[-2.8,9.05,8.001]},"faces":{"north":{"uv":[10,7,12,8],"rotation":90,"texture":"#0"},"east":{"uv":[3,11.5,0,15],"texture":"#missing"},"south":{"uv":[12,7,10,8],"rotation":270,"texture":"#0"},"west":{"uv":[3,11.5,0,15],"texture":"#missing"},"up":{"uv":[0,15,3,11],"texture":"#missing"},"down":{"uv":[0,13,1,14],"texture":"#0"}}},{"from":[2.55,13.1125,7.2125],"to":[2.775,13.9375,7.875],"rotation":{"angle":0,"axis":"y","origin":[8.7,7.8,8]},"faces":{"north":{"uv":[0,13,1,14],"texture":"#0"},"east":{"uv":[3,13,7,14],"rotation":270,"texture":"#0"},"south":{"uv":[0,13,1.125,13.5],"texture":"#0"},"west":{"uv":[15,0,16,5],"texture":"#0"},"up":{"uv":[11,5,16,6],"rotation":270,"texture":"#1"}}},{"from":[2.55,13.1125,8.125],"to":[2.775,13.9375,8.7875],"rotation":{"angle":0,"axis":"y","origin":[8.7,7.8,8]},"faces":{"north":{"uv":[1.125,13,0,13.5],"texture":"#0"},"east":{"uv":[3,14,7,13],"rotation":270,"texture":"#0"},"south":{"uv":[1,13,0,14],"texture":"#0"},"west":{"uv":[16,0,15,5],"texture":"#0"},"up":{"uv":[16,5,11,6],"rotation":270,"texture":"#1"}}},{"from":[2.65,13.4125,7.86875],"to":[2.775,13.7375,8.13125],"rotation":{"angle":0,"axis":"y","origin":[8.7,7.8,8.45625]},"faces":{"east":{"uv":[5,13,5.563,13.5],"texture":"#0"},"west":{"uv":[0,13,0.563,13.5],"texture":"#0"},"up":{"uv":[6,13,7,14],"texture":"#0"}}},{"from":[2.2,13.0125,7.2125],"to":[2.625,13.8375,7.475],"rotation":{"angle":-22.5,"axis":"z","origin":[2.5125,13.375,7.54375]},"faces":{"north":{"uv":[0,13,7.125,13.5],"texture":"#0"},"east":{"uv":[15.4375,0,16,0.5],"texture":"#missing"},"south":{"uv":[0,13,1,14],"texture":"#0"},"west":{"uv":[10,0,11,3],"rotation":180,"texture":"#1"},"up":{"uv":[14.875,0,16,0.5625],"texture":"#missing"}}},{"from":[2.2,13.0125,8.525],"to":[2.625,13.8375,8.7875],"rotation":{"angle":-22.5,"axis":"z","origin":[2.5125,13.375,8.45625]},"faces":{"north":{"uv":[1,13,0,14],"texture":"#0"},"east":{"uv":[16,0,15.4375,0.5],"texture":"#missing"},"south":{"uv":[7.125,13,0,13.5],"texture":"#0"},"west":{"uv":[11,0,10,3],"rotation":180,"texture":"#1"},"up":{"uv":[14.875,0.5625,16,0],"texture":"#missing"}}},{"from":[2.6,12.9125,7.212],"to":[3.025,13.9375,7.4745],"rotation":{"angle":22.5,"axis":"z","origin":[2.5125,13.375,7.54375]},"faces":{"north":{"uv":[0,13,7,14],"rotation":180,"texture":"#0"},"east":{"uv":[0,13,7,14],"rotation":270,"texture":"#0"},"south":{"uv":[0,13,1,14],"texture":"#0"},"west":{"uv":[11,4,11.563,4.5],"texture":"#1"},"up":{"uv":[10,0,11,5],"rotation":90,"texture":"#1"}}},{"from":[2.6,12.9125,8.5255],"to":[3.025,13.9375,8.788],"rotation":{"angle":22.5,"axis":"z","origin":[2.5125,13.375,8.45625]},"faces":{"north":{"uv":[1,13,0,14],"texture":"#0"},"east":{"uv":[0,14,7,13],"rotation":270,"texture":"#0"},"south":{"uv":[7,13,0,14],"rotation":180,"texture":"#0"},"west":{"uv":[11.563,4,11,4.5],"texture":"#1"},"up":{"uv":[11,0,10,5],"rotation":90,"texture":"#1"}}},{"from":[6.6,7.2,6.75],"to":[15.1,9.8,9.25],"rotation":{"angle":0,"axis":"y","origin":[8,8.1,7.75]},"faces":{"north":{"uv":[0,0.5,9,0.51],"rotation":270,"texture":"#0"},"south":{"uv":[0,0.5,9,0.51],"rotation":270,"texture":"#0"},"down":{"uv":[9,7,10,4],"rotation":180,"texture":"#0"}}},{"from":[15.1,7.2,6.751],"to":[17.6,9.2,9.249],"rotation":{"angle":45,"axis":"z","origin":[15.1,7.2,6.951]},"faces":{"north":{"uv":[0,1.5,9,1.51],"rotation":270,"texture":"#0"},"south":{"uv":[1,1.5,9,1.51],"rotation":270,"texture":"#0"},"down":{"uv":[0.5,11,0,5],"texture":"#0"}}},{"from":[4.1,8.7,8.5],"to":[6.8,9.8,9.5],"rotation":{"angle":0,"axis":"y","origin":[4.3,8,7.5]},"faces":{"south":{"uv":[7,8,10,9],"rotation":90,"texture":"#0"},"down":{"uv":[0,13,1,14],"texture":"#0"}}},{"from":[-0.3,5,6.501],"to":[4.1,9.8,9.499],"rotation":{"angle":0,"axis":"y","origin":[4.3,8,8.499]},"faces":{"north":{"uv":[1,0,0,1],"texture":"#0"},"south":{"uv":[0,0,1,1],"texture":"#0"},"west":{"uv":[0,13,7,14],"rotation":90,"texture":"#0"},"up":{"uv":[5,3,6,4],"texture":"#0"}}},{"from":[4.1,8,6.5],"to":[10.5,9.8,7.5],"rotation":{"angle":0,"axis":"y","origin":[8,8,7.5]},"faces":{"north":{"uv":[7.35,8,11.35,9],"rotation":90,"texture":"#0"},"down":{"uv":[0,13,1,14],"texture":"#0"}}},{"from":[10.5,8,6.5],"to":[11.3,9.8,7],"rotation":{"angle":-45,"axis":"y","origin":[10.5,8.75,6.5]},"faces":{"north":{"uv":[7.35,9,10.95,10],"rotation":90,"texture":"#0"},"south":{"uv":[15,9,16,10],"texture":"#missing"},"down":{"uv":[0,13,1,14],"texture":"#0"}}},{"from":[6.8,8.7,9],"to":[7.6,9.8,9.5],"rotation":{"angle":45,"axis":"y","origin":[6.8,8.75,9.5]},"faces":{"north":{"uv":[16,9,15,10],"texture":"#missing"},"south":{"uv":[7,9,10,10],"rotation":90,"texture":"#0"},"down":{"uv":[0,13,1,14],"texture":"#0"}}},{"from":[6.7,7.5,6.5],"to":[10.2,8,8],"rotation":{"angle":0,"axis":"y","origin":[8,8,7.5]},"faces":{"north":{"uv":[9,4,10.5,5],"rotation":90,"texture":"#0"},"east":{"uv":[7,12,11,13],"rotation":90,"texture":"#0"},"down":{"uv":[0,13,1,14],"texture":"#0"}}},{"from":[9.5875,7.6125,6.499],"to":[10.0875,8.1125,6.599],"rotation":{"angle":0,"axis":"y","origin":[8,8,8.3125]},"faces":{"north":{"uv":[4,8,6,10],"rotation":180,"texture":"#3"}}},{"from":[12.8875,8.1125,6.549],"to":[13.3875,8.6125,9.251],"rotation":{"angle":0,"axis":"y","origin":[8,8,8.3125]},"faces":{"north":{"uv":[9,8,11,10],"texture":"#3"},"east":{"uv":[3,0,4,3],"rotation":180,"texture":"#1"},"south":{"uv":[5,9,7,11],"rotation":180,"texture":"#3"},"west":{"uv":[6,9,7,12],"texture":"#1"},"up":{"uv":[5,10,6,11],"texture":"#1"},"down":{"uv":[9,0,10,1],"texture":"#1"}}},{"from":[9.6875,7.5125,9.151],"to":[9.9875,7.8125,9.251],"rotation":{"angle":0,"axis":"y","origin":[8,8,7.6875]},"faces":{"south":{"uv":[8,5,9,6],"rotation":90,"texture":"#3"}}},{"from":[2.0875,10.8125,9.502],"to":[2.3875,11.1125,9.602],"rotation":{"angle":0,"axis":"y","origin":[8,8,7.6875]},"faces":{"south":{"uv":[8,9,10,11],"rotation":90,"texture":"#6"}}},{"from":[2.0875,10.8125,6.398],"to":[2.3875,11.1125,6.498],"rotation":{"angle":0,"axis":"y","origin":[8,8,8.3125]},"faces":{"north":{"uv":[8,11,10,9],"rotation":90,"texture":"#6"}}},{"from":[-3,7.6,7],"to":[-0.1,8.4,9],"rotation":{"angle":0,"axis":"y","origin":[7,7,8.3125]},"faces":{"north":{"uv":[7,12,11,13],"rotation":90,"texture":"#0"},"south":{"uv":[7,12,11,13],"rotation":90,"texture":"#0"},"west":{"uv":[7,12,11,13],"rotation":90,"texture":"#0"},"up":{"uv":[7,0,12,1],"rotation":90,"texture":"#1"},"down":{"uv":[0,13,1,14],"texture":"#0"}}},{"from":[-2.1,7.5,7.001],"to":[0.1,8,8.999],"rotation":{"angle":-22.5,"axis":"z","origin":[-1.4,8.5,7.501]},"faces":{"north":{"uv":[0,13,1,14],"texture":"#0"},"south":{"uv":[0,13,1,14],"texture":"#0"},"west":{"uv":[0,0,0,0],"texture":"#missing"},"down":{"uv":[0,13,1,14],"texture":"#0"}}},{"from":[-2,8.15,8.549],"to":[-0.7,8.65,8.999],"rotation":{"angle":22.5,"axis":"z","origin":[-1.5,7.25,7]},"faces":{"north":{"uv":[0,14,1,13],"texture":"#0"},"south":{"uv":[11,16,12,15],"texture":"#1"},"west":{"uv":[0,0,0,0],"texture":"#missing"},"up":{"uv":[12,8,16,7],"rotation":270,"texture":"#0"}}},{"from":[-2,8.15,7.001],"to":[-0.7,8.65,7.451],"rotation":{"angle":22.5,"axis":"z","origin":[-1.5,7.25,9]},"faces":{"north":{"uv":[11,16,10,15],"texture":"#1"},"south":{"uv":[1,14,0,13],"texture":"#0"},"west":{"uv":[0,0,0,0],"texture":"#missing"},"up":{"uv":[12,7,16,8],"rotation":90,"texture":"#0"}}},{"from":[-1.8,7,8.549],"to":[0.6,8.4,9.249],"rotation":{"angle":-45,"axis":"z","origin":[-0.4,8,6.75]},"faces":{"north":{"uv":[0,13,1,14],"texture":"#0"},"south":{"uv":[10,7,16,8],"texture":"#0"},"west":{"uv":[10,7,16,8],"rotation":180,"texture":"#0"},"down":{"uv":[6,2,10,4],"rotation":180,"texture":"#0"}}},{"from":[-1.8,7,6.751],"to":[0.6,8.4,7.451],"rotation":{"angle":-45,"axis":"z","origin":[-0.4,8,9.25]},"faces":{"north":{"uv":[16,7,10,8],"texture":"#0"},"south":{"uv":[1,13,0,14],"texture":"#0"},"west":{"uv":[10,7,16,8],"texture":"#0"},"down":{"uv":[0,3,4,1],"rotation":270,"texture":"#0"}}},{"from":[-1.75355,7.92929,6.65],"to":[0.64645,9.72929,7.45],"rotation":{"angle":-22.5,"axis":"z","origin":[-0.75355,7.92929,8]},"faces":{"north":{"uv":[16,7,10,8],"texture":"#0"},"south":{"uv":[1,13,0,14],"texture":"#0"},"west":{"uv":[9,7,16,8],"texture":"#0"},"up":{"uv":[10,14,11,15],"texture":"#1"},"down":{"uv":[0,14,7,13],"rotation":180,"texture":"#0"}}},{"from":[-1.75355,7.92929,8.55],"to":[0.64645,9.72929,9.35],"rotation":{"angle":-22.5,"axis":"z","origin":[-0.75355,7.92929,8]},"faces":{"north":{"uv":[0,13,1,14],"texture":"#0"},"south":{"uv":[10,7,16,8],"texture":"#0"},"west":{"uv":[9,7,16,8],"rotation":180,"texture":"#0"},"up":{"uv":[10,14,11,15],"texture":"#1"},"down":{"uv":[0,13,7,14],"rotation":180,"texture":"#0"}}},{"from":[-1.75355,9.92929,6.65],"to":[0.24645,10.62929,7.45],"rotation":{"angle":-22.5,"axis":"z","origin":[-0.75355,7.92929,8]},"faces":{"north":{"uv":[7,15,6,16],"texture":"#1"},"south":{"uv":[1,13,0,14],"texture":"#0"},"west":{"uv":[9,7,16,8],"texture":"#0"},"up":{"uv":[10,14,11,15],"texture":"#1"},"down":{"uv":[0,13,1,14],"texture":"#0"}}},{"from":[-1.75355,9.92929,8.55],"to":[0.24645,10.62929,9.35],"rotation":{"angle":-22.5,"axis":"z","origin":[-0.75355,7.92929,8]},"faces":{"north":{"uv":[0,13,1,14],"texture":"#0"},"south":{"uv":[6,15,7,16],"texture":"#1"},"west":{"uv":[9,7,16,8],"rotation":180,"texture":"#0"},"up":{"uv":[10,14,11,15],"texture":"#1"},"down":{"uv":[0,13,1,14],"texture":"#0"}}},{"from":[-1.75355,9.72929,6.85],"to":[-0.85355,9.92929,7.45],"rotation":{"angle":-22.5,"axis":"z","origin":[-0.75355,7.92929,8]},"faces":{"north":{"uv":[1,13,0,14],"texture":"#0"},"south":{"uv":[1,13,0,14],"texture":"#0"},"west":{"uv":[11,7,16,8],"texture":"#0"}}},{"from":[-1.75355,9.72929,8.55],"to":[-0.85355,9.92929,9.15],"rotation":{"angle":-22.5,"axis":"z","origin":[-0.75355,7.92929,8]},"faces":{"north":{"uv":[0,13,1,14],"texture":"#0"},"south":{"uv":[0,13,1,14],"texture":"#0"},"west":{"uv":[12,7,16,8],"rotation":180,"texture":"#0"}}},{"from":[-0.6,7,7.45],"to":[0.6,7.1,8.55],"rotation":{"angle":-45,"axis":"z","origin":[-0.4,8,9.2]},"faces":{"down":{"uv":[1,4,5,3],"texture":"#0"}}},{"from":[-0.85,5.975,6.75],"to":[-0.15,7.075,9.25],"rotation":{"angle":22.5,"axis":"z","origin":[-0.85,7.475,6.75]},"faces":{"north":{"uv":[14,7,15,8],"texture":"#0"},"south":{"uv":[14,7,15,8],"texture":"#0"},"west":{"uv":[0,0,1,1],"texture":"#0"}}},{"from":[-3.6,-4.4,6.5],"to":[3.4,-2.6,9.5],"rotation":{"angle":0,"axis":"y","origin":[-3.6,-2.6,6.5]},"faces":{"north":{"uv":[0,0,1,1],"texture":"#0"},"east":{"uv":[0,11,16,12],"texture":"#0"},"south":{"uv":[0,0,1,1],"texture":"#0"},"west":{"uv":[9,0,10,16],"rotation":270,"texture":"#0"},"down":{"uv":[15,9,16,10],"texture":"#0"}}},{"from":[-3.6,-2.6,6.5],"to":[2.9,7.6,9.5],"rotation":{"angle":-22.5,"axis":"z","origin":[-3.6,-2.6,6.5]},"faces":{"north":{"uv":[0,0,1,1],"texture":"#0"},"east":{"uv":[0,11,16,12],"texture":"#0"},"south":{"uv":[0,0,1,1],"texture":"#0"},"west":{"uv":[9,0,10,16],"rotation":90,"texture":"#0"}}},{"from":[2.9,-0.1,7],"to":[3.4,6.91,9],"rotation":{"angle":-22.5,"axis":"z","origin":[-3.6,-2.6,7]},"faces":{"north":{"uv":[10,7,14,8],"texture":"#0"},"east":{"uv":[9,0,10,16],"rotation":90,"texture":"#0"},"south":{"uv":[10,7,14,8],"rotation":180,"texture":"#0"}}},{"from":[2.9,6.9,6.75],"to":[3.4,7.51,9.25],"rotation":{"angle":-22.5,"axis":"z","origin":[-3.6,-2.6,6.75]},"faces":{"north":{"uv":[7,12,8,13],"texture":"#0"},"east":{"uv":[10,7,11,8],"texture":"#0"},"south":{"uv":[7,12,8,13],"texture":"#0"}}},{"from":[-2.1,-5.3,6.499],"to":[3.4,-4.4,9.501],"rotation":{"angle":0,"axis":"y","origin":[0.15,-3.275,8.099]},"faces":{"north":{"uv":[5,2,6,7],"texture":"#0"},"east":{"uv":[5,2,6,7],"texture":"#0"},"south":{"uv":[5,2,6,7],"texture":"#0"},"west":{"uv":[0,2,7,3],"texture":"#0"},"down":{"uv":[0,14,2,12],"texture":"#0"}}},{"from":[-3.6,-5.25,7.6251],"to":[-3.3,-4.62868,8.3749],"rotation":{"angle":0,"axis":"y","origin":[-2.85,-4.93934,8.0001]},"faces":{"north":{"uv":[9,13,10,16],"rotation":270,"texture":"#1"},"east":{"uv":[7,0,8,1],"rotation":270,"texture":"#0"},"south":{"uv":[9,13,10,16],"rotation":90,"texture":"#1"},"west":{"uv":[10,7,14,8],"rotation":180,"texture":"#0"}}},{"from":[-2.4,-5.25,7.6251],"to":[-2.1,-4.62868,8.3749],"rotation":{"angle":0,"axis":"y","origin":[-2.85,-4.93934,8.0001]},"faces":{"north":{"uv":[0,13,2,16],"rotation":90,"texture":"#1"},"south":{"uv":[14,13,16,16],"rotation":270,"texture":"#1"},"west":{"uv":[7,0,8,1],"rotation":180,"texture":"#0"}}},{"from":[-3.16066,-4.48934,7.625],"to":[-2.53934,-4.18934,8.375],"rotation":{"angle":45,"axis":"z","origin":[-2.85,-4.93934,8]},"faces":{"north":{"uv":[14,13,16,16],"rotation":180,"texture":"#1"},"south":{"uv":[0,13,2,16],"rotation":180,"texture":"#1"},"up":{"uv":[7,0,8,1],"rotation":180,"texture":"#0"},"down":{"uv":[7,0,8,1],"rotation":90,"texture":"#0"}}},{"from":[-3.16066,-5.68934,7.625],"to":[-2.53934,-5.38934,8.375],"rotation":{"angle":45,"axis":"z","origin":[-2.85,-4.93934,8]},"faces":{"north":{"uv":[9,13,10,16],"texture":"#1"},"south":{"uv":[9,13,10,16],"texture":"#1"},"up":{"uv":[7,0,8,1],"rotation":180,"texture":"#0"},"down":{"uv":[10,7,14,8],"rotation":90,"texture":"#0"}}},{"from":[-3.16066,-4.48934,7.6249],"to":[-2.53934,-4.18934,8.3751],"rotation":{"angle":0,"axis":"y","origin":[-2.85,-4.93934,7.9999]},"faces":{"north":{"uv":[9,13,10,16],"texture":"#1"},"south":{"uv":[9,13,10,16],"texture":"#1"},"down":{"uv":[7,0,8,1],"rotation":90,"texture":"#0"}}},{"from":[-3.16066,-5.68934,7.6249],"to":[-2.53934,-5.38934,8.3751],"rotation":{"angle":0,"axis":"y","origin":[-2.85,-4.93934,7.9999]},"faces":{"north":{"uv":[9,13,10,16],"texture":"#1"},"south":{"uv":[9,13,10,16],"texture":"#1"},"up":{"uv":[7,0,8,1],"rotation":180,"texture":"#0"},"down":{"uv":[10,7,14,8],"rotation":90,"texture":"#0"}}},{"from":[-2.4,-5.25,7.625],"to":[-1.6,-4.62868,8.375],"rotation":{"angle":45,"axis":"z","origin":[-2.85,-4.93934,8]},"faces":{"north":{"uv":[7,15,10,16],"rotation":270,"texture":"#1"},"south":{"uv":[7,15,10,16],"rotation":270,"texture":"#1"},"west":{"uv":[7,0,8,1],"rotation":180,"texture":"#0"}}},{"from":[-3.6,-5.25,7.625],"to":[-3.3,-4.62868,8.375],"rotation":{"angle":45,"axis":"z","origin":[-2.85,-4.93934,8]},"faces":{"north":{"uv":[9,13,10,16],"rotation":270,"texture":"#1"},"east":{"uv":[7,0,8,1],"rotation":270,"texture":"#0"},"south":{"uv":[9,13,10,16],"rotation":90,"texture":"#1"},"west":{"uv":[10,7,14,8],"rotation":180,"texture":"#0"}}},{"from":[3.4,-4.4,6.999],"to":[3.9,-2.75,9.001],"rotation":{"angle":0,"axis":"y","origin":[0.15,-3.275,7.599]},"faces":{"north":{"uv":[10,7,14,8],"texture":"#0"},"east":{"uv":[9,0,10,16],"rotation":90,"texture":"#0"},"south":{"uv":[10,7,14,8],"rotation":180,"texture":"#0"},"west":{"uv":[6.5,5,9.5,7],"texture":"#missing"}}},{"from":[3.4,-5.3,7],"to":[3.9,-4.4,9],"rotation":{"angle":0,"axis":"y","origin":[0.15,-3.275,7.6]},"faces":{"north":{"uv":[5,2,6,7],"texture":"#0"},"east":{"uv":[5,2,6,7],"texture":"#0"},"south":{"uv":[5,2,6,7],"texture":"#0"},"west":{"uv":[6.5,5,9.5,7],"texture":"#missing"},"down":{"uv":[0,14,1,13],"texture":"#0"}}},{"from":[1.4,11.5,6.2],"to":[3,12.5,7.9],"rotation":{"angle":0,"axis":"y","origin":[2,12.1,7.1]},"faces":{"north":{"uv":[6,13,6.5,13.5],"texture":"#0"},"east":{"uv":[7,12,7.188,12.5],"texture":"#0"},"west":{"uv":[6,13,6.188,13.5],"texture":"#0"},"down":{"uv":[0.5,13.188,0,13],"texture":"#0"}}},{"from":[1.4,12.5,6.2],"to":[3,13.1,6.6],"rotation":{"angle":45,"axis":"x","origin":[2.2,12.5,6.2]},"faces":{"north":{"uv":[10,9,11,16],"texture":"#1"},"east":{"uv":[7,12,7.188,12.5],"texture":"#0"},"south":{"uv":[0,0,0,0],"texture":"#missing"},"west":{"uv":[6,13,6.188,13.5],"texture":"#0"},"up":{"uv":[4,13,7,14],"rotation":270,"texture":"#0"}}},{"from":[14,4.05,7.5],"to":[14.35,5.65,8.5],"rotation":{"angle":0,"axis":"y","origin":[9.85,7.95,8]},"faces":{"north":{"uv":[9,12,11,13],"rotation":180,"texture":"#0"},"east":{"uv":[10,12,11,16],"rotation":180,"texture":"#1"},"south":{"uv":[9,12.5,11,12.51],"texture":"#0"},"west":{"uv":[5,5,6,10],"rotation":90,"texture":"#0"}}},{"from":[14.00587,3.54413,7.499],"to":[14.35587,5.10586,8.501],"rotation":{"angle":-22.5,"axis":"z","origin":[18.15587,4.35,7.999]},"faces":{"north":{"uv":[9,12.5,11,12.51],"rotation":180,"texture":"#0"},"east":{"uv":[0,11,1,15],"texture":"#1"},"south":{"uv":[9,12.5,11,12.51],"texture":"#0"}}},{"from":[16.5,8.15,7.501],"to":[18.91173,9.35,8.499],"rotation":{"angle":45,"axis":"z","origin":[18.15586,4.35,8.001]},"faces":{"north":{"uv":[14,6,15,7],"texture":"#0"},"south":{"uv":[9,12,10,13],"texture":"#0"},"down":{"uv":[6,12,10,13],"texture":"#0"}}},{"from":[16.9,8.15,7.5],"to":[18.91173,9.25,8.5],"rotation":{"angle":22.5,"axis":"z","origin":[18.15586,4.35,8]},"faces":{"north":{"uv":[14,6,15,11],"rotation":180,"texture":"#0"},"south":{"uv":[10,9,11,14],"texture":"#0"},"down":{"uv":[0,13,1,14],"texture":"#0"}}},{"from":[13.65,3.65,7.5],"to":[14.35,4.05,8.5],"rotation":{"angle":0,"axis":"y","origin":[9.85,7.95,8]},"faces":{"north":{"uv":[6,12,10,13],"rotation":270,"texture":"#2"},"east":{"uv":[10,9,11,12],"rotation":180,"texture":"#1"},"south":{"uv":[6,12,10,13],"rotation":270,"texture":"#2"},"down":{"uv":[10,10,11,12],"rotation":90,"texture":"#1"}}},{"from":[7.4,3.1,7.502],"to":[8.05,3.35,8.498],"rotation":{"angle":0,"axis":"y","origin":[9.93761,5.1,8.002]},"faces":{"north":{"uv":[5,10,6,11],"texture":"#2"},"south":{"uv":[5,10,6,11],"texture":"#2"},"down":{"uv":[15,7,16,8],"texture":"#0"}}},{"from":[9,2.7,7.5],"to":[11.4,2.95,8.5],"rotation":{"angle":0,"axis":"y","origin":[10.2,2.825,8]},"faces":{"north":{"uv":[6,12,9,13],"rotation":270,"texture":"#2"},"south":{"uv":[6,12,9,13],"rotation":270,"texture":"#2"},"up":{"uv":[7,12,8,13],"rotation":90,"texture":"#0"},"down":{"uv":[10,7,12,8],"rotation":180,"texture":"#0"}}},{"from":[11.4,2.7,7.5],"to":[13.95,2.95,8.5],"rotation":{"angle":22.5,"axis":"z","origin":[11.4,2.7,7.5]},"faces":{"north":{"uv":[6,12.5,9,12.51],"rotation":270,"texture":"#2"},"south":{"uv":[6,12,9,13],"rotation":270,"texture":"#2"},"up":{"uv":[8,12,10,13],"texture":"#0"},"down":{"uv":[8,14,9,16],"rotation":90,"texture":"#1"}}},{"from":[7.6,2.7,7.5],"to":[9,2.95,8.5],"rotation":{"angle":-22.5,"axis":"z","origin":[9,2.7,7.5]},"faces":{"north":{"uv":[6,12,9,14],"rotation":270,"texture":"#2"},"south":{"uv":[6,14,9,12],"rotation":270,"texture":"#2"},"up":{"uv":[8,12,10,13],"rotation":180,"texture":"#0"},"down":{"uv":[11,8,16,9],"rotation":180,"texture":"#0"}}},{"from":[10.59,3.6,7.65],"to":[11.49,3.95,8.35],"rotation":{"angle":-22.5,"axis":"z","origin":[12,3.6,7.65]},"faces":{"north":{"uv":[0,13,1,14],"texture":"#0"},"east":{"uv":[0,11,4,12],"rotation":90,"texture":"#0"},"south":{"uv":[0,13,1,14],"texture":"#0"},"up":{"uv":[3,13,5,14],"texture":"#0"},"down":{"uv":[0,13,1,14],"texture":"#0"}}},{"from":[5.88761,4.06239,6.75],"to":[6.73761,5.73761,9.25],"rotation":{"angle":0,"axis":"y","origin":[8.93761,5.1,7.25]},"faces":{"north":{"uv":[10,7,14,8],"rotation":270,"texture":"#0"},"east":{"uv":[2,3,6,4],"rotation":90,"texture":"#0"},"south":{"uv":[10,7,14,8],"rotation":90,"texture":"#0"}}},{"from":[6.73761,4.66239,7.5],"to":[6.98761,5.53761,8.5],"rotation":{"angle":0,"axis":"y","origin":[8.93761,5.1,8]},"faces":{"north":{"uv":[2,10,3,11],"rotation":270,"texture":"#0"},"east":{"uv":[5,5,6,10],"rotation":90,"texture":"#0"},"south":{"uv":[2,10,3,11],"rotation":90,"texture":"#0"}}},{"from":[13.98761,4.76239,7.501],"to":[14.33761,5.63761,8.499],"rotation":{"angle":-22.5,"axis":"z","origin":[12.08761,5.2,8.001]},"faces":{"north":{"uv":[9,12,10,13],"rotation":90,"texture":"#0"},"south":{"uv":[9,12,10,13],"rotation":270,"texture":"#0"},"west":{"uv":[4,11,8,12],"rotation":180,"texture":"#0"}}},{"from":[6.28761,4.66239,6.75],"to":[6.73761,5.53761,9.25],"rotation":{"angle":-22.5,"axis":"z","origin":[8.93761,5.1,7.25]},"faces":{"north":{"uv":[0,2,1,4],"rotation":180,"texture":"#0"},"east":{"uv":[0,13,1,14],"rotation":270,"texture":"#0"},"south":{"uv":[0,2,1,4],"rotation":180,"texture":"#0"}}},{"from":[6.08761,4.86239,6.499],"to":[6.53761,5.73761,9.499],"rotation":{"angle":-22.5,"axis":"z","origin":[8.73761,5.3,7]},"faces":{"north":{"uv":[0,0,1,1],"rotation":90,"texture":"#0"},"east":{"uv":[0,13,1,14],"rotation":270,"texture":"#0"},"south":{"uv":[0,0,1,1],"rotation":270,"texture":"#0"}}},{"from":[6.73761,4.66239,7.5],"to":[6.98761,5.53761,8.5],"rotation":{"angle":-22.5,"axis":"z","origin":[8.93761,5.1,8]},"faces":{"north":{"uv":[2,9,3,11],"texture":"#0"},"east":{"uv":[4,6,5,11],"rotation":90,"texture":"#0"},"south":{"uv":[2,9,3,11],"texture":"#0"}}},{"from":[13.98761,5.06239,7.501],"to":[14.23761,5.63761,8.499],"rotation":{"angle":-45,"axis":"z","origin":[12.08761,5.2,8.001]},"faces":{"north":{"uv":[9,12,10,13],"rotation":90,"texture":"#2"},"south":{"uv":[4,10,5,11],"rotation":270,"texture":"#2"},"west":{"uv":[4,11,8,12],"rotation":180,"texture":"#0"}}},{"from":[6.28761,4.46239,6.751],"to":[6.73761,5.53761,8.001],"rotation":{"angle":-45,"axis":"z","origin":[8.93761,5.1,7.25]},"faces":{"north":{"uv":[0,13,1,14],"rotation":90,"texture":"#0"},"east":{"uv":[0,13,1,14],"rotation":270,"texture":"#0"}}},{"from":[6.38761,4.46239,7.999],"to":[6.73761,5.48761,9.249],"rotation":{"angle":-45,"axis":"z","origin":[8.93761,5.1,8.75]},"faces":{"east":{"uv":[0,14,1,13],"rotation":270,"texture":"#0"},"south":{"uv":[0,13,1,14],"rotation":90,"texture":"#0"}}},{"from":[5.58761,4.66239,6.501],"to":[6.53761,5.73761,7.751],"rotation":{"angle":-45,"axis":"z","origin":[8.73761,5.3,7]},"faces":{"north":{"uv":[2,2,7,3],"rotation":180,"texture":"#0"},"east":{"uv":[0,13,1,14],"rotation":270,"texture":"#0"}}},{"from":[6.13761,4.66239,8.25],"to":[6.53761,5.43761,9.5],"rotation":{"angle":-45,"axis":"z","origin":[8.73761,5.3,9]},"faces":{"east":{"uv":[0,13,1,14],"rotation":270,"texture":"#0"},"south":{"uv":[2,2,7,3],"texture":"#0"}}},{"from":[6.73761,4.66239,7.5],"to":[6.98761,5.53761,8.5],"rotation":{"angle":-45,"axis":"z","origin":[8.93761,5.1,8]},"faces":{"north":{"uv":[1,9,2,10],"rotation":90,"texture":"#0"},"east":{"uv":[6,14,10,15],"rotation":180,"texture":"#0"},"south":{"uv":[1,9,2,10],"rotation":270,"texture":"#0"}}},{"from":[7.33761,6.46239,7.65],"to":[8.68761,7.83761,8.35],"rotation":{"angle":-45,"axis":"z","origin":[8.93761,5.2,8.15]},"faces":{"north":{"uv":[0,13,1,14],"rotation":90,"texture":"#0"},"east":{"uv":[0,13,1,14],"rotation":270,"texture":"#0"},"south":{"uv":[0,13,1,14],"rotation":270,"texture":"#0"},"down":{"uv":[0,13,1,14],"rotation":270,"texture":"#0"}}},{"from":[5.23761,0.66239,7.5],"to":[5.63761,1.53761,8.5],"rotation":{"angle":-45,"axis":"z","origin":[7.43761,1.1,8]},"faces":{"north":{"uv":[0,13,1,14],"rotation":90,"texture":"#0"},"east":{"uv":[10,7,13,8],"rotation":270,"texture":"#0"},"south":{"uv":[0,13,1,14],"rotation":270,"texture":"#0"}}},{"from":[13.98761,4.76239,7.498],"to":[14.38761,5.73761,8.502],"rotation":{"angle":22.5,"axis":"z","origin":[12.08761,5.2,7.998]},"faces":{"north":{"uv":[13,6,14,7],"rotation":270,"texture":"#0"},"south":{"uv":[9,12,10,13],"rotation":90,"texture":"#0"},"west":{"uv":[5,5,6,10],"rotation":90,"texture":"#0"}}},{"from":[4.48761,3.96239,6.999],"to":[6.73761,5.53761,9.001],"rotation":{"angle":22.5,"axis":"z","origin":[8.93761,5.1,7.499]},"faces":{"north":{"uv":[5,3,7,4],"rotation":270,"texture":"#0"},"east":{"uv":[7,12,10,13],"rotation":270,"texture":"#0"},"south":{"uv":[5,3,7,4],"rotation":270,"texture":"#0"},"down":{"uv":[1,3,6,4],"texture":"#0"}}},{"from":[4.78761,3.16239,6.499],"to":[6.53761,6.03761,9.501],"rotation":{"angle":0,"axis":"y","origin":[8.93761,5.1,6.999]},"faces":{"north":{"uv":[0,0,1,1],"rotation":90,"texture":"#0"},"east":{"uv":[2,12,8,13],"rotation":90,"texture":"#0"},"south":{"uv":[0,0,1,1],"rotation":90,"texture":"#0"},"down":{"uv":[0,13,1,14],"rotation":90,"texture":"#0"}}},{"from":[9.73761,5.56239,7.65],"to":[10.03761,6.53761,8.35],"rotation":{"angle":22.5,"axis":"z","origin":[11.93761,6,8.15]},"faces":{"north":{"uv":[0,13,1,14],"rotation":270,"texture":"#0"},"east":{"uv":[2,13,4,14],"rotation":90,"texture":"#0"},"south":{"uv":[0,13,1,14],"rotation":90,"texture":"#0"},"down":{"uv":[15,9,16,12],"rotation":90,"texture":"#missing"}}},{"from":[11.45,7.1,7.5],"to":[12.57521,8,8.5],"rotation":{"angle":-45,"axis":"z","origin":[12.08761,5.2,8]},"faces":{"north":{"uv":[14,8,15,12],"rotation":90,"texture":"#0"},"south":{"uv":[14,8,15,13],"rotation":270,"texture":"#0"},"down":{"uv":[2,11,3,15],"texture":"#0"}}},{"from":[11.35,7.1,7.499],"to":[12.52521,7.5,8.501],"rotation":{"angle":-22.5,"axis":"z","origin":[12.08761,5.2,7.999]},"faces":{"north":{"uv":[0,13,1,14],"texture":"#0"},"south":{"uv":[0,13,1,14],"texture":"#0"},"down":{"uv":[0,13,1,14],"texture":"#0"}}},{"from":[8.5,2.85,7.501],"to":[9.37521,3.15,8.499],"rotation":{"angle":-45,"axis":"z","origin":[8.93761,5.1,8.001]},"faces":{"north":{"uv":[6,13.5,8,13.51],"rotation":270,"texture":"#2"},"south":{"uv":[6,10.5,8,10.51],"rotation":270,"texture":"#2"},"up":{"uv":[4,11,8,12],"rotation":90,"texture":"#0"}}},{"from":[10.5,3.8,7.65],"to":[12.37521,4.15,8.35],"rotation":{"angle":-45,"axis":"z","origin":[11.93761,6,8.15]},"faces":{"north":{"uv":[0,13,1,14],"texture":"#0"},"south":{"uv":[0,13,1,14],"texture":"#0"},"up":{"uv":[3,13,4,14],"texture":"#0"},"down":{"uv":[0,13,1,14],"texture":"#0"}}},{"from":[8.3,7.3,6.75],"to":[9.17521,7.65,8],"rotation":{"angle":22.5,"axis":"z","origin":[8.93761,5.1,7.25]},"faces":{"north":{"uv":[0,13,1,14],"texture":"#0"},"down":{"uv":[0,13,1,14],"texture":"#0"}}},{"from":[8.1,7.5,6.502],"to":[9.17521,8.05,7.752],"rotation":{"angle":22.5,"axis":"z","origin":[8.73761,5.3,7]},"faces":{"north":{"uv":[4,2,7,3],"rotation":90,"texture":"#0"},"down":{"uv":[0,13,1,14],"texture":"#0"}}},{"from":[6.7,6.9,8.001],"to":[7.97521,7.25,9.501],"rotation":{"angle":0,"axis":"y","origin":[8.73761,5.3,9]},"faces":{"east":{"uv":[2,3,6,4],"rotation":270,"texture":"#0"},"south":{"uv":[2,3,6,4],"rotation":270,"texture":"#0"},"up":{"uv":[6,13,7,14],"texture":"#0"},"down":{"uv":[0,14,1,13],"texture":"#0"}}},{"from":[8.5,7.05,7.5],"to":[9.77521,7.3,8.5],"rotation":{"angle":22.5,"axis":"z","origin":[8.93761,5.1,8]},"faces":{"north":{"uv":[0,13,1,14],"texture":"#0"},"south":{"uv":[0,13,1,14],"texture":"#0"},"down":{"uv":[0,13,1,14],"texture":"#0"}}},{"from":[7,2.9,7.5],"to":[8.4,4.7,8.5],"rotation":{"angle":22.5,"axis":"z","origin":[7.43761,1.1,8]},"faces":{"north":{"uv":[2,10,3,13],"rotation":270,"texture":"#0"},"east":{"uv":[3,12,7,13],"rotation":180,"texture":"#0"},"south":{"uv":[2,10,3,13],"rotation":90,"texture":"#0"},"down":{"uv":[12,7,15,8],"texture":"#0"}}},{"from":[1.593,6.374,6.099],"to":[6.703,8.837,9.901],"rotation":{"angle":0,"axis":"y","origin":[8,8,7.599]},"faces":{"north":{"uv":[8,10,13,12],"texture":"#2"},"east":{"uv":[4,1,10,2],"rotation":270,"texture":"#2"},"south":{"uv":[13,10,8,12],"texture":"#2"},"west":{"uv":[7,12,8,13],"texture":"#2"},"up":{"uv":[7,14,8,16],"rotation":90,"texture":"#1"}}},{"from":[6.393,7.474,9.099],"to":[8.153,8.537,9.401],"rotation":{"angle":0,"axis":"y","origin":[8,8,7.599]},"faces":{"north":{"uv":[8,10,13,12],"texture":"#2"},"east":{"uv":[4,1,10,2],"rotation":270,"texture":"#2"},"south":{"uv":[2,7,1,9],"texture":"#2"},"up":{"uv":[10,11,11,12],"texture":"#1"}}},{"from":[8.493,8.274,9.099],"to":[10.603,9.337,9.401],"rotation":{"angle":0,"axis":"y","origin":[8,8,7.599]},"faces":{"north":{"uv":[8,10,13,12],"texture":"#2"},"east":{"uv":[10,0,11,4],"rotation":180,"texture":"#1"},"south":{"uv":[2,7,1,9],"texture":"#2"},"up":{"uv":[8,6,9,7],"texture":"#1"}}},{"from":[4.793,8.574,6.349],"to":[10.303,9.537,6.651],"rotation":{"angle":0,"axis":"y","origin":[8,8,8.401]},"faces":{"north":{"uv":[1,7,2,9],"texture":"#2"},"east":{"uv":[11,0,10,4],"rotation":180,"texture":"#1"},"south":{"uv":[13,10,8,12],"texture":"#2"},"west":{"uv":[0,0,1,1],"texture":"#1"},"up":{"uv":[8,7,9,6],"texture":"#1"}}},{"from":[11.793,8.274,6.6],"to":[13.303,9.737,6.902],"rotation":{"angle":0,"axis":"y","origin":[14,8.2,8.651]},"faces":{"north":{"uv":[1,0,4,3],"rotation":90,"texture":"#2"},"east":{"uv":[11,0,10,4],"rotation":180,"texture":"#1"},"south":{"uv":[13,10,8,12],"texture":"#2"},"west":{"uv":[0,0,1,1],"texture":"#1"},"up":{"uv":[8,7,9,6],"texture":"#1"}}},{"from":[7.743,7.524,9.098],"to":[9.303,8.587,9.4],"rotation":{"angle":45,"axis":"z","origin":[8,8,7.599]},"faces":{"north":{"uv":[8,10,13,12],"texture":"#2"},"east":{"uv":[4,1,10,2],"rotation":270,"texture":"#2"},"south":{"uv":[1,7,2.01,9.01],"texture":"#2"},"up":{"uv":[8,7,9,8],"texture":"#1"}}},{"from":[1.293,2.174,6.099],"to":[2.293,3.174,9.901],"rotation":{"angle":-22.5,"axis":"z","origin":[2.293,3.174,8]},"faces":{"north":{"uv":[0,0,16,16],"texture":"#6"},"south":{"uv":[16,0,0,16],"texture":"#6"}}},{"from":[2.293,2.174,6.099],"to":[3.293,3.174,9.901],"rotation":{"angle":-22.5,"axis":"z","origin":[2.293,3.174,8]},"faces":{"north":{"uv":[0,0,16,16],"rotation":90,"texture":"#6"},"south":{"uv":[16,0,0,16],"rotation":270,"texture":"#6"}}},{"from":[1.293,3.174,6.099],"to":[2.293,4.174,9.901],"rotation":{"angle":-22.5,"axis":"z","origin":[2.293,3.174,8]},"faces":{"north":{"uv":[0,0,16,16],"rotation":270,"texture":"#6"},"south":{"uv":[16,0,0,16],"rotation":90,"texture":"#6"}}},{"from":[2.293,3.174,6.099],"to":[3.293,4.174,9.901],"rotation":{"angle":-22.5,"axis":"z","origin":[2.293,3.174,8]},"faces":{"north":{"uv":[0,0,16,16],"rotation":180,"texture":"#6"},"south":{"uv":[16,0,0,16],"rotation":180,"texture":"#6"}}},{"from":[-0.25,8.2,6.3],"to":[4.55,9.8001,9.7],"rotation":{"angle":0,"axis":"y","origin":[8,8,7.8]},"faces":{"north":{"uv":[8,0,13,1],"texture":"#2"},"east":{"uv":[5,7,11,8],"rotation":270,"texture":"#0"},"south":{"uv":[13,0,8,1],"texture":"#2"},"west":{"uv":[15,8,16,14],"texture":"#2"},"up":{"uv":[7,0,12,1],"rotation":90,"texture":"#1"}}},{"from":[-0.25005,3.40005,6.301],"to":[1.35005,8.20005,9.699],"rotation":{"angle":22.5,"axis":"z","origin":[-0.25,8.20005,6.301]},"faces":{"north":{"uv":[12,0,14,1],"rotation":180,"texture":"#2"},"south":{"uv":[14,0,12,1],"rotation":180,"texture":"#2"},"west":{"uv":[1,3,5,4],"rotation":270,"texture":"#0"}}},{"from":[-3,-4.25,6.099],"to":[2.3,-2.65,9.901],"rotation":{"angle":0,"axis":"y","origin":[7.45,6.6,7.599]},"faces":{"north":{"uv":[0,1,4,2],"rotation":270,"texture":"#2"},"south":{"uv":[5,1,9,2],"rotation":270,"texture":"#2"},"west":{"uv":[0,0,1,1],"texture":"#0"},"down":{"uv":[16,9,15,8],"texture":"#0"}}},{"from":[-3,-2.65,6.1],"to":[-0.59,9.35,9.9],"rotation":{"angle":-22.5,"axis":"z","origin":[-3,-2.65,5.4]},"faces":{"north":{"uv":[0,0,16,16],"rotation":270,"texture":"#2"},"south":{"uv":[0,0,16,16],"rotation":90,"texture":"#2"},"west":{"uv":[5,3,11,4],"rotation":270,"texture":"#0"}}},{"from":[-0.8,-4.25,6.1],"to":[2.3,7.25,9.9],"rotation":{"angle":-22.5,"axis":"z","origin":[2.3,-4.25,6.7]},"faces":{"north":{"uv":[0,0,16,16],"texture":"#2"},"east":{"uv":[5,3,11,4],"rotation":270,"texture":"#0"},"south":{"uv":[0,0,16,16],"texture":"#2"}}},{"from":[1.9,11.9,6.6],"to":[2.31421,12.9,9.7],"rotation":{"angle":22.5,"axis":"z","origin":[2.10711,12.4,9.2]},"faces":{"south":{"uv":[0,0,0.5,1],"texture":"#1"},"up":{"uv":[10,0,11,4],"rotation":270,"texture":"#1"}}},{"from":[1.9,11.5,9.601],"to":[2.61421,12.35,9.701],"rotation":{"angle":0,"axis":"y","origin":[2.10711,12.4,9.2]},"faces":{"north":{"uv":[0,0,0,0],"texture":"#missing"},"east":{"uv":[0,13,7,14],"rotation":90,"texture":"#0"},"south":{"uv":[13,0,16,4],"rotation":90,"texture":"#1"},"west":{"uv":[0,13,7,14],"texture":"#0"},"up":{"uv":[15.5,0,16,1],"texture":"#missing"},"down":{"uv":[0,13,0.5,14],"texture":"#0"}}},{"from":[1.9,11.9,6.6],"to":[2.31421,12.9,9.7],"rotation":{"angle":-22.5,"axis":"z","origin":[2.10711,12.4,9.2]},"faces":{"south":{"uv":[0,0,0.5,1],"texture":"#1"},"up":{"uv":[10,0,11,5],"rotation":90,"texture":"#1"},"down":{"uv":[0,13,0.5,14],"texture":"#0"}}},{"from":[1.60711,12.19289,6.6],"to":[2.60711,12.60711,9.7],"rotation":{"angle":22.5,"axis":"z","origin":[2.10711,12.4,9.2]},"faces":{"east":{"uv":[2,13,7,14],"rotation":270,"texture":"#0"},"south":{"uv":[0,0,0.5,1],"rotation":270,"texture":"#1"},"west":{"uv":[0,13,0.5,14],"rotation":270,"texture":"#0"}}},{"from":[1.60711,12.19289,6.6],"to":[2.60711,12.60711,9.7],"rotation":{"angle":-22.5,"axis":"z","origin":[2.10711,12.4,9.2]},"faces":{"east":{"uv":[0,13,0.5,14],"rotation":270,"texture":"#0"},"south":{"uv":[0,0,0.5,1],"rotation":270,"texture":"#1"},"west":{"uv":[2,13,7,14],"rotation":270,"texture":"#0"}}},{"from":[-0.05,-2.9,6],"to":[0.95,-1.9,10],"rotation":{"angle":0,"axis":"y","origin":[7.45,6.6,7.5625]},"faces":{"north":{"uv":[5,8,8,11],"rotation":180,"texture":"#3"},"east":{"uv":[11,6,12,10],"rotation":180,"texture":"#1"},"south":{"uv":[5,8,8,11],"rotation":90,"texture":"#3"},"west":{"uv":[12,8,16,9],"rotation":90,"texture":"#1"},"up":{"uv":[11,8,12,14],"rotation":90,"texture":"#1"},"down":{"uv":[15,4,16,5],"texture":"#1"}}},{"from":[3.2,7.1,6],"to":[4.2,8.1,7],"rotation":{"angle":0,"axis":"y","origin":[7.45,6.6,7.5625]},"faces":{"north":{"uv":[9,6,12,9],"rotation":180,"texture":"#3"},"east":{"uv":[11,6,12,10],"rotation":180,"texture":"#1"},"west":{"uv":[12,8,16,9],"rotation":90,"texture":"#1"},"up":{"uv":[11,8,12,14],"rotation":90,"texture":"#1"},"down":{"uv":[15,4,16,5],"texture":"#1"}}},{"from":[2.5,5.4,9],"to":[3.5,6.4,10],"rotation":{"angle":0,"axis":"y","origin":[7.45,6.6,8.4375]},"faces":{"east":{"uv":[12,6,11,10],"rotation":180,"texture":"#1"},"south":{"uv":[12,6,9,9],"rotation":180,"texture":"#3"},"west":{"uv":[12,9,16,8],"rotation":90,"texture":"#1"},"up":{"uv":[12,8,11,14],"rotation":90,"texture":"#1"},"down":{"uv":[15,5,16,4],"texture":"#1"}}},{"from":[5.1412,3.49344,6.0875],"to":[6.1412,4.49344,9.9125],"rotation":{"angle":0,"axis":"y","origin":[6.0412,3.69344,7.65]},"faces":{"north":{"uv":[5,5,10,10],"texture":"#4"},"east":{"uv":[0,0,1,4],"texture":"#4"},"south":{"uv":[5,5,10,10],"texture":"#4"},"up":{"uv":[0,0,1,1],"texture":"#4"},"down":{"uv":[7,7,8,8],"texture":"#4"}}},{"from":[9.3,5.45,7.649],"to":[10.05,7.1,8.351],"rotation":{"angle":0,"axis":"y","origin":[9,8.1,8.149]},"faces":{"north":{"uv":[0,13,1,14],"texture":"#0"},"east":{"uv":[0,13,1,14],"texture":"#0"},"south":{"uv":[0,13,1,14],"texture":"#0"},"west":{"uv":[0,13,1,14],"texture":"#0"},"down":{"uv":[0,13,1,14],"texture":"#0"}}}],"display":{"thirdperson_righthand":{"rotation":[0,90,0],"translation":[-0.38,0.25,0.75],"scale":[0.28,0.28,0.28]},"thirdperson_lefthand":{"rotation":[90,90,45],"translation":[-2,-2,6],"scale":[0.28,0.28,0.28]},"firstperson_righthand":{"rotation":[0,90.125,0],"translation":[-8.97,6.275,5.5],"scale":[0.275,0.35,0.35]},"firstperson_lefthand":{"translation":[12,-2,0],"scale":[0,0,0]},"ground":{"translation":[0,3,0],"scale":[0.28,0.28,0.28]},"gui":{"rotation":[0,0,40],"translation":[-2.25,0,0],"scale":[0.46,0.46,0.46]},"head":{"scale":[0.56,0.56,0.56]},"fixed":{"rotation":[0,180,0],"translation":[2.25,1.75,-1.75],"scale":[0.56,0.56,0.56]}}}