{"gui_light":"front","textures":{"0":"block/coal_block","2":"block/gold_block","3":"block/chiseled_stone_bricks","5":"block/furnace_side","1_3":"block/furnace_side"},"elements":[{"from":[3.14919,-15.5,9.54507],"to":[8.64419,23.25,9.75507],"rotation":{"angle":0,"axis":"z","origin":[8.13247,1.5,7.8]},"faces":{"north":{"uv":[0,0,1,1],"rotation":270,"texture":"#0"},"east":{"uv":[1,9,15,12],"rotation":270,"texture":"#5"},"south":{"uv":[0,10,15,13],"rotation":270,"texture":"#5"},"up":{"uv":[1,9,15,12],"texture":"#5"},"down":{"uv":[1,1,0,0],"texture":"#0"}}},{"from":[3.14919,-15.5,6.24507],"to":[8.64419,23.25,6.45507],"rotation":{"angle":0,"axis":"z","origin":[8.13247,1.5,8.2]},"faces":{"north":{"uv":[0,10,15,13],"rotation":270,"texture":"#5"},"east":{"uv":[1,9,15,12],"rotation":90,"texture":"#5"},"south":{"uv":[0,0,1,1],"rotation":270,"texture":"#0"},"up":{"uv":[1,9,15,12],"texture":"#1_3"},"down":{"uv":[1,1,0,0],"texture":"#0"}}},{"from":[3.14919,-15.5,6.24507],"to":[3.34419,23.25,9.75507],"rotation":{"angle":0,"axis":"z","origin":[8.13247,1.5,8]},"faces":{"east":{"uv":[0,0,1,1],"rotation":90,"texture":"#0"},"west":{"uv":[0,0,2,16],"texture":"#3"},"up":{"uv":[1,9.1,15,12.1],"rotation":270,"texture":"#1_3"},"down":{"uv":[1,1,0,0],"texture":"#0"}}},{"from":[2.94919,20.9,7.145],"to":[3.14919,23.25,8.855],"rotation":{"angle":0,"axis":"z","origin":[8.13247,1.5,7.69992]},"faces":{"north":{"uv":[7,7,8,8],"rotation":270,"texture":"#3"},"south":{"uv":[7,7,8,8],"rotation":270,"texture":"#3"},"west":{"uv":[2,6,7,9],"rotation":180,"texture":"#3"},"up":{"uv":[7,9.1,10,12.1],"rotation":90,"texture":"#1_3"},"down":{"uv":[1,1,0,0],"texture":"#0"}}},{"from":[3.14919,-15.5,6.24507],"to":[8.64419,19.75,9.75507],"rotation":{"angle":0,"axis":"z","origin":[8.13247,1.5,8]},"faces":{"up":{"uv":[0,0,1,1],"texture":"#0"},"down":{"uv":[1,1,0,0],"texture":"#0"}}},{"from":[7.05339,-15.5,6.3144],"to":[8.07339,22.35,6.5444],"rotation":{"angle":-45,"axis":"y","origin":[7.93247,1.5,8.2]},"faces":{"north":{"uv":[0,0,1,16],"texture":"#3"},"south":{"uv":[0,0,1,1],"texture":"#0"},"west":{"uv":[0,0,2,16],"texture":"#3"},"up":{"uv":[0,1,2,2],"rotation":270,"texture":"#5"},"down":{"uv":[1,1,0,0],"texture":"#0"}}},{"from":[7.05339,-15.5,6.3144],"to":[8.07339,19.75,7.3444],"rotation":{"angle":-45,"axis":"y","origin":[7.93247,1.5,8.2]},"faces":{"up":{"uv":[0,0,1,1],"rotation":270,"texture":"#0"},"down":{"uv":[1,1,0,0],"texture":"#0"}}},{"from":[9.14419,-15.5,6.96747],"to":[9.36669,22.35,9.03247],"rotation":{"angle":0,"axis":"y","origin":[7.93247,1.5,8]},"faces":{"east":{"uv":[0,0,2,16],"texture":"#3"},"west":{"uv":[0,0,1,1],"texture":"#0"},"up":{"uv":[0,1,2,2],"texture":"#5"},"down":{"uv":[1,1,0,0],"rotation":270,"texture":"#0"}}},{"from":[8.04419,-15.5,6.96747],"to":[9.36669,19.75,9.03247],"rotation":{"angle":0,"axis":"y","origin":[7.93247,1.5,8]},"faces":{"up":{"uv":[0,0,1,1],"texture":"#0"},"down":{"uv":[1,1,0,0],"rotation":270,"texture":"#0"}}},{"from":[7.34419,-15.5,6.66747],"to":[8.66669,19.751,7.93247],"rotation":{"angle":0,"axis":"y","origin":[7.93247,1.5,8]},"faces":{"up":{"uv":[11,12,14,15],"texture":"#1_3"}}},{"from":[3.56919,-15.5,6.46747],"to":[7.36669,19.751,8.23247],"rotation":{"angle":0,"axis":"y","origin":[7.93247,1.5,8]},"faces":{"up":{"uv":[12,15,16,16],"texture":"#2"}}},{"from":[7.05343,-15.5,9.45556],"to":[8.07343,22.35,9.68556],"rotation":{"angle":45,"axis":"y","origin":[7.93247,1.5,7.8]},"faces":{"north":{"uv":[0,0,1,1],"texture":"#0"},"south":{"uv":[2,0,1,16],"texture":"#3"},"west":{"uv":[2,0,0,16],"texture":"#3"},"up":{"uv":[0,1,2,2],"rotation":90,"texture":"#5"},"down":{"uv":[1,0,0,1],"texture":"#0"}}},{"from":[7.05343,-15.5,8.75556],"to":[8.07343,19.75,9.68556],"rotation":{"angle":45,"axis":"y","origin":[7.93247,1.5,7.8]},"faces":{"up":{"uv":[0,0,1,1],"rotation":90,"texture":"#0"},"down":{"uv":[1,0,0,1],"texture":"#0"}}},{"from":[3.15,23.25,9.55],"to":[7.55,24.45,9.75],"rotation":{"angle":-45,"axis":"x","origin":[6,23.25,9.75]},"faces":{"north":{"uv":[13,0,0,0.00987],"texture":"#1_3"},"east":{"uv":[1,15,15,13],"rotation":90,"texture":"#1_3"},"south":{"uv":[15,11.01,6,11.01987],"texture":"#1_3"},"west":{"uv":[1,15,15,13],"rotation":270,"texture":"#1_3"},"up":{"uv":[1,15,15,13],"texture":"#1_3"}}},{"from":[3.15,23.25,6.25],"to":[7.55,24.45,6.45],"rotation":{"angle":45,"axis":"x","origin":[6,23.25,6.25]},"faces":{"north":{"uv":[6,11.01,15,11.01987],"texture":"#1_3"},"east":{"uv":[1,13,15,15],"rotation":90,"texture":"#1_3"},"south":{"uv":[0,0,13,0.00987],"texture":"#1_3"},"west":{"uv":[1,13,15,15],"rotation":270,"texture":"#1_3"},"up":{"uv":[1,13,15,15],"texture":"#1_3"}}},{"from":[3.72214,22.94584,7.625],"to":[4.32214,23.25416,9.175],"rotation":{"angle":0,"axis":"y","origin":[6.2,17.6,8.4]},"faces":{"north":{"uv":[4,10,6,14],"rotation":90,"texture":"#2"},"east":{"uv":[0,0,1,1],"rotation":90,"texture":"#2"},"south":{"uv":[13,15,14,16],"rotation":90,"texture":"#2"},"west":{"uv":[0,0,1,1],"rotation":270,"texture":"#2"}}},{"from":[7.12214,22.3,8.24087],"to":[7.62214,23.9,8.55913],"rotation":{"angle":-22.5,"axis":"x","origin":[7.64714,23.1,8.4]},"faces":{"east":{"uv":[4,10,5,11],"texture":"#1_3"},"up":{"uv":[9,9.01,10,11.01],"rotation":180,"texture":"#1_3"},"down":{"uv":[10,8.01,12,8.51],"rotation":90,"texture":"#1_3"}}},{"from":[7.12214,22.3,8.24087],"to":[7.62214,23.9,8.55913],"rotation":{"angle":22.5,"axis":"x","origin":[7.64714,23.1,8.4]},"faces":{"east":{"uv":[4,10,5,11],"texture":"#1_3"},"up":{"uv":[9,10,11,11],"rotation":270,"texture":"#1_3"},"down":{"uv":[10,8,12,9],"rotation":270,"texture":"#1_3"}}},{"from":[7.12214,22.3,8.24087],"to":[7.62214,23.9,8.55913],"rotation":{"angle":-45,"axis":"x","origin":[7.64714,23.1,8.4]},"faces":{"east":{"uv":[4,10,5,11],"texture":"#1_3"},"up":{"uv":[11,10,13,11],"rotation":270,"texture":"#1_3"},"down":{"uv":[9,8.01,11,8.51],"rotation":90,"texture":"#1_3"}}},{"from":[7.12214,22.3,8.24087],"to":[7.62214,23.9,8.55913],"rotation":{"angle":45,"axis":"x","origin":[7.64714,23.1,8.4]},"faces":{"east":{"uv":[4,10,5,11],"texture":"#1_3"},"up":{"uv":[11,10,12,12],"texture":"#1_3"},"down":{"uv":[9,8,11,9],"rotation":270,"texture":"#1_3"}}},{"from":[7.12214,22.94087,7.6],"to":[7.62214,23.25913,9.2],"rotation":{"angle":22.5,"axis":"x","origin":[7.64714,23.1,8.4]},"faces":{"north":{"uv":[3,8,5,9],"rotation":270,"texture":"#1_3"},"east":{"uv":[4,10,5,11],"rotation":90,"texture":"#1_3"},"south":{"uv":[8,8.01,10,8.51],"rotation":90,"texture":"#1_3"}}},{"from":[7.12214,22.94087,7.6],"to":[7.62214,23.25913,9.2],"rotation":{"angle":-22.5,"axis":"x","origin":[7.64714,23.1,8.4]},"faces":{"north":{"uv":[8,8,10,9],"rotation":90,"texture":"#1_3"},"east":{"uv":[4,10,5,11],"rotation":270,"texture":"#1_3"},"south":{"uv":[3,8,4.9,9],"rotation":270,"texture":"#1_3"}}},{"from":[7.12214,22.94087,7.6],"to":[7.62214,23.25913,9.2],"rotation":{"angle":0,"axis":"y","origin":[6.2,17.6,8.4]},"faces":{"north":{"uv":[7,8,9,9],"rotation":90,"texture":"#1_3"},"east":{"uv":[4,10,5,11],"rotation":90,"texture":"#1_3"},"south":{"uv":[7,8.01,9,8.51],"rotation":90,"texture":"#1_3"}}},{"from":[7.62214,22.35,8.25082],"to":[7.92214,23.85,8.54918],"rotation":{"angle":0,"axis":"y","origin":[6.2,17.6,8.4]},"faces":{"east":{"uv":[4,10,5,11],"texture":"#1_3"},"up":{"uv":[6,9,8,10],"rotation":270,"texture":"#1_3"},"down":{"uv":[11,8,12,9],"rotation":270,"texture":"#1_3"}}},{"from":[7.62214,22.35,8.25082],"to":[7.92214,23.85,8.54918],"rotation":{"angle":22.5,"axis":"x","origin":[8.37214,23.1,8.4]},"faces":{"east":{"uv":[4,10,5,11],"texture":"#1_3"},"up":{"uv":[9,10,11,11],"rotation":270,"texture":"#1_3"},"down":{"uv":[10,8,12,9],"rotation":270,"texture":"#1_3"}}},{"from":[7.62214,22.35,8.25082],"to":[7.92214,23.85,8.54918],"rotation":{"angle":-22.5,"axis":"x","origin":[8.37214,23.1,8.4]},"faces":{"east":{"uv":[4,10,5,11],"texture":"#1_3"},"up":{"uv":[9,9.01,10,11.01],"rotation":180,"texture":"#1_3"},"down":{"uv":[10,8.01,12,8.51],"rotation":90,"texture":"#1_3"}}},{"from":[7.62214,22.35,8.25082],"to":[7.92214,23.85,8.54918],"rotation":{"angle":45,"axis":"x","origin":[8.37214,23.1,8.4]},"faces":{"east":{"uv":[4,10,5,11],"texture":"#1_3"},"up":{"uv":[11,10,12,12],"texture":"#1_3"},"down":{"uv":[9,8,11,9],"rotation":270,"texture":"#1_3"}}},{"from":[7.62214,22.35,8.25082],"to":[7.92214,23.85,8.54918],"rotation":{"angle":-45,"axis":"x","origin":[8.37214,23.1,8.4]},"faces":{"east":{"uv":[4,10,5,11],"texture":"#1_3"},"up":{"uv":[11,10,13,11],"rotation":270,"texture":"#1_3"},"down":{"uv":[9,8.01,11,8.51],"rotation":90,"texture":"#1_3"}}},{"from":[7.62214,22.95082,7.65],"to":[7.92214,23.24918,9.15],"rotation":{"angle":-22.5,"axis":"x","origin":[8.37214,23.1,8.4]},"faces":{"north":{"uv":[8,8,10,9],"rotation":90,"texture":"#1_3"},"east":{"uv":[4,10,5,11],"rotation":270,"texture":"#1_3"},"south":{"uv":[3,8,4.9,9],"rotation":270,"texture":"#1_3"}}},{"from":[7.62214,22.95082,7.65],"to":[7.92214,23.24918,9.15],"rotation":{"angle":22.5,"axis":"x","origin":[8.37214,23.1,8.4]},"faces":{"north":{"uv":[3,8,5,9],"rotation":270,"texture":"#1_3"},"east":{"uv":[4,10,5,11],"rotation":90,"texture":"#1_3"},"south":{"uv":[8,8.01,10,8.51],"rotation":90,"texture":"#1_3"}}},{"from":[7.62214,22.95082,7.65],"to":[7.92214,23.24918,9.15],"rotation":{"angle":0,"axis":"y","origin":[6.2,17.6,8.4]},"faces":{"north":{"uv":[7,8,9,9],"rotation":90,"texture":"#1_3"},"east":{"uv":[4,10,5,11],"rotation":270,"texture":"#1_3"},"south":{"uv":[7,8.01,9,8.51],"rotation":90,"texture":"#1_3"}}},{"from":[7.92214,22.4,8.26076],"to":[8.17214,23.8,8.53924],"rotation":{"angle":0,"axis":"y","origin":[6.2,17.6,8.4]},"faces":{"east":{"uv":[4,10,5,11],"texture":"#1_3"},"up":{"uv":[6,9,8,10],"rotation":270,"texture":"#1_3"},"down":{"uv":[11,8,12,9],"rotation":270,"texture":"#1_3"}}},{"from":[7.92214,22.4,8.26076],"to":[8.17214,23.8,8.53924],"rotation":{"angle":-22.5,"axis":"x","origin":[8.77214,23.1,8.4]},"faces":{"east":{"uv":[4,10,5,11],"texture":"#1_3"},"up":{"uv":[9,9.01,10,11.01],"rotation":180,"texture":"#1_3"},"down":{"uv":[10,8.01,12,8.51],"rotation":90,"texture":"#1_3"}}},{"from":[7.92214,22.4,8.26076],"to":[8.17214,23.8,8.53924],"rotation":{"angle":22.5,"axis":"x","origin":[8.77214,23.1,8.4]},"faces":{"east":{"uv":[4,10,5,11],"texture":"#1_3"},"up":{"uv":[9,10,11,11],"rotation":270,"texture":"#1_3"},"down":{"uv":[10,8,12,9],"rotation":270,"texture":"#1_3"}}},{"from":[7.92214,22.4,8.26076],"to":[8.17214,23.8,8.53924],"rotation":{"angle":-45,"axis":"x","origin":[8.77214,23.1,8.4]},"faces":{"east":{"uv":[4,10,5,11],"texture":"#1_3"},"up":{"uv":[11,10,13,11],"rotation":270,"texture":"#1_3"},"down":{"uv":[9,8.01,11,8.51],"rotation":90,"texture":"#1_3"}}},{"from":[7.92214,22.96076,7.7],"to":[8.17214,23.23924,9.1],"rotation":{"angle":22.5,"axis":"x","origin":[8.77214,23.1,8.4]},"faces":{"north":{"uv":[3,8,5,9],"rotation":270,"texture":"#1_3"},"east":{"uv":[4,10,5,11],"rotation":90,"texture":"#1_3"},"south":{"uv":[8,8.01,10,8.51],"rotation":90,"texture":"#1_3"}}},{"from":[7.92214,22.4,8.26076],"to":[8.17214,23.8,8.53924],"rotation":{"angle":45,"axis":"x","origin":[8.77214,23.1,8.4]},"faces":{"east":{"uv":[4,10,5,11],"texture":"#1_3"},"up":{"uv":[10,10,11,12],"texture":"#1_3"},"down":{"uv":[9,8,11,9],"rotation":270,"texture":"#1_3"}}},{"from":[7.92214,22.96076,7.7],"to":[8.17214,23.23924,9.1],"rotation":{"angle":-22.5,"axis":"x","origin":[8.77214,23.1,8.4]},"faces":{"north":{"uv":[8,8,10,9],"rotation":90,"texture":"#1_3"},"east":{"uv":[4,10,5,11],"rotation":270,"texture":"#1_3"},"south":{"uv":[3,8,4.9,9],"rotation":270,"texture":"#1_3"}}},{"from":[7.92214,22.96076,7.7],"to":[8.17214,23.23924,9.1],"rotation":{"angle":0,"axis":"y","origin":[6.2,17.6,8.4]},"faces":{"north":{"uv":[7,8,9,9],"rotation":90,"texture":"#1_3"},"east":{"uv":[4,10,5,11],"rotation":270,"texture":"#1_3"},"south":{"uv":[7,8.01,9,8.51],"rotation":90,"texture":"#1_3"}}},{"from":[8.17214,22.45,8.27071],"to":[8.32214,23.75,8.52929],"rotation":{"angle":0,"axis":"y","origin":[6.2,17.6,8.4]},"faces":{"east":{"uv":[4,10,5,11],"texture":"#1_3"},"up":{"uv":[6,9,8,10],"rotation":270,"texture":"#1_3"},"down":{"uv":[11,8,12,9],"rotation":270,"texture":"#1_3"}}},{"from":[8.17214,22.45,8.27071],"to":[8.32214,23.75,8.52929],"rotation":{"angle":22.5,"axis":"x","origin":[8.29714,23.1,8.4]},"faces":{"east":{"uv":[4,10,5,11],"texture":"#1_3"},"up":{"uv":[9,10,11,11],"rotation":270,"texture":"#1_3"},"down":{"uv":[10,8,12,9],"rotation":270,"texture":"#1_3"}}},{"from":[8.17214,22.45,8.27071],"to":[8.32214,23.75,8.52929],"rotation":{"angle":-22.5,"axis":"x","origin":[8.29714,23.1,8.4]},"faces":{"east":{"uv":[4,10,5,11],"texture":"#1_3"},"up":{"uv":[9,9.01,10,11.01],"rotation":180,"texture":"#1_3"},"down":{"uv":[10,8.01,12,8.51],"rotation":90,"texture":"#1_3"}}},{"from":[8.17214,22.45,8.27071],"to":[8.32214,23.75,8.52929],"rotation":{"angle":45,"axis":"x","origin":[8.29714,23.1,8.4]},"faces":{"east":{"uv":[4,10,5,11],"texture":"#1_3"},"up":{"uv":[10,10,11,12],"texture":"#1_3"},"down":{"uv":[9,8,11,9],"rotation":270,"texture":"#1_3"}}},{"from":[8.17214,22.45,8.27071],"to":[8.32214,23.75,8.52929],"rotation":{"angle":-45,"axis":"x","origin":[8.29714,23.1,8.4]},"faces":{"east":{"uv":[4,10,5,11],"texture":"#1_3"},"up":{"uv":[11,10,13,11],"rotation":270,"texture":"#1_3"},"down":{"uv":[9,8.01,11,8.51],"rotation":90,"texture":"#1_3"}}},{"from":[8.17214,22.97071,7.75],"to":[8.32214,23.22929,9.05],"rotation":{"angle":-22.5,"axis":"x","origin":[8.29714,23.1,8.4]},"faces":{"north":{"uv":[8,8,10,9],"rotation":90,"texture":"#1_3"},"east":{"uv":[4,10,5,11],"rotation":270,"texture":"#1_3"},"south":{"uv":[3,8,4.9,9],"rotation":270,"texture":"#1_3"}}},{"from":[8.17214,22.97071,7.75],"to":[8.32214,23.22929,9.05],"rotation":{"angle":22.5,"axis":"x","origin":[8.29714,23.1,8.4]},"faces":{"north":{"uv":[3,8,5,9],"rotation":270,"texture":"#1_3"},"east":{"uv":[4,10,5,11],"rotation":90,"texture":"#1_3"},"south":{"uv":[8,8.01,10,8.51],"rotation":90,"texture":"#1_3"}}},{"from":[8.17214,22.97071,7.75],"to":[8.32214,23.22929,9.05],"rotation":{"angle":0,"axis":"y","origin":[6.2,17.6,8.4]},"faces":{"north":{"uv":[7,8,9,9],"rotation":90,"texture":"#1_3"},"east":{"uv":[4,10,5,11],"rotation":270,"texture":"#1_3"},"south":{"uv":[7,8.01,9,8.51],"rotation":90,"texture":"#1_3"}}},{"from":[8.32214,23.2,8.2],"to":[8.77214,23.7,8.6],"rotation":{"angle":-22.5,"axis":"z","origin":[8.32214,23.7,8.31935]},"faces":{"north":{"uv":[9,9,10,12],"texture":"#1_3"},"east":{"uv":[8,3,9,4],"texture":"#1_3"},"south":{"uv":[9,9,10,12],"texture":"#1_3"},"up":{"uv":[8,9.5,13,10],"rotation":270,"texture":"#1_3"}}},{"from":[8.32214,22.5,8.2],"to":[8.77214,23,8.6],"rotation":{"angle":22.5,"axis":"z","origin":[8.32214,22.5,8.31935]},"faces":{"north":{"uv":[8,8,11,9],"rotation":90,"texture":"#1_3"},"east":{"uv":[5,11,4,10],"texture":"#1_3"},"south":{"uv":[9,8,12,9],"rotation":90,"texture":"#1_3"},"down":{"uv":[9,1.5,13,2],"rotation":270,"texture":"#1_3"}}},{"from":[8.32214,22.9,8.45],"to":[8.77214,23.3,9],"rotation":{"angle":22.5,"axis":"y","origin":[8.32214,23.1,9]},"faces":{"east":{"uv":[11,6,12,7],"rotation":270,"texture":"#1_3"},"south":{"uv":[7,8,10,9],"rotation":90,"texture":"#1_3"},"up":{"uv":[5,11,6,12],"rotation":180,"texture":"#1_3"},"down":{"uv":[5,11,6,12],"texture":"#1_3"}}},{"from":[8.32214,22.9,7.8],"to":[8.77214,23.3,8.35],"rotation":{"angle":-22.5,"axis":"y","origin":[8.32214,23.1,7.8]},"faces":{"north":{"uv":[7,9,10,8],"rotation":90,"texture":"#1_3"},"east":{"uv":[11,6,12,5],"rotation":270,"texture":"#1_3"},"up":{"uv":[5,11,6,12],"rotation":180,"texture":"#1_3"},"down":{"uv":[5,11,6,12],"texture":"#1_3"}}},{"from":[3.59694,22.225,8.22595],"to":[3.74704,23.975,8.57405],"rotation":{"angle":22.5,"axis":"x","origin":[3.72209,23.1,8.4]},"faces":{"east":{"uv":[15,14,16,15],"rotation":270,"texture":"#2"},"west":{"uv":[2,0,3,16],"rotation":180,"texture":"#2"},"up":{"uv":[1,2,2,3],"rotation":270,"texture":"#2"},"down":{"uv":[0,0,1,1],"rotation":270,"texture":"#2"}}},{"from":[3.59694,22.225,8.22595],"to":[3.74704,23.975,8.57405],"rotation":{"angle":-22.5,"axis":"x","origin":[3.72209,23.1,8.4]},"faces":{"east":{"uv":[15,14,16,15],"rotation":270,"texture":"#2"},"west":{"uv":[2,0,3,16],"rotation":180,"texture":"#2"},"up":{"uv":[1,2,2,3],"rotation":270,"texture":"#2"},"down":{"uv":[0,0,1,1],"rotation":270,"texture":"#2"}}},{"from":[3.59704,22.225,8.22595],"to":[3.74714,23.975,8.57405],"rotation":{"angle":45,"axis":"x","origin":[3.72209,23.1,8.4]},"faces":{"east":{"uv":[15,14,16,15],"rotation":270,"texture":"#2"},"west":{"uv":[2,0,3,16],"rotation":180,"texture":"#2"},"up":{"uv":[1,2,2,3],"rotation":270,"texture":"#2"},"down":{"uv":[0,0,1,1],"rotation":270,"texture":"#2"}}},{"from":[3.59704,22.225,8.22595],"to":[3.74714,23.975,8.57405],"rotation":{"angle":-45,"axis":"x","origin":[3.72209,23.1,8.4]},"faces":{"east":{"uv":[15,14,16,15],"rotation":270,"texture":"#2"},"west":{"uv":[2,0,3,16],"rotation":180,"texture":"#2"},"up":{"uv":[1,2,2,3],"rotation":270,"texture":"#2"},"down":{"uv":[0,0,1,1],"rotation":270,"texture":"#2"}}},{"from":[3.59704,22.92595,7.525],"to":[3.74714,23.27405,9.275],"rotation":{"angle":-22.5,"axis":"x","origin":[3.72209,23.1,8.4]},"faces":{"north":{"uv":[0,0,1,1],"rotation":90,"texture":"#2"},"east":{"uv":[15,14,16,15],"rotation":180,"texture":"#2"},"south":{"uv":[1,2,2,3],"rotation":270,"texture":"#2"},"west":{"uv":[2,0,3,16],"rotation":270,"texture":"#2"}}},{"from":[3.59704,22.92595,7.525],"to":[3.74714,23.27405,9.275],"rotation":{"angle":22.5,"axis":"x","origin":[3.72209,23.1,8.4]},"faces":{"north":{"uv":[1,2,2,3],"rotation":90,"texture":"#2"},"east":{"uv":[15,14,16,15],"texture":"#2"},"south":{"uv":[0,0,1,1],"rotation":270,"texture":"#2"},"west":{"uv":[2,0,3,16],"rotation":90,"texture":"#2"}}},{"from":[3.59694,22.92595,7.525],"to":[3.74704,23.27405,9.275],"rotation":{"angle":0,"axis":"y","origin":[6.2,17.6,8.4]},"faces":{"north":{"uv":[0,0,1,1],"rotation":90,"texture":"#2"},"east":{"uv":[15,14,16,15],"rotation":180,"texture":"#2"},"south":{"uv":[1,2,2,3],"rotation":270,"texture":"#2"},"west":{"uv":[2,0,3,16],"rotation":270,"texture":"#2"}}},{"from":[3.57214,22.7,8.32044],"to":[3.67214,23.5,8.47957],"rotation":{"angle":-22.5,"axis":"x","origin":[3.62214,23.1,8.4]},"faces":{"west":{"uv":[5,3.01,9,3.02],"rotation":90,"texture":"#1_3"},"up":{"uv":[0,0,1,1],"rotation":270,"texture":"#1_3"},"down":{"uv":[0,0,1,1],"rotation":270,"texture":"#1_3"}}},{"from":[3.57214,22.7,8.32044],"to":[3.67214,23.5,8.47957],"rotation":{"angle":22.5,"axis":"x","origin":[3.62214,23.1,8.4]},"faces":{"west":{"uv":[5,3.01,9,3.02],"rotation":90,"texture":"#1_3"},"up":{"uv":[0,0,1,1],"rotation":270,"texture":"#1_3"},"down":{"uv":[0,0,1,1],"rotation":270,"texture":"#1_3"}}},{"from":[3.57114,22.7,8.32044],"to":[3.67114,23.5,8.47957],"rotation":{"angle":-45,"axis":"x","origin":[3.62214,23.1,8.4]},"faces":{"west":{"uv":[5,3.01,9,3.02],"rotation":90,"texture":"#1_3"},"up":{"uv":[0,0,1,1],"rotation":270,"texture":"#1_3"},"down":{"uv":[0,0,1,1],"rotation":270,"texture":"#1_3"}}},{"from":[3.57114,22.7,8.32044],"to":[3.67114,23.5,8.47957],"rotation":{"angle":45,"axis":"x","origin":[3.62214,23.1,8.4]},"faces":{"west":{"uv":[5,3.01,9,3.02],"rotation":90,"texture":"#1_3"},"up":{"uv":[0,0,1,1],"rotation":270,"texture":"#1_3"},"down":{"uv":[0,0,1,1],"rotation":270,"texture":"#1_3"}}},{"from":[3.57214,23.02044,8],"to":[3.67214,23.17957,8.8],"rotation":{"angle":22.5,"axis":"x","origin":[3.62214,23.1,8.4]},"faces":{"north":{"uv":[0,0,1,1],"rotation":90,"texture":"#1_3"},"south":{"uv":[0,0,1,1],"rotation":270,"texture":"#1_3"},"west":{"uv":[5,3.01,9,3.02],"texture":"#1_3"}}},{"from":[3.57214,23.02044,8],"to":[3.67214,23.17957,8.8],"rotation":{"angle":-22.5,"axis":"x","origin":[3.62214,23.1,8.4]},"faces":{"north":{"uv":[0,0,1,1],"rotation":90,"texture":"#1_3"},"south":{"uv":[0,0,1,1],"rotation":270,"texture":"#1_3"},"west":{"uv":[5,3.01,9,3.02],"rotation":180,"texture":"#1_3"}}},{"from":[3.57014,23.02044,8],"to":[3.67014,23.17957,8.8],"rotation":{"angle":0,"axis":"y","origin":[6.2,17.6,8.4]},"faces":{"north":{"uv":[0,0,1,1],"rotation":90,"texture":"#1_3"},"south":{"uv":[0,0,1,1],"rotation":270,"texture":"#1_3"},"west":{"uv":[5,3.01,9,3.02],"texture":"#1_3"}}},{"from":[3.72214,22.325,8.24584],"to":[4.32214,23.875,8.55416],"rotation":{"angle":0,"axis":"y","origin":[6.2,17.6,8.4]},"faces":{"east":{"uv":[0,0,1,1],"texture":"#2"},"west":{"uv":[0,0,1,1],"texture":"#2"},"up":{"uv":[4,10,6,14],"rotation":270,"texture":"#2"},"down":{"uv":[13,15,14,16],"rotation":90,"texture":"#2"}}},{"from":[3.72214,22.325,8.24584],"to":[4.32214,23.875,8.55416],"rotation":{"angle":22.5,"axis":"x","origin":[4.02214,23.1,8.4]},"faces":{"east":{"uv":[0,0,1,1],"texture":"#2"},"west":{"uv":[0,0,1,1],"texture":"#2"},"up":{"uv":[4,10,6,14],"rotation":270,"texture":"#2"},"down":{"uv":[13,15,14,16],"rotation":90,"texture":"#2"}}},{"from":[3.72214,22.325,8.24584],"to":[4.32214,23.875,8.55416],"rotation":{"angle":-22.5,"axis":"x","origin":[4.02214,23.1,8.4]},"faces":{"east":{"uv":[0,0,1,1],"texture":"#2"},"west":{"uv":[0,0,1,1],"texture":"#2"},"up":{"uv":[4,10,6,14],"rotation":270,"texture":"#2"},"down":{"uv":[13,15,14,16],"rotation":90,"texture":"#2"}}},{"from":[3.72214,22.325,8.24584],"to":[4.32214,23.875,8.55416],"rotation":{"angle":45,"axis":"x","origin":[4.02214,23.1,8.4]},"faces":{"east":{"uv":[0,0,1,1],"texture":"#2"},"west":{"uv":[0,0,1,1],"texture":"#2"},"up":{"uv":[4,10,6,14],"rotation":270,"texture":"#2"},"down":{"uv":[13,15,14,16],"rotation":90,"texture":"#2"}}},{"from":[3.72214,22.325,8.24584],"to":[4.32214,23.875,8.55416],"rotation":{"angle":-45,"axis":"x","origin":[4.02214,23.1,8.4]},"faces":{"east":{"uv":[0,0,1,1],"texture":"#2"},"west":{"uv":[0,0,1,1],"texture":"#2"},"up":{"uv":[4,10,6,14],"rotation":270,"texture":"#2"},"down":{"uv":[13,15,14,16],"rotation":90,"texture":"#2"}}},{"from":[3.72214,22.94584,7.625],"to":[4.32214,23.25416,9.175],"rotation":{"angle":-22.5,"axis":"x","origin":[4.02214,23.1,8.4]},"faces":{"north":{"uv":[13,15,14,16],"rotation":270,"texture":"#2"},"east":{"uv":[0,0,1,1],"rotation":270,"texture":"#2"},"south":{"uv":[4,10,6,14],"rotation":270,"texture":"#2"},"west":{"uv":[0,0,1,1],"rotation":90,"texture":"#2"}}},{"from":[3.72214,22.94584,7.625],"to":[4.32214,23.25416,9.175],"rotation":{"angle":22.5,"axis":"x","origin":[4.02214,23.1,8.4]},"faces":{"north":{"uv":[4,10,6,14],"rotation":90,"texture":"#2"},"east":{"uv":[0,0,1,1],"rotation":90,"texture":"#2"},"south":{"uv":[13,15,14,16],"rotation":90,"texture":"#2"},"west":{"uv":[0,0,1,1],"rotation":270,"texture":"#2"}}},{"from":[3.59704,22.225,8.22595],"to":[3.74714,23.975,8.57405],"rotation":{"angle":0,"axis":"y","origin":[6.2,17.6,8.4]},"faces":{"east":{"uv":[15,14,16,15],"rotation":270,"texture":"#2"},"west":{"uv":[2,0,3,16],"rotation":180,"texture":"#2"},"up":{"uv":[1,2,2,3],"rotation":270,"texture":"#2"},"down":{"uv":[0,0,1,1],"rotation":270,"texture":"#2"}}},{"from":[3.57114,22.7,8.32044],"to":[3.67114,23.5,8.47957],"rotation":{"angle":0,"axis":"y","origin":[6.2,17.6,8.4]},"faces":{"west":{"uv":[5,3.01,9,3.02],"rotation":90,"texture":"#1_3"},"up":{"uv":[0,0,1,1],"rotation":270,"texture":"#1_3"},"down":{"uv":[0,0,1,1],"rotation":270,"texture":"#1_3"}}},{"from":[4.12214,22.225,8.22595],"to":[7.22214,23.975,8.57405],"rotation":{"angle":0,"axis":"y","origin":[6.2,17.6,8.4]},"faces":{"east":{"uv":[0,0,1,1],"texture":"#2"},"west":{"uv":[0,0,1,1],"texture":"#2"},"up":{"uv":[4,10,6,14],"rotation":270,"texture":"#2"},"down":{"uv":[13,15,14,16],"rotation":90,"texture":"#2"}}},{"from":[4.12214,22.225,8.22595],"to":[7.22214,23.975,8.57405],"rotation":{"angle":22.5,"axis":"x","origin":[6.22214,23.1,8.4]},"faces":{"east":{"uv":[0,0,1,1],"texture":"#2"},"west":{"uv":[0,0,1,1],"texture":"#2"},"up":{"uv":[4,10,6,14],"rotation":270,"texture":"#2"},"down":{"uv":[13,15,14,16],"rotation":90,"texture":"#2"}}},{"from":[4.12214,22.225,8.22595],"to":[7.22214,23.975,8.57405],"rotation":{"angle":-22.5,"axis":"x","origin":[6.22214,23.1,8.4]},"faces":{"east":{"uv":[0,0,1,1],"texture":"#2"},"west":{"uv":[0,0,1,1],"texture":"#2"},"up":{"uv":[4,10,6,14],"rotation":270,"texture":"#2"},"down":{"uv":[13,15,14,16],"rotation":90,"texture":"#2"}}},{"from":[4.12214,22.225,8.22595],"to":[7.22214,23.975,8.57405],"rotation":{"angle":45,"axis":"x","origin":[6.22214,23.1,8.4]},"faces":{"east":{"uv":[0,0,1,1],"texture":"#2"},"west":{"uv":[0,0,1,1],"texture":"#2"},"up":{"uv":[4,10,6,14],"rotation":270,"texture":"#2"},"down":{"uv":[13,15,14,16],"rotation":90,"texture":"#2"}}},{"from":[4.12214,22.225,8.22595],"to":[7.22214,23.975,8.57405],"rotation":{"angle":-45,"axis":"x","origin":[6.22214,23.1,8.4]},"faces":{"east":{"uv":[0,0,1,1],"texture":"#2"},"west":{"uv":[0,0,1,1],"texture":"#2"},"up":{"uv":[4,10,6,14],"rotation":270,"texture":"#2"},"down":{"uv":[13,13,14,14],"rotation":90,"texture":"#2"}}},{"from":[4.12214,22.92595,7.525],"to":[7.22214,23.27405,9.275],"rotation":{"angle":-22.5,"axis":"x","origin":[6.22214,23.1,8.4]},"faces":{"north":{"uv":[11,12,12,13],"rotation":270,"texture":"#2"},"east":{"uv":[0,0,1,1],"rotation":270,"texture":"#2"},"south":{"uv":[4,10,6,14],"rotation":270,"texture":"#2"},"west":{"uv":[0,0,1,1],"texture":"#2"}}},{"from":[4.12214,22.92595,7.525],"to":[7.22214,23.27405,9.275],"rotation":{"angle":22.5,"axis":"x","origin":[6.22214,23.1,8.4]},"faces":{"north":{"uv":[4,10,6,14],"rotation":90,"texture":"#2"},"east":{"uv":[0,0,1,1],"rotation":90,"texture":"#2"},"south":{"uv":[11,12,12,13],"rotation":90,"texture":"#2"},"west":{"uv":[0,0,1,1],"texture":"#2"}}},{"from":[4.12214,22.92595,7.525],"to":[7.22214,23.27405,9.275],"rotation":{"angle":0,"axis":"y","origin":[6.2,17.6,8.4]},"faces":{"north":{"uv":[4,10,6,14],"rotation":90,"texture":"#2"},"east":{"uv":[0,0,1,1],"rotation":90,"texture":"#2"},"south":{"uv":[8,10,9,11],"rotation":90,"texture":"#2"},"west":{"uv":[0,0,1,1],"texture":"#2"}}},{"from":[7.12214,22.3,8.24087],"to":[7.62214,23.9,8.55913],"rotation":{"angle":0,"axis":"y","origin":[6.2,17.6,8.4]},"faces":{"east":{"uv":[4,10,5,11],"texture":"#1_3"},"up":{"uv":[6,9,8,10],"rotation":270,"texture":"#1_3"},"down":{"uv":[11,8,12,9],"rotation":270,"texture":"#1_3"}}},{"from":[3.72214,21.52084,6.575],"to":[4.32214,21.82916,8.125],"rotation":{"angle":0,"axis":"y","origin":[6.2,16.175,7.35]},"faces":{"north":{"uv":[4,10,6,14],"rotation":90,"texture":"#2"},"east":{"uv":[0,0,1,1],"rotation":90,"texture":"#2"},"south":{"uv":[13,15,14,16],"rotation":90,"texture":"#2"},"west":{"uv":[0,0,1,1],"rotation":270,"texture":"#2"}}},{"from":[7.12214,20.875,7.19087],"to":[7.62214,22.475,7.50913],"rotation":{"angle":-22.5,"axis":"x","origin":[7.64714,21.675,7.35]},"faces":{"east":{"uv":[4,10,5,11],"texture":"#1_3"},"up":{"uv":[9,9.01,10,11.01],"rotation":180,"texture":"#1_3"},"down":{"uv":[10,8.01,12,8.51],"rotation":90,"texture":"#1_3"}}},{"from":[7.12214,20.875,7.19087],"to":[7.62214,22.475,7.50913],"rotation":{"angle":22.5,"axis":"x","origin":[7.64714,21.675,7.35]},"faces":{"east":{"uv":[4,10,5,11],"texture":"#1_3"},"up":{"uv":[9,10,11,11],"rotation":270,"texture":"#1_3"},"down":{"uv":[10,8,12,9],"rotation":270,"texture":"#1_3"}}},{"from":[7.12214,20.875,7.19087],"to":[7.62214,22.475,7.50913],"rotation":{"angle":-45,"axis":"x","origin":[7.64714,21.675,7.35]},"faces":{"east":{"uv":[4,10,5,11],"texture":"#1_3"},"up":{"uv":[11,10,13,11],"rotation":270,"texture":"#1_3"},"down":{"uv":[9,8.01,11,8.51],"rotation":90,"texture":"#1_3"}}},{"from":[7.12214,20.875,7.19087],"to":[7.62214,22.475,7.50913],"rotation":{"angle":45,"axis":"x","origin":[7.64714,21.675,7.35]},"faces":{"east":{"uv":[4,10,5,11],"texture":"#1_3"},"up":{"uv":[11,10,12,12],"texture":"#1_3"},"down":{"uv":[9,8,11,9],"rotation":270,"texture":"#1_3"}}},{"from":[7.12214,21.51587,6.55],"to":[7.62214,21.83413,8.15],"rotation":{"angle":22.5,"axis":"x","origin":[7.64714,21.675,7.35]},"faces":{"north":{"uv":[3,8,5,9],"rotation":270,"texture":"#1_3"},"east":{"uv":[4,10,5,11],"rotation":90,"texture":"#1_3"},"south":{"uv":[8,8.01,10,8.51],"rotation":90,"texture":"#1_3"}}},{"from":[7.12214,21.51587,6.55],"to":[7.62214,21.83413,8.15],"rotation":{"angle":-22.5,"axis":"x","origin":[7.64714,21.675,7.35]},"faces":{"north":{"uv":[8,8,10,9],"rotation":90,"texture":"#1_3"},"east":{"uv":[4,10,5,11],"rotation":270,"texture":"#1_3"},"south":{"uv":[3,8,4.9,9],"rotation":270,"texture":"#1_3"}}},{"from":[7.12214,21.51587,6.55],"to":[7.62214,21.83413,8.15],"rotation":{"angle":0,"axis":"y","origin":[6.2,16.175,7.35]},"faces":{"north":{"uv":[7,8,9,9],"rotation":90,"texture":"#1_3"},"east":{"uv":[4,10,5,11],"rotation":90,"texture":"#1_3"},"south":{"uv":[7,8.01,9,8.51],"rotation":90,"texture":"#1_3"}}},{"from":[7.62214,20.925,7.20082],"to":[7.92214,22.425,7.49918],"rotation":{"angle":0,"axis":"y","origin":[6.2,16.175,7.35]},"faces":{"east":{"uv":[4,10,5,11],"texture":"#1_3"},"up":{"uv":[6,9,8,10],"rotation":270,"texture":"#1_3"},"down":{"uv":[11,8,12,9],"rotation":270,"texture":"#1_3"}}},{"from":[7.62214,20.925,7.20082],"to":[7.92214,22.425,7.49918],"rotation":{"angle":22.5,"axis":"x","origin":[8.37214,21.675,7.35]},"faces":{"east":{"uv":[4,10,5,11],"texture":"#1_3"},"up":{"uv":[9,10,11,11],"rotation":270,"texture":"#1_3"},"down":{"uv":[10,8,12,9],"rotation":270,"texture":"#1_3"}}},{"from":[7.62214,20.925,7.20082],"to":[7.92214,22.425,7.49918],"rotation":{"angle":-22.5,"axis":"x","origin":[8.37214,21.675,7.35]},"faces":{"east":{"uv":[4,10,5,11],"texture":"#1_3"},"up":{"uv":[9,9.01,10,11.01],"rotation":180,"texture":"#1_3"},"down":{"uv":[10,8.01,12,8.51],"rotation":90,"texture":"#1_3"}}},{"from":[7.62214,20.925,7.20082],"to":[7.92214,22.425,7.49918],"rotation":{"angle":45,"axis":"x","origin":[8.37214,21.675,7.35]},"faces":{"east":{"uv":[4,10,5,11],"texture":"#1_3"},"up":{"uv":[11,10,12,12],"texture":"#1_3"},"down":{"uv":[9,8,11,9],"rotation":270,"texture":"#1_3"}}},{"from":[7.62214,20.925,7.20082],"to":[7.92214,22.425,7.49918],"rotation":{"angle":-45,"axis":"x","origin":[8.37214,21.675,7.35]},"faces":{"east":{"uv":[4,10,5,11],"texture":"#1_3"},"up":{"uv":[11,10,13,11],"rotation":270,"texture":"#1_3"},"down":{"uv":[9,8.01,11,8.51],"rotation":90,"texture":"#1_3"}}},{"from":[7.62214,21.52582,6.6],"to":[7.92214,21.82418,8.1],"rotation":{"angle":-22.5,"axis":"x","origin":[8.37214,21.675,7.35]},"faces":{"north":{"uv":[8,8,10,9],"rotation":90,"texture":"#1_3"},"east":{"uv":[4,10,5,11],"rotation":270,"texture":"#1_3"},"south":{"uv":[3,8,4.9,9],"rotation":270,"texture":"#1_3"}}},{"from":[7.62214,21.52582,6.6],"to":[7.92214,21.82418,8.1],"rotation":{"angle":22.5,"axis":"x","origin":[8.37214,21.675,7.35]},"faces":{"north":{"uv":[3,8,5,9],"rotation":270,"texture":"#1_3"},"east":{"uv":[4,10,5,11],"rotation":90,"texture":"#1_3"},"south":{"uv":[8,8.01,10,8.51],"rotation":90,"texture":"#1_3"}}},{"from":[7.62214,21.52582,6.6],"to":[7.92214,21.82418,8.1],"rotation":{"angle":0,"axis":"y","origin":[6.2,16.175,7.35]},"faces":{"north":{"uv":[7,8,9,9],"rotation":90,"texture":"#1_3"},"east":{"uv":[4,10,5,11],"rotation":270,"texture":"#1_3"},"south":{"uv":[7,8.01,9,8.51],"rotation":90,"texture":"#1_3"}}},{"from":[7.92214,20.975,7.21076],"to":[8.17214,22.375,7.48924],"rotation":{"angle":0,"axis":"y","origin":[6.2,16.175,7.35]},"faces":{"east":{"uv":[4,10,5,11],"texture":"#1_3"},"up":{"uv":[6,9,8,10],"rotation":270,"texture":"#1_3"},"down":{"uv":[11,8,12,9],"rotation":270,"texture":"#1_3"}}},{"from":[7.92214,20.975,7.21076],"to":[8.17214,22.375,7.48924],"rotation":{"angle":-22.5,"axis":"x","origin":[8.77214,21.675,7.35]},"faces":{"east":{"uv":[4,10,5,11],"texture":"#1_3"},"up":{"uv":[9,9.01,10,11.01],"rotation":180,"texture":"#1_3"},"down":{"uv":[10,8.01,12,8.51],"rotation":90,"texture":"#1_3"}}},{"from":[7.92214,20.975,7.21076],"to":[8.17214,22.375,7.48924],"rotation":{"angle":22.5,"axis":"x","origin":[8.77214,21.675,7.35]},"faces":{"east":{"uv":[4,10,5,11],"texture":"#1_3"},"up":{"uv":[9,10,11,11],"rotation":270,"texture":"#1_3"},"down":{"uv":[10,8,12,9],"rotation":270,"texture":"#1_3"}}},{"from":[7.92214,20.975,7.21076],"to":[8.17214,22.375,7.48924],"rotation":{"angle":-45,"axis":"x","origin":[8.77214,21.675,7.35]},"faces":{"east":{"uv":[4,10,5,11],"texture":"#1_3"},"up":{"uv":[11,10,13,11],"rotation":270,"texture":"#1_3"},"down":{"uv":[9,8.01,11,8.51],"rotation":90,"texture":"#1_3"}}},{"from":[7.92214,21.53576,6.65],"to":[8.17214,21.81424,8.05],"rotation":{"angle":22.5,"axis":"x","origin":[8.77214,21.675,7.35]},"faces":{"north":{"uv":[3,8,5,9],"rotation":270,"texture":"#1_3"},"east":{"uv":[4,10,5,11],"rotation":90,"texture":"#1_3"},"south":{"uv":[8,8.01,10,8.51],"rotation":90,"texture":"#1_3"}}},{"from":[7.92214,20.975,7.21076],"to":[8.17214,22.375,7.48924],"rotation":{"angle":45,"axis":"x","origin":[8.77214,21.675,7.35]},"faces":{"east":{"uv":[4,10,5,11],"texture":"#1_3"},"up":{"uv":[10,10,11,12],"texture":"#1_3"},"down":{"uv":[9,8,11,9],"rotation":270,"texture":"#1_3"}}},{"from":[7.92214,21.53576,6.65],"to":[8.17214,21.81424,8.05],"rotation":{"angle":-22.5,"axis":"x","origin":[8.77214,21.675,7.35]},"faces":{"north":{"uv":[8,8,10,9],"rotation":90,"texture":"#1_3"},"east":{"uv":[4,10,5,11],"rotation":270,"texture":"#1_3"},"south":{"uv":[3,8,4.9,9],"rotation":270,"texture":"#1_3"}}},{"from":[7.92214,21.53576,6.65],"to":[8.17214,21.81424,8.05],"rotation":{"angle":0,"axis":"y","origin":[6.2,16.175,7.35]},"faces":{"north":{"uv":[7,8,9,9],"rotation":90,"texture":"#1_3"},"east":{"uv":[4,10,5,11],"rotation":270,"texture":"#1_3"},"south":{"uv":[7,8.01,9,8.51],"rotation":90,"texture":"#1_3"}}},{"from":[8.17214,21.025,7.22071],"to":[8.32214,22.325,7.47929],"rotation":{"angle":0,"axis":"y","origin":[6.2,16.175,7.35]},"faces":{"east":{"uv":[4,10,5,11],"texture":"#1_3"},"up":{"uv":[6,9,8,10],"rotation":270,"texture":"#1_3"},"down":{"uv":[11,8,12,9],"rotation":270,"texture":"#1_3"}}},{"from":[8.17214,21.025,7.22071],"to":[8.32214,22.325,7.47929],"rotation":{"angle":22.5,"axis":"x","origin":[8.29714,21.675,7.35]},"faces":{"east":{"uv":[4,10,5,11],"texture":"#1_3"},"up":{"uv":[9,10,11,11],"rotation":270,"texture":"#1_3"},"down":{"uv":[10,8,12,9],"rotation":270,"texture":"#1_3"}}},{"from":[8.17214,21.025,7.22071],"to":[8.32214,22.325,7.47929],"rotation":{"angle":-22.5,"axis":"x","origin":[8.29714,21.675,7.35]},"faces":{"east":{"uv":[4,10,5,11],"texture":"#1_3"},"up":{"uv":[9,9.01,10,11.01],"rotation":180,"texture":"#1_3"},"down":{"uv":[10,8.01,12,8.51],"rotation":90,"texture":"#1_3"}}},{"from":[8.17214,21.025,7.22071],"to":[8.32214,22.325,7.47929],"rotation":{"angle":45,"axis":"x","origin":[8.29714,21.675,7.35]},"faces":{"east":{"uv":[4,10,5,11],"texture":"#1_3"},"up":{"uv":[10,10,11,12],"texture":"#1_3"},"down":{"uv":[9,8,11,9],"rotation":270,"texture":"#1_3"}}},{"from":[8.17214,21.025,7.22071],"to":[8.32214,22.325,7.47929],"rotation":{"angle":-45,"axis":"x","origin":[8.29714,21.675,7.35]},"faces":{"east":{"uv":[4,10,5,11],"texture":"#1_3"},"up":{"uv":[11,10,13,11],"rotation":270,"texture":"#1_3"},"down":{"uv":[9,8.01,11,8.51],"rotation":90,"texture":"#1_3"}}},{"from":[8.17214,21.54571,6.7],"to":[8.32214,21.80429,8],"rotation":{"angle":-22.5,"axis":"x","origin":[8.29714,21.675,7.35]},"faces":{"north":{"uv":[8,8,10,9],"rotation":90,"texture":"#1_3"},"east":{"uv":[4,10,5,11],"rotation":270,"texture":"#1_3"},"south":{"uv":[3,8,4.9,9],"rotation":270,"texture":"#1_3"}}},{"from":[8.17214,21.54571,6.7],"to":[8.32214,21.80429,8],"rotation":{"angle":22.5,"axis":"x","origin":[8.29714,21.675,7.35]},"faces":{"north":{"uv":[3,8,5,9],"rotation":270,"texture":"#1_3"},"east":{"uv":[4,10,5,11],"rotation":90,"texture":"#1_3"},"south":{"uv":[8,8.01,10,8.51],"rotation":90,"texture":"#1_3"}}},{"from":[8.17214,21.54571,6.7],"to":[8.32214,21.80429,8],"rotation":{"angle":0,"axis":"y","origin":[6.2,16.175,7.35]},"faces":{"north":{"uv":[7,8,9,9],"rotation":90,"texture":"#1_3"},"east":{"uv":[4,10,5,11],"rotation":270,"texture":"#1_3"},"south":{"uv":[7,8.01,9,8.51],"rotation":90,"texture":"#1_3"}}},{"from":[8.32214,21.775,7.15],"to":[8.77214,22.275,7.55],"rotation":{"angle":-22.5,"axis":"z","origin":[8.32214,22.275,7.26935]},"faces":{"north":{"uv":[9,9,10,12],"texture":"#1_3"},"east":{"uv":[8,3,9,4],"texture":"#1_3"},"south":{"uv":[9,9,10,12],"texture":"#1_3"},"up":{"uv":[8,9.5,13,10],"rotation":270,"texture":"#1_3"}}},{"from":[8.32214,21.075,7.15],"to":[8.77214,21.575,7.55],"rotation":{"angle":22.5,"axis":"z","origin":[8.32214,21.075,7.26935]},"faces":{"north":{"uv":[8,8,11,9],"rotation":90,"texture":"#1_3"},"east":{"uv":[5,11,4,10],"texture":"#1_3"},"south":{"uv":[9,8,12,9],"rotation":90,"texture":"#1_3"},"down":{"uv":[9,1.5,13,2],"rotation":270,"texture":"#1_3"}}},{"from":[8.32214,21.475,7.4],"to":[8.77214,21.875,7.95],"rotation":{"angle":22.5,"axis":"y","origin":[8.32214,21.675,7.95]},"faces":{"east":{"uv":[11,6,12,7],"rotation":270,"texture":"#1_3"},"south":{"uv":[7,8,10,9],"rotation":90,"texture":"#1_3"},"up":{"uv":[5,11,6,12],"rotation":180,"texture":"#1_3"},"down":{"uv":[5,11,6,12],"texture":"#1_3"}}},{"from":[8.32214,21.475,6.75],"to":[8.77214,21.875,7.3],"rotation":{"angle":-22.5,"axis":"y","origin":[8.32214,21.675,6.75]},"faces":{"north":{"uv":[7,9,10,8],"rotation":90,"texture":"#1_3"},"east":{"uv":[11,6,12,5],"rotation":270,"texture":"#1_3"},"up":{"uv":[5,11,6,12],"rotation":180,"texture":"#1_3"},"down":{"uv":[5,11,6,12],"texture":"#1_3"}}},{"from":[3.59694,20.8,7.17595],"to":[3.74704,22.55,7.52405],"rotation":{"angle":22.5,"axis":"x","origin":[3.72209,21.675,7.35]},"faces":{"east":{"uv":[15,14,16,15],"rotation":270,"texture":"#2"},"west":{"uv":[2,0,3,16],"rotation":180,"texture":"#2"},"up":{"uv":[1,2,2,3],"rotation":270,"texture":"#2"},"down":{"uv":[0,0,1,1],"rotation":270,"texture":"#2"}}},{"from":[3.59694,20.8,7.17595],"to":[3.74704,22.55,7.52405],"rotation":{"angle":-22.5,"axis":"x","origin":[3.72209,21.675,7.35]},"faces":{"east":{"uv":[15,14,16,15],"rotation":270,"texture":"#2"},"west":{"uv":[2,0,3,16],"rotation":180,"texture":"#2"},"up":{"uv":[1,2,2,3],"rotation":270,"texture":"#2"},"down":{"uv":[0,0,1,1],"rotation":270,"texture":"#2"}}},{"from":[3.59704,20.8,7.17595],"to":[3.74714,22.55,7.52405],"rotation":{"angle":45,"axis":"x","origin":[3.72209,21.675,7.35]},"faces":{"east":{"uv":[15,14,16,15],"rotation":270,"texture":"#2"},"west":{"uv":[2,0,3,16],"rotation":180,"texture":"#2"},"up":{"uv":[1,2,2,3],"rotation":270,"texture":"#2"},"down":{"uv":[0,0,1,1],"rotation":270,"texture":"#2"}}},{"from":[3.59704,20.8,7.17595],"to":[3.74714,22.55,7.52405],"rotation":{"angle":-45,"axis":"x","origin":[3.72209,21.675,7.35]},"faces":{"east":{"uv":[15,14,16,15],"rotation":270,"texture":"#2"},"west":{"uv":[2,0,3,16],"rotation":180,"texture":"#2"},"up":{"uv":[1,2,2,3],"rotation":270,"texture":"#2"},"down":{"uv":[0,0,1,1],"rotation":270,"texture":"#2"}}},{"from":[3.59704,21.50095,6.475],"to":[3.74714,21.84905,8.225],"rotation":{"angle":-22.5,"axis":"x","origin":[3.72209,21.675,7.35]},"faces":{"north":{"uv":[0,0,1,1],"rotation":90,"texture":"#2"},"east":{"uv":[15,14,16,15],"rotation":180,"texture":"#2"},"south":{"uv":[1,2,2,3],"rotation":270,"texture":"#2"},"west":{"uv":[2,0,3,16],"rotation":270,"texture":"#2"}}},{"from":[3.59704,21.50095,6.475],"to":[3.74714,21.84905,8.225],"rotation":{"angle":22.5,"axis":"x","origin":[3.72209,21.675,7.35]},"faces":{"north":{"uv":[1,2,2,3],"rotation":90,"texture":"#2"},"east":{"uv":[15,14,16,15],"texture":"#2"},"south":{"uv":[0,0,1,1],"rotation":270,"texture":"#2"},"west":{"uv":[2,0,3,16],"rotation":90,"texture":"#2"}}},{"from":[3.59694,21.50095,6.475],"to":[3.74704,21.84905,8.225],"rotation":{"angle":0,"axis":"y","origin":[6.2,16.175,7.35]},"faces":{"north":{"uv":[0,0,1,1],"rotation":90,"texture":"#2"},"east":{"uv":[15,14,16,15],"rotation":180,"texture":"#2"},"south":{"uv":[1,2,2,3],"rotation":270,"texture":"#2"},"west":{"uv":[2,0,3,16],"rotation":270,"texture":"#2"}}},{"from":[3.57214,21.275,7.27044],"to":[3.67214,22.075,7.42957],"rotation":{"angle":-22.5,"axis":"x","origin":[3.62214,21.675,7.35]},"faces":{"west":{"uv":[5,3.01,9,3.02],"rotation":90,"texture":"#1_3"},"up":{"uv":[0,0,1,1],"rotation":270,"texture":"#1_3"},"down":{"uv":[0,0,1,1],"rotation":270,"texture":"#1_3"}}},{"from":[3.57214,21.275,7.27044],"to":[3.67214,22.075,7.42957],"rotation":{"angle":22.5,"axis":"x","origin":[3.62214,21.675,7.35]},"faces":{"west":{"uv":[5,3.01,9,3.02],"rotation":90,"texture":"#1_3"},"up":{"uv":[0,0,1,1],"rotation":270,"texture":"#1_3"},"down":{"uv":[0,0,1,1],"rotation":270,"texture":"#1_3"}}},{"from":[3.57114,21.275,7.27044],"to":[3.67114,22.075,7.42957],"rotation":{"angle":-45,"axis":"x","origin":[3.62214,21.675,7.35]},"faces":{"west":{"uv":[5,3.01,9,3.02],"rotation":90,"texture":"#1_3"},"up":{"uv":[0,0,1,1],"rotation":270,"texture":"#1_3"},"down":{"uv":[0,0,1,1],"rotation":270,"texture":"#1_3"}}},{"from":[3.57114,21.275,7.27044],"to":[3.67114,22.075,7.42957],"rotation":{"angle":45,"axis":"x","origin":[3.62214,21.675,7.35]},"faces":{"west":{"uv":[5,3.01,9,3.02],"rotation":90,"texture":"#1_3"},"up":{"uv":[0,0,1,1],"rotation":270,"texture":"#1_3"},"down":{"uv":[0,0,1,1],"rotation":270,"texture":"#1_3"}}},{"from":[3.57214,21.59544,6.95],"to":[3.67214,21.75457,7.75],"rotation":{"angle":22.5,"axis":"x","origin":[3.62214,21.675,7.35]},"faces":{"north":{"uv":[0,0,1,1],"rotation":90,"texture":"#1_3"},"south":{"uv":[0,0,1,1],"rotation":270,"texture":"#1_3"},"west":{"uv":[5,3.01,9,3.02],"texture":"#1_3"}}},{"from":[3.57214,21.59544,6.95],"to":[3.67214,21.75457,7.75],"rotation":{"angle":-22.5,"axis":"x","origin":[3.62214,21.675,7.35]},"faces":{"north":{"uv":[0,0,1,1],"rotation":90,"texture":"#1_3"},"south":{"uv":[0,0,1,1],"rotation":270,"texture":"#1_3"},"west":{"uv":[5,3.01,9,3.02],"rotation":180,"texture":"#1_3"}}},{"from":[3.57014,21.59544,6.95],"to":[3.67014,21.75457,7.75],"rotation":{"angle":0,"axis":"y","origin":[6.2,16.175,7.35]},"faces":{"north":{"uv":[0,0,1,1],"rotation":90,"texture":"#1_3"},"south":{"uv":[0,0,1,1],"rotation":270,"texture":"#1_3"},"west":{"uv":[5,3.01,9,3.02],"texture":"#1_3"}}},{"from":[3.72214,20.9,7.19584],"to":[4.32214,22.45,7.50416],"rotation":{"angle":0,"axis":"y","origin":[6.2,16.175,7.35]},"faces":{"east":{"uv":[0,0,1,1],"texture":"#2"},"west":{"uv":[0,0,1,1],"texture":"#2"},"up":{"uv":[4,10,6,14],"rotation":270,"texture":"#2"},"down":{"uv":[13,15,14,16],"rotation":90,"texture":"#2"}}},{"from":[3.72214,20.9,7.19584],"to":[4.32214,22.45,7.50416],"rotation":{"angle":22.5,"axis":"x","origin":[4.02214,21.675,7.35]},"faces":{"east":{"uv":[0,0,1,1],"texture":"#2"},"west":{"uv":[0,0,1,1],"texture":"#2"},"up":{"uv":[4,10,6,14],"rotation":270,"texture":"#2"},"down":{"uv":[13,15,14,16],"rotation":90,"texture":"#2"}}},{"from":[3.72214,20.9,7.19584],"to":[4.32214,22.45,7.50416],"rotation":{"angle":-22.5,"axis":"x","origin":[4.02214,21.675,7.35]},"faces":{"east":{"uv":[0,0,1,1],"texture":"#2"},"west":{"uv":[0,0,1,1],"texture":"#2"},"up":{"uv":[4,10,6,14],"rotation":270,"texture":"#2"},"down":{"uv":[13,15,14,16],"rotation":90,"texture":"#2"}}},{"from":[3.72214,20.9,7.19584],"to":[4.32214,22.45,7.50416],"rotation":{"angle":45,"axis":"x","origin":[4.02214,21.675,7.35]},"faces":{"east":{"uv":[0,0,1,1],"texture":"#2"},"west":{"uv":[0,0,1,1],"texture":"#2"},"up":{"uv":[4,10,6,14],"rotation":270,"texture":"#2"},"down":{"uv":[13,15,14,16],"rotation":90,"texture":"#2"}}},{"from":[3.72214,20.9,7.19584],"to":[4.32214,22.45,7.50416],"rotation":{"angle":-45,"axis":"x","origin":[4.02214,21.675,7.35]},"faces":{"east":{"uv":[0,0,1,1],"texture":"#2"},"west":{"uv":[0,0,1,1],"texture":"#2"},"up":{"uv":[4,10,6,14],"rotation":270,"texture":"#2"},"down":{"uv":[13,15,14,16],"rotation":90,"texture":"#2"}}},{"from":[3.72214,21.52084,6.575],"to":[4.32214,21.82916,8.125],"rotation":{"angle":-22.5,"axis":"x","origin":[4.02214,21.675,7.35]},"faces":{"north":{"uv":[13,15,14,16],"rotation":270,"texture":"#2"},"east":{"uv":[0,0,1,1],"rotation":270,"texture":"#2"},"south":{"uv":[4,10,6,14],"rotation":270,"texture":"#2"},"west":{"uv":[0,0,1,1],"rotation":90,"texture":"#2"}}},{"from":[3.72214,21.52084,6.575],"to":[4.32214,21.82916,8.125],"rotation":{"angle":22.5,"axis":"x","origin":[4.02214,21.675,7.35]},"faces":{"north":{"uv":[4,10,6,14],"rotation":90,"texture":"#2"},"east":{"uv":[0,0,1,1],"rotation":90,"texture":"#2"},"south":{"uv":[13,15,14,16],"rotation":90,"texture":"#2"},"west":{"uv":[0,0,1,1],"rotation":270,"texture":"#2"}}},{"from":[3.59704,20.8,7.17595],"to":[3.74714,22.55,7.52405],"rotation":{"angle":0,"axis":"y","origin":[6.2,16.175,7.35]},"faces":{"east":{"uv":[15,14,16,15],"rotation":270,"texture":"#2"},"west":{"uv":[2,0,3,16],"rotation":180,"texture":"#2"},"up":{"uv":[1,2,2,3],"rotation":270,"texture":"#2"},"down":{"uv":[0,0,1,1],"rotation":270,"texture":"#2"}}},{"from":[3.57114,21.275,7.27044],"to":[3.67114,22.075,7.42957],"rotation":{"angle":0,"axis":"y","origin":[6.2,16.175,7.35]},"faces":{"west":{"uv":[5,3.01,9,3.02],"rotation":90,"texture":"#1_3"},"up":{"uv":[0,0,1,1],"rotation":270,"texture":"#1_3"},"down":{"uv":[0,0,1,1],"rotation":270,"texture":"#1_3"}}},{"from":[4.12214,20.8,7.17595],"to":[7.22214,22.55,7.52405],"rotation":{"angle":0,"axis":"y","origin":[6.2,16.175,7.35]},"faces":{"east":{"uv":[0,0,1,1],"texture":"#2"},"west":{"uv":[0,0,1,1],"texture":"#2"},"up":{"uv":[4,10,6,14],"rotation":270,"texture":"#2"},"down":{"uv":[13,15,14,16],"rotation":90,"texture":"#2"}}},{"from":[4.12214,20.8,7.17595],"to":[7.22214,22.55,7.52405],"rotation":{"angle":22.5,"axis":"x","origin":[6.22214,21.675,7.35]},"faces":{"east":{"uv":[0,0,1,1],"texture":"#2"},"west":{"uv":[0,0,1,1],"texture":"#2"},"up":{"uv":[15,15,16,16],"rotation":270,"texture":"#2"},"down":{"uv":[13,15,14,16],"rotation":90,"texture":"#2"}}},{"from":[4.12214,20.8,7.17595],"to":[7.22214,22.55,7.52405],"rotation":{"angle":-22.5,"axis":"x","origin":[6.22214,21.675,7.35]},"faces":{"east":{"uv":[0,0,1,1],"texture":"#2"},"west":{"uv":[0,0,1,1],"texture":"#2"},"up":{"uv":[4,10,6,14],"rotation":270,"texture":"#2"},"down":{"uv":[13,15,14,16],"rotation":90,"texture":"#2"}}},{"from":[4.12214,20.8,7.17595],"to":[7.22214,22.55,7.52405],"rotation":{"angle":45,"axis":"x","origin":[6.22214,21.675,7.35]},"faces":{"east":{"uv":[0,0,1,1],"texture":"#2"},"west":{"uv":[0,0,1,1],"texture":"#2"},"up":{"uv":[15,15,16,16],"rotation":270,"texture":"#2"},"down":{"uv":[13,15,14,16],"rotation":90,"texture":"#2"}}},{"from":[4.12214,20.8,7.17595],"to":[7.22214,22.55,7.52405],"rotation":{"angle":-45,"axis":"x","origin":[6.22214,21.675,7.35]},"faces":{"east":{"uv":[0,0,1,1],"texture":"#2"},"west":{"uv":[0,0,1,1],"texture":"#2"},"up":{"uv":[4,10,6,14],"rotation":270,"texture":"#2"},"down":{"uv":[13,13,14,14],"rotation":90,"texture":"#2"}}},{"from":[4.12214,21.50095,6.475],"to":[7.22214,21.84905,8.225],"rotation":{"angle":-22.5,"axis":"x","origin":[6.22214,21.675,7.35]},"faces":{"north":{"uv":[11,12,12,13],"rotation":270,"texture":"#2"},"east":{"uv":[0,0,1,1],"rotation":270,"texture":"#2"},"south":{"uv":[15,15,16,16],"rotation":270,"texture":"#2"},"west":{"uv":[0,0,1,1],"texture":"#2"}}},{"from":[4.12214,21.50095,6.475],"to":[7.22214,21.84905,8.225],"rotation":{"angle":22.5,"axis":"x","origin":[6.22214,21.675,7.35]},"faces":{"north":{"uv":[5,11,7,15],"rotation":90,"texture":"#2"},"east":{"uv":[0,0,1,1],"rotation":90,"texture":"#2"},"south":{"uv":[15,15,16,16],"rotation":90,"texture":"#2"},"west":{"uv":[0,0,1,1],"texture":"#2"}}},{"from":[4.12214,21.50095,6.475],"to":[7.22214,21.84905,8.225],"rotation":{"angle":0,"axis":"y","origin":[6.2,16.175,7.35]},"faces":{"north":{"uv":[4,10,6,14],"rotation":90,"texture":"#2"},"east":{"uv":[0,0,1,1],"rotation":90,"texture":"#2"},"south":{"uv":[15,15,16,16],"rotation":90,"texture":"#2"},"west":{"uv":[0,0,1,1],"texture":"#2"}}},{"from":[7.12214,20.875,7.19087],"to":[7.62214,22.475,7.50913],"rotation":{"angle":0,"axis":"y","origin":[6.2,16.175,7.35]},"faces":{"east":{"uv":[4,10,5,11],"texture":"#1_3"},"up":{"uv":[6,9,8,10],"rotation":270,"texture":"#1_3"},"down":{"uv":[11,8,12,9],"rotation":270,"texture":"#1_3"}}},{"from":[3.72214,20.37084,7.9],"to":[4.32214,20.67916,9.45],"rotation":{"angle":0,"axis":"y","origin":[6.2,15.025,8.675]},"faces":{"north":{"uv":[15,15,16,16],"rotation":90,"texture":"#2"},"east":{"uv":[0,0,1,1],"rotation":90,"texture":"#2"},"south":{"uv":[13,15,14,16],"rotation":90,"texture":"#2"},"west":{"uv":[0,0,1,1],"rotation":270,"texture":"#2"}}},{"from":[7.12214,19.725,8.51587],"to":[7.62214,21.325,8.83413],"rotation":{"angle":-22.5,"axis":"x","origin":[7.64714,20.525,8.675]},"faces":{"east":{"uv":[4,10,5,11],"texture":"#1_3"},"up":{"uv":[9,9.01,10,11.01],"rotation":180,"texture":"#1_3"}}},{"from":[7.12214,19.725,8.51587],"to":[7.62214,21.325,8.83413],"rotation":{"angle":22.5,"axis":"x","origin":[7.64714,20.525,8.675]},"faces":{"east":{"uv":[4,10,5,11],"texture":"#1_3"},"up":{"uv":[9,10,11,11],"rotation":270,"texture":"#1_3"}}},{"from":[7.12214,19.725,8.51587],"to":[7.62214,21.325,8.83413],"rotation":{"angle":-45,"axis":"x","origin":[7.64714,20.525,8.675]},"faces":{"east":{"uv":[4,10,5,11],"texture":"#1_3"},"up":{"uv":[11,10,13,11],"rotation":270,"texture":"#1_3"}}},{"from":[7.12214,19.725,8.51587],"to":[7.62214,21.325,8.83413],"rotation":{"angle":45,"axis":"x","origin":[7.64714,20.525,8.675]},"faces":{"east":{"uv":[4,10,5,11],"texture":"#1_3"},"up":{"uv":[11,10,12,12],"texture":"#1_3"}}},{"from":[7.12214,20.36587,7.875],"to":[7.62214,20.68413,9.475],"rotation":{"angle":22.5,"axis":"x","origin":[7.64714,20.525,8.675]},"faces":{"north":{"uv":[3,8,5,9],"rotation":270,"texture":"#1_3"},"east":{"uv":[4,10,5,11],"rotation":90,"texture":"#1_3"}}},{"from":[7.12214,20.36587,7.875],"to":[7.62214,20.68413,9.475],"rotation":{"angle":-22.5,"axis":"x","origin":[7.64714,20.525,8.675]},"faces":{"north":{"uv":[8,8,10,9],"rotation":90,"texture":"#1_3"},"east":{"uv":[4,10,5,11],"rotation":270,"texture":"#1_3"},"south":{"uv":[3,8,4.9,9],"rotation":270,"texture":"#1_3"}}},{"from":[7.12214,20.36587,7.875],"to":[7.62214,20.68413,9.475],"rotation":{"angle":0,"axis":"y","origin":[6.2,15.025,8.675]},"faces":{"north":{"uv":[7,8,9,9],"rotation":90,"texture":"#1_3"},"east":{"uv":[4,10,5,11],"rotation":90,"texture":"#1_3"},"south":{"uv":[7,8.01,9,8.51],"rotation":90,"texture":"#1_3"}}},{"from":[7.62214,19.775,8.52582],"to":[7.92214,21.275,8.82418],"rotation":{"angle":0,"axis":"y","origin":[6.2,15.025,8.675]},"faces":{"east":{"uv":[4,10,5,11],"texture":"#1_3"},"up":{"uv":[6,9,8,10],"rotation":270,"texture":"#1_3"}}},{"from":[7.62214,19.775,8.52582],"to":[7.92214,21.275,8.82418],"rotation":{"angle":22.5,"axis":"x","origin":[8.37214,20.525,8.675]},"faces":{"east":{"uv":[4,10,5,11],"texture":"#1_3"},"up":{"uv":[9,10,11,11],"rotation":270,"texture":"#1_3"}}},{"from":[7.62214,19.775,8.52582],"to":[7.92214,21.275,8.82418],"rotation":{"angle":-22.5,"axis":"x","origin":[8.37214,20.525,8.675]},"faces":{"east":{"uv":[4,10,5,11],"texture":"#1_3"},"up":{"uv":[9,9.01,10,11.01],"rotation":180,"texture":"#1_3"}}},{"from":[7.62214,19.775,8.52582],"to":[7.92214,21.275,8.82418],"rotation":{"angle":45,"axis":"x","origin":[8.37214,20.525,8.675]},"faces":{"east":{"uv":[4,10,5,11],"texture":"#1_3"},"up":{"uv":[11,10,12,12],"texture":"#1_3"}}},{"from":[7.62214,19.775,8.52582],"to":[7.92214,21.275,8.82418],"rotation":{"angle":-45,"axis":"x","origin":[8.37214,20.525,8.675]},"faces":{"east":{"uv":[4,10,5,11],"texture":"#1_3"},"up":{"uv":[11,10,13,11],"rotation":270,"texture":"#1_3"}}},{"from":[7.62214,20.37582,7.925],"to":[7.92214,20.67418,9.425],"rotation":{"angle":-22.5,"axis":"x","origin":[8.37214,20.525,8.675]},"faces":{"north":{"uv":[8,8,10,9],"rotation":90,"texture":"#1_3"},"east":{"uv":[4,10,5,11],"rotation":270,"texture":"#1_3"},"south":{"uv":[3,8,4.9,9],"rotation":270,"texture":"#1_3"}}},{"from":[7.62214,20.37582,7.925],"to":[7.92214,20.67418,9.425],"rotation":{"angle":22.5,"axis":"x","origin":[8.37214,20.525,8.675]},"faces":{"north":{"uv":[3,8,5,9],"rotation":270,"texture":"#1_3"},"east":{"uv":[4,10,5,11],"rotation":90,"texture":"#1_3"}}},{"from":[7.62214,20.37582,7.925],"to":[7.92214,20.67418,9.425],"rotation":{"angle":0,"axis":"y","origin":[6.2,15.025,8.675]},"faces":{"north":{"uv":[7,8,9,9],"rotation":90,"texture":"#1_3"},"east":{"uv":[4,10,5,11],"rotation":270,"texture":"#1_3"},"south":{"uv":[7,8.01,9,8.51],"rotation":90,"texture":"#1_3"}}},{"from":[7.92214,19.825,8.53576],"to":[8.17214,21.225,8.81424],"rotation":{"angle":0,"axis":"y","origin":[6.2,15.025,8.675]},"faces":{"east":{"uv":[4,10,5,11],"texture":"#1_3"},"up":{"uv":[6,9,8,10],"rotation":270,"texture":"#1_3"}}},{"from":[7.92214,19.825,8.53576],"to":[8.17214,21.225,8.81424],"rotation":{"angle":-22.5,"axis":"x","origin":[8.77214,20.525,8.675]},"faces":{"east":{"uv":[4,10,5,11],"texture":"#1_3"},"up":{"uv":[9,9.01,10,11.01],"rotation":180,"texture":"#1_3"}}},{"from":[7.92214,19.825,8.53576],"to":[8.17214,21.225,8.81424],"rotation":{"angle":22.5,"axis":"x","origin":[8.77214,20.525,8.675]},"faces":{"east":{"uv":[4,10,5,11],"texture":"#1_3"},"up":{"uv":[9,10,11,11],"rotation":270,"texture":"#1_3"}}},{"from":[7.92214,19.825,8.53576],"to":[8.17214,21.225,8.81424],"rotation":{"angle":-45,"axis":"x","origin":[8.77214,20.525,8.675]},"faces":{"east":{"uv":[4,10,5,11],"texture":"#1_3"},"up":{"uv":[11,10,13,11],"rotation":270,"texture":"#1_3"}}},{"from":[7.92214,20.38576,7.975],"to":[8.17214,20.66424,9.375],"rotation":{"angle":22.5,"axis":"x","origin":[8.77214,20.525,8.675]},"faces":{"north":{"uv":[3,8,5,9],"rotation":270,"texture":"#1_3"},"east":{"uv":[4,10,5,11],"rotation":90,"texture":"#1_3"}}},{"from":[7.92214,19.825,8.53576],"to":[8.17214,21.225,8.81424],"rotation":{"angle":45,"axis":"x","origin":[8.77214,20.525,8.675]},"faces":{"east":{"uv":[4,10,5,11],"texture":"#1_3"},"up":{"uv":[10,10,11,12],"texture":"#1_3"}}},{"from":[7.92214,20.38576,7.975],"to":[8.17214,20.66424,9.375],"rotation":{"angle":-22.5,"axis":"x","origin":[8.77214,20.525,8.675]},"faces":{"north":{"uv":[8,8,10,9],"rotation":90,"texture":"#1_3"},"east":{"uv":[4,10,5,11],"rotation":270,"texture":"#1_3"},"south":{"uv":[3,8,4.9,9],"rotation":270,"texture":"#1_3"}}},{"from":[7.92214,20.38576,7.975],"to":[8.17214,20.66424,9.375],"rotation":{"angle":0,"axis":"y","origin":[6.2,15.025,8.675]},"faces":{"north":{"uv":[7,8,9,9],"rotation":90,"texture":"#1_3"},"east":{"uv":[4,10,5,11],"rotation":270,"texture":"#1_3"},"south":{"uv":[7,8.01,9,8.51],"rotation":90,"texture":"#1_3"}}},{"from":[8.17214,19.875,8.54571],"to":[8.32214,21.175,8.80429],"rotation":{"angle":0,"axis":"y","origin":[6.2,15.025,8.675]},"faces":{"east":{"uv":[4,10,5,11],"texture":"#1_3"},"up":{"uv":[6,9,8,10],"rotation":270,"texture":"#1_3"}}},{"from":[8.17214,19.875,8.54571],"to":[8.32214,21.175,8.80429],"rotation":{"angle":22.5,"axis":"x","origin":[8.29714,20.525,8.675]},"faces":{"east":{"uv":[4,10,5,11],"texture":"#1_3"},"up":{"uv":[9,10,11,11],"rotation":270,"texture":"#1_3"}}},{"from":[8.17214,19.875,8.54571],"to":[8.32214,21.175,8.80429],"rotation":{"angle":-22.5,"axis":"x","origin":[8.29714,20.525,8.675]},"faces":{"east":{"uv":[4,10,5,11],"texture":"#1_3"},"up":{"uv":[9,9.01,10,11.01],"rotation":180,"texture":"#1_3"}}},{"from":[8.17214,19.875,8.54571],"to":[8.32214,21.175,8.80429],"rotation":{"angle":45,"axis":"x","origin":[8.29714,20.525,8.675]},"faces":{"east":{"uv":[4,10,5,11],"texture":"#1_3"},"up":{"uv":[10,10,11,12],"texture":"#1_3"}}},{"from":[8.17214,19.875,8.54571],"to":[8.32214,21.175,8.80429],"rotation":{"angle":-45,"axis":"x","origin":[8.29714,20.525,8.675]},"faces":{"east":{"uv":[4,10,5,11],"texture":"#1_3"},"up":{"uv":[11,10,13,11],"rotation":270,"texture":"#1_3"}}},{"from":[8.17214,20.39571,8.025],"to":[8.32214,20.65429,9.325],"rotation":{"angle":-22.5,"axis":"x","origin":[8.29714,20.525,8.675]},"faces":{"north":{"uv":[8,8,10,9],"rotation":90,"texture":"#1_3"},"east":{"uv":[4,10,5,11],"rotation":270,"texture":"#1_3"},"south":{"uv":[3,8,4.9,9],"rotation":270,"texture":"#1_3"}}},{"from":[8.17214,20.39571,8.025],"to":[8.32214,20.65429,9.325],"rotation":{"angle":22.5,"axis":"x","origin":[8.29714,20.525,8.675]},"faces":{"north":{"uv":[3,8,5,9],"rotation":270,"texture":"#1_3"},"east":{"uv":[4,10,5,11],"rotation":90,"texture":"#1_3"}}},{"from":[8.17214,20.39571,8.025],"to":[8.32214,20.65429,9.325],"rotation":{"angle":0,"axis":"y","origin":[6.2,15.025,8.675]},"faces":{"north":{"uv":[7,8,9,9],"rotation":90,"texture":"#1_3"},"east":{"uv":[4,10,5,11],"rotation":270,"texture":"#1_3"},"south":{"uv":[7,8.01,9,8.51],"rotation":90,"texture":"#1_3"}}},{"from":[8.32214,20.625,8.475],"to":[8.77214,21.125,8.875],"rotation":{"angle":-22.5,"axis":"z","origin":[8.32214,21.125,8.59435]},"faces":{"north":{"uv":[9,9,10,12],"texture":"#1_3"},"east":{"uv":[8,3,9,4],"texture":"#1_3"},"south":{"uv":[9,9,10,12],"texture":"#1_3"},"up":{"uv":[8,9.5,13,10],"rotation":270,"texture":"#1_3"}}},{"from":[8.32214,19.925,8.475],"to":[8.77214,20.425,8.875],"rotation":{"angle":22.5,"axis":"z","origin":[8.32214,19.925,8.59435]},"faces":{"north":{"uv":[8,8,11,9],"rotation":90,"texture":"#1_3"},"east":{"uv":[5,11,4,10],"texture":"#1_3"},"south":{"uv":[9,8,12,9],"rotation":90,"texture":"#1_3"},"down":{"uv":[9,1.5,13,2],"rotation":270,"texture":"#1_3"}}},{"from":[8.32214,20.325,8.725],"to":[8.77214,20.725,9.275],"rotation":{"angle":22.5,"axis":"y","origin":[8.32214,20.525,9.275]},"faces":{"east":{"uv":[11,6,12,7],"rotation":270,"texture":"#1_3"},"south":{"uv":[7,8,10,9],"rotation":90,"texture":"#1_3"},"up":{"uv":[5,11,6,12],"rotation":180,"texture":"#1_3"},"down":{"uv":[5,11,6,12],"texture":"#1_3"}}},{"from":[8.32214,20.325,8.075],"to":[8.77214,20.725,8.625],"rotation":{"angle":-22.5,"axis":"y","origin":[8.32214,20.525,8.075]},"faces":{"north":{"uv":[7,9,10,8],"rotation":90,"texture":"#1_3"},"east":{"uv":[11,6,12,5],"rotation":270,"texture":"#1_3"},"up":{"uv":[5,11,6,12],"rotation":180,"texture":"#1_3"},"down":{"uv":[5,11,6,12],"texture":"#1_3"}}},{"from":[3.59694,19.65,8.50095],"to":[3.74704,21.4,8.84905],"rotation":{"angle":22.5,"axis":"x","origin":[3.72209,20.525,8.675]},"faces":{"east":{"uv":[15,14,16,15],"rotation":270,"texture":"#2"},"west":{"uv":[2,0,3,16],"rotation":180,"texture":"#2"},"up":{"uv":[12,13,13,14],"rotation":270,"texture":"#2"}}},{"from":[3.59694,19.65,8.50095],"to":[3.74704,21.4,8.84905],"rotation":{"angle":-22.5,"axis":"x","origin":[3.72209,20.525,8.675]},"faces":{"east":{"uv":[15,14,16,15],"rotation":270,"texture":"#2"},"west":{"uv":[2,0,3,16],"rotation":180,"texture":"#2"},"up":{"uv":[8,5,9,6],"rotation":270,"texture":"#2"}}},{"from":[3.59704,19.65,8.50095],"to":[3.74714,21.4,8.84905],"rotation":{"angle":45,"axis":"x","origin":[3.72209,20.525,8.675]},"faces":{"east":{"uv":[15,14,16,15],"rotation":270,"texture":"#2"},"west":{"uv":[2,0,3,16],"rotation":180,"texture":"#2"},"up":{"uv":[7,13,8,14],"rotation":270,"texture":"#2"}}},{"from":[3.59704,19.65,8.50095],"to":[3.74714,21.4,8.84905],"rotation":{"angle":-45,"axis":"x","origin":[3.72209,20.525,8.675]},"faces":{"east":{"uv":[15,14,16,15],"rotation":270,"texture":"#2"},"west":{"uv":[2,0,3,16],"rotation":180,"texture":"#2"},"up":{"uv":[7,13,8,14],"rotation":270,"texture":"#2"}}},{"from":[3.59704,20.35095,7.8],"to":[3.74714,20.69905,9.55],"rotation":{"angle":-22.5,"axis":"x","origin":[3.72209,20.525,8.675]},"faces":{"north":{"uv":[15,15,16,16],"rotation":90,"texture":"#2"},"east":{"uv":[15,14,16,15],"rotation":180,"texture":"#2"},"south":{"uv":[15,15,16,16],"rotation":270,"texture":"#2"},"west":{"uv":[2,0,3,16],"rotation":270,"texture":"#2"}}},{"from":[3.59704,20.35095,7.8],"to":[3.74714,20.69905,9.55],"rotation":{"angle":22.5,"axis":"x","origin":[3.72209,20.525,8.675]},"faces":{"north":{"uv":[15,15,16,16],"rotation":90,"texture":"#2"},"east":{"uv":[15,14,16,15],"texture":"#2"},"south":{"uv":[15,15,16,16],"rotation":270,"texture":"#2"},"west":{"uv":[2,0,3,16],"rotation":90,"texture":"#2"}}},{"from":[3.59694,20.35095,7.8],"to":[3.74704,20.69905,9.55],"rotation":{"angle":0,"axis":"y","origin":[6.2,15.025,8.675]},"faces":{"north":{"uv":[15,15,16,16],"rotation":90,"texture":"#2"},"east":{"uv":[15,14,16,15],"rotation":180,"texture":"#2"},"south":{"uv":[15,15,16,16],"rotation":270,"texture":"#2"},"west":{"uv":[2,0,3,16],"rotation":270,"texture":"#2"}}},{"from":[3.57214,20.125,8.59544],"to":[3.67214,20.925,8.75457],"rotation":{"angle":-22.5,"axis":"x","origin":[3.62214,20.525,8.675]},"faces":{"west":{"uv":[5,3.01,9,3.02],"rotation":90,"texture":"#1_3"},"up":{"uv":[0,0,1,1],"rotation":270,"texture":"#1_3"},"down":{"uv":[0,0,1,1],"rotation":270,"texture":"#1_3"}}},{"from":[3.57214,20.125,8.59544],"to":[3.67214,20.925,8.75457],"rotation":{"angle":22.5,"axis":"x","origin":[3.62214,20.525,8.675]},"faces":{"west":{"uv":[5,3.01,9,3.02],"rotation":90,"texture":"#1_3"},"up":{"uv":[0,0,1,1],"rotation":270,"texture":"#1_3"},"down":{"uv":[0,0,1,1],"rotation":270,"texture":"#1_3"}}},{"from":[3.57114,20.125,8.59544],"to":[3.67114,20.925,8.75457],"rotation":{"angle":-45,"axis":"x","origin":[3.62214,20.525,8.675]},"faces":{"west":{"uv":[5,3.01,9,3.02],"rotation":90,"texture":"#1_3"},"up":{"uv":[0,0,1,1],"rotation":270,"texture":"#1_3"},"down":{"uv":[0,0,1,1],"rotation":270,"texture":"#1_3"}}},{"from":[3.57114,20.125,8.59544],"to":[3.67114,20.925,8.75457],"rotation":{"angle":45,"axis":"x","origin":[3.62214,20.525,8.675]},"faces":{"west":{"uv":[5,3.01,9,3.02],"rotation":90,"texture":"#1_3"},"up":{"uv":[0,0,1,1],"rotation":270,"texture":"#1_3"},"down":{"uv":[0,0,1,1],"rotation":270,"texture":"#1_3"}}},{"from":[3.57214,20.44544,8.275],"to":[3.67214,20.60457,9.075],"rotation":{"angle":22.5,"axis":"x","origin":[3.62214,20.525,8.675]},"faces":{"north":{"uv":[0,0,1,1],"rotation":90,"texture":"#1_3"},"south":{"uv":[0,0,1,1],"rotation":270,"texture":"#1_3"},"west":{"uv":[5,3.01,9,3.02],"texture":"#1_3"}}},{"from":[3.57214,20.44544,8.275],"to":[3.67214,20.60457,9.075],"rotation":{"angle":-22.5,"axis":"x","origin":[3.62214,20.525,8.675]},"faces":{"north":{"uv":[0,0,1,1],"rotation":90,"texture":"#1_3"},"south":{"uv":[0,0,1,1],"rotation":270,"texture":"#1_3"},"west":{"uv":[5,3.01,9,3.02],"rotation":180,"texture":"#1_3"}}},{"from":[3.57014,20.44544,8.275],"to":[3.67014,20.60457,9.075],"rotation":{"angle":0,"axis":"y","origin":[6.2,15.025,8.675]},"faces":{"north":{"uv":[0,0,1,1],"rotation":90,"texture":"#1_3"},"south":{"uv":[0,0,1,1],"rotation":270,"texture":"#1_3"},"west":{"uv":[5,3.01,9,3.02],"texture":"#1_3"}}},{"from":[3.72214,19.75,8.52084],"to":[4.32214,21.3,8.82916],"rotation":{"angle":0,"axis":"y","origin":[6.2,15.025,8.675]},"faces":{"east":{"uv":[0,0,1,1],"texture":"#2"},"west":{"uv":[0,0,1,1],"texture":"#2"},"up":{"uv":[15,15,16,16],"rotation":270,"texture":"#2"}}},{"from":[3.72214,19.75,8.52084],"to":[4.32214,21.3,8.82916],"rotation":{"angle":22.5,"axis":"x","origin":[4.02214,20.525,8.675]},"faces":{"east":{"uv":[0,0,1,1],"texture":"#2"},"west":{"uv":[0,0,1,1],"texture":"#2"},"up":{"uv":[15,15,16,16],"rotation":270,"texture":"#2"}}},{"from":[3.72214,19.75,8.52084],"to":[4.32214,21.3,8.82916],"rotation":{"angle":-22.5,"axis":"x","origin":[4.02214,20.525,8.675]},"faces":{"east":{"uv":[0,0,1,1],"texture":"#2"},"west":{"uv":[0,0,1,1],"texture":"#2"},"up":{"uv":[15,15,16,16],"rotation":270,"texture":"#2"}}},{"from":[3.72214,19.75,8.52084],"to":[4.32214,21.3,8.82916],"rotation":{"angle":45,"axis":"x","origin":[4.02214,20.525,8.675]},"faces":{"east":{"uv":[0,0,1,1],"texture":"#2"},"west":{"uv":[0,0,1,1],"texture":"#2"},"up":{"uv":[15,15,16,16],"rotation":270,"texture":"#2"}}},{"from":[3.72214,19.75,8.52084],"to":[4.32214,21.3,8.82916],"rotation":{"angle":-45,"axis":"x","origin":[4.02214,20.525,8.675]},"faces":{"east":{"uv":[0,0,1,1],"texture":"#2"},"west":{"uv":[0,0,1,1],"texture":"#2"},"up":{"uv":[15,15,16,16],"rotation":270,"texture":"#2"}}},{"from":[3.72214,20.37084,7.9],"to":[4.32214,20.67916,9.45],"rotation":{"angle":-22.5,"axis":"x","origin":[4.02214,20.525,8.675]},"faces":{"north":{"uv":[13,15,14,16],"rotation":270,"texture":"#2"},"east":{"uv":[0,0,1,1],"rotation":270,"texture":"#2"},"south":{"uv":[15,15,16,16],"rotation":270,"texture":"#2"},"west":{"uv":[0,0,1,1],"rotation":90,"texture":"#2"}}},{"from":[3.72214,20.37084,7.9],"to":[4.32214,20.67916,9.45],"rotation":{"angle":22.5,"axis":"x","origin":[4.02214,20.525,8.675]},"faces":{"north":{"uv":[15,15,16,16],"rotation":90,"texture":"#2"},"east":{"uv":[0,0,1,1],"rotation":90,"texture":"#2"},"west":{"uv":[0,0,1,1],"rotation":270,"texture":"#2"}}},{"from":[3.59704,19.65,8.50095],"to":[3.74714,21.4,8.84905],"rotation":{"angle":0,"axis":"y","origin":[6.2,15.025,8.675]},"faces":{"east":{"uv":[15,14,16,15],"rotation":270,"texture":"#2"},"west":{"uv":[2,0,3,16],"rotation":180,"texture":"#2"},"up":{"uv":[10,7,11,8],"rotation":270,"texture":"#2"}}},{"from":[3.57114,20.125,8.59544],"to":[3.67114,20.925,8.75457],"rotation":{"angle":0,"axis":"y","origin":[6.2,15.025,8.675]},"faces":{"west":{"uv":[5,3.01,9,3.02],"rotation":90,"texture":"#1_3"},"up":{"uv":[0,0,1,1],"rotation":270,"texture":"#1_3"},"down":{"uv":[0,0,1,1],"rotation":270,"texture":"#1_3"}}},{"from":[4.12214,19.65,8.50095],"to":[7.22214,21.4,8.84905],"rotation":{"angle":0,"axis":"y","origin":[6.2,15.025,8.675]},"faces":{"east":{"uv":[0,0,1,1],"texture":"#2"},"west":{"uv":[0,0,1,1],"texture":"#2"},"up":{"uv":[5,11,7,15],"rotation":270,"texture":"#2"}}},{"from":[4.12214,19.65,8.50095],"to":[7.22214,21.4,8.84905],"rotation":{"angle":22.5,"axis":"x","origin":[6.22214,20.525,8.675]},"faces":{"east":{"uv":[0,0,1,1],"texture":"#2"},"west":{"uv":[0,0,1,1],"texture":"#2"},"up":{"uv":[6,11,8,15],"rotation":270,"texture":"#2"}}},{"from":[4.12214,19.65,8.50095],"to":[7.22214,21.4,8.84905],"rotation":{"angle":-22.5,"axis":"x","origin":[6.22214,20.525,8.675]},"faces":{"east":{"uv":[0,0,1,1],"texture":"#2"},"west":{"uv":[0,0,1,1],"texture":"#2"},"up":{"uv":[15,1,16,3],"rotation":270,"texture":"#2"}}},{"from":[4.12214,19.65,8.50095],"to":[7.22214,21.4,8.84905],"rotation":{"angle":45,"axis":"x","origin":[6.22214,20.525,8.675]},"faces":{"east":{"uv":[0,0,1,1],"texture":"#2"},"west":{"uv":[0,0,1,1],"texture":"#2"},"up":{"uv":[6,11,8,15],"rotation":270,"texture":"#2"}}},{"from":[4.12214,19.65,8.50095],"to":[7.22214,21.4,8.84905],"rotation":{"angle":-45,"axis":"x","origin":[6.22214,20.525,8.675]},"faces":{"east":{"uv":[0,0,1,1],"texture":"#2"},"west":{"uv":[0,0,1,1],"texture":"#2"},"up":{"uv":[14,12,16,16],"rotation":270,"texture":"#2"}}},{"from":[4.12214,20.35095,7.8],"to":[7.22214,20.69905,9.55],"rotation":{"angle":-22.5,"axis":"x","origin":[6.22214,20.525,8.675]},"faces":{"north":{"uv":[15,15,16,16],"rotation":270,"texture":"#2"},"east":{"uv":[0,0,1,1],"rotation":270,"texture":"#2"},"south":{"uv":[14,12,16,16],"rotation":90,"texture":"#2"},"west":{"uv":[0,0,1,1],"texture":"#2"}}},{"from":[4.12214,20.35095,7.8],"to":[7.22214,20.69905,9.55],"rotation":{"angle":22.5,"axis":"x","origin":[6.22214,20.525,8.675]},"faces":{"north":{"uv":[10,15,15,16],"rotation":90,"texture":"#2"},"east":{"uv":[0,0,1,1],"rotation":90,"texture":"#2"},"west":{"uv":[0,0,1,1],"texture":"#2"}}},{"from":[4.12214,20.35095,7.8],"to":[7.22214,20.69905,9.55],"rotation":{"angle":0,"axis":"y","origin":[6.2,15.025,8.675]},"faces":{"north":{"uv":[9,15,16,16],"rotation":90,"texture":"#2"},"east":{"uv":[0,0,1,1],"rotation":90,"texture":"#2"},"south":{"uv":[15,15,16,16],"rotation":90,"texture":"#2"},"west":{"uv":[0,0,1,1],"texture":"#2"}}},{"from":[7.12214,19.725,8.51587],"to":[7.62214,21.325,8.83413],"rotation":{"angle":0,"axis":"y","origin":[6.2,15.025,8.675]},"faces":{"east":{"uv":[4,10,5,11],"texture":"#1_3"},"up":{"uv":[6,9,8,10],"rotation":270,"texture":"#1_3"}}}],"display":{"thirdperson_righthand":{"rotation":[25,111,-23],"translation":[-1,-2,0],"scale":[0.25,0.25,0.25]},"thirdperson_lefthand":{"rotation":[69,-71,65],"translation":[-1,-2,0],"scale":[0.25,0.25,0.25]},"firstperson_righthand":{"rotation":[-87,65,68],"translation":[1,-1.25,4.25],"scale":[0.44,0.44,0.44]},"firstperson_lefthand":{"rotation":[-40,-110,-33],"translation":[-0.25,-1.5,3],"scale":[0.44,0.44,0.44]},"ground":{"translation":[0,5,0],"scale":[0.25,0.25,0.25]},"gui":{"rotation":[0,180,32],"translation":[-0.5,1.75,0],"scale":[0.6,0.6,0.6]},"head":{"scale":[0.5,0.5,0.5]},"fixed":{"rotation":[0,180,0],"translation":[0,0,-2],"scale":[0.5,0.5,0.5]}}}