{"gui_light":"front","textures":{"0":"block/coal_block","1":"block/black_wool","3":"block/chiseled_stone_bricks","5":"block/furnace_side","6":"block/cauldron_inner"},"elements":[{"from":[10.39998,8.85001,7.95],"to":[10.99998,8.95001,8.05],"rotation":{"angle":45,"axis":"z","origin":[10.39998,8.90001,8]},"faces":{"north":{"uv":[8,3,9,7],"texture":"#3"},"east":{"uv":[7,7,6,8],"rotation":270,"texture":"#3"},"south":{"uv":[8,3,9,7],"texture":"#3"},"west":{"uv":[1,0,0,1],"rotation":90,"texture":"#3"},"up":{"uv":[6,11,13,13],"texture":"#3"},"down":{"uv":[6,7,7,16],"rotation":270,"texture":"#6"}}},{"from":[9.99998,8.85001,7.95],"to":[10.39998,8.95001,8.05],"rotation":{"angle":0,"axis":"z","origin":[1.69948,8.95001,8.05]},"faces":{"east":{"uv":[7,7,6,8],"rotation":270,"texture":"#3"},"west":{"uv":[4,6,2,7],"rotation":90,"texture":"#3"},"up":{"uv":[3,10.5,8,10.6],"texture":"#5"}}},{"from":[9.99998,8.85001,8.05],"to":[10.99998,8.95001,8.6],"rotation":{"angle":0,"axis":"z","origin":[1.69948,8.95001,8.05]},"faces":{"north":{"uv":[8,5,9,16],"rotation":90,"texture":"#6"},"east":{"uv":[2,11,7,13],"texture":"#3"},"south":{"uv":[0,3,3,13],"rotation":90,"texture":"#3"},"west":{"uv":[2,2,12,4],"rotation":180,"texture":"#3"},"up":{"uv":[13,10.1,2,16],"texture":"#5"}}},{"from":[9.99998,8.85001,7.4],"to":[10.99998,8.95001,7.95],"rotation":{"angle":0,"axis":"z","origin":[1.69948,8.95001,7.95]},"faces":{"north":{"uv":[3,3,0,13],"rotation":270,"texture":"#3"},"east":{"uv":[13,13,8,11],"rotation":180,"texture":"#3"},"south":{"uv":[8,4,7,16],"rotation":270,"texture":"#6"},"west":{"uv":[4,12,2,2],"rotation":90,"texture":"#3"},"up":{"uv":[3,16,14,10.1],"texture":"#5"}}},{"from":[10.49998,8.95001,8.5],"to":[10.99998,9.45001,8.6],"rotation":{"angle":0,"axis":"z","origin":[1.69948,8.85001,8]},"faces":{"north":{"uv":[6,3,13,6],"rotation":90,"texture":"#3"},"east":{"uv":[8,3,7,8],"texture":"#3"},"south":{"uv":[10,9,15,14],"texture":"#5"},"up":{"uv":[2,13,13,15],"texture":"#5"}}},{"from":[10.49998,8.95001,7.4],"to":[10.99998,9.45001,7.5],"rotation":{"angle":0,"axis":"z","origin":[1.69948,8.85001,8]},"faces":{"north":{"uv":[6.1,9,1.2,14],"texture":"#5"},"east":{"uv":[8,8,7,3],"rotation":180,"texture":"#3"},"south":{"uv":[13,3,6,6],"rotation":270,"texture":"#3"},"up":{"uv":[3,15,14,13],"texture":"#5"}}},{"from":[9.795,9.095,8.501],"to":[10.5,9.45,8.599],"rotation":{"angle":45,"axis":"z","origin":[10.49998,9.45001,8.5]},"faces":{"north":{"uv":[6,9,8,13],"texture":"#3"},"east":{"uv":[7,7,6,8],"rotation":270,"texture":"#3"},"south":{"uv":[6,9,12,14],"texture":"#5"},"up":{"uv":[4,14,10,16],"texture":"#5"}}},{"from":[9.795,9.095,7.401],"to":[10.5,9.45,7.499],"rotation":{"angle":45,"axis":"z","origin":[10.49998,9.45001,7.5]},"faces":{"north":{"uv":[9,9,3,15],"texture":"#5"},"east":{"uv":[7,8,6,7],"rotation":270,"texture":"#3"},"south":{"uv":[8,9,6,13],"texture":"#3"},"up":{"uv":[1,16,7,14],"texture":"#5"}}},{"from":[3.99898,7.10001,7.93041],"to":[12.99898,7.20001,8.06965],"rotation":{"angle":0,"axis":"y","origin":[-0.50102,8.45001,8.00003]},"faces":{"east":{"uv":[0,8,2,9],"rotation":270,"texture":"#5"},"up":{"uv":[12,8,13,11],"texture":"#5"},"down":{"uv":[15,11,16,12],"texture":"#0"}}},{"from":[7.80005,4.81025,7.60003],"to":[7.95005,5.04895,8.40003],"rotation":{"angle":-22.5,"axis":"z","origin":[7.35005,4.9296,8.00003]},"faces":{"north":{"uv":[0,3,2,5],"texture":"#5"},"east":{"uv":[0,0,1,3],"texture":"#3"},"south":{"uv":[0,7,2,9],"rotation":180,"texture":"#5"},"west":{"uv":[3,5,6,6],"rotation":180,"texture":"#3"}}},{"from":[7.2307,4.3296,7.60003],"to":[7.4694,4.4796,8.40003],"rotation":{"angle":45,"axis":"z","origin":[7.35005,4.9296,8.00003]},"faces":{"north":{"uv":[0,4,2,6],"rotation":270,"texture":"#5"},"south":{"uv":[0,5,2,7],"rotation":270,"texture":"#5"},"up":{"uv":[3,5,6,6],"rotation":270,"texture":"#3"},"down":{"uv":[3,7,8,8],"rotation":180,"texture":"#3"}}},{"from":[7.2307,4.3296,7.60003],"to":[7.4694,4.4796,8.40003],"rotation":{"angle":22.5,"axis":"z","origin":[7.35005,4.9296,8.00003]},"faces":{"north":{"uv":[0,6,2,8],"rotation":270,"texture":"#5"},"south":{"uv":[0,3,2,5],"rotation":270,"texture":"#5"},"up":{"uv":[3,5,6,6],"rotation":270,"texture":"#3"},"down":{"uv":[13,5,16,6],"rotation":180,"texture":"#5"}}},{"from":[5.9204,4.3296,7.60003],"to":[7.47953,4.4796,8.40003],"rotation":{"angle":0,"axis":"z","origin":[6,4.72957,8.00003]},"faces":{"north":{"uv":[0,1,2,8],"rotation":270,"texture":"#5"},"south":{"uv":[0,1,2,9],"rotation":270,"texture":"#5"},"up":{"uv":[3,6,6,7],"rotation":270,"texture":"#3"},"down":{"uv":[0,8,13,9],"rotation":180,"texture":"#6"}}},{"from":[7.3454,5.7046,8.552],"to":[7.60453,6.0546,8.777],"rotation":{"angle":0,"axis":"z","origin":[6.325,4.72957,8.00003]},"faces":{"north":{"uv":[8,0,9,6],"rotation":180,"texture":"#6"},"east":{"uv":[0,9,1,10],"rotation":270,"texture":"#6"},"south":{"uv":[4,5,8,6],"rotation":90,"texture":"#5"},"west":{"uv":[0,11,1,12],"texture":"#6"},"up":{"uv":[3,6,6,7],"rotation":270,"texture":"#3"},"down":{"uv":[0,4,1,8],"rotation":270,"texture":"#5"}}},{"from":[10.2454,5.9796,7.875],"to":[10.4954,6.0546,8.125],"rotation":{"angle":0,"axis":"z","origin":[6.325,4.72957,7.32303]},"faces":{"north":{"uv":[1,8,4,9],"texture":"#6"},"east":{"uv":[0,1,3,2],"texture":"#3"},"south":{"uv":[13,7,16,8],"texture":"#6"},"west":{"uv":[0,2,3,3],"rotation":180,"texture":"#0"},"down":{"uv":[5,5,10,10],"rotation":270,"texture":"#3"}}},{"from":[8.3204,8.7296,7.875],"to":[8.5704,9.0046,8.125],"rotation":{"angle":0,"axis":"z","origin":[6.325,4.72957,7.32303]},"faces":{"north":{"uv":[7,7,8,8],"texture":"#3"},"east":{"uv":[7,7,8,8],"rotation":270,"texture":"#3"},"south":{"uv":[7,7,8,8],"rotation":180,"texture":"#3"},"west":{"uv":[7,8,8,9],"texture":"#3"},"up":{"uv":[5,5,10,10],"rotation":270,"texture":"#3"}}},{"from":[1.1954,5.8296,7.825],"to":[1.5454,6.0046,8.175],"rotation":{"angle":0,"axis":"z","origin":[6.325,4.72957,7.27303]},"faces":{"north":{"uv":[0,6,4,7],"rotation":180,"texture":"#5"},"east":{"uv":[0,8,4,9],"rotation":180,"texture":"#6"},"south":{"uv":[0,8,4,9],"texture":"#6"},"west":{"uv":[0,8,4,9],"texture":"#6"},"up":{"uv":[3,6,6,7],"rotation":270,"texture":"#3"},"down":{"uv":[8,8,9,9],"rotation":270,"texture":"#6"}}},{"from":[7.1204,5.68,8.55003],"to":[7.50453,5.905,8.77503],"rotation":{"angle":-45,"axis":"z","origin":[7.47497,5.8796,8.66253]},"faces":{"north":{"uv":[2,8,8,9],"rotation":270,"texture":"#6"},"east":{"uv":[0,0,1,1],"rotation":270,"texture":"#3"},"south":{"uv":[4,5,8,6],"rotation":90,"texture":"#5"},"west":{"uv":[0,0,1,1],"texture":"#3"},"up":{"uv":[3,6,6,7],"rotation":270,"texture":"#3"},"down":{"uv":[0,7,16,8],"rotation":180,"texture":"#3"}}},{"from":[7.4454,5.68,8.55003],"to":[7.82953,5.905,8.77503],"rotation":{"angle":45,"axis":"z","origin":[7.47497,5.8796,8.66253]},"faces":{"north":{"uv":[2,8,8,9],"rotation":270,"texture":"#6"},"east":{"uv":[0,0,1,1],"rotation":270,"texture":"#3"},"south":{"uv":[4,5,8,6],"rotation":90,"texture":"#5"},"west":{"uv":[0,0,1,1],"texture":"#3"},"up":{"uv":[3,6,6,7],"rotation":270,"texture":"#3"},"down":{"uv":[0,7,16,8],"rotation":180,"texture":"#3"}}},{"from":[5.92044,4.32957,7.60003],"to":[6.07957,4.47957,8.40003],"rotation":{"angle":-22.5,"axis":"z","origin":[6,4.72957,8.00003]},"faces":{"north":{"uv":[0,5,2,7],"rotation":270,"texture":"#5"},"south":{"uv":[0,7,2,9],"rotation":270,"texture":"#5"},"up":{"uv":[3,6,6,7],"rotation":270,"texture":"#3"},"down":{"uv":[8,12,9,13],"rotation":180,"texture":"#0"}}},{"from":[5.6,4.65001,7.60003],"to":[5.75,4.80914,8.40003],"rotation":{"angle":45,"axis":"z","origin":[6,4.72957,8.00003]},"faces":{"north":{"uv":[0,3,2,5],"rotation":180,"texture":"#5"},"east":{"uv":[3,6,6,7],"texture":"#3"},"south":{"uv":[0,5,2,7],"texture":"#5"},"west":{"uv":[2,13,5,14],"rotation":90,"texture":"#0"}}},{"from":[5.6,4.65001,7.60003],"to":[5.75,4.80914,8.40003],"rotation":{"angle":22.5,"axis":"z","origin":[6,4.72957,8.00003]},"faces":{"north":{"uv":[0,1,2,3],"rotation":180,"texture":"#5"},"east":{"uv":[3,7,6,8],"texture":"#3"},"south":{"uv":[0,3,2,5],"texture":"#5"},"west":{"uv":[0,13,1,14],"texture":"#0"}}},{"from":[3.49898,1.30001,7.30003],"to":[5.12398,6.00001,8.70003],"rotation":{"angle":0,"axis":"z","origin":[4.29898,3.95001,3.20003]},"faces":{"north":{"uv":[1,10,15,14],"rotation":90,"texture":"#5"},"east":{"uv":[0,0,1,1],"texture":"#0"},"south":{"uv":[1,10,15,14],"rotation":270,"texture":"#5"},"west":{"uv":[0,0,2,16],"texture":"#3"},"down":{"uv":[1,1,0,0],"texture":"#0"}}},{"from":[3.59898,-6.09999,7.42503],"to":[5.27398,4.80001,8.57503],"rotation":{"angle":0,"axis":"z","origin":[4.24898,3.95001,3.20003]},"faces":{"north":{"uv":[0,10,15,13],"rotation":270,"texture":"#5"},"south":{"uv":[0,10,15,13],"rotation":270,"texture":"#5"},"west":{"uv":[0,0,2,16],"texture":"#3"},"down":{"uv":[1,1,0,0],"texture":"#0"}}},{"from":[5.27398,-6.09999,7.42503],"to":[5.57398,4.80001,7.87503],"rotation":{"angle":-45,"axis":"y","origin":[5.27398,-1.64999,7.42503]},"faces":{"north":{"uv":[0,0,1,16],"texture":"#3"},"west":{"uv":[0,0,2,16],"texture":"#3"},"down":{"uv":[1,1,0,0],"texture":"#0"}}},{"from":[5.27398,-6.09999,7.6375],"to":[5.48648,4.80001,8.3625],"rotation":{"angle":0,"axis":"y","origin":[5.27398,-1.64999,7.4375]},"faces":{"north":{"uv":[0,0,2,16],"texture":"#3"},"east":{"uv":[0,0,2,16],"texture":"#3"},"down":{"uv":[1,1,0,0],"rotation":270,"texture":"#0"}}},{"from":[5.27398,-6.09999,8.12497],"to":[5.57398,4.80001,8.57497],"rotation":{"angle":45,"axis":"y","origin":[5.27398,-1.64999,8.57497]},"faces":{"south":{"uv":[2,0,1,16],"texture":"#3"},"west":{"uv":[2,0,0,16],"texture":"#3"},"down":{"uv":[1,0,0,1],"texture":"#0"}}},{"from":[5.50355,1.30001,7.62047],"to":[5.60355,6.00001,8.3796],"rotation":{"angle":0,"axis":"y","origin":[5.20355,3.50001,8.30003]},"faces":{"east":{"uv":[13,0,15,16],"texture":"#3"},"west":{"uv":[0,0,1,1],"texture":"#0"},"down":{"uv":[1,1,0,0],"rotation":90,"texture":"#0"}}},{"from":[5.12398,1.30001,7.30003],"to":[5.28311,6.00001,7.40003],"rotation":{"angle":-22.5,"axis":"y","origin":[5.20355,3.50001,7.70003]},"faces":{"north":{"uv":[13,0,14,16],"texture":"#3"},"south":{"uv":[0,0,1,1],"texture":"#0"},"down":{"uv":[1,1,0,0],"rotation":180,"texture":"#0"}}},{"from":[5.50355,1.30001,7.62047],"to":[5.60355,6.00001,7.7796],"rotation":{"angle":45,"axis":"y","origin":[5.20355,3.50001,7.70003]},"faces":{"east":{"uv":[1,0,2,16],"texture":"#3"},"west":{"uv":[0,0,1,1],"texture":"#0"},"down":{"uv":[1,1,0,0],"rotation":90,"texture":"#0"}}},{"from":[5.50355,1.30001,7.62047],"to":[5.60355,6.00001,7.7796],"rotation":{"angle":22.5,"axis":"y","origin":[5.20355,3.50001,7.70003]},"faces":{"east":{"uv":[14,0,15,16],"texture":"#3"},"west":{"uv":[0,0,1,1],"texture":"#0"},"down":{"uv":[1,1,0,0],"rotation":90,"texture":"#0"}}},{"from":[5.50355,1.30001,8.22047],"to":[5.60355,6.00001,8.3796],"rotation":{"angle":-22.5,"axis":"y","origin":[5.20355,3.50001,8.30003]},"faces":{"east":{"uv":[14,0,15,16],"texture":"#3"},"west":{"uv":[0,0,1,1],"texture":"#0"},"down":{"uv":[1,1,0,0],"rotation":90,"texture":"#0"}}},{"from":[5.12398,1.30001,8.60003],"to":[5.28311,6.00001,8.70003],"rotation":{"angle":45,"axis":"y","origin":[5.20355,3.50001,8.30003]},"faces":{"north":{"uv":[0,0,1,1],"texture":"#0"},"south":{"uv":[1,0,2,16],"texture":"#3"},"down":{"uv":[1,1,0,0],"texture":"#0"}}},{"from":[5.12398,1.30001,8.60003],"to":[5.28311,6.00001,8.70003],"rotation":{"angle":22.5,"axis":"y","origin":[5.20355,3.50001,8.30003]},"faces":{"north":{"uv":[0,0,1,1],"texture":"#0"},"south":{"uv":[13,0,14,16],"texture":"#3"},"down":{"uv":[1,1,0,0],"texture":"#0"}}},{"from":[4.12398,1.30001,7.19997],"to":[4.40811,2.80001,7.29997],"rotation":{"angle":-22.5,"axis":"y","origin":[4.20355,3.50001,7.59997]},"faces":{"north":{"uv":[5,10,4,13],"rotation":90,"texture":"#5"},"south":{"uv":[2,0,0,16],"texture":"#3"},"up":{"uv":[0,10,2,9],"rotation":270,"texture":"#5"},"down":{"uv":[1,1,0,0],"texture":"#0"}}},{"from":[4.12398,1.30001,8.70003],"to":[4.40811,2.80001,8.80003],"rotation":{"angle":22.5,"axis":"y","origin":[4.20355,3.50001,8.40003]},"faces":{"north":{"uv":[0,0,2,16],"texture":"#3"},"south":{"uv":[5,13,4,10],"rotation":90,"texture":"#5"},"up":{"uv":[2,10,0,9],"rotation":270,"texture":"#5"},"down":{"uv":[1,1,0,0],"texture":"#0"}}},{"from":[3.99898,1.30001,7.19997],"to":[4.28311,2.80001,7.29997],"rotation":{"angle":22.5,"axis":"y","origin":[4.20355,3.50001,7.59997]},"faces":{"north":{"uv":[14,12,13,15],"rotation":270,"texture":"#5"},"south":{"uv":[2,0,0,16],"texture":"#3"},"up":{"uv":[0,10,2,9],"rotation":270,"texture":"#5"},"down":{"uv":[1,1,0,0],"texture":"#0"}}},{"from":[3.99898,1.30001,8.70003],"to":[4.28311,2.80001,8.80003],"rotation":{"angle":-22.5,"axis":"y","origin":[4.20355,3.50001,8.40003]},"faces":{"north":{"uv":[0,0,2,16],"texture":"#3"},"south":{"uv":[14,15,13,12],"rotation":270,"texture":"#5"},"up":{"uv":[2,10,0,9],"rotation":270,"texture":"#5"},"down":{"uv":[1,1,0,0],"texture":"#0"}}},{"from":[5.12398,1.30001,8.60003],"to":[5.28311,6.00001,8.70003],"rotation":{"angle":0,"axis":"y","origin":[5.20355,3.50001,8.30003]},"faces":{"north":{"uv":[0,0,1,1],"texture":"#0"},"south":{"uv":[0,0,1,16],"texture":"#3"},"down":{"uv":[1,1,0,0],"texture":"#0"}}},{"from":[4.12398,1.30001,7.19997],"to":[4.28311,2.80001,7.29997],"rotation":{"angle":0,"axis":"y","origin":[4.20355,3.50001,7.59997]},"faces":{"north":{"uv":[9,9.1,8,12],"rotation":270,"texture":"#5"},"south":{"uv":[2,0,0,16],"texture":"#3"},"up":{"uv":[0,10,2,9],"rotation":270,"texture":"#5"},"down":{"uv":[1,1,0,0],"texture":"#0"}}},{"from":[4.12398,1.30001,8.70003],"to":[4.28311,2.80001,8.80003],"rotation":{"angle":0,"axis":"y","origin":[4.20355,3.50001,8.40003]},"faces":{"north":{"uv":[0,0,2,16],"texture":"#3"},"south":{"uv":[9,12,8,9.1],"rotation":270,"texture":"#5"},"up":{"uv":[2,10,0,9],"rotation":270,"texture":"#5"},"down":{"uv":[1,1,0,0],"texture":"#0"}}},{"from":[5.12398,1.30001,7.29997],"to":[5.28311,6.00001,7.39997],"rotation":{"angle":0,"axis":"y","origin":[5.20355,3.50001,7.69997]},"faces":{"north":{"uv":[1,0,0,16],"texture":"#3"},"south":{"uv":[1,0,0,1],"texture":"#0"},"down":{"uv":[1,1,0,0],"texture":"#0"}}},{"from":[2.49898,1.301,7.5],"to":[3.49898,2.9,8.5],"rotation":{"angle":0,"axis":"z","origin":[4.29898,4.05001,3.4]},"faces":{"north":{"uv":[0,0,2,16],"texture":"#1"},"south":{"uv":[0,0,2,16],"texture":"#1"},"west":{"uv":[0,0,2,16],"texture":"#1"},"down":{"uv":[1,14,0,13],"texture":"#0"}}},{"from":[2.69898,1.30001,7.4],"to":[3.49898,2.90001,8.6],"rotation":{"angle":0,"axis":"z","origin":[4.49898,4.05001,3.3]},"faces":{"north":{"uv":[0,0,2,16],"texture":"#1"},"south":{"uv":[0,0,2,16],"texture":"#1"},"west":{"uv":[0,0,2,16],"texture":"#1"},"down":{"uv":[1,14,0,13],"texture":"#0"}}},{"from":[2.99898,4.00001,7.5],"to":[3.49898,5.10001,8.5],"rotation":{"angle":0,"axis":"z","origin":[4.29898,4.15001,3.4]},"faces":{"north":{"uv":[0,0,2,16],"texture":"#1"},"south":{"uv":[0,0,2,16],"texture":"#1"},"west":{"uv":[0,0,2,16],"texture":"#1"}}},{"from":[3.19898,4.00001,7.4],"to":[3.69898,5.10001,8.6],"rotation":{"angle":0,"axis":"z","origin":[4.49898,4.15001,3.3]},"faces":{"north":{"uv":[0,0,2,16],"texture":"#1"},"south":{"uv":[0,0,2,16],"texture":"#1"},"west":{"uv":[0,0,2,16],"texture":"#1"}}},{"from":[2.99898,4.87501,7.5005],"to":[3.89898,5.70001,8.4995],"rotation":{"angle":22.5,"axis":"z","origin":[2.99898,4.90001,8.2005]},"faces":{"north":{"uv":[0,0,2,16],"texture":"#1"},"south":{"uv":[0,0,2,16],"texture":"#1"},"west":{"uv":[0,0,2,16],"texture":"#1"}}},{"from":[3.19898,4.87501,7.4005],"to":[4.09898,5.70001,8.5995],"rotation":{"angle":22.5,"axis":"z","origin":[3.19898,4.90001,8.1005]},"faces":{"north":{"uv":[0,0,2,16],"texture":"#1"},"south":{"uv":[0,0,2,16],"texture":"#1"},"west":{"uv":[0,0,2,16],"texture":"#1"}}},{"from":[3.29898,5.27501,7.5],"to":[4.19898,6.20001,8.5],"rotation":{"angle":45,"axis":"z","origin":[2.99898,4.90001,8.2]},"faces":{"north":{"uv":[0,0,2,16],"texture":"#1"},"south":{"uv":[0,0,2,16],"texture":"#1"},"west":{"uv":[0,0,2,16],"texture":"#1"}}},{"from":[3.49898,5.27501,7.4],"to":[4.39898,6.20001,8.6],"rotation":{"angle":45,"axis":"z","origin":[3.19898,4.90001,8.1]},"faces":{"north":{"uv":[0,0,2,16],"texture":"#1"},"south":{"uv":[0,0,2,16],"texture":"#1"},"west":{"uv":[0,0,2,16],"texture":"#1"}}},{"from":[2.49898,2.90001,7.5005],"to":[3.42398,4.40001,8.4995],"rotation":{"angle":-22.5,"axis":"z","origin":[2.49898,2.90001,8.2005]},"faces":{"north":{"uv":[0,0,2,16],"texture":"#1"},"south":{"uv":[0,0,2,16],"texture":"#1"},"west":{"uv":[0,0,2,16],"texture":"#1"}}},{"from":[2.69898,2.90001,7.4005],"to":[3.62398,4.40001,8.5995],"rotation":{"angle":-22.5,"axis":"z","origin":[2.69898,2.90001,8.2005]},"faces":{"north":{"uv":[0,0,2,16],"texture":"#1"},"south":{"uv":[0,0,2,16],"texture":"#1"},"west":{"uv":[0,0,2,16],"texture":"#1"}}},{"from":[7.8,4.81,7.60003],"to":[7.95,6.41,8.40003],"rotation":{"angle":0,"axis":"z","origin":[6.79898,4.45001,8.10003]},"faces":{"north":{"uv":[0,0,2,15],"texture":"#5"},"east":{"uv":[3,6,8,9],"rotation":270,"texture":"#3"},"south":{"uv":[0,0,2,15],"rotation":180,"texture":"#5"},"west":{"uv":[4,12,1,3],"rotation":180,"texture":"#3"}}},{"from":[6.35,5.71,7.8505],"to":[6.75,6.41,8.1495],"rotation":{"angle":-22.5,"axis":"z","origin":[6.675,5.985,8.0005]},"faces":{"north":{"uv":[10,4,14,10],"rotation":90,"texture":"#5"},"east":{"uv":[1,0,5,1],"rotation":270,"texture":"#0"},"south":{"uv":[3,5,8,10],"rotation":270,"texture":"#5"},"west":{"uv":[4,12,1,3],"rotation":180,"texture":"#3"}}},{"from":[6.525,5.26,7.8495],"to":[6.65,5.81,8.1505],"rotation":{"angle":0,"axis":"z","origin":[6.675,5.985,7.9995]},"faces":{"north":{"uv":[14,9,16,14],"texture":"#5"},"east":{"uv":[0,5,2,6],"rotation":90,"texture":"#5"},"south":{"uv":[0,9,2,14],"texture":"#5"}}},{"from":[6.425,5.535,7.851],"to":[6.525,5.81,8.149],"rotation":{"angle":0,"axis":"z","origin":[6.675,5.985,8.001]},"faces":{"north":{"uv":[0,0,1,1],"texture":"#5"},"south":{"uv":[0,0,1,1],"rotation":180,"texture":"#5"}}},{"from":[6.25,4.91,7.85],"to":[6.375,6.21,8.15],"rotation":{"angle":22.5,"axis":"z","origin":[6.675,5.985,8]},"faces":{"north":{"uv":[14,0,16,14],"texture":"#5"},"east":{"uv":[3,7,9,8],"rotation":270,"texture":"#3"},"south":{"uv":[0,0,2,14],"texture":"#5"},"west":{"uv":[8,4,1,3],"rotation":270,"texture":"#0"},"down":{"uv":[7,7,8,8],"texture":"#3"}}},{"from":[3.99898,7.10001,7.93041],"to":[12.99898,7.20001,8.06965],"rotation":{"angle":22.5,"axis":"x","origin":[8.99898,7.45001,8.00003]},"faces":{"east":{"uv":[0,5,2,6],"rotation":270,"texture":"#5"},"up":{"uv":[11,8,12,11],"texture":"#5"},"down":{"uv":[15,9,16,10],"texture":"#0"}}},{"from":[3.99898,7.10001,7.93041],"to":[12.99898,7.20001,8.06965],"rotation":{"angle":45,"axis":"x","origin":[8.99898,7.45001,8.00003]},"faces":{"east":{"uv":[10,14,11,16],"texture":"#5"},"up":{"uv":[3.99,2,3.99,5],"texture":"#5"},"down":{"uv":[0,3,3,4],"rotation":270,"texture":"#0"}}},{"from":[3.99898,7.10001,7.93041],"to":[12.99898,7.20001,8.06965],"rotation":{"angle":-22.5,"axis":"x","origin":[8.99898,7.45001,8.00003]},"faces":{"east":{"uv":[0,2,1,4],"rotation":180,"texture":"#5"},"up":{"uv":[13,8,14,11],"texture":"#5"},"down":{"uv":[15,10,16,11],"texture":"#0"}}},{"from":[3.99898,7.10001,7.93041],"to":[12.99898,7.20001,8.06965],"rotation":{"angle":-45,"axis":"x","origin":[8.99898,7.45001,8.00003]},"faces":{"east":{"uv":[0,2,1,4],"texture":"#5"},"up":{"uv":[2,2,3,5],"texture":"#5"},"down":{"uv":[15,9,16,10],"texture":"#0"}}},{"from":[3.99898,7.38039,7.65003],"to":[12.99898,7.51963,7.75003],"rotation":{"angle":22.5,"axis":"x","origin":[8.99898,7.45001,8.00003]},"faces":{"north":{"uv":[0,5,3,6],"rotation":270,"texture":"#5"},"east":{"uv":[0,8,2,9],"texture":"#5"},"south":{"uv":[0.01,2,0.01,5],"texture":"#5"}}},{"from":[3.99898,7.38039,7.65003],"to":[12.99898,7.51963,7.75003],"rotation":{"angle":0,"axis":"y","origin":[-0.50102,8.45001,8.00003]},"faces":{"north":{"uv":[3,3,6,4],"rotation":270,"texture":"#0"},"east":{"uv":[0,5,1,7],"rotation":90,"texture":"#5"},"south":{"uv":[13.99,5,13.99,8],"texture":"#5"}}},{"from":[3.99898,7.38039,7.65003],"to":[12.99898,7.51963,7.75003],"rotation":{"angle":-22.5,"axis":"x","origin":[8.99898,7.45001,8.00003]},"faces":{"north":{"uv":[2,3,5,4],"rotation":270,"texture":"#0"},"east":{"uv":[0,8,2,9],"rotation":180,"texture":"#5"},"south":{"uv":[7.99,1,7.99,4],"texture":"#5"}}},{"from":[0.09998,6.10001,7.05003],"to":[10.99998,8.85001,7.75003],"rotation":{"angle":0,"axis":"y","origin":[-0.50102,4.45001,7.95003]},"faces":{"north":{"uv":[1,9.1,15,15],"texture":"#5"},"east":{"uv":[6,3.1,3,14],"rotation":270,"texture":"#3"},"south":{"uv":[7,7,8,8],"rotation":180,"texture":"#3"},"up":{"uv":[3,9.1,14,14],"texture":"#5"}}},{"from":[8.59998,6.10001,7.75],"to":[10.99998,8.85001,8.25],"rotation":{"angle":0,"axis":"y","origin":[-0.50102,4.45001,7.95]},"faces":{"east":{"uv":[6,4,3,10],"rotation":270,"texture":"#3"},"west":{"uv":[1,0,0,1],"rotation":90,"texture":"#0"},"up":{"uv":[4,7,7,14],"rotation":90,"texture":"#5"}}},{"from":[1.59998,7.60001,7.75003],"to":[4.39998,8.85001,8.25003],"rotation":{"angle":0,"axis":"y","origin":[-0.50102,4.45001,7.95003]},"faces":{"east":{"uv":[8,7,7,8],"rotation":270,"texture":"#3"},"up":{"uv":[6,10,14,13],"rotation":180,"texture":"#5"}}},{"from":[4.39998,7.60001,7.75003],"to":[8.59998,8.75001,8.25003],"rotation":{"angle":0,"axis":"y","origin":[-0.50102,4.45001,7.95003]},"faces":{"up":{"uv":[0,3,8,4],"rotation":90,"texture":"#5"}}},{"from":[0.09998,6.10001,8.25003],"to":[3.89998,8.85001,8.95003],"rotation":{"angle":0,"axis":"y","origin":[-0.50102,4.45001,7.95003]},"faces":{"east":{"uv":[8,7,7,8],"rotation":270,"texture":"#3"},"south":{"uv":[8,9,13.9,15],"texture":"#5"},"up":{"uv":[10,9,13,13],"rotation":180,"texture":"#5"}}},{"from":[5.99998,6.10001,8.25003],"to":[10.99998,8.85001,8.95003],"rotation":{"angle":0,"axis":"y","origin":[-0.50102,4.45001,7.95003]},"faces":{"north":{"uv":[7,7,8,8],"texture":"#3"},"east":{"uv":[3,3.1,6,14],"rotation":90,"texture":"#3"},"south":{"uv":[1.1,9,7,15],"texture":"#5"},"west":{"uv":[8,7,7,8],"rotation":90,"texture":"#3"},"up":{"uv":[8,9.1,13,13],"rotation":180,"texture":"#5"}}},{"from":[3.89998,8.50001,8.25003],"to":[5.99998,8.85001,8.95003],"rotation":{"angle":0,"axis":"y","origin":[-0.50102,4.45001,7.95003]},"faces":{"north":{"uv":[7,7,8,8],"texture":"#3"},"south":{"uv":[3.1,9.5,13.9,9.6],"rotation":180,"texture":"#5"},"up":{"uv":[8,9.1,12,13],"rotation":180,"texture":"#5"},"down":{"uv":[10,15,11,16],"texture":"#5"}}},{"from":[3.89998,7.25001,8.35003],"to":[5.99998,8.50001,8.85003],"rotation":{"angle":0,"axis":"y","origin":[-0.50102,4.45001,7.95003]},"faces":{"south":{"uv":[9,8,13,11],"rotation":90,"texture":"#3"}}},{"from":[-0.00002,6.00001,6.95003],"to":[9.99998,7.25001,9.05003],"rotation":{"angle":0,"axis":"y","origin":[-0.50102,4.45001,7.95003]},"faces":{"north":{"uv":[13.5,6,13.6,16],"texture":"#3"},"east":{"uv":[11,15,10,16],"rotation":270,"texture":"#5"},"south":{"uv":[13.5,6,13.6,16],"texture":"#3"},"west":{"uv":[4,1,3,14],"rotation":90,"texture":"#3"},"up":{"uv":[2,10,14,13],"texture":"#5"},"down":{"uv":[0,1,16,15],"texture":"#6"}}},{"from":[3.29998,7.40001,6.92503],"to":[9.89998,7.80001,7.22503],"rotation":{"angle":0,"axis":"y","origin":[-0.50102,4.45001,7.95003]},"faces":{"north":{"uv":[2.5,11,12.6,13],"texture":"#3"},"east":{"uv":[3,6,0,7],"rotation":90,"texture":"#5"},"west":{"uv":[3,6,0,7],"rotation":90,"texture":"#5"},"up":{"uv":[2,10,15,11],"texture":"#5"},"down":{"uv":[0,8,16,9],"texture":"#6"}}},{"from":[3.29998,8.20001,6.92503],"to":[9.89998,8.60001,7.22503],"rotation":{"angle":0,"axis":"y","origin":[-0.50102,4.45001,7.95003]},"faces":{"north":{"uv":[2.5,2,12.6,4],"rotation":180,"texture":"#3"},"east":{"uv":[3,6,0,7],"rotation":90,"texture":"#5"},"west":{"uv":[3,6,0,7],"rotation":90,"texture":"#5"},"up":{"uv":[2,9,15,10],"texture":"#5"},"down":{"uv":[0,8,16,9],"texture":"#6"}}},{"from":[9.99998,6.00001,8.35003],"to":[10.99898,7.25001,9.05003],"rotation":{"angle":0,"axis":"y","origin":[-0.50102,4.45001,7.95003]},"faces":{"north":{"uv":[6,0,7,15],"texture":"#6"},"east":{"uv":[7,7,6,8],"rotation":270,"texture":"#3"},"south":{"uv":[13.5,6,13.6,16],"texture":"#3"},"west":{"uv":[1,0,0,1],"rotation":90,"texture":"#3"},"up":{"uv":[2,10,13,13],"texture":"#5"},"down":{"uv":[1,1,5,5],"rotation":270,"texture":"#6"}}},{"from":[9.99998,6.00001,6.95003],"to":[10.99898,7.25001,7.65003],"rotation":{"angle":0,"axis":"y","origin":[-0.50102,4.45001,7.95003]},"faces":{"north":{"uv":[13.5,6,13.6,16],"texture":"#3"},"east":{"uv":[7,7,6,8],"rotation":270,"texture":"#3"},"south":{"uv":[6,0,7,15],"texture":"#6"},"west":{"uv":[1,0,0,1],"rotation":90,"texture":"#3"},"up":{"uv":[6,9,11,12],"rotation":90,"texture":"#5"},"down":{"uv":[1,5,5,9],"texture":"#6"}}},{"from":[9.99998,6.10001,7.65003],"to":[10.99898,7.25001,8.35003],"rotation":{"angle":0,"axis":"y","origin":[-0.50102,4.45001,7.95003]},"faces":{"up":{"uv":[2,10,13,13],"texture":"#5"},"down":{"uv":[0,0,3,3],"texture":"#6"}}},{"from":[1.69998,7.70001,6.951],"to":[4.12398,8.95001,9.049],"rotation":{"angle":-45,"axis":"z","origin":[1.69948,8.95001,8.001]},"faces":{"north":{"uv":[0,0,1,1],"texture":"#3"},"east":{"uv":[7,7,6,8],"rotation":270,"texture":"#3"},"south":{"uv":[0,0,1,1],"rotation":180,"texture":"#3"},"west":{"uv":[1,0,0,1],"rotation":90,"texture":"#0"},"up":{"uv":[2,10,14,13],"texture":"#5"},"down":{"uv":[2,10,13,13],"texture":"#5"}}},{"from":[-0.00002,7.25001,6.95003],"to":[1.69898,8.95001,9.05003],"rotation":{"angle":0,"axis":"z","origin":[1.69948,8.95001,8.00003]},"faces":{"north":{"uv":[0,0,6,1],"rotation":270,"texture":"#3"},"east":{"uv":[7,7,6,8],"rotation":270,"texture":"#3"},"south":{"uv":[0,0,6,1],"rotation":270,"texture":"#3"},"west":{"uv":[4,1,3,14],"rotation":90,"texture":"#3"},"up":{"uv":[2,9,10,15],"rotation":180,"texture":"#5"},"down":{"uv":[2,10,13,13],"texture":"#5"}}},{"from":[0.001,8.28751,7.33753],"to":[0.101,9.23751,7.43753],"rotation":{"angle":45,"axis":"x","origin":[0.04998,8.95001,8.00003]},"faces":{"north":{"uv":[2,10,5,11],"rotation":180,"texture":"#5"},"east":{"uv":[8,7,7,8],"rotation":270,"texture":"#3"},"west":{"uv":[7,9,8,14],"rotation":270,"texture":"#5"},"up":{"uv":[2,10,13,13],"texture":"#5"},"down":{"uv":[2,10,13,13],"texture":"#5"}}},{"from":[0.001,8.28751,7.43753],"to":[0.101,9.23751,8.01253],"rotation":{"angle":45,"axis":"x","origin":[0.04998,8.95001,8.00003]},"faces":{"east":{"uv":[8,7,7,8],"rotation":270,"texture":"#3"},"west":{"uv":[0,0,3,3],"texture":"#3"},"up":{"uv":[2,10,13,13],"texture":"#5"}}},{"from":[0.001,9.51251,7.71253],"to":[0.101,9.61251,8.66253],"rotation":{"angle":45,"axis":"x","origin":[0.04998,8.95001,8.00003]},"faces":{"north":{"uv":[0,0,1,1],"texture":"#3"},"east":{"uv":[8,7,7,8],"rotation":270,"texture":"#3"},"south":{"uv":[0,0,1,1],"rotation":180,"texture":"#3"},"west":{"uv":[8,9,7,14],"texture":"#5"},"up":{"uv":[2,10,5,11],"texture":"#5"}}},{"from":[0.001,8.93751,7.71253],"to":[0.101,9.51251,8.66253],"rotation":{"angle":45,"axis":"x","origin":[0.04998,8.95001,8.00003]},"faces":{"north":{"uv":[0,0,1,1],"texture":"#3"},"east":{"uv":[8,7,7,8],"rotation":270,"texture":"#3"},"west":{"uv":[3,0,0,3],"rotation":270,"texture":"#3"}}},{"from":[-0.00002,9.33338,7.9503],"to":[0.09998,9.40838,8.04975],"rotation":{"angle":0,"axis":"x","origin":[0.14998,9.53338,8.0003]},"faces":{"east":{"uv":[7,7,6,8],"rotation":180,"texture":"#3"},"west":{"uv":[1,0,0,1],"rotation":180,"texture":"#3"},"up":{"uv":[0,0,1,1],"rotation":180,"texture":"#3"}}},{"from":[-0.00002,9.65838,7.9503],"to":[0.09998,9.78338,8.04975],"rotation":{"angle":0,"axis":"x","origin":[0.14998,9.53338,8.0003]},"faces":{"north":{"uv":[2,10,13,13],"rotation":180,"texture":"#5"},"east":{"uv":[7,7,6,8],"rotation":180,"texture":"#3"},"south":{"uv":[2,10,13,13],"texture":"#5"},"west":{"uv":[8,9,7,14],"texture":"#5"},"up":{"uv":[0,0,1,1],"rotation":180,"texture":"#3"},"down":{"uv":[7,7,8,8],"rotation":180,"texture":"#3"}}},{"from":[-0.00002,9.48338,7.8003],"to":[0.09998,9.58283,7.8753],"rotation":{"angle":0,"axis":"x","origin":[0.14998,9.53338,8.0003]},"faces":{"east":{"uv":[7,7,6,8],"rotation":270,"texture":"#3"},"south":{"uv":[0,0,1,1],"rotation":180,"texture":"#3"},"west":{"uv":[1,0,0,1],"rotation":90,"texture":"#3"},"up":{"uv":[2,10,13,13],"texture":"#5"}}},{"from":[-0.00002,9.48338,8.1253],"to":[0.09998,9.58283,8.2003],"rotation":{"angle":0,"axis":"x","origin":[0.14998,9.53338,8.0003]},"faces":{"north":{"uv":[0,0,1,1],"texture":"#3"},"east":{"uv":[7,7,6,8],"rotation":270,"texture":"#3"},"west":{"uv":[1,0,0,1],"rotation":90,"texture":"#3"},"up":{"uv":[2,10,13,13],"texture":"#5"}}},{"from":[-0.00002,9.48392,7.8503],"to":[0.09998,9.58338,7.8753],"rotation":{"angle":-22.5,"axis":"x","origin":[0.14998,9.53338,8.0003]},"faces":{"east":{"uv":[7,7,6,8],"rotation":90,"texture":"#3"},"south":{"uv":[0,0,1,1],"rotation":180,"texture":"#3"},"west":{"uv":[1,0,0,1],"rotation":270,"texture":"#3"},"up":{"uv":[2,10,13,13],"texture":"#5"},"down":{"uv":[2,10,13,13],"texture":"#5"}}},{"from":[-0.00002,9.48392,8.1253],"to":[0.09998,9.58338,8.1503],"rotation":{"angle":-22.5,"axis":"x","origin":[0.14998,9.53338,8.0003]},"faces":{"north":{"uv":[0,0,1,1],"texture":"#3"},"east":{"uv":[7,7,6,8],"rotation":90,"texture":"#3"},"south":{"uv":[0,0,1,1],"rotation":180,"texture":"#3"},"west":{"uv":[1,0,0,1],"rotation":270,"texture":"#3"},"up":{"uv":[2,10,13,13],"texture":"#5"},"down":{"uv":[2,10,13,13],"texture":"#5"}}},{"from":[-0.00002,9.48338,8.1253],"to":[0.09998,9.58283,8.1503],"rotation":{"angle":22.5,"axis":"x","origin":[0.14998,9.53338,8.0003]},"faces":{"north":{"uv":[0,0,1,1],"texture":"#3"},"east":{"uv":[7,7,6,8],"rotation":270,"texture":"#3"},"west":{"uv":[1,0,0,1],"rotation":90,"texture":"#3"},"up":{"uv":[2,10,13,13],"texture":"#5"},"down":{"uv":[2,10,13,13],"texture":"#5"}}},{"from":[-0.00002,9.48338,7.8503],"to":[0.09998,9.58283,7.8753],"rotation":{"angle":22.5,"axis":"x","origin":[0.14998,9.53338,8.0003]},"faces":{"north":{"uv":[0,0,1,1],"texture":"#3"},"east":{"uv":[7,7,6,8],"rotation":270,"texture":"#3"},"south":{"uv":[0,0,1,1],"rotation":180,"texture":"#3"},"west":{"uv":[1,0,0,1],"rotation":90,"texture":"#3"},"up":{"uv":[2,10,13,13],"texture":"#5"},"down":{"uv":[2,10,13,13],"texture":"#5"}}},{"from":[-0.00002,9.65838,7.8503],"to":[0.09998,9.78338,8.04975],"rotation":{"angle":-45,"axis":"x","origin":[0.14998,9.53338,8.0003]},"faces":{"east":{"uv":[8,7,7,8],"rotation":180,"texture":"#3"},"south":{"uv":[2,10,13,13],"texture":"#5"},"west":{"uv":[8,9,7,14],"texture":"#5"},"up":{"uv":[0,0,1,1],"rotation":180,"texture":"#3"},"down":{"uv":[1,11,2,12],"rotation":180,"texture":"#3"}}},{"from":[-0.00002,9.65838,7.9503],"to":[0.09998,9.78338,8.14975],"rotation":{"angle":45,"axis":"x","origin":[0.14998,9.53338,8.0003]},"faces":{"north":{"uv":[2,10,13,13],"rotation":180,"texture":"#5"},"east":{"uv":[8,7,7,8],"rotation":180,"texture":"#3"},"west":{"uv":[8,9,7,14],"texture":"#5"},"up":{"uv":[0,0,1,1],"rotation":180,"texture":"#3"},"down":{"uv":[1,11,2,12],"rotation":180,"texture":"#3"}}},{"from":[-0.00002,9.38338,7.9503],"to":[0.09998,9.40838,8.04975],"rotation":{"angle":-22.5,"axis":"x","origin":[0.14998,9.53338,8.0003]},"faces":{"north":{"uv":[2,10,13,13],"rotation":180,"texture":"#5"},"east":{"uv":[7,7,6,8],"rotation":180,"texture":"#3"},"west":{"uv":[1,0,0,1],"rotation":180,"texture":"#3"},"up":{"uv":[0,0,1,1],"rotation":180,"texture":"#3"}}},{"from":[-0.00002,9.65838,7.9503],"to":[0.09998,9.78338,8.04975],"rotation":{"angle":-22.5,"axis":"x","origin":[0.14998,9.53338,8.0003]},"faces":{"north":{"uv":[2,10,13,13],"rotation":180,"texture":"#5"},"east":{"uv":[7,7,6,8],"rotation":180,"texture":"#3"},"south":{"uv":[2,10,13,13],"texture":"#5"},"west":{"uv":[8,9,7,14],"texture":"#5"},"up":{"uv":[0,0,1,1],"rotation":180,"texture":"#3"},"down":{"uv":[2,10,3,11],"rotation":180,"texture":"#3"}}},{"from":[-0.00002,9.38338,7.9503],"to":[0.09998,9.40838,8.04975],"rotation":{"angle":22.5,"axis":"x","origin":[0.14998,9.53338,8.0003]},"faces":{"east":{"uv":[7,7,6,8],"rotation":180,"texture":"#3"},"south":{"uv":[2,10,13,13],"texture":"#5"},"west":{"uv":[1,0,0,1],"rotation":180,"texture":"#3"},"up":{"uv":[0,0,1,1],"rotation":180,"texture":"#3"}}},{"from":[-0.00002,9.65838,7.9503],"to":[0.09998,9.78338,8.04975],"rotation":{"angle":22.5,"axis":"x","origin":[0.14998,9.53338,8.0003]},"faces":{"north":{"uv":[2,10,13,13],"rotation":180,"texture":"#5"},"east":{"uv":[7,7,6,8],"rotation":180,"texture":"#3"},"south":{"uv":[2,10,13,13],"texture":"#5"},"west":{"uv":[8,9,7,14],"texture":"#5"},"up":{"uv":[0,0,1,1],"rotation":180,"texture":"#3"},"down":{"uv":[2,10,3,11],"rotation":180,"texture":"#3"}}},{"from":[11.44898,7.07501,7.92544],"to":[11.94898,7.82501,8.07462],"rotation":{"angle":0,"axis":"y","origin":[11.54898,7.45001,8.00003]},"faces":{"east":{"uv":[1,13,1.938,14],"texture":"#0"},"up":{"uv":[13,1,14,15],"rotation":90,"texture":"#1"},"down":{"uv":[12,1,13,15],"rotation":90,"texture":"#1"}}},{"from":[11.44898,7.37542,7.62503],"to":[11.94898,7.5246,8.37503],"rotation":{"angle":0,"axis":"x","origin":[11.54898,7.45001,8.00003]},"faces":{"north":{"uv":[13,1,14,15],"rotation":270,"texture":"#1"},"east":{"uv":[1,13,1.938,14],"rotation":90,"texture":"#0"},"south":{"uv":[12,1,13,15],"rotation":90,"texture":"#1"}}},{"from":[11.44898,7.37542,7.62503],"to":[11.94898,7.5246,8.37503],"rotation":{"angle":-22.5,"axis":"x","origin":[11.54898,7.45001,8.00003]},"faces":{"north":{"uv":[12,1,13,15],"rotation":270,"texture":"#1"},"east":{"uv":[1,13,1.938,14],"rotation":270,"texture":"#0"},"south":{"uv":[13,1,14,15],"rotation":90,"texture":"#1"}}},{"from":[11.44898,7.37542,7.62503],"to":[11.94898,7.5246,8.37503],"rotation":{"angle":22.5,"axis":"x","origin":[11.54898,7.45001,8.00003]},"faces":{"north":{"uv":[13,1,14,15],"rotation":270,"texture":"#1"},"east":{"uv":[1,13,1.938,14],"rotation":90,"texture":"#0"},"south":{"uv":[12,1,13,15],"rotation":90,"texture":"#1"}}},{"from":[11.44898,7.07501,7.92544],"to":[11.94898,7.82501,8.07462],"rotation":{"angle":45,"axis":"x","origin":[11.54898,7.45001,8.00003]},"faces":{"east":{"uv":[0,13,0.938,14],"texture":"#0"},"up":{"uv":[13,1,14,15],"rotation":90,"texture":"#1"},"down":{"uv":[12,1,13,15],"rotation":90,"texture":"#1"}}},{"from":[11.44898,7.07501,7.92544],"to":[11.94898,7.82501,8.07462],"rotation":{"angle":-45,"axis":"x","origin":[11.54898,7.45001,8.00003]},"faces":{"east":{"uv":[1,13,1.938,14],"texture":"#0"},"up":{"uv":[13,1,14,15],"rotation":90,"texture":"#1"},"down":{"uv":[12,1,13,15],"rotation":90,"texture":"#1"}}},{"from":[11.44898,7.07501,7.92544],"to":[11.94898,7.82501,8.07462],"rotation":{"angle":22.5,"axis":"x","origin":[11.54898,7.45001,8.00003]},"faces":{"east":{"uv":[1,13,1.938,14],"texture":"#0"},"up":{"uv":[13,1,14,15],"rotation":90,"texture":"#1"},"down":{"uv":[12,1,13,15],"rotation":90,"texture":"#1"}}},{"from":[11.44898,7.07501,7.92544],"to":[11.94898,7.82501,8.07462],"rotation":{"angle":-22.5,"axis":"x","origin":[11.54898,7.45001,8.00003]},"faces":{"east":{"uv":[1,13,1.938,14],"texture":"#0"},"up":{"uv":[13,1,14,15],"rotation":90,"texture":"#1"},"down":{"uv":[12,1,13,15],"rotation":90,"texture":"#1"}}},{"from":[10.62398,6.90001,7.89063],"to":[11.32398,8.00001,8.10943],"rotation":{"angle":0,"axis":"y","origin":[10.97398,7.45001,8.00003]},"faces":{"east":{"uv":[7.5,7,8.4375,8],"texture":"#6"},"up":{"uv":[0,8,3,9],"rotation":90,"texture":"#5"},"down":{"uv":[0,13,3,14],"rotation":90,"texture":"#0"}}},{"from":[10.99898,7.97501,7.87074],"to":[11.09898,8.10001,8.12932],"rotation":{"angle":0,"axis":"y","origin":[10.87398,7.45001,8.00003]},"faces":{"east":{"uv":[2,0,2.938,2],"texture":"#3"},"up":{"uv":[9,9,10,12],"texture":"#5"}}},{"from":[10.99898,6.25001,7.04383],"to":[11.09998,6.84001,8.95623],"rotation":{"angle":0,"axis":"y","origin":[10.87398,7.45001,8.19812]},"faces":{"north":{"uv":[2,8,3,14],"texture":"#3"},"east":{"uv":[2,1,2.938,14],"rotation":90,"texture":"#3"},"south":{"uv":[2,8,3,14],"texture":"#3"},"down":{"uv":[0,0,1,1],"rotation":90,"texture":"#3"}}},{"from":[10.99898,6.17501,7.04383],"to":[11.09898,6.25001,8.95623],"rotation":{"angle":22.5,"axis":"z","origin":[10.99898,6.25001,8.95003]},"faces":{"north":{"uv":[0,0,1,3],"rotation":270,"texture":"#3"},"east":{"uv":[2,1,2.938,14],"rotation":90,"texture":"#3"},"south":{"uv":[0,0,1,3],"rotation":90,"texture":"#3"},"west":{"uv":[8,7,9,8],"texture":"#6"},"up":{"uv":[5,12,8,13],"rotation":90,"texture":"#5"},"down":{"uv":[8,8,9,9],"rotation":90,"texture":"#6"}}},{"from":[10.99898,5.97501,8.81883],"to":[11.09898,6.17501,8.95623],"rotation":{"angle":22.5,"axis":"z","origin":[10.99898,6.25001,8.95003]},"faces":{"north":{"uv":[0,8,4,9],"rotation":270,"texture":"#6"},"east":{"uv":[7.5,7,8.4375,8],"texture":"#3"},"south":{"uv":[0,0,1,3],"rotation":90,"texture":"#3"},"west":{"uv":[8,8,9,9],"texture":"#6"},"up":{"uv":[5,12,8,13],"rotation":90,"texture":"#5"},"down":{"uv":[0,0,1,1],"rotation":90,"texture":"#3"}}},{"from":[10.99898,5.90001,7.04383],"to":[11.09898,5.97501,8.95623],"rotation":{"angle":22.5,"axis":"z","origin":[10.99898,6.25001,8.95003]},"faces":{"north":{"uv":[0,0,1,3],"rotation":270,"texture":"#3"},"east":{"uv":[2,2,12.938,4],"rotation":180,"texture":"#3"},"south":{"uv":[0,0,1,3],"rotation":90,"texture":"#3"},"west":{"uv":[8,10,9,13],"texture":"#6"},"up":{"uv":[13,9,16,10],"rotation":180,"texture":"#5"},"down":{"uv":[0,8,4,9],"rotation":180,"texture":"#6"}}},{"from":[10.99898,5.97501,7.04383],"to":[11.09898,6.17501,7.18123],"rotation":{"angle":22.5,"axis":"z","origin":[10.99898,6.25001,7.05003]},"faces":{"north":{"uv":[1,0,0,3],"rotation":270,"texture":"#3"},"east":{"uv":[8.4375,7,7.5,8],"texture":"#3"},"south":{"uv":[4,8,0,9],"rotation":90,"texture":"#6"},"west":{"uv":[8,7,9,8],"texture":"#6"},"up":{"uv":[8,12,5,13],"rotation":90,"texture":"#5"},"down":{"uv":[1,0,0,1],"rotation":90,"texture":"#3"}}},{"from":[10.99898,6.52072,7.35003],"to":[11.09898,7.5793,8.25003],"rotation":{"angle":22.5,"axis":"x","origin":[10.87398,7.45001,8.00003]},"faces":{"north":{"uv":[4,15,7,16],"rotation":270,"texture":"#5"},"east":{"uv":[12,0,12.938,13],"rotation":90,"texture":"#3"}}},{"from":[10.99898,6.52072,7.75003],"to":[11.09898,7.5793,8.65003],"rotation":{"angle":-22.5,"axis":"x","origin":[10.87398,7.45001,8.00003]},"faces":{"east":{"uv":[12,0,12.938,13],"rotation":270,"texture":"#3"},"south":{"uv":[6,15,9,16],"rotation":90,"texture":"#5"}}},{"from":[10.99898,7.97501,7.87074],"to":[11.09898,8.10001,8.12932],"rotation":{"angle":-45,"axis":"x","origin":[10.87398,7.45001,8.00003]},"faces":{"east":{"uv":[2,0,2.938,2],"texture":"#3"},"up":{"uv":[12,14,15,15],"rotation":90,"texture":"#5"}}},{"from":[10.99898,7.97501,7.87074],"to":[11.09898,8.10001,8.12932],"rotation":{"angle":45,"axis":"x","origin":[10.87398,7.45001,8.00003]},"faces":{"east":{"uv":[2,0,2.938,2],"texture":"#3"},"up":{"uv":[12,14,15,15],"rotation":90,"texture":"#5"}}},{"from":[10.99898,7.97501,7.87074],"to":[11.09898,8.10001,8.12932],"rotation":{"angle":-22.5,"axis":"x","origin":[10.87398,7.45001,8.00003]},"faces":{"east":{"uv":[2,0,2.938,2],"texture":"#3"},"up":{"uv":[1,13,4,14],"rotation":90,"texture":"#5"}}},{"from":[10.99898,7.97501,7.87074],"to":[11.09898,8.10001,8.12932],"rotation":{"angle":22.5,"axis":"x","origin":[10.87398,7.45001,8.00003]},"faces":{"east":{"uv":[2,0,2.938,2],"texture":"#3"},"up":{"uv":[1,13,4,14],"rotation":270,"texture":"#5"}}},{"from":[10.62398,7.34061,7.45003],"to":[11.32398,7.55941,8.55003],"rotation":{"angle":0,"axis":"x","origin":[10.97398,7.45001,8.00003]},"faces":{"north":{"uv":[3,3,6,4],"rotation":270,"texture":"#0"},"east":{"uv":[7.5,7,8.4375,8],"rotation":90,"texture":"#6"},"south":{"uv":[0,13,3,14],"rotation":90,"texture":"#0"}}},{"from":[10.62398,7.34061,7.45003],"to":[11.32398,7.55941,8.55003],"rotation":{"angle":-22.5,"axis":"x","origin":[10.97398,7.45001,8.00003]},"faces":{"north":{"uv":[1,3,4,4],"rotation":270,"texture":"#0"},"east":{"uv":[7.5,7,8.4375,8],"rotation":270,"texture":"#6"},"south":{"uv":[1,3,4,4],"rotation":270,"texture":"#0"}}},{"from":[10.62398,7.34061,7.45003],"to":[11.32398,7.55941,8.55003],"rotation":{"angle":22.5,"axis":"x","origin":[10.97398,7.45001,8.00003]},"faces":{"north":{"uv":[0,10,1,13],"texture":"#5"},"east":{"uv":[7.5,7,8.4375,8],"rotation":90,"texture":"#6"},"south":{"uv":[0,13,3,14],"rotation":90,"texture":"#0"}}},{"from":[10.62398,6.90001,7.89063],"to":[11.32398,8.00001,8.10943],"rotation":{"angle":45,"axis":"x","origin":[10.97398,7.45001,8.00003]},"faces":{"east":{"uv":[7.5,7,8.4375,8],"texture":"#6"},"up":{"uv":[3,3,6,4],"rotation":270,"texture":"#0"},"down":{"uv":[0,13,3,14],"rotation":90,"texture":"#0"}}},{"from":[10.62398,6.90001,7.89063],"to":[11.32398,8.00001,8.10943],"rotation":{"angle":-45,"axis":"x","origin":[10.97398,7.45001,8.00003]},"faces":{"east":{"uv":[7.5,7,8.4375,8],"texture":"#6"},"up":{"uv":[0,6,3,7],"rotation":90,"texture":"#5"},"down":{"uv":[0,13,3,14],"rotation":90,"texture":"#0"}}},{"from":[10.62398,6.90001,7.89063],"to":[11.32398,8.00001,8.10943],"rotation":{"angle":22.5,"axis":"x","origin":[10.97398,7.45001,8.00003]},"faces":{"east":{"uv":[7.5,7,8.4375,8],"texture":"#6"},"up":{"uv":[10,0,11,3],"rotation":180,"texture":"#5"},"down":{"uv":[0,13,3,14],"rotation":90,"texture":"#0"}}},{"from":[10.62398,6.90001,7.89063],"to":[11.32398,8.00001,8.10943],"rotation":{"angle":-22.5,"axis":"x","origin":[10.97398,7.45001,8.00003]},"faces":{"east":{"uv":[7.5,7,8.4375,8],"texture":"#6"},"up":{"uv":[0,6,3,7],"rotation":270,"texture":"#5"},"down":{"uv":[0,13,3,14],"rotation":90,"texture":"#0"}}},{"from":[3.99898,7.38039,8.25003],"to":[12.99898,7.51963,8.35003],"rotation":{"angle":-22.5,"axis":"x","origin":[8.99898,7.45001,8.00003]},"faces":{"north":{"uv":[11.5,13.5,13,16],"rotation":180,"texture":"#0"},"east":{"uv":[10,14,11,16],"rotation":270,"texture":"#5"},"south":{"uv":[3,3,5,4],"rotation":270,"texture":"#0"}}},{"from":[3.99898,7.38039,8.25003],"to":[12.99898,7.51963,8.35003],"rotation":{"angle":0,"axis":"y","origin":[-0.50102,8.45001,8.00003]},"faces":{"north":{"uv":[0,2,1,5],"rotation":180,"texture":"#5"},"east":{"uv":[0,5,2,6],"rotation":180,"texture":"#5"},"south":{"uv":[2,3,4,4],"rotation":270,"texture":"#0"}}},{"from":[3.99898,7.38039,8.25003],"to":[12.99898,7.51963,8.35003],"rotation":{"angle":22.5,"axis":"x","origin":[8.99898,7.45001,8.00003]},"faces":{"north":{"uv":[10,0,13,1],"rotation":90,"texture":"#5"},"east":{"uv":[0,8,2,9],"rotation":180,"texture":"#5"},"south":{"uv":[15,9,16,10],"texture":"#0"}}},{"from":[3.99898,7.70001,7.93041],"to":[12.99898,7.80001,8.06965],"rotation":{"angle":45,"axis":"x","origin":[8.99898,7.45001,8.00003]},"faces":{"east":{"uv":[10,14,11,16],"texture":"#5"},"up":{"uv":[6,3,8,4],"rotation":90,"texture":"#0"},"down":{"uv":[11.5,13.5,13,16],"texture":"#0"}}},{"from":[3.99898,7.70001,7.93041],"to":[12.99898,7.80001,8.06965],"rotation":{"angle":22.5,"axis":"x","origin":[8.99898,7.45001,8.00003]},"faces":{"east":{"uv":[10,14,11,16],"texture":"#5"},"up":{"uv":[9,7,12,8],"rotation":90,"texture":"#0"},"down":{"uv":[11.5,13.5,13,16],"texture":"#0"}}},{"from":[3.99898,7.70001,7.93041],"to":[12.99898,7.80001,8.06965],"rotation":{"angle":0,"axis":"y","origin":[-0.50102,8.45001,8.00003]},"faces":{"east":{"uv":[9,14,10,16],"texture":"#5"},"up":{"uv":[0,3,1,6],"texture":"#5"},"down":{"uv":[11.5,13.5,13,16],"texture":"#0"}}},{"from":[3.99898,7.70001,7.93041],"to":[12.99898,7.80001,8.06965],"rotation":{"angle":-22.5,"axis":"x","origin":[8.99898,7.45001,8.00003]},"faces":{"east":{"uv":[10,14,11,16],"texture":"#5"},"up":{"uv":[0,9,3,10],"rotation":270,"texture":"#5"},"down":{"uv":[11.5,13.5,13,16],"texture":"#0"}}},{"from":[3.99898,7.70001,7.93041],"to":[12.99898,7.80001,8.06965],"rotation":{"angle":-45,"axis":"x","origin":[8.99898,7.45001,8.00003]},"faces":{"east":{"uv":[0,5,2,6],"rotation":270,"texture":"#5"},"up":{"uv":[1,4,4,5],"rotation":90,"texture":"#5"},"down":{"uv":[0,0,1,1],"texture":"#0"}}},{"from":[7.94898,8.85001,7.90057],"to":[8.02398,9.25001,8.09949],"rotation":{"angle":0,"axis":"y","origin":[12.59898,7.85001,8.00003]},"faces":{"east":{"uv":[7,7,8,8],"texture":"#3"},"west":{"uv":[13,3,11,7.9],"rotation":180,"texture":"#3"},"up":{"uv":[0,1,2,2],"texture":"#3"}}},{"from":[8.02398,8.8501,7.90057],"to":[8.89898,8.9501,8.09949],"rotation":{"angle":0,"axis":"y","origin":[8.46148,8.90001,8.00003]},"faces":{"up":{"uv":[0,8,16,9],"texture":"#6"}}},{"from":[8.36202,8.85001,7.56253],"to":[8.56094,8.95001,8.43753],"rotation":{"angle":-22.5,"axis":"y","origin":[8.46148,8.90001,8.00003]},"faces":{"up":{"uv":[0,9,16,10],"rotation":270,"texture":"#6"}}},{"from":[8.36202,8.8501,7.56253],"to":[8.56094,8.9501,8.43753],"rotation":{"angle":0,"axis":"y","origin":[8.46148,8.90001,8.00003]},"faces":{"up":{"uv":[0,7,16,8],"rotation":90,"texture":"#6"}}},{"from":[8.36202,8.85001,7.56253],"to":[8.56094,8.95001,8.43753],"rotation":{"angle":22.5,"axis":"y","origin":[8.46148,8.90001,8.00003]},"faces":{"up":{"uv":[0,11,16,12],"rotation":90,"texture":"#6"}}},{"from":[8.02398,8.8499,7.90057],"to":[8.89898,8.9499,8.09949],"rotation":{"angle":-45,"axis":"y","origin":[8.46148,8.90001,8.00003]},"faces":{"up":{"uv":[0,9,16,10],"texture":"#6"}}},{"from":[8.02398,8.85001,7.90057],"to":[8.89898,8.95001,8.09949],"rotation":{"angle":-22.5,"axis":"y","origin":[8.46148,8.90001,8.00003]},"faces":{"up":{"uv":[0,3,16,4],"texture":"#6"}}},{"from":[8.02398,8.8499,7.90057],"to":[8.89898,8.9499,8.09949],"rotation":{"angle":45,"axis":"y","origin":[8.46148,8.90001,8.00003]},"faces":{"up":{"uv":[0,6,16,7],"texture":"#6"}}},{"from":[8.02398,8.85001,7.90057],"to":[8.89898,8.95001,8.09949],"rotation":{"angle":22.5,"axis":"y","origin":[8.46148,8.90001,8.00003]},"faces":{"up":{"uv":[0,8,16,9],"texture":"#6"}}},{"from":[7.94898,8.85001,7.90057],"to":[8.02398,9.35001,8.09949],"rotation":{"angle":22.5,"axis":"y","origin":[8.44898,9.17501,8.00003]},"faces":{"north":{"uv":[1,3,3,4],"rotation":180,"texture":"#3"},"east":{"uv":[7,8,8,9],"texture":"#3"},"west":{"uv":[11,6,12.89967,11],"texture":"#3"},"up":{"uv":[0,1,2,2],"texture":"#3"}}},{"from":[7.94898,8.85001,7.90057],"to":[8.02398,9.35001,8.09949],"rotation":{"angle":-22.5,"axis":"y","origin":[8.44898,9.17501,8.00003]},"faces":{"east":{"uv":[7,8,8,9],"texture":"#3"},"south":{"uv":[1,3,3,4],"texture":"#3"},"west":{"uv":[10,11,4,12.9],"rotation":270,"texture":"#3"},"up":{"uv":[0,1,2,2],"texture":"#3"}}},{"from":[7.94898,8.85001,7.90057],"to":[8.02398,9.45001,8.09949],"rotation":{"angle":-45,"axis":"y","origin":[8.44898,9.17501,8.00003]},"faces":{"east":{"uv":[7,7,8,8],"texture":"#3"},"south":{"uv":[1,3,3,4],"texture":"#3"},"west":{"uv":[11,1,5,3],"rotation":270,"texture":"#3"},"up":{"uv":[0,1,2,2],"texture":"#3"}}},{"from":[8.34952,8.85001,7.50003],"to":[8.54844,9.45001,7.57503],"rotation":{"angle":22.5,"axis":"y","origin":[8.44898,9.17501,8.00003]},"faces":{"north":{"uv":[1,3,2.89967,9],"texture":"#3"},"south":{"uv":[6,6,7,7],"texture":"#3"},"up":{"uv":[0,1,2,2],"rotation":90,"texture":"#3"}}},{"from":[7.94898,8.85001,7.90057],"to":[8.02398,9.45001,8.09949],"rotation":{"angle":45,"axis":"y","origin":[8.44898,9.17501,8.00003]},"faces":{"north":{"uv":[1,3,3,4],"rotation":180,"texture":"#3"},"east":{"uv":[7,6,8,7],"texture":"#3"},"west":{"uv":[13,4,11,9],"rotation":180,"texture":"#3"},"up":{"uv":[0,1,2,2],"texture":"#3"}}},{"from":[8.34952,8.85001,7.50003],"to":[8.54844,9.45001,7.57503],"rotation":{"angle":0,"axis":"y","origin":[12.59898,7.85001,8.00003]},"faces":{"north":{"uv":[11,6,12.9,12],"texture":"#3"},"south":{"uv":[7,7,8,8],"rotation":90,"texture":"#3"},"up":{"uv":[0,1,2,2],"rotation":90,"texture":"#3"}}},{"from":[8.34952,8.85001,7.50003],"to":[8.54844,9.45001,7.57503],"rotation":{"angle":-22.5,"axis":"y","origin":[8.44898,9.17501,8.00003]},"faces":{"north":{"uv":[11,6,12.89967,12],"texture":"#3"},"south":{"uv":[8,7,9,8],"texture":"#3"},"up":{"uv":[0,1,2,2],"rotation":90,"texture":"#3"}}},{"from":[8.34952,8.85001,8.42503],"to":[8.54844,9.45001,8.50003],"rotation":{"angle":-22.5,"axis":"y","origin":[8.44898,9.17501,8.00003]},"faces":{"north":{"uv":[8,6,7,7],"texture":"#3"},"south":{"uv":[5,11,10,13],"rotation":270,"texture":"#3"},"up":{"uv":[0,1,2,2],"rotation":270,"texture":"#3"}}},{"from":[8.34952,8.85001,8.42503],"to":[8.54844,9.45001,8.50003],"rotation":{"angle":0,"axis":"y","origin":[12.59898,7.85001,8.00003]},"faces":{"north":{"uv":[8,7,7,8],"texture":"#3"},"south":{"uv":[6,11,12,12.9],"rotation":270,"texture":"#3"},"up":{"uv":[0,1,2,2],"rotation":270,"texture":"#3"}}},{"from":[8.34952,8.85001,8.42503],"to":[8.54844,9.45001,8.50003],"rotation":{"angle":22.5,"axis":"y","origin":[8.44898,9.17501,8.00003]},"faces":{"north":{"uv":[8,7,7,8],"texture":"#3"},"south":{"uv":[11,6,12.9,12],"texture":"#3"},"up":{"uv":[0,1,2,2],"rotation":270,"texture":"#3"}}},{"from":[8.87398,8.85001,7.90057],"to":[8.94898,9.45001,8.09949],"rotation":{"angle":45,"axis":"y","origin":[8.44898,9.17501,8.00003]},"faces":{"east":{"uv":[1,4,2.9,10],"texture":"#3"},"south":{"uv":[1,3,3,4],"rotation":180,"texture":"#3"},"west":{"uv":[7,6,6,7],"texture":"#3"},"up":{"uv":[0,1,2,2],"rotation":180,"texture":"#3"}}},{"from":[8.87398,8.85001,7.90057],"to":[8.94898,9.35001,8.09949],"rotation":{"angle":22.5,"axis":"y","origin":[8.44898,9.17501,8.00003]},"faces":{"east":{"uv":[1,4,2.9,10],"texture":"#3"},"south":{"uv":[1,3,3,4],"rotation":180,"texture":"#3"},"west":{"uv":[8,6,7,7],"texture":"#3"},"up":{"uv":[0,1,2,2],"rotation":180,"texture":"#3"}}},{"from":[8.87398,8.85001,7.90057],"to":[8.94898,9.25001,8.09949],"rotation":{"angle":0,"axis":"y","origin":[12.59898,7.85001,8.00003]},"faces":{"east":{"uv":[11,6,13,12],"texture":"#3"},"west":{"uv":[8,7,7,8],"texture":"#3"},"up":{"uv":[0,1,2,2],"rotation":180,"texture":"#3"}}},{"from":[8.87398,8.85001,7.90057],"to":[8.94898,9.35001,8.09949],"rotation":{"angle":-22.5,"axis":"y","origin":[8.44898,9.17501,8.00003]},"faces":{"north":{"uv":[1,3,3,4],"texture":"#3"},"east":{"uv":[1,3,2.9,10],"texture":"#3"},"west":{"uv":[8,7,7,8],"texture":"#3"},"up":{"uv":[0,1,2,2],"rotation":180,"texture":"#3"}}},{"from":[8.87398,8.85001,7.90057],"to":[8.94898,9.45001,8.09949],"rotation":{"angle":-45,"axis":"y","origin":[8.44898,9.17501,8.00003]},"faces":{"north":{"uv":[1,3,3,4],"texture":"#3"},"east":{"uv":[1,5,2.9,12],"texture":"#3"},"west":{"uv":[8,7,7,8],"texture":"#3"},"up":{"uv":[0,1,2,2],"rotation":180,"texture":"#3"}}},{"from":[5.6,4.65001,7.60003],"to":[5.75,6.00001,8.40003],"rotation":{"angle":0,"axis":"z","origin":[6.79898,4.45001,8.10003]},"faces":{"north":{"uv":[14,0,16,15],"texture":"#5"},"east":{"uv":[11,0,16,3],"rotation":270,"texture":"#3"},"south":{"uv":[14,2,16,15],"rotation":180,"texture":"#5"}}},{"from":[-9.83287,7.01667,7.075],"to":[-9.58287,9.31667,7.325],"rotation":{"angle":0,"axis":"z","origin":[-9.72602,5.75565,7.201]},"faces":{"north":{"uv":[3,13,11,10],"rotation":270,"texture":"#3"},"east":{"uv":[8,7,7,8],"texture":"#3"},"south":{"uv":[16,6,12,5],"rotation":180,"texture":"#5"},"west":{"uv":[1,12,3,3],"texture":"#3"}}},{"from":[-9.83287,8.94867,7.075],"to":[-9.58287,9.31667,7.325],"rotation":{"angle":22.5,"axis":"x","origin":[-9.70787,9.13267,8]},"faces":{"north":{"uv":[10,3,7,0],"rotation":270,"texture":"#3"},"east":{"uv":[7,7,8,8],"texture":"#3"},"south":{"uv":[16,6,12,5],"rotation":180,"texture":"#5"},"west":{"uv":[14,12,12,10],"texture":"#3"}}},{"from":[-9.83287,8.94867,7.075],"to":[-9.58287,9.31667,7.325],"rotation":{"angle":45,"axis":"x","origin":[-9.70787,9.13267,8]},"faces":{"north":{"uv":[8,3,5,0],"rotation":270,"texture":"#3"},"east":{"uv":[7,7,8,8],"texture":"#3"},"south":{"uv":[16,6,12,5],"rotation":180,"texture":"#5"},"west":{"uv":[14,10,12,8],"texture":"#3"}}},{"from":[-9.83287,9.80767,7.816],"to":[-9.58287,10.05767,8.184],"rotation":{"angle":0,"axis":"y","origin":[-9.70787,9.13267,8]},"faces":{"east":{"uv":[7,7,8,8],"rotation":90,"texture":"#3"},"west":{"uv":[14,5,12,3],"rotation":90,"texture":"#3"},"up":{"uv":[5,16,2,13],"rotation":90,"texture":"#3"},"down":{"uv":[4,4,0,3],"texture":"#5"}}},{"from":[-9.83287,9.80767,7.816],"to":[-9.58287,10.05767,8.184],"rotation":{"angle":-22.5,"axis":"x","origin":[-9.70787,9.13267,8]},"faces":{"east":{"uv":[7,7,8,8],"rotation":270,"texture":"#3"},"west":{"uv":[14,7,12,5],"rotation":90,"texture":"#3"},"up":{"uv":[3,10,0,7],"rotation":180,"texture":"#3"},"down":{"uv":[4,6,0,5],"texture":"#5"}}},{"from":[-9.83287,8.94867,8.675],"to":[-9.58287,9.31667,8.925],"rotation":{"angle":-45,"axis":"x","origin":[-9.70787,9.13267,8]},"faces":{"north":{"uv":[16,6,12,5],"texture":"#5"},"east":{"uv":[7,7,8,8],"texture":"#3"},"south":{"uv":[4,16,1,13],"rotation":90,"texture":"#3"},"west":{"uv":[14,12,12,10],"rotation":180,"texture":"#3"}}},{"from":[-9.83287,9.80767,7.816],"to":[-9.58287,10.05767,8.184],"rotation":{"angle":22.5,"axis":"x","origin":[-9.70787,9.13267,8]},"faces":{"east":{"uv":[7,7,8,8],"rotation":90,"texture":"#3"},"west":{"uv":[14,10,12,8],"rotation":90,"texture":"#3"},"up":{"uv":[10,16,7,13],"rotation":90,"texture":"#3"},"down":{"uv":[4,6,0,5],"texture":"#5"}}},{"from":[-9.83287,8.94867,8.675],"to":[-9.58287,9.31667,8.925],"rotation":{"angle":-22.5,"axis":"x","origin":[-9.70787,9.13267,8]},"faces":{"north":{"uv":[16,6,12,5],"texture":"#5"},"east":{"uv":[7,7,8,8],"texture":"#3"},"south":{"uv":[16,9,13,6],"rotation":180,"texture":"#3"},"west":{"uv":[14,8,12,6],"rotation":180,"texture":"#3"}}},{"from":[-9.83287,7.01667,8.675],"to":[-9.58287,9.31667,8.925],"rotation":{"angle":0,"axis":"z","origin":[-9.72602,5.75565,8.799]},"faces":{"north":{"uv":[16,6,12,5],"texture":"#5"},"east":{"uv":[7,7,8,8],"texture":"#3"},"south":{"uv":[16,11,13,3],"rotation":180,"texture":"#3"},"west":{"uv":[14,13,12,3],"rotation":180,"texture":"#3"}}},{"from":[-10.32602,5.6363,8.674],"to":[-10.07602,6.975,8.924],"rotation":{"angle":-22.5,"axis":"z","origin":[-9.72602,5.75565,8.799]},"faces":{"north":{"uv":[16,6,12,5],"texture":"#5"},"east":{"uv":[7,7,8,8],"texture":"#3"},"south":{"uv":[3,9,0,2],"rotation":180,"texture":"#3"},"west":{"uv":[14,10,12,4],"rotation":180,"texture":"#3"}}},{"from":[-10.32602,5.6363,7.076],"to":[-10.07602,6.975,7.326],"rotation":{"angle":-22.5,"axis":"z","origin":[-9.72602,5.75565,7.201]},"faces":{"north":{"uv":[0,10,3,3],"rotation":180,"texture":"#3"},"east":{"uv":[8,7,7,8],"texture":"#3"},"south":{"uv":[12,6,16,5],"texture":"#5"},"west":{"uv":[12,9,14,3],"rotation":180,"texture":"#3"}}},{"from":[-10.32602,5.6363,8.6741],"to":[-10.07602,5.875,8.9241],"rotation":{"angle":0,"axis":"z","origin":[-9.72602,5.75565,8.799]},"faces":{"north":{"uv":[3,2,0,1],"rotation":180,"texture":"#5"},"east":{"uv":[0,0,1,1],"texture":"#3"},"south":{"uv":[2.1,8,2.2,1],"rotation":270,"texture":"#3"},"west":{"uv":[16,13,14,11],"texture":"#3"}}},{"from":[-10.32602,5.6363,8.6745],"to":[-10.07602,5.875,8.9235],"rotation":{"angle":22.5,"axis":"z","origin":[-9.72602,5.75565,8.799]},"faces":{"north":{"uv":[2,3,0,2],"rotation":180,"texture":"#5"},"east":{"uv":[0,0,1,1],"texture":"#3"},"south":{"uv":[2.1,8,2.2,1],"rotation":270,"texture":"#3"},"west":{"uv":[5,16,3,14],"rotation":270,"texture":"#3"}}},{"from":[-9.84537,5.15565,8.674],"to":[-9.60667,5.40565,8.924],"rotation":{"angle":-45,"axis":"z","origin":[-9.72602,5.75565,8.799]},"faces":{"north":{"uv":[12,5,16,6],"rotation":270,"texture":"#5"},"south":{"uv":[2.1,1,2.2,8],"texture":"#3"},"up":{"uv":[0,0,1,1],"rotation":270,"texture":"#3"},"down":{"uv":[12,16,10,14],"rotation":180,"texture":"#3"}}},{"from":[-9.84537,5.15565,8.6745],"to":[-9.60667,5.40565,8.9235],"rotation":{"angle":-22.5,"axis":"z","origin":[-9.72602,5.75565,8.799]},"faces":{"north":{"uv":[14,5,16,6],"rotation":270,"texture":"#5"},"south":{"uv":[2.1,1,2.2,8],"texture":"#3"},"up":{"uv":[0,0,1,1],"rotation":270,"texture":"#3"},"down":{"uv":[16,16,14,14],"rotation":270,"texture":"#3"}}},{"from":[-9.84538,5.15565,8.674],"to":[-6.64538,5.40565,8.924],"rotation":{"angle":0,"axis":"z","origin":[-8.09538,5.20565,8.87503]},"faces":{"north":{"uv":[0,8,3,9],"rotation":270,"texture":"#6"},"east":{"uv":[5,3,6,3.5],"rotation":270,"texture":"#0"},"south":{"uv":[2.1,1,2.2,8],"texture":"#3"},"up":{"uv":[0,0,1,1],"rotation":270,"texture":"#3"},"down":{"uv":[14,16,12,0],"rotation":270,"texture":"#3"}}},{"from":[-10.32602,5.6363,7.0759],"to":[-10.07602,5.875,7.3259],"rotation":{"angle":0,"axis":"z","origin":[-9.72602,5.75565,7.201]},"faces":{"north":{"uv":[2.1,8,2.2,1],"rotation":90,"texture":"#3"},"east":{"uv":[1,0,0,1],"texture":"#3"},"south":{"uv":[0,2,3,1],"rotation":180,"texture":"#5"},"west":{"uv":[14,8,16,6],"texture":"#3"}}},{"from":[-10.32602,5.6363,7.0765],"to":[-10.07602,5.875,7.3255],"rotation":{"angle":22.5,"axis":"z","origin":[-9.72602,5.75565,7.201]},"faces":{"north":{"uv":[2.1,8,2.2,1],"rotation":90,"texture":"#3"},"east":{"uv":[1,0,0,1],"texture":"#3"},"south":{"uv":[0,2,2,1],"rotation":180,"texture":"#5"},"west":{"uv":[5,16,7,14],"rotation":90,"texture":"#3"}}},{"from":[-9.84537,5.15565,7.076],"to":[-9.60667,5.40565,7.326],"rotation":{"angle":-45,"axis":"z","origin":[-9.72602,5.75565,7.201]},"faces":{"north":{"uv":[2.1,8,2.2,1],"rotation":180,"texture":"#3"},"south":{"uv":[12,6,16,5],"rotation":270,"texture":"#5"},"up":{"uv":[1,0,0,1],"rotation":270,"texture":"#3"},"down":{"uv":[12,16,14,14],"texture":"#3"}}},{"from":[-9.84537,5.15565,7.0765],"to":[-9.60667,5.40565,7.3255],"rotation":{"angle":-22.5,"axis":"z","origin":[-9.72602,5.75565,7.201]},"faces":{"north":{"uv":[2.1,8,2.2,1],"rotation":180,"texture":"#3"},"south":{"uv":[14,6,16,5],"rotation":270,"texture":"#5"},"up":{"uv":[1,0,0,1],"rotation":270,"texture":"#3"},"down":{"uv":[14,16,16,14],"rotation":270,"texture":"#3"}}},{"from":[-6.64538,5.10667,8.749],"to":[-5.27038,5.45667,8.849],"rotation":{"angle":0,"axis":"z","origin":[-6.64538,5.23065,8.90003]},"faces":{"north":{"uv":[2,8,6,9],"rotation":270,"texture":"#6"},"east":{"uv":[4,3,7,3.5],"rotation":90,"texture":"#0"},"south":{"uv":[0,0,1,1],"rotation":180,"texture":"#5"},"up":{"uv":[0,0,1,1],"rotation":270,"texture":"#6"},"down":{"uv":[14,16,12,0],"rotation":270,"texture":"#3"}}},{"from":[-6.79538,5.10667,8.7491],"to":[-6.64538,5.15667,8.8489],"rotation":{"angle":-22.5,"axis":"z","origin":[-6.64538,5.10667,8.85003]},"faces":{"north":{"uv":[0,0,1,1],"rotation":180,"texture":"#6"},"south":{"uv":[2,1,3,8],"texture":"#3"},"down":{"uv":[15,9,13,7],"rotation":180,"texture":"#3"}}},{"from":[-6.79538,5.40667,8.7491],"to":[-6.64538,5.45667,8.8489],"rotation":{"angle":22.5,"axis":"z","origin":[-6.64538,5.45667,8.85003]},"faces":{"north":{"uv":[8,9,9,8],"rotation":180,"texture":"#6"},"south":{"uv":[2,8,3,1],"texture":"#3"},"up":{"uv":[13,16,14,13],"rotation":90,"texture":"#5"}}},{"from":[-6.79538,5.10667,7.1511],"to":[-6.64538,5.15667,7.2509],"rotation":{"angle":-22.5,"axis":"z","origin":[-6.64538,5.10667,7.14997]},"faces":{"north":{"uv":[2,8,3,1],"rotation":180,"texture":"#3"},"south":{"uv":[0,1,1,0],"texture":"#6"},"down":{"uv":[13,10,15,8],"texture":"#3"}}},{"from":[-9.84538,5.15565,7.076],"to":[-6.64538,5.40565,7.326],"rotation":{"angle":0,"axis":"z","origin":[-8.09538,5.20565,7.07497]},"faces":{"north":{"uv":[2.1,8,2.2,1],"rotation":180,"texture":"#3"},"east":{"uv":[5,3.5,6,3],"rotation":270,"texture":"#0"},"south":{"uv":[0,9,3,8],"rotation":270,"texture":"#6"},"up":{"uv":[1,0,0,1],"rotation":270,"texture":"#3"},"down":{"uv":[12,16,14,0],"rotation":270,"texture":"#3"}}},{"from":[-6.79538,5.40667,7.1511],"to":[-6.64538,5.45667,7.2509],"rotation":{"angle":22.5,"axis":"z","origin":[-6.64538,5.45667,7.14997]},"faces":{"north":{"uv":[2,1,3,8],"rotation":180,"texture":"#3"},"south":{"uv":[8,7,9,8],"texture":"#6"},"up":{"uv":[13,16,12,13],"rotation":90,"texture":"#5"}}},{"from":[-6.64538,5.10667,7.151],"to":[-5.27038,5.45667,7.251],"rotation":{"angle":0,"axis":"z","origin":[-6.64538,5.23065,8.90003]},"faces":{"north":{"uv":[0,0,1,1],"rotation":90,"texture":"#5"},"east":{"uv":[4,3,7,3.5],"rotation":270,"texture":"#0"},"south":{"uv":[2,8,6,9],"rotation":270,"texture":"#6"},"up":{"uv":[0,0,1,1],"rotation":270,"texture":"#6"},"down":{"uv":[12,16,14,0],"rotation":270,"texture":"#3"}}},{"from":[-5.6,5.12501,7.1375],"to":[-5.3,5.42501,8.8625],"rotation":{"angle":0,"axis":"y","origin":[10.79898,10.15001,8.0625]},"faces":{"east":{"uv":[0,8,4,9],"rotation":90,"texture":"#6"},"west":{"uv":[12,6,16,5],"rotation":90,"texture":"#5"},"up":{"uv":[12,11.5,13,7],"rotation":270,"texture":"#5"},"down":{"uv":[8,7.5,9,7],"texture":"#6"}}},{"from":[-5.50102,4.82501,8.85003],"to":[-5.00102,6.47501,8.95003],"rotation":{"angle":0,"axis":"y","origin":[10.79898,10.15001,7.95003]},"faces":{"north":{"uv":[0,8,4,9],"rotation":180,"texture":"#6"},"south":{"uv":[0,3,3,10],"rotation":180,"texture":"#3"},"west":{"uv":[14,16,12,0],"texture":"#3"},"up":{"uv":[4,3,11,3.5],"texture":"#3"},"down":{"uv":[0,0,1,0.5],"texture":"#6"}}},{"from":[-5.50102,4.95001,8.851],"to":[-4.87002,6.47501,8.949],"rotation":{"angle":-22.5,"axis":"z","origin":[-5.50102,6.47501,8.90003]},"faces":{"north":{"uv":[0,6,4,9],"texture":"#5"},"south":{"uv":[14,5,16,6],"rotation":180,"texture":"#5"},"west":{"uv":[14,16,12,0],"texture":"#3"},"down":{"uv":[0,6,3,6.5],"rotation":180,"texture":"#5"}}},{"from":[-5.50102,4.95001,7.051],"to":[-4.87002,6.47501,7.149],"rotation":{"angle":-22.5,"axis":"z","origin":[-5.50102,6.47501,7.10003]},"faces":{"north":{"uv":[14,6,16,5],"texture":"#5"},"south":{"uv":[0,9,4,6],"rotation":180,"texture":"#5"},"west":{"uv":[12,16,14,0],"texture":"#3"},"down":{"uv":[0,7,3,6],"rotation":180,"texture":"#5"}}},{"from":[-5.50102,4.82501,7.05003],"to":[-5.00102,6.47501,7.15003],"rotation":{"angle":0,"axis":"y","origin":[10.79898,10.15001,8.05003]},"faces":{"north":{"uv":[0,10,3,3],"texture":"#3"},"south":{"uv":[0,9,4,8],"texture":"#6"},"west":{"uv":[12,16,14,0],"texture":"#3"},"up":{"uv":[3,4,11,3],"texture":"#3"},"down":{"uv":[0,0.5,1,0],"texture":"#6"}}},{"from":[-5.00102,4.82501,7.05003],"to":[-4.90102,6.47501,8.95003],"rotation":{"angle":0,"axis":"y","origin":[10.69898,10.15001,8.15003]},"faces":{"north":{"uv":[0,1,1,0],"rotation":90,"texture":"#3"},"east":{"uv":[0,5,5,1],"texture":"#5"},"south":{"uv":[0,1,1,0],"rotation":90,"texture":"#3"},"west":{"uv":[0,7,6,6],"texture":"#5"},"up":{"uv":[10,10.5,11,8],"rotation":270,"texture":"#5"},"down":{"uv":[3,7.5,5,7],"rotation":180,"texture":"#6"}}},{"from":[-4.90102,6.10001,7.05003],"to":[4.59898,6.47501,7.22503],"rotation":{"angle":0,"axis":"y","origin":[-0.15102,6.28751,8.00003]},"faces":{"north":{"uv":[10,10,16,11],"rotation":90,"texture":"#0"},"south":{"uv":[10,10,16,11],"rotation":90,"texture":"#0"},"up":{"uv":[8,0,14,1],"rotation":90,"texture":"#5"},"down":{"uv":[0,0,1,1],"texture":"#0"}}},{"from":[-4.90102,6.10001,8.77503],"to":[4.59898,6.47501,8.95003],"rotation":{"angle":0,"axis":"y","origin":[-0.15102,6.28751,8.00003]},"faces":{"north":{"uv":[10,10,16,11],"rotation":90,"texture":"#0"},"south":{"uv":[10,10,16,11],"rotation":90,"texture":"#0"},"up":{"uv":[8,0,14,1],"rotation":90,"texture":"#5"},"down":{"uv":[0,0,1,1],"texture":"#0"}}}],"display":{"thirdperson_righthand":{"rotation":[0,90,0],"translation":[-1,1.75,-1.25],"scale":[0.7,0.7,0.7]},"thirdperson_lefthand":{"rotation":[90,90,34],"translation":[-1.75,-6,6],"scale":[0.7,0.7,0.7]},"firstperson_righthand":{"rotation":[0,90.125,1],"translation":[-8.994,6.37,-7],"scale":[1.4,1.4,1.4]},"firstperson_lefthand":{"scale":[0.001,0.001,0.001]},"ground":{"translation":[0,7,0],"scale":[0.7,0.7,0.7]},"gui":{"rotation":[0,0,45],"translation":[-0.25,5,0],"scale":[1.2,1.2,1.2]},"head":{"scale":[1.4,1.4,1.4]},"fixed":{"translation":[-2.5,5,-2.5],"scale":[-1.4,1.4,1.4]}}}