{"textures":{"0":"block/black_wool","2":"block/anvil","3":"block/coal_ore","4":"block/coal_block","5":"block/chiseled_stone_bricks","6":"block/bedrock","7":"block/furnace_side","8":"block/observer_side","9":"block/cauldron_inner","particle":"block/furnace_side","a":"block/tripwire_hook","b":"block/red_sandstone_top","c":"block/red_sandstone_bottom"},"elements":[{"from":[1.25,8.771,8.2],"to":[2.9,8.95,8.45],"rotation":{"angle":-22.5,"axis":"x","origin":[2.75,8.8605,8]},"faces":{"north":{"uv":[0.01,0.01,0.01,0.01],"texture":"#2"},"east":{"uv":[0,0,1,2],"texture":"#2"},"south":{"uv":[15,0,16,7],"texture":"#7"},"west":{"uv":[0.01,5,0.01,8],"texture":"#4"},"up":{"uv":[15,0,16,7],"rotation":180,"texture":"#7"}}},{"from":[8.651,9.55,7.65],"to":[8.7135,9.775,8.35],"rotation":{"angle":0,"axis":"y","origin":[8,8.025,8]},"faces":{"east":{"uv":[0,6,16,9],"texture":"#a"},"west":{"uv":[0,6,16,9],"texture":"#a"},"up":{"uv":[0,6,16,7],"rotation":90,"texture":"#a"}}},{"from":[13.7,8.825,7.96022],"to":[28.05,8.875,8.03978],"faces":{"east":{"uv":[6,4,10,5],"texture":"#2"},"up":{"uv":[1,8,7,9],"rotation":90,"texture":"#7"},"down":{"uv":[6,9,7,10],"texture":"#4"}}},{"from":[-5.9,4.45,7.4995],"to":[2.4,5.85,8.5005],"rotation":{"angle":22.5,"axis":"z","origin":[-5.9,4.45,8]},"faces":{"north":{"uv":[5,0,16,16],"rotation":180,"texture":"#b"},"east":{"uv":[7,6,8,7],"texture":"#c"},"south":{"uv":[5,0,16,16],"rotation":180,"texture":"#b"},"up":{"uv":[1,0,16,9],"rotation":180,"texture":"#b"},"down":{"uv":[11,14,14,16],"rotation":90,"texture":"#c"}}},{"from":[1.51984,7.01597,7.9],"to":[1.61984,7.36597,8.1],"rotation":{"angle":0,"axis":"y","origin":[7.99424,7.99604,8]},"faces":{"north":{"uv":[0,0,0.1,0.5],"texture":"#4"},"east":{"uv":[0,0,0.2,0.5],"texture":"#4"},"south":{"uv":[0,0,0.1,0.5],"texture":"#4"},"west":{"uv":[0,0,0.2,0.5],"texture":"#4"},"down":{"uv":[0,0,0.1,0.2],"texture":"#4"}}},{"from":[1.465,6.79,7.8],"to":[2.55,6.89,8.2],"faces":{"north":{"uv":[3,2,10,4],"rotation":180,"texture":"#5"},"south":{"uv":[6,2,2,4],"rotation":180,"texture":"#5"},"up":{"uv":[3,1,12,4],"texture":"#5"},"down":{"uv":[10,10,16,11],"rotation":180,"texture":"#4"}}},{"from":[2.5,6.75,7.6],"to":[4.4,7.9,8.4],"faces":{"north":{"uv":[1,4,2,11],"rotation":270,"texture":"#8"},"south":{"uv":[1,4,2,11],"rotation":90,"texture":"#8"},"west":{"uv":[0,0,3.4,5.8],"texture":"#2"},"down":{"uv":[7,4,8,5],"texture":"#4"}}},{"from":[8.6499,8.701,7.65],"to":[11.2499,9.501,8.35],"faces":{"north":{"uv":[3,13,13,14],"rotation":90,"texture":"#0"},"east":{"uv":[0,0,1,2],"texture":"#2"},"south":{"uv":[3,13,13,14],"rotation":90,"texture":"#0"},"west":{"uv":[0.01,5,0.01,8],"texture":"#4"},"up":{"uv":[0,0,5,16],"texture":"#2"}}},{"from":[8.652,9.55,7.65],"to":[8.7145,9.775,8.35],"faces":{"north":{"uv":[11,6,12,7],"texture":"#5"},"east":{"uv":[5,5,11,9],"texture":"#a"},"south":{"uv":[11,6,12,7],"texture":"#5"},"west":{"uv":[5,5,11,9],"texture":"#a"},"up":{"uv":[5,6,11,7],"rotation":90,"texture":"#a"},"down":{"uv":[11,6,12,7],"texture":"#5"}}},{"from":[11.25,6.7,7.68],"to":[11.45,6.9,8.33],"rotation":{"angle":45,"axis":"z","origin":[8,8,8]},"faces":{"north":{"uv":[3,13,13,14],"rotation":90,"texture":"#0"},"east":{"uv":[11,9,12,14],"texture":"#6"},"south":{"uv":[3,4,7,7],"rotation":90,"texture":"#3"},"west":{"uv":[0.01,5,0.01,8],"texture":"#4"},"up":{"uv":[8,12,14,13],"rotation":180,"texture":"#3"},"down":{"uv":[0,0,2,1],"texture":"#0"}}},{"from":[9.6072,9.5026,7.675],"to":[9.9572,9.7026,8.325],"faces":{"north":{"uv":[3,13,13,14],"rotation":180,"texture":"#0"},"east":{"uv":[0,0,2,1],"rotation":270,"texture":"#0"},"south":{"uv":[12,3,14,10],"rotation":90,"texture":"#6"},"west":{"uv":[8,12,14,13],"rotation":270,"texture":"#3"},"up":{"uv":[11,9,12,14],"rotation":270,"texture":"#6"}}},{"from":[8.7,9.55,7.8],"to":[11.2,9.6,8.2],"faces":{"north":{"uv":[3,13,13,14],"rotation":90,"texture":"#0"},"east":{"uv":[0,0,1,2],"texture":"#2"},"south":{"uv":[3,13,13,14],"rotation":90,"texture":"#0"},"west":{"uv":[0.01,5,0.01,8],"texture":"#4"},"up":{"uv":[2,4,4,11],"texture":"#0"},"down":{"uv":[1,13,2,14],"texture":"#4"}}},{"from":[9.9,9.551,7.85],"to":[11.15,9.601,7.95],"faces":{"up":{"uv":[13,0,14,16],"rotation":90,"texture":"#6"}}},{"from":[9.9,9.551,8.05],"to":[11.15,9.601,8.15],"faces":{"up":{"uv":[13,0,14,16],"rotation":270,"texture":"#6"}}},{"from":[1.25,7,7.8],"to":[1.35,7.9,8.2],"faces":{"north":{"uv":[2,2,6,4],"rotation":90,"texture":"#5"},"east":{"uv":[3,1,12,4],"rotation":270,"texture":"#5"},"south":{"uv":[6,2,2,4],"rotation":270,"texture":"#5"},"west":{"uv":[0,0,1.3,0.4],"rotation":270,"texture":"#4"}}},{"from":[1.278,8.76,7.799],"to":[1.378,9.06,8.201],"rotation":{"angle":45,"axis":"z","origin":[3.75,8,8]},"faces":{"north":{"uv":[3,2,6,4],"rotation":90,"texture":"#5"},"east":{"uv":[3,1,12,4],"rotation":270,"texture":"#5"},"south":{"uv":[6,2,2,4],"rotation":270,"texture":"#5"},"west":{"uv":[0,0,1.3,0.4],"rotation":270,"texture":"#4"}}},{"from":[5.75,7.44,7.5995],"to":[5.9,7.59,8.4005],"faces":{"north":{"uv":[2,11,4,13],"texture":"#5"},"south":{"uv":[1,2,4,5],"rotation":270,"texture":"#5"}}},{"from":[27.075,9.175,7.925],"to":[27.35,9.505,8.075],"faces":{"north":{"uv":[0,0,9,1],"rotation":180,"texture":"#7"},"east":{"uv":[6,0,8,14],"rotation":270,"texture":"#2"},"south":{"uv":[0,0,9,1],"texture":"#7"},"west":{"uv":[0.01,0.01,0.01,0.01],"texture":"#9"},"up":{"uv":[0,0,1,11],"texture":"#7"}}},{"from":[27.15,9.5,7.985],"to":[27.35,9.65,8.015],"faces":{"north":{"uv":[0,0,1,4],"rotation":270,"texture":"#7"},"east":{"uv":[0,0,4,2],"texture":"#2"},"south":{"uv":[0,0,1,1],"texture":"#0"},"west":{"uv":[0,0,1,4],"texture":"#7"},"up":{"uv":[0,13,7,16],"texture":"#7"}}},{"from":[13.7,8.825,7.96022],"to":[28.05,8.875,8.03978],"rotation":{"angle":22.5,"axis":"x","origin":[16.4,9.025,8]},"faces":{"east":{"uv":[6,4,10,5],"texture":"#2"},"up":{"uv":[6,7,11,8],"rotation":90,"texture":"#7"},"down":{"uv":[6,9,7,10],"texture":"#4"}}},{"from":[13.7,8.825,7.96022],"to":[28.05,8.875,8.03978],"rotation":{"angle":45,"axis":"x","origin":[16.4,9.025,8]},"faces":{"east":{"uv":[9,6,13,7],"rotation":90,"texture":"#2"},"up":{"uv":[1,7,9,8],"rotation":90,"texture":"#7"},"down":{"uv":[10,10,14,11],"rotation":270,"texture":"#4"}}},{"from":[13.7,8.825,7.96022],"to":[28.05,8.875,8.03978],"rotation":{"angle":-22.5,"axis":"x","origin":[16.4,9.025,8]},"faces":{"east":{"uv":[9,6,13,7],"rotation":90,"texture":"#2"},"up":{"uv":[6,7,11,8],"rotation":270,"texture":"#7"},"down":{"uv":[12,10,16,11],"texture":"#4"}}},{"from":[13.7,8.825,7.96022],"to":[28.05,8.875,8.03978],"rotation":{"angle":-45,"axis":"x","origin":[16.4,9.025,8]},"faces":{"east":{"uv":[9,6,13,7],"rotation":90,"texture":"#2"},"up":{"uv":[1,7,9,8],"rotation":90,"texture":"#7"},"down":{"uv":[15,2,16,6],"texture":"#7"}}},{"from":[13.7,8.98522,7.8],"to":[28.05,9.06478,7.85],"rotation":{"angle":22.5,"axis":"x","origin":[16.4,9.025,8]},"faces":{"north":{"uv":[4,1.99,8,1.99],"rotation":270,"texture":"#7"},"east":{"uv":[6,4,10,5],"texture":"#2"},"south":{"uv":[15,0,16,7],"rotation":180,"texture":"#7"}}},{"from":[13.7,8.98522,7.8],"to":[28.05,9.06478,7.85],"faces":{"north":{"uv":[9,0,12,1],"rotation":90,"texture":"#7"},"east":{"uv":[6,4,10,5],"texture":"#2"},"south":{"uv":[9,7,15,8],"rotation":270,"texture":"#7"}}},{"from":[13.7,8.98522,7.8],"to":[28.05,9.06478,7.85],"rotation":{"angle":-22.5,"axis":"x","origin":[16.4,9.025,8]},"faces":{"north":{"uv":[15,0,16,4],"texture":"#7"},"east":{"uv":[9,6,13,7],"rotation":180,"texture":"#2"},"south":{"uv":[6,7,11,8],"rotation":90,"texture":"#7"}}},{"from":[13.7,8.98522,8.15],"to":[28.05,9.06478,8.2],"rotation":{"angle":22.5,"axis":"x","origin":[16.4,9.025,8]},"faces":{"north":{"uv":[7,7,11,8],"rotation":90,"texture":"#7"},"east":{"uv":[6,4,10,5],"texture":"#2"},"south":{"uv":[9,0,13,1],"rotation":90,"texture":"#7"}}},{"from":[13.7,8.98522,8.15],"to":[28.05,9.06478,8.2],"rotation":{"angle":-22.5,"axis":"x","origin":[16.4,9.025,8]},"faces":{"north":{"uv":[8,0,14,1],"rotation":270,"texture":"#7"},"east":{"uv":[9,6,13,7],"rotation":180,"texture":"#2"},"south":{"uv":[11,8.99,14,8.99],"rotation":90,"texture":"#7"}}},{"from":[13.7,8.98522,8.15],"to":[28.05,9.06478,8.2],"faces":{"north":{"uv":[2,1,6,2],"rotation":90,"texture":"#7"},"east":{"uv":[6,4,10,5],"texture":"#2"},"south":{"uv":[4,1,6,2],"rotation":270,"texture":"#7"}}},{"from":[13.7,9.175,7.96022],"to":[28.05,9.225,8.03978],"rotation":{"angle":45,"axis":"x","origin":[16.4,9.025,8]},"faces":{"east":{"uv":[9,6,13,7],"rotation":90,"texture":"#2"},"up":{"uv":[5.99,9,5.99,12],"texture":"#5"},"down":{"uv":[15,2,16,8],"texture":"#7"}}},{"from":[13.7,9.175,7.96022],"to":[28.05,9.225,8.03978],"rotation":{"angle":22.5,"axis":"x","origin":[16.4,9.025,8]},"faces":{"east":{"uv":[6,4,10,5],"texture":"#2"},"up":{"uv":[8,9,9,13],"rotation":180,"texture":"#7"},"down":{"uv":[6,9,7,10],"texture":"#4"}}},{"from":[13.7,9.175,7.96022],"to":[28.05,9.225,8.03978],"faces":{"east":{"uv":[6,4,10,5],"texture":"#2"},"up":{"uv":[7,11,11,12],"rotation":270,"texture":"#7"},"down":{"uv":[6,9,7,10],"texture":"#4"}}},{"from":[13.7,9.175,7.96022],"to":[28.05,9.225,8.03978],"rotation":{"angle":-22.5,"axis":"x","origin":[16.4,9.025,8]},"faces":{"east":{"uv":[9,6,13,7],"rotation":90,"texture":"#2"},"up":{"uv":[6,9,7,10],"rotation":180,"texture":"#5"},"down":{"uv":[6,9,7,10],"texture":"#4"}}},{"from":[13.7,9.175,7.96022],"to":[28.05,9.225,8.03978],"rotation":{"angle":-45,"axis":"x","origin":[16.4,9.025,8]},"faces":{"east":{"uv":[9,6,13,7],"rotation":90,"texture":"#2"},"up":{"uv":[8,8,13,9],"rotation":270,"texture":"#7"},"down":{"uv":[10,10,16,11],"rotation":270,"texture":"#4"}}},{"from":[27.05,9.63522,7.8],"to":[27.3625,9.71478,7.85],"faces":{"north":{"uv":[4,0,5,8],"rotation":90,"texture":"#8"},"east":{"uv":[9,6,13,7],"rotation":180,"texture":"#2"},"south":{"uv":[9,7,15,8],"rotation":270,"texture":"#7"},"west":{"uv":[0.01,0.01,0.01,0.01],"texture":"#2"}}},{"from":[27.05,9.63522,7.8],"to":[27.3625,9.71478,7.85],"rotation":{"angle":-22.5,"axis":"x","origin":[30.05,9.675,8]},"faces":{"north":{"uv":[6,0,7,8],"rotation":90,"texture":"#8"},"east":{"uv":[9,6,13,7],"rotation":180,"texture":"#2"},"south":{"uv":[6,7,11,8],"rotation":90,"texture":"#7"},"west":{"uv":[0.01,0.01,0.01,0.01],"rotation":270,"texture":"#2"}}},{"from":[27.05,9.475,7.96022],"to":[27.3625,9.525,8.03978],"rotation":{"angle":45,"axis":"x","origin":[30.05,9.675,8]},"faces":{"east":{"uv":[9,6,13,7],"rotation":90,"texture":"#2"},"west":{"uv":[0.01,0.01,0.01,0.01],"texture":"#2"},"up":{"uv":[1,7,9,8],"rotation":90,"texture":"#7"},"down":{"uv":[8,0,9,8],"rotation":270,"texture":"#8"}}},{"from":[27.05,9.475,7.96022],"to":[27.3625,9.525,8.03978],"rotation":{"angle":22.5,"axis":"x","origin":[30.05,9.675,8]},"faces":{"north":{"uv":[8,7,9,8],"texture":"#7"},"east":{"uv":[9,6,13,7],"rotation":90,"texture":"#2"},"west":{"uv":[0.01,0.01,0.01,0.01],"texture":"#2"},"up":{"uv":[6,7,11,8],"rotation":90,"texture":"#7"},"down":{"uv":[8,0,9,8],"rotation":270,"texture":"#8"}}},{"from":[27.05,9.475,7.96022],"to":[27.3625,9.525,8.03978],"faces":{"east":{"uv":[9,6,13,7],"rotation":90,"texture":"#2"},"south":{"uv":[8,7,9,8],"texture":"#7"},"west":{"uv":[0.01,0.01,0.01,0.01],"texture":"#2"},"up":{"uv":[1,8,7,9],"rotation":90,"texture":"#7"},"down":{"uv":[8,0,9,8],"rotation":270,"texture":"#8"}}},{"from":[27.05,9.475,7.96022],"to":[27.3625,9.525,8.03978],"rotation":{"angle":-22.5,"axis":"x","origin":[30.05,9.675,8]},"faces":{"east":{"uv":[9,6,13,7],"rotation":90,"texture":"#2"},"west":{"uv":[0.01,0.01,0.01,0.01],"texture":"#2"},"up":{"uv":[6,7,11,8],"rotation":270,"texture":"#7"},"down":{"uv":[8,0,9,8],"rotation":270,"texture":"#8"}}},{"from":[27.05,9.475,7.96022],"to":[27.3625,9.525,8.03978],"rotation":{"angle":-45,"axis":"x","origin":[30.05,9.675,8]},"faces":{"east":{"uv":[9,6,13,7],"rotation":90,"texture":"#2"},"west":{"uv":[0.01,0.01,0.01,0.01],"texture":"#2"},"up":{"uv":[1,7,9,8],"rotation":90,"texture":"#7"},"down":{"uv":[8,0,9,8],"rotation":270,"texture":"#8"}}},{"from":[27.05,9.63522,8.15],"to":[27.3625,9.71478,8.2],"faces":{"north":{"uv":[2,1,6,2],"rotation":90,"texture":"#7"},"east":{"uv":[9,6,13,7],"rotation":180,"texture":"#2"},"south":{"uv":[6,0,7,8],"rotation":270,"texture":"#8"},"west":{"uv":[0.01,0.01,0.01,0.01],"texture":"#2"}}},{"from":[27.05,9.63522,8.15],"to":[27.3625,9.71478,8.2],"rotation":{"angle":22.5,"axis":"x","origin":[30.05,9.675,8]},"faces":{"north":{"uv":[7,7,11,8],"rotation":90,"texture":"#7"},"east":{"uv":[9,6,13,7],"rotation":180,"texture":"#2"},"south":{"uv":[8,0,9,8],"rotation":270,"texture":"#8"},"west":{"uv":[0.01,0.01,0.01,0.01],"texture":"#2"}}},{"from":[27.05,9.63522,8.15],"to":[27.3625,9.71478,8.2],"rotation":{"angle":-22.5,"axis":"x","origin":[30.05,9.675,8]},"faces":{"north":{"uv":[8,0,14,1],"rotation":270,"texture":"#7"},"east":{"uv":[9,6,13,7],"rotation":180,"texture":"#2"},"south":{"uv":[12,0,13,8],"rotation":270,"texture":"#8"},"west":{"uv":[0.01,0.01,0.01,0.01],"rotation":270,"texture":"#2"}}},{"from":[27.05,9.825,7.96022],"to":[27.3625,9.875,8.03978],"rotation":{"angle":22.5,"axis":"x","origin":[30.05,9.675,8]},"faces":{"east":{"uv":[9,6,13,7],"rotation":90,"texture":"#2"},"west":{"uv":[0.01,0.01,0.01,0.01],"texture":"#2"},"up":{"uv":[13,0,14,8],"rotation":270,"texture":"#8"},"down":{"uv":[6,9,7,10],"texture":"#4"}}},{"from":[27.05,9.825,7.96022],"to":[27.3625,9.875,8.03978],"rotation":{"angle":45,"axis":"x","origin":[30.05,9.675,8]},"faces":{"east":{"uv":[9,6,13,7],"rotation":90,"texture":"#2"},"west":{"uv":[0.01,0.01,0.01,0.01],"texture":"#2"},"up":{"uv":[13,0,14,8],"rotation":270,"texture":"#8"},"down":{"uv":[15,2,16,8],"texture":"#7"}}},{"from":[27.05,9.825,7.96022],"to":[27.3625,9.875,8.03978],"faces":{"east":{"uv":[9,6,13,7],"rotation":90,"texture":"#2"},"west":{"uv":[0.01,0.01,0.01,0.01],"texture":"#2"},"up":{"uv":[13,0,14,8],"rotation":270,"texture":"#8"},"down":{"uv":[6,9,7,10],"texture":"#4"}}},{"from":[27.05,9.825,7.96022],"to":[27.3625,9.875,8.03978],"rotation":{"angle":-45,"axis":"x","origin":[30.05,9.675,8]},"faces":{"east":{"uv":[9,6,13,7],"rotation":90,"texture":"#2"},"west":{"uv":[0.01,0.01,0.01,0.01],"texture":"#2"},"up":{"uv":[9,0,10,8],"rotation":270,"texture":"#8"},"down":{"uv":[10,10,16,11],"rotation":270,"texture":"#4"}}},{"from":[27.05,9.825,7.96022],"to":[27.3625,9.875,8.03978],"rotation":{"angle":-22.5,"axis":"x","origin":[30.05,9.675,8]},"faces":{"east":{"uv":[9,6,13,7],"rotation":90,"texture":"#2"},"west":{"uv":[0.01,0.01,0.01,0.01],"texture":"#2"},"up":{"uv":[9,0,10,8],"rotation":270,"texture":"#8"},"down":{"uv":[6,9,7,10],"texture":"#4"}}},{"from":[27.05,9.63522,7.8],"to":[27.3625,9.71478,7.85],"rotation":{"angle":22.5,"axis":"x","origin":[30.05,9.675,8]},"faces":{"north":{"uv":[12,0,13,8],"rotation":90,"texture":"#8"},"east":{"uv":[9,6,13,7],"rotation":180,"texture":"#2"},"south":{"uv":[15,0,16,7],"rotation":180,"texture":"#7"},"west":{"uv":[0.01,0.01,0.01,0.01],"texture":"#2"}}},{"from":[21.3,8.4501,7.93787],"to":[27.3,8.5501,8.03787],"faces":{"north":{"uv":[0,8,7,9],"rotation":270,"texture":"#7"},"east":{"uv":[8,7,11,10],"texture":"#3"},"south":{"uv":[0,8,6,9],"rotation":270,"texture":"#7"},"up":{"uv":[0,8,7,9],"rotation":90,"texture":"#4"},"down":{"uv":[0,0,0.69984,0.59951],"texture":"#4"}}},{"from":[-10.7998,7.45,7.79289],"to":[-3.8998,7.75,8.20711],"faces":{"up":{"uv":[7,5,14,10],"texture":"#b"}}},{"from":[-4.06444,7.35251,7.79289],"to":[-3.66444,7.65251,8.20711],"rotation":{"angle":-45,"axis":"z","origin":[-3.86444,7.50251,8]},"faces":{"north":{"uv":[0,0,7,2],"rotation":270,"texture":"#b"},"south":{"uv":[0,0,7,2],"rotation":90,"texture":"#b"},"up":{"uv":[7,5,9,10],"texture":"#b"}}},{"from":[-10.8998,7.45,7.79289],"to":[-10.7998,7.75,8.20711],"faces":{"west":{"uv":[0,0,5,4],"rotation":90,"texture":"#2"},"up":{"uv":[0,0,1,1],"texture":"#9"}}},{"from":[1.2,8.7,7.55],"to":[2.9001,8.95,8.45],"faces":{"north":{"uv":[15,0,16,9],"texture":"#4"},"south":{"uv":[15,0,16,9],"texture":"#4"},"up":{"uv":[15,0,16,7],"rotation":180,"texture":"#7"}}},{"from":[2.75,8.61539,7.3685],"to":[5.8001,9.11539,7.6185],"rotation":{"angle":0,"axis":"y","origin":[10,8.21539,7.8685]},"faces":{"north":{"uv":[15,0,16,5],"texture":"#4"},"east":{"uv":[7,10,10,13],"rotation":180,"texture":"#4"},"up":{"uv":[3,13,6.9,14],"rotation":90,"texture":"#4"},"down":{"uv":[1,13,2,14],"texture":"#4"}}},{"from":[3.751,9.99039,7.5685],"to":[5.4011,10.34039,7.6935],"rotation":{"angle":0,"axis":"y","origin":[10,9.41539,8.0185]},"faces":{"north":{"uv":[5,3,11,4],"rotation":90,"texture":"#4"},"east":{"uv":[7,10,10,13],"rotation":180,"texture":"#4"},"south":{"uv":[1,13,2,14],"texture":"#4"},"west":{"uv":[3,3,6,6],"rotation":270,"texture":"#4"},"up":{"uv":[3,13,6.9,14],"rotation":90,"texture":"#4"},"down":{"uv":[1,13,2,14],"texture":"#4"}}},{"from":[4.95,9.11539,7.3685],"to":[5.4001,9.81539,7.5185],"rotation":{"angle":0,"axis":"y","origin":[10,8.21539,7.8685]},"faces":{"north":{"uv":[3,6,8,7],"texture":"#4"},"east":{"uv":[7,12,10,13],"rotation":180,"texture":"#4"},"south":{"uv":[1,13,2,14],"texture":"#4"},"west":{"uv":[2,13,5,14],"texture":"#4"}}},{"from":[4.9505,9.65985,7.59402],"to":[5.4006,10.25985,7.74402],"rotation":{"angle":45,"axis":"x","origin":[4.72505,10.00985,7.66902]},"faces":{"north":{"uv":[3,6,8,7],"texture":"#4"},"east":{"uv":[7,12,10,13],"rotation":180,"texture":"#4"},"south":{"uv":[2,13,5,14],"rotation":270,"texture":"#4"},"west":{"uv":[2,13,5,14],"texture":"#4"}}},{"from":[4.05,9.11539,7.3685],"to":[4.5001,9.81539,7.5185],"rotation":{"angle":0,"axis":"y","origin":[10,8.21539,7.8685]},"faces":{"north":{"uv":[3,6,8,7],"rotation":180,"texture":"#4"},"east":{"uv":[3,13,6,14],"rotation":180,"texture":"#4"},"south":{"uv":[1,13,2,14],"texture":"#4"},"west":{"uv":[4,13,7,14],"rotation":180,"texture":"#4"}}},{"from":[4.0505,9.65985,7.59402],"to":[4.5006,10.25985,7.74402],"rotation":{"angle":45,"axis":"x","origin":[4.72505,10.00985,7.66902]},"faces":{"north":{"uv":[3,6,8,7],"rotation":180,"texture":"#4"},"east":{"uv":[2,13,5,14],"rotation":180,"texture":"#4"},"south":{"uv":[2,13,5,14],"rotation":270,"texture":"#4"},"west":{"uv":[4,13,7,14],"rotation":180,"texture":"#4"}}},{"from":[5.45,8.76539,7.2685],"to":[5.7,9.01539,7.4185],"rotation":{"angle":0,"axis":"y","origin":[12.7,8.36539,7.6685]},"faces":{"north":{"uv":[0,2,3,5],"texture":"#8"},"east":{"uv":[3,13,7,14],"rotation":270,"texture":"#4"},"west":{"uv":[7,12,11,13],"rotation":90,"texture":"#4"},"up":{"uv":[1,0,1.9,4],"rotation":90,"texture":"#8"},"down":{"uv":[1,13,2,14],"texture":"#4"}}},{"from":[2.58654,8.715,7.1759],"to":[2.73654,9.115,7.5759],"rotation":{"angle":-45,"axis":"y","origin":[2.66154,8.915,7.3509]},"faces":{"north":{"uv":[3,13,7,14],"rotation":270,"texture":"#4"},"east":{"uv":[0,0,1,1],"texture":"#4"},"south":{"uv":[7,12,11,13],"rotation":90,"texture":"#4"},"west":{"uv":[12,1,16,5],"rotation":90,"texture":"#8"},"up":{"uv":[1,0,1.9,4],"texture":"#8"},"down":{"uv":[1,13,2,14],"rotation":90,"texture":"#4"}}},{"from":[3.10997,8.615,8.41027],"to":[3.28507,9.115,8.58537],"rotation":{"angle":45,"axis":"y","origin":[1.76002,8.86539,8.53527]},"faces":{"north":{"uv":[15,1,16,10],"texture":"#4"},"west":{"uv":[1,13,2,14],"texture":"#4"},"up":{"uv":[4,13,6.9,14],"rotation":90,"texture":"#4"},"down":{"uv":[1,13,2,14],"texture":"#4"}}},{"from":[0.47438,8.57556,7.55],"to":[1.27448,8.82556,8.45],"rotation":{"angle":22.5,"axis":"z","origin":[0.92443,8.70056,8]},"faces":{"north":{"uv":[15,0,16,9],"texture":"#4"},"south":{"uv":[15,0,16,9],"texture":"#4"},"west":{"uv":[0.01,5,0.01,8],"rotation":90,"texture":"#4"},"up":{"uv":[15,3,16,7],"rotation":180,"texture":"#7"}}},{"from":[2.425,6.825,7.8],"to":[2.525,7.975,8.2],"faces":{"north":{"uv":[3,2,6,4],"rotation":270,"texture":"#5"},"south":{"uv":[6,2,3,4],"rotation":90,"texture":"#5"},"west":{"uv":[4,1,12,4],"rotation":270,"texture":"#5"}}},{"from":[1.5256,7.34493,7.9],"to":[1.6256,7.74493,8.1],"rotation":{"angle":-22.5,"axis":"z","origin":[1.5756,7.36993,8]},"faces":{"north":{"uv":[0,0,0.1,0.5],"texture":"#4"},"east":{"uv":[0,0,0.2,0.5],"texture":"#4"},"south":{"uv":[0,0,0.1,0.5],"texture":"#4"},"west":{"uv":[0,0,0.2,0.5],"texture":"#4"},"down":{"uv":[0,0,0.1,0.2],"texture":"#4"}}},{"from":[-10.8,4.45,7.5],"to":[-5.9,7.46,8.5],"faces":{"north":{"uv":[5,0,11,16],"texture":"#b"},"south":{"uv":[0,0,6,16],"texture":"#b"},"down":{"uv":[9,14,14,15],"rotation":90,"texture":"#c"}}},{"from":[-10.9,4.45,7.5],"to":[-10.8,7.46,8.5],"faces":{"north":{"uv":[6,0,7,12],"texture":"#9"},"south":{"uv":[6,0,7,12],"texture":"#9"},"west":{"uv":[0,0,16,16],"texture":"#2"},"down":{"uv":[6,8,7,9],"rotation":270,"texture":"#9"}}},{"from":[8.65,8.4,7.84033],"to":[25,9.35,8.15967],"faces":{"up":{"uv":[0,0,16,4],"texture":"#c"},"down":{"uv":[4,6.1,9,6.6],"rotation":90,"texture":"#c"}}},{"from":[8.7,7.6,7.5995],"to":[9.6,9,8.4005],"faces":{"north":{"uv":[7,0,10,16],"texture":"#b"},"south":{"uv":[13,0,16,16],"texture":"#b"},"west":{"uv":[11,14,12,15],"texture":"#c"},"down":{"uv":[9,14,14,14.5],"rotation":90,"texture":"#c"}}},{"from":[10.55,7.6,7.60005],"to":[11.5,8.4,8.39995],"rotation":{"angle":22.5,"axis":"z","origin":[9.6,7.6,8.20005]},"faces":{"north":{"uv":[8,0,11,12],"texture":"#b"},"south":{"uv":[8,0,11,12],"texture":"#b"},"down":{"uv":[9,14.1,14,14.2],"rotation":90,"texture":"#c"}}},{"from":[11.5,7.6,7.60005],"to":[12.5,8,8.39995],"rotation":{"angle":22.5,"axis":"z","origin":[9.6,7.6,8.20005]},"faces":{"north":{"uv":[0,0,4,7],"texture":"#b"},"south":{"uv":[9,1,12,8],"texture":"#b"},"down":{"uv":[4,1,9,2],"rotation":90,"texture":"#c"}}},{"from":[24.85,8.66716,7.8],"to":[25.7,8.83284,8.2],"faces":{"north":{"uv":[10,10,16,11],"rotation":90,"texture":"#4"},"east":{"uv":[0,0,0.59704,0.59868],"rotation":90,"texture":"#2"},"south":{"uv":[10,10,15.69984,10.59868],"rotation":90,"texture":"#4"}}},{"from":[24.85,8.55,7.91716],"to":[25.7,8.95,8.08284],"faces":{"east":{"uv":[0,0,0.59704,0.59868],"texture":"#2"},"up":{"uv":[0,8,7,9],"rotation":90,"texture":"#7"},"down":{"uv":[15,8,15.69984,8.59951],"texture":"#4"}}},{"from":[-10.7999,7.4,7.79289],"to":[-3.8999,7.75,8.20711],"rotation":{"angle":45,"axis":"x","origin":[-8.9,7.25,8]},"faces":{"east":{"uv":[0,0,1,1],"texture":"#b"},"up":{"uv":[4,0,11,4],"texture":"#b"}}},{"from":[-10.8999,7.4,7.79289],"to":[-10.7999,7.75,8.20711],"rotation":{"angle":45,"axis":"x","origin":[-8.9,7.25,8]},"faces":{"west":{"uv":[0,0,5,4],"rotation":90,"texture":"#2"},"up":{"uv":[0,0,1,1],"texture":"#9"}}},{"from":[-10.7999,7.4,7.79289],"to":[-3.8999,7.75,8.20711],"rotation":{"angle":-45,"axis":"x","origin":[-8.9,7.25,8]},"faces":{"east":{"uv":[0,0,1,1],"texture":"#b"},"up":{"uv":[5,8,12,12],"texture":"#b"}}},{"from":[-10.8999,7.4,7.79289],"to":[-10.7999,7.75,8.20711],"rotation":{"angle":-45,"axis":"x","origin":[-8.9,7.25,8]},"faces":{"west":{"uv":[0,0,5,4],"rotation":90,"texture":"#2"},"up":{"uv":[0,0,1,1],"texture":"#9"}}},{"from":[-5.9,5.95,7.5],"to":[-2.3,7.46,8.5],"faces":{"north":{"uv":[8,0,12,16],"texture":"#b"},"south":{"uv":[0,0,4,16],"texture":"#b"},"up":{"uv":[6,5,15,10],"rotation":90,"texture":"#b"}}},{"from":[2.45,8.771,7.55],"to":[8.7,8.95,7.9],"rotation":{"angle":22.5,"axis":"x","origin":[2.75,8.8605,8]},"faces":{"north":{"uv":[15,0,16,7],"texture":"#7"},"east":{"uv":[0,0,1,2],"texture":"#2"},"west":{"uv":[0.01,5,0.01,8],"texture":"#4"},"up":{"uv":[15,0,16,16],"rotation":180,"texture":"#8"}}},{"from":[2.45,8.771,8.3],"to":[2.9,8.95,8.45],"rotation":{"angle":-45,"axis":"x","origin":[2.375,8.8605,8]},"faces":{"north":{"uv":[0.01,0.01,0.01,0.01],"texture":"#4"},"east":{"uv":[0,0,1,1],"texture":"#2"},"south":{"uv":[0,0,5,1],"rotation":90,"texture":"#7"},"west":{"uv":[0.01,5,0.01,8],"texture":"#4"},"up":{"uv":[15,3,16,8],"rotation":180,"texture":"#8"}}},{"from":[8.65,8.75,8.04033],"to":[25,9.35,8.15967],"rotation":{"angle":22.5,"axis":"x","origin":[13.3,9.05,8.1]},"faces":{"up":{"uv":[0,15,16,16],"texture":"#c"}}},{"from":[8.65,8.75,8.04033],"to":[25,9.35,8.15967],"rotation":{"angle":45,"axis":"x","origin":[13.3,9.05,8.1]},"faces":{"west":{"uv":[7,6,8,7],"rotation":270,"texture":"#c"},"up":{"uv":[0,12,16,14],"texture":"#c"}}},{"from":[10.25,8.4,8.04033],"to":[25.3,9,8.15967],"rotation":{"angle":-22.5,"axis":"x","origin":[13.3,8.7,8.1]},"faces":{"east":{"uv":[7,6,7.25,6.25],"texture":"#c"},"down":{"uv":[0,2,16,3],"rotation":180,"texture":"#b"}}},{"from":[10.25,8.4,8.04033],"to":[25.3,9,8.15967],"rotation":{"angle":-45,"axis":"x","origin":[13.3,8.7,8.1]},"faces":{"east":{"uv":[7,6,7.25,6.25],"texture":"#c"},"down":{"uv":[0,7,16,9],"rotation":180,"texture":"#b"}}},{"from":[8.65,8.99033,7.6],"to":[25,9.10967,8.2],"rotation":{"angle":22.5,"axis":"x","origin":[13.3,9.05,7.9]},"faces":{"north":{"uv":[0,9,16,11],"rotation":180,"texture":"#b"},"west":{"uv":[7,6,8,7],"rotation":180,"texture":"#c"}}},{"from":[10.25,8.64033,7.6],"to":[25.3,8.75967,8.2],"rotation":{"angle":-22.5,"axis":"x","origin":[13.3,8.7,7.9]},"faces":{"north":{"uv":[0,5,16,7],"texture":"#b"},"east":{"uv":[7,6,7.25,6.25],"rotation":270,"texture":"#c"}}},{"from":[8.65,8.75,7.84033],"to":[25,9.35,7.95967],"rotation":{"angle":-45,"axis":"x","origin":[13.3,9.05,7.9]},"faces":{"west":{"uv":[7,6,8,7],"rotation":270,"texture":"#c"},"up":{"uv":[0,9,16,11],"texture":"#c"}}},{"from":[8.65,8.75,7.84033],"to":[25,9.35,7.95967],"rotation":{"angle":-22.5,"axis":"x","origin":[13.3,9.05,7.9]},"faces":{"up":{"uv":[0,9,16,10],"texture":"#c"}}},{"from":[8.65,8.64033,7.6],"to":[25.3,9.10967,8.4],"faces":{"north":{"uv":[0,0,16,7],"texture":"#b"},"east":{"uv":[7,6,7.25,6.25],"rotation":270,"texture":"#c"},"south":{"uv":[0,6,16,13],"texture":"#b"},"west":{"uv":[7,6,8,7],"texture":"#c"}}},{"from":[10.25,8.4,7.84033],"to":[25.3,9,7.95967],"rotation":{"angle":22.5,"axis":"x","origin":[13.3,8.7,7.9]},"faces":{"east":{"uv":[7,6,7.25,6.25],"texture":"#c"},"down":{"uv":[0,0,16,1],"rotation":180,"texture":"#b"}}},{"from":[10.25,8.4,7.84033],"to":[25.3,9,7.95967],"rotation":{"angle":45,"axis":"x","origin":[13.3,8.7,7.9]},"faces":{"east":{"uv":[7,6,7.25,6.25],"texture":"#c"},"down":{"uv":[0,14,16,16],"rotation":180,"texture":"#b"}}},{"from":[8.65,8.99033,7.8],"to":[25,9.10967,8.4],"rotation":{"angle":-22.5,"axis":"x","origin":[13.3,9.05,8.1]},"faces":{"south":{"uv":[0,4,16,6],"texture":"#b"},"west":{"uv":[7,6,8,7],"texture":"#c"}}},{"from":[10.25,8.64033,7.8],"to":[25.3,8.75967,8.4],"rotation":{"angle":22.5,"axis":"x","origin":[13.3,8.7,8.1]},"faces":{"east":{"uv":[7,6,7.25,6.25],"rotation":90,"texture":"#c"},"south":{"uv":[0,14,16,16],"rotation":180,"texture":"#b"}}},{"from":[8.7,9.551,7.85],"to":[9.95,9.601,7.95],"faces":{"up":{"uv":[13,0,14,16],"rotation":90,"texture":"#6"}}},{"from":[8.7,9.551,8.05],"to":[9.95,9.601,8.15],"faces":{"up":{"uv":[13,0,14,16],"rotation":270,"texture":"#6"}}},{"from":[9.6,7.6,7.60005],"to":[10.55,8.7,8.39995],"rotation":{"angle":22.5,"axis":"z","origin":[9.6,7.6,8.20005]},"faces":{"north":{"uv":[0,0,3,16],"texture":"#b"},"south":{"uv":[5,0,8,16],"texture":"#b"},"down":{"uv":[9,14.1,14,14.2],"rotation":90,"texture":"#c"}}},{"from":[24.85,8.55,7.91716],"to":[25.7,8.95,8.08284],"rotation":{"angle":45,"axis":"x","origin":[25.825,8.75,8]},"faces":{"east":{"uv":[0,0,0.59704,0.59868],"texture":"#2"},"up":{"uv":[10,5,15,6],"rotation":90,"texture":"#7"},"down":{"uv":[15,9,15.69984,9.59951],"texture":"#4"}}},{"from":[24.85,8.55,7.91716],"to":[25.7,8.95,8.08284],"rotation":{"angle":-45,"axis":"x","origin":[25.825,8.75,8]},"faces":{"east":{"uv":[0,0,0.59704,0.59868],"texture":"#2"},"up":{"uv":[15,0,16,7],"rotation":180,"texture":"#7"},"down":{"uv":[15,9,15.69984,9.59951],"texture":"#4"}}},{"from":[11.85,8.35,8.09033],"to":[11.95,8.95,8.20967],"rotation":{"angle":-22.5,"axis":"x","origin":[15.15,8.65,8.15]},"faces":{"east":{"uv":[8,1,8.25,1.25],"texture":"#2"},"west":{"uv":[4,6,5,7],"rotation":270,"texture":"#2"},"down":{"uv":[12,8,15,9.5],"rotation":180,"texture":"#4"}}},{"from":[11.85,8.35,8.09033],"to":[11.95,8.95,8.20967],"rotation":{"angle":-45,"axis":"x","origin":[15.15,8.65,8.15]},"faces":{"east":{"uv":[8,1,8.25,1.25],"texture":"#2"},"west":{"uv":[4,6,5,7],"rotation":270,"texture":"#2"},"down":{"uv":[13,10,15,11],"rotation":90,"texture":"#4"}}},{"from":[11.85,8.59033,7.85],"to":[11.95,8.70967,8.45],"rotation":{"angle":22.5,"axis":"x","origin":[15.15,8.65,8.15]},"faces":{"east":{"uv":[8,1,8.25,1.25],"rotation":90,"texture":"#2"},"south":{"uv":[11,10,13,11],"rotation":90,"texture":"#4"},"west":{"uv":[4,6,5,7],"rotation":180,"texture":"#2"}}},{"from":[11.85,8.59033,7.55],"to":[11.95,9.15967,8.45],"faces":{"north":{"uv":[15,0,16,7],"texture":"#7"},"east":{"uv":[7.75,1,8,1.25],"rotation":270,"texture":"#2"},"south":{"uv":[15,0,16,7],"texture":"#7"},"west":{"uv":[4,6,5,7],"texture":"#2"}}},{"from":[11.85,8.35,7.79033],"to":[11.95,9.4,8.20967],"faces":{"east":{"uv":[8,1,8.25,1.25],"texture":"#2"},"west":{"uv":[4,6,5,7],"rotation":270,"texture":"#2"},"up":{"uv":[5,7,4,13.5],"texture":"#7"},"down":{"uv":[12,8,15,9.5],"rotation":180,"texture":"#4"}}},{"from":[11.85,8.8,8.09033],"to":[11.95,9.4,8.20967],"rotation":{"angle":22.5,"axis":"x","origin":[15.15,9.1,8.15]},"faces":{"east":{"uv":[7.75,1,8,1.25],"texture":"#2"},"west":{"uv":[4,6,5,7],"rotation":270,"texture":"#2"},"up":{"uv":[9,8,11,9],"rotation":90,"texture":"#7"}}},{"from":[11.85,9.04033,7.85],"to":[11.95,9.15967,8.45],"rotation":{"angle":-22.5,"axis":"x","origin":[15.15,9.1,8.15]},"faces":{"east":{"uv":[8,1,8.25,1.25],"rotation":270,"texture":"#2"},"south":{"uv":[12,8,14,9],"rotation":90,"texture":"#7"},"west":{"uv":[4,6,5,7],"texture":"#2"}}},{"from":[11.85,8.8,8.09033],"to":[11.95,9.4,8.20967],"rotation":{"angle":45,"axis":"x","origin":[15.15,9.1,8.15]},"faces":{"east":{"uv":[7.75,1,8,1.25],"texture":"#2"},"west":{"uv":[4,6,5,7],"rotation":270,"texture":"#2"},"up":{"uv":[11,8,13,9],"rotation":90,"texture":"#7"}}},{"from":[11.85,8.35,7.79033],"to":[11.95,8.95,7.90967],"rotation":{"angle":22.5,"axis":"x","origin":[15.15,8.65,7.85]},"faces":{"east":{"uv":[8.25,1,8,1.25],"texture":"#2"},"west":{"uv":[4,7,5,6],"rotation":270,"texture":"#2"},"down":{"uv":[12,9.5,15,8],"rotation":180,"texture":"#4"}}},{"from":[11.85,8.35,7.79033],"to":[11.95,8.95,7.90967],"rotation":{"angle":45,"axis":"x","origin":[15.15,8.65,7.85]},"faces":{"east":{"uv":[8.25,1,8,1.25],"texture":"#2"},"west":{"uv":[4,7,5,6],"rotation":270,"texture":"#2"},"down":{"uv":[15,10,13,11],"rotation":90,"texture":"#4"}}},{"from":[11.85,8.59033,7.55],"to":[11.95,8.70967,8.15],"rotation":{"angle":-22.5,"axis":"x","origin":[15.15,8.65,7.85]},"faces":{"north":{"uv":[11,11,13,10],"rotation":90,"texture":"#4"},"east":{"uv":[8,1.25,8.25,1],"rotation":90,"texture":"#2"},"west":{"uv":[5,6,4,7],"rotation":180,"texture":"#2"}}},{"from":[11.85,8.8,7.79033],"to":[11.95,9.4,7.90967],"rotation":{"angle":-22.5,"axis":"x","origin":[15.15,9.1,7.85]},"faces":{"east":{"uv":[8,1,7.75,1.25],"texture":"#2"},"west":{"uv":[4,7,5,6],"rotation":270,"texture":"#2"},"up":{"uv":[11,8,9,9],"rotation":90,"texture":"#7"}}},{"from":[11.85,8.8,7.79033],"to":[11.95,9.4,7.90967],"rotation":{"angle":-45,"axis":"x","origin":[15.15,9.1,7.85]},"faces":{"east":{"uv":[8,1,7.75,1.25],"texture":"#2"},"west":{"uv":[4,7,5,6],"rotation":270,"texture":"#2"},"up":{"uv":[13,8,11,9],"rotation":90,"texture":"#7"}}},{"from":[11.85,9.04033,7.55],"to":[11.95,9.15967,8.15],"rotation":{"angle":22.5,"axis":"x","origin":[15.15,9.1,7.85]},"faces":{"north":{"uv":[12,9,14,8],"rotation":90,"texture":"#7"},"east":{"uv":[8,1.25,8.25,1],"rotation":270,"texture":"#2"},"west":{"uv":[5,6,4,7],"texture":"#2"}}},{"from":[22.95,8.59033,7.85],"to":[23.05,8.70967,8.45],"rotation":{"angle":22.5,"axis":"x","origin":[26.25,8.65,8.15]},"faces":{"east":{"uv":[8,1,8.25,1.25],"rotation":90,"texture":"#2"},"south":{"uv":[11,10,13,11],"rotation":90,"texture":"#4"},"west":{"uv":[4,6,5,7],"rotation":180,"texture":"#2"}}},{"from":[22.95,8.35,8.09033],"to":[23.05,8.95,8.20967],"rotation":{"angle":-45,"axis":"x","origin":[26.25,8.65,8.15]},"faces":{"east":{"uv":[8,1,8.25,1.25],"texture":"#2"},"west":{"uv":[4,6,5,7],"rotation":270,"texture":"#2"},"down":{"uv":[13,10,15,11],"rotation":90,"texture":"#4"}}},{"from":[22.95,8.35,8.09033],"to":[23.05,8.95,8.20967],"rotation":{"angle":-22.5,"axis":"x","origin":[26.25,8.65,8.15]},"faces":{"east":{"uv":[8,1,8.25,1.25],"texture":"#2"},"west":{"uv":[4,6,5,7],"rotation":270,"texture":"#2"},"down":{"uv":[12,8,15,9.5],"rotation":180,"texture":"#4"}}},{"from":[22.95,8.35,7.79033],"to":[23.05,8.95,7.90967],"rotation":{"angle":22.5,"axis":"x","origin":[26.25,8.65,7.85]},"faces":{"east":{"uv":[8.25,1,8,1.25],"texture":"#2"},"west":{"uv":[4,7,5,6],"rotation":270,"texture":"#2"},"down":{"uv":[12,9.5,15,8],"rotation":180,"texture":"#4"}}},{"from":[22.95,8.35,7.79033],"to":[23.05,8.95,7.90967],"rotation":{"angle":45,"axis":"x","origin":[26.25,8.65,7.85]},"faces":{"east":{"uv":[8.25,1,8,1.25],"texture":"#2"},"west":{"uv":[4,7,5,6],"rotation":270,"texture":"#2"},"down":{"uv":[15,10,13,11],"rotation":90,"texture":"#4"}}},{"from":[22.95,8.59033,7.55],"to":[23.05,8.70967,8.15],"rotation":{"angle":-22.5,"axis":"x","origin":[26.25,8.65,7.85]},"faces":{"north":{"uv":[11,11,13,10],"rotation":90,"texture":"#4"},"east":{"uv":[8,1.25,8.25,1],"rotation":90,"texture":"#2"},"west":{"uv":[5,6,4,7],"rotation":180,"texture":"#2"}}},{"from":[22.95,9.04033,7.55],"to":[23.05,9.15967,8.15],"rotation":{"angle":22.5,"axis":"x","origin":[26.25,9.1,7.85]},"faces":{"north":{"uv":[12,9,14,8],"rotation":90,"texture":"#7"},"east":{"uv":[8,1.25,8.25,1],"rotation":270,"texture":"#2"},"west":{"uv":[5,6,4,7],"texture":"#2"}}},{"from":[22.95,8.8,7.79033],"to":[23.05,9.4,7.90967],"rotation":{"angle":-45,"axis":"x","origin":[26.25,9.1,7.85]},"faces":{"east":{"uv":[8,1,7.75,1.25],"texture":"#2"},"west":{"uv":[4,7,5,6],"rotation":270,"texture":"#2"},"up":{"uv":[13,8,11,9],"rotation":90,"texture":"#7"}}},{"from":[22.95,8.8,7.79033],"to":[23.05,9.4,7.90967],"rotation":{"angle":-22.5,"axis":"x","origin":[26.25,9.1,7.85]},"faces":{"east":{"uv":[8,1,7.75,1.25],"texture":"#2"},"west":{"uv":[4,7,5,6],"rotation":270,"texture":"#2"},"up":{"uv":[11,8,9,9],"rotation":90,"texture":"#7"}}},{"from":[22.95,8.35,7.79033],"to":[23.05,9.4,8.20967],"faces":{"east":{"uv":[8,1,8.25,1.25],"texture":"#2"},"west":{"uv":[4,6,5,7],"rotation":270,"texture":"#2"},"up":{"uv":[5,7,4,13.5],"texture":"#7"},"down":{"uv":[12,8,15,9.5],"rotation":180,"texture":"#4"}}},{"from":[22.95,8.8,8.09033],"to":[23.05,9.4,8.20967],"rotation":{"angle":22.5,"axis":"x","origin":[26.25,9.1,8.15]},"faces":{"east":{"uv":[7.75,1,8,1.25],"texture":"#2"},"west":{"uv":[4,6,5,7],"rotation":270,"texture":"#2"},"up":{"uv":[9,8,11,9],"rotation":90,"texture":"#7"}}},{"from":[22.95,8.8,8.09033],"to":[23.05,9.4,8.20967],"rotation":{"angle":45,"axis":"x","origin":[26.25,9.1,8.15]},"faces":{"east":{"uv":[7.75,1,8,1.25],"texture":"#2"},"west":{"uv":[4,6,5,7],"rotation":270,"texture":"#2"},"up":{"uv":[11,8,13,9],"rotation":90,"texture":"#7"}}},{"from":[22.95,9.04033,7.85],"to":[23.05,9.15967,8.45],"rotation":{"angle":-22.5,"axis":"x","origin":[26.25,9.1,8.15]},"faces":{"east":{"uv":[8,1,8.25,1.25],"rotation":270,"texture":"#2"},"south":{"uv":[12,8,14,9],"rotation":90,"texture":"#7"},"west":{"uv":[4,6,5,7],"texture":"#2"}}},{"from":[22.95,8.59033,7.55],"to":[23.05,9.15967,8.45],"faces":{"north":{"uv":[15,0,16,7],"texture":"#7"},"east":{"uv":[7.75,1,8,1.25],"rotation":270,"texture":"#2"},"south":{"uv":[15,0,16,7],"texture":"#7"},"west":{"uv":[4,6,5,7],"texture":"#2"}}},{"from":[25,8.4,7.84033],"to":[25.3,8.9,8.15967],"faces":{"east":{"uv":[7,6,7.25,6.25],"texture":"#c"},"down":{"uv":[4,6.1,9,6.2],"rotation":90,"texture":"#c"}}},{"from":[25,8.99033,8.05],"to":[25.299,9.10967,8.4],"rotation":{"angle":-22.5,"axis":"x","origin":[13.3,9.05,8.1]},"faces":{"east":{"uv":[8,1,8.25,1.25],"rotation":270,"texture":"#2"},"south":{"uv":[12,8,14,9],"rotation":90,"texture":"#7"}}},{"from":[24.9995,9,8.04033],"to":[25.2985,9.35,8.15967],"rotation":{"angle":45,"axis":"x","origin":[13.3,9.05,8.1]},"faces":{"east":{"uv":[7.75,1,8,1.25],"texture":"#2"},"up":{"uv":[11,8,13,9],"rotation":90,"texture":"#7"}}},{"from":[24.999,9,8.04033],"to":[25.298,9.35,8.15967],"rotation":{"angle":22.5,"axis":"x","origin":[13.3,9.05,8.1]},"faces":{"east":{"uv":[7.75,1,8,1.25],"texture":"#2"},"up":{"uv":[9,8,11,9],"rotation":90,"texture":"#7"}}},{"from":[25,9.05,7.84033],"to":[25.299,9.35,8.15967],"faces":{"east":{"uv":[0.01,0.01,0.01,0.01],"texture":"#2"},"up":{"uv":[4,7,5,13],"texture":"#7"}}},{"from":[25,8.99033,7.6],"to":[25.299,9.10967,7.95],"rotation":{"angle":22.5,"axis":"x","origin":[13.3,9.05,7.9]},"faces":{"north":{"uv":[12,9,14,8],"rotation":90,"texture":"#7"},"east":{"uv":[8,1.25,8.25,1],"rotation":270,"texture":"#2"}}},{"from":[24.9995,9,7.84033],"to":[25.2985,9.35,7.95967],"rotation":{"angle":-45,"axis":"x","origin":[13.3,9.05,7.9]},"faces":{"east":{"uv":[8,1,7.75,1.25],"texture":"#2"},"up":{"uv":[13,8,11,9],"rotation":90,"texture":"#7"}}},{"from":[24.999,9,7.84033],"to":[25.298,9.35,7.95967],"rotation":{"angle":-22.5,"axis":"x","origin":[13.3,9.05,7.9]},"faces":{"east":{"uv":[8,1,7.75,1.25],"texture":"#2"},"up":{"uv":[11,8,9,9],"rotation":90,"texture":"#7"}}},{"from":[5.2,9.1605,7.9105],"to":[8.65,9.3105,8.0895],"rotation":{"angle":22.5,"axis":"x","origin":[6.4,8.8605,8]},"faces":{"west":{"uv":[8,11,9,16],"rotation":180,"texture":"#8"},"up":{"uv":[11,5,14,6],"rotation":270,"texture":"#9"},"down":{"uv":[0.01,0.01,0.01,0.01],"rotation":180,"texture":"#4"}}},{"from":[0.3002,10.1,7.92044],"to":[5.5502,10.175,8.07957],"rotation":{"angle":0,"axis":"x","origin":[3.925,10.5,8]},"faces":{"east":{"uv":[4,3,5,5],"texture":"#8"},"west":{"uv":[4,3,5,5],"texture":"#8"},"up":{"uv":[6.1,13.1,6.2,13.2],"rotation":270,"texture":"#4"},"down":{"uv":[1,13,2,14],"rotation":180,"texture":"#4"}}},{"from":[0.3002,10.825,7.92044],"to":[5.5502,10.9,8.07957],"rotation":{"angle":0,"axis":"x","origin":[3.925,10.5,8]},"faces":{"east":{"uv":[4,12,5,14],"rotation":180,"texture":"#8"},"west":{"uv":[4,12,5,14],"rotation":180,"texture":"#8"},"up":{"uv":[5,13,5.1,16],"rotation":180,"texture":"#7"},"down":{"uv":[0.01,0.01,0.01,0.01],"rotation":180,"texture":"#4"}}},{"from":[0.3002,10.42044,7.6],"to":[5.5502,10.57957,7.675],"rotation":{"angle":0,"axis":"x","origin":[3.925,10.5,8]},"faces":{"north":{"uv":[5,13.1,7,13.2],"rotation":270,"texture":"#4"},"east":{"uv":[9,3,10,5],"rotation":90,"texture":"#8"},"south":{"uv":[0.01,0.01,0.01,0.01],"texture":"#4"},"west":{"uv":[9,3,10,5],"rotation":270,"texture":"#8"}}},{"from":[0.3002,10.42044,8.325],"to":[5.5502,10.57957,8.4],"rotation":{"angle":0,"axis":"x","origin":[3.925,10.5,8]},"faces":{"north":{"uv":[0.01,0.01,0.01,0.01],"texture":"#4"},"east":{"uv":[9,3,10,5],"rotation":270,"texture":"#8"},"south":{"uv":[5,13.1,7,13.2],"rotation":270,"texture":"#4"},"west":{"uv":[9,3,10,5],"rotation":90,"texture":"#8"}}},{"from":[3.2002,10.175,7.99544],"to":[3.3502,10.5,8.00457],"rotation":{"angle":0,"axis":"x","origin":[3.925,10.5,8]},"faces":{"west":{"uv":[1,13,2,14],"rotation":180,"texture":"#4"}}},{"from":[3.2002,10.49544,8.025],"to":[3.3502,10.50457,8.325],"rotation":{"angle":0,"axis":"x","origin":[3.925,10.5,7.925]},"faces":{"west":{"uv":[1,13,2,14],"rotation":90,"texture":"#4"}}},{"from":[3.2002,10.49544,7.675],"to":[3.3502,10.50457,7.975],"rotation":{"angle":0,"axis":"x","origin":[3.925,10.5,8.075]},"faces":{"west":{"uv":[1,14,2,13],"rotation":90,"texture":"#4"}}},{"from":[0.3002,10.1,7.92044],"to":[5.5502,10.175,8.07957],"rotation":{"angle":-45,"axis":"x","origin":[3.925,10.5,8]},"faces":{"east":{"uv":[11,3,12,5],"texture":"#8"},"west":{"uv":[11,3,12,5],"texture":"#8"},"up":{"uv":[5.1,13.1,5.2,13.2],"rotation":270,"texture":"#4"},"down":{"uv":[3,13.1,5,13.2],"rotation":270,"texture":"#4"}}},{"from":[0.3002,10.825,7.92044],"to":[5.5502,10.9,8.07957],"rotation":{"angle":-45,"axis":"x","origin":[3.925,10.5,8]},"faces":{"east":{"uv":[8,12,9,14],"rotation":180,"texture":"#8"},"west":{"uv":[8,12,9,14],"rotation":180,"texture":"#8"},"up":{"uv":[14,3.1,16,3.2],"rotation":270,"texture":"#8"},"down":{"uv":[0.01,0.01,0.01,0.01],"rotation":180,"texture":"#4"}}},{"from":[0.3002,10.1,7.92044],"to":[5.5502,10.175,8.07957],"rotation":{"angle":45,"axis":"x","origin":[3.925,10.5,8]},"faces":{"east":{"uv":[11,3,12,5],"texture":"#8"},"west":{"uv":[11,3,12,5],"texture":"#8"},"up":{"uv":[5.1,13.1,5.2,13.2],"rotation":270,"texture":"#4"},"down":{"uv":[3,13.1,5,13.2],"rotation":90,"texture":"#4"}}},{"from":[0.3002,10.825,7.92044],"to":[5.5502,10.9,8.07957],"rotation":{"angle":45,"axis":"x","origin":[3.925,10.5,8]},"faces":{"east":{"uv":[8,12,9,14],"rotation":180,"texture":"#8"},"west":{"uv":[8,12,9,14],"rotation":180,"texture":"#8"},"up":{"uv":[14,3.1,16,3.2],"rotation":90,"texture":"#8"},"down":{"uv":[0.01,0.01,0.01,0.01],"rotation":180,"texture":"#4"}}},{"from":[0.3,10.1,7.92044],"to":[5.55,10.175,8.07957],"rotation":{"angle":22.5,"axis":"x","origin":[3.925,10.5,8]},"faces":{"east":{"uv":[6,3,7,5],"texture":"#8"},"west":{"uv":[6,3,7,5],"texture":"#8"},"up":{"uv":[6.1,13.1,6.2,13.2],"rotation":270,"texture":"#4"},"down":{"uv":[3,13,4,14],"rotation":180,"texture":"#4"}}},{"from":[0.3,10.825,7.92044],"to":[5.55,10.9,8.07957],"rotation":{"angle":22.5,"axis":"x","origin":[3.925,10.5,8]},"faces":{"east":{"uv":[4,12,5,14],"rotation":180,"texture":"#8"},"west":{"uv":[4,12,5,14],"rotation":180,"texture":"#8"},"up":{"uv":[5,8,6,11],"rotation":180,"texture":"#7"},"down":{"uv":[0.01,0.01,0.01,0.01],"rotation":180,"texture":"#4"}}},{"from":[0.3,10.42044,7.6],"to":[5.55,10.57957,7.675],"rotation":{"angle":22.5,"axis":"x","origin":[3.925,10.5,8]},"faces":{"north":{"uv":[4,15.1,6,15.2],"rotation":270,"texture":"#8"},"east":{"uv":[15,2,16,4],"rotation":90,"texture":"#8"},"south":{"uv":[0.01,0.01,0.01,0.01],"texture":"#4"},"west":{"uv":[15,2,16,4],"rotation":270,"texture":"#8"}}},{"from":[0.3,10.42044,8.325],"to":[5.55,10.57957,8.4],"rotation":{"angle":22.5,"axis":"x","origin":[3.925,10.5,8]},"faces":{"north":{"uv":[0.01,0.01,0.01,0.01],"texture":"#4"},"east":{"uv":[9,3,10,5],"rotation":90,"texture":"#8"},"south":{"uv":[4,13.1,6,13.2],"rotation":270,"texture":"#4"},"west":{"uv":[9,3,10,5],"rotation":270,"texture":"#8"}}},{"from":[0.3,10.1,7.92044],"to":[5.55,10.175,8.07957],"rotation":{"angle":-22.5,"axis":"x","origin":[3.925,10.5,8]},"faces":{"east":{"uv":[6,3,7,5],"texture":"#8"},"west":{"uv":[6,3,7,5],"texture":"#8"},"up":{"uv":[6.1,13.1,6.2,13.2],"rotation":270,"texture":"#4"},"down":{"uv":[3,13,4,14],"rotation":180,"texture":"#4"}}},{"from":[0.3,10.825,7.92044],"to":[5.55,10.9,8.07957],"rotation":{"angle":-22.5,"axis":"x","origin":[3.925,10.5,8]},"faces":{"east":{"uv":[4,12,5,14],"rotation":180,"texture":"#8"},"west":{"uv":[4,12,5,14],"rotation":180,"texture":"#8"},"up":{"uv":[7,15.1,10,15.2],"rotation":270,"texture":"#7"},"down":{"uv":[0.01,0.01,0.01,0.01],"rotation":180,"texture":"#4"}}},{"from":[0.3,10.42044,7.6],"to":[5.55,10.57957,7.675],"rotation":{"angle":-22.5,"axis":"x","origin":[3.925,10.5,8]},"faces":{"north":{"uv":[4,13.1,6,13.2],"rotation":270,"texture":"#4"},"east":{"uv":[9,3,10,5],"rotation":270,"texture":"#8"},"south":{"uv":[0.01,0.01,0.01,0.01],"texture":"#4"},"west":{"uv":[9,3,10,5],"rotation":90,"texture":"#8"}}},{"from":[0.3,10.42044,8.325],"to":[5.55,10.57957,8.4],"rotation":{"angle":-22.5,"axis":"x","origin":[3.925,10.5,8]},"faces":{"north":{"uv":[0.01,0.01,0.01,0.01],"texture":"#4"},"east":{"uv":[15,2,16,4],"rotation":270,"texture":"#8"},"south":{"uv":[4,15.1,6,15.2],"rotation":270,"texture":"#8"},"west":{"uv":[15,2,16,4],"rotation":90,"texture":"#8"}}},{"from":[5.2,9.1605,7.9105],"to":[8.65,9.3105,8.0895],"faces":{"west":{"uv":[8,11,9,16],"rotation":180,"texture":"#8"},"up":{"uv":[0.01,0.01,0.01,0.01],"texture":"#2"},"down":{"uv":[0.01,0.01,0.01,0.01],"rotation":180,"texture":"#4"}}},{"from":[5.2,9.1605,7.9105],"to":[8.65,9.3105,8.0895],"rotation":{"angle":-22.5,"axis":"x","origin":[6.4,8.8605,8]},"faces":{"west":{"uv":[8,11,9,16],"rotation":180,"texture":"#8"},"up":{"uv":[13,5,16,6],"rotation":270,"texture":"#9"},"down":{"uv":[0.01,0.01,0.01,0.01],"rotation":180,"texture":"#4"}}},{"from":[5.2,9.1605,7.9105],"to":[8.65,9.3105,8.0895],"rotation":{"angle":-45,"axis":"x","origin":[6.4,8.8605,8]},"faces":{"west":{"uv":[8,11,9,16],"rotation":180,"texture":"#8"},"up":{"uv":[0,0,5,1],"rotation":270,"texture":"#7"},"down":{"uv":[0.01,0.01,0.01,0.01],"rotation":180,"texture":"#4"}}},{"from":[5.2,8.771,8.3],"to":[8.7,8.95,8.45],"rotation":{"angle":-45,"axis":"x","origin":[8.175,8.8605,8]},"faces":{"north":{"uv":[0.01,0.01,0.01,0.01],"texture":"#4"},"south":{"uv":[0,0,5,1],"rotation":90,"texture":"#7"},"west":{"uv":[8,11,9,16],"rotation":270,"texture":"#8"}}},{"from":[5.2,8.771,8.3],"to":[8.7,8.95,8.45],"rotation":{"angle":-22.5,"axis":"x","origin":[8.55,8.8605,8]},"faces":{"north":{"uv":[0.01,0.01,0.01,0.01],"texture":"#4"},"east":{"uv":[0,0,1,2],"texture":"#2"},"south":{"uv":[15,0,16,7],"texture":"#7"},"west":{"uv":[8,11,9,16],"rotation":270,"texture":"#8"}}},{"from":[2.9,8.5,7.65],"to":[5.2001,8.75,8.5],"faces":{"north":{"uv":[15,0,16,9],"texture":"#7"},"east":{"uv":[0,0,1,2],"rotation":270,"texture":"#2"},"south":{"uv":[15,0,16,9],"texture":"#7"},"west":{"uv":[0.01,5,0.01,8],"rotation":90,"texture":"#4"},"up":{"uv":[15,0,16,7],"rotation":180,"texture":"#7"},"down":{"uv":[15,0,16,7],"texture":"#7"}}},{"from":[1.25,7.6,7.64033],"to":[8.7,8.2,7.75967],"rotation":{"angle":22.5,"axis":"x","origin":[12.5,7.9,7.7]},"faces":{"east":{"uv":[7,6,7.25,6.25],"texture":"#c"},"down":{"uv":[0,6,16,6.5],"rotation":180,"texture":"#c"}}},{"from":[1.25,7.6,7.64033],"to":[8.7,8.2,7.75967],"rotation":{"angle":45,"axis":"x","origin":[12.5,7.9,7.7]},"faces":{"east":{"uv":[7,6,7.25,6.25],"texture":"#c"},"west":{"uv":[0,0,1,1],"texture":"#b"},"down":{"uv":[0,2,16,2.5],"rotation":180,"texture":"#b"}}},{"from":[1.25,7.84033,7.4],"to":[8.7,7.95967,8],"rotation":{"angle":-22.5,"axis":"x","origin":[12.5,7.9,7.7]},"faces":{"north":{"uv":[0,6,16,6.5],"texture":"#b"},"east":{"uv":[7,6,7.25,6.25],"rotation":270,"texture":"#c"},"west":{"uv":[0,0,1,1],"texture":"#b"}}},{"from":[1.25,8.35,7.64033],"to":[8.7,8.95,7.75967],"rotation":{"angle":-22.5,"axis":"x","origin":[12.5,8.65,7.7]},"faces":{"east":{"uv":[0,0,0.25,0.25],"texture":"#b"},"up":{"uv":[3,0,0,1.5],"texture":"#b"}}},{"from":[1.25,8.35,7.64033],"to":[8.7,8.95,7.75967],"rotation":{"angle":-45,"axis":"x","origin":[12.5,8.65,7.7]},"faces":{"east":{"uv":[0,0,0.25,0.25],"texture":"#b"},"west":{"uv":[0,0,1,1],"rotation":270,"texture":"#b"},"up":{"uv":[0,0,16,2],"texture":"#b"}}},{"from":[1.25,8.59033,7.4],"to":[8.7,8.70967,8],"rotation":{"angle":22.5,"axis":"x","origin":[12.5,8.65,7.7]},"faces":{"north":{"uv":[0,14,16,16],"rotation":180,"texture":"#b"},"east":{"uv":[0,0,0.25,0.25],"rotation":90,"texture":"#b"},"west":{"uv":[0,0,1,1],"rotation":180,"texture":"#b"}}},{"from":[1.25,7.6,8.24033],"to":[8.7,8.2,8.35967],"rotation":{"angle":-22.5,"axis":"x","origin":[12.5,7.9,8.3]},"faces":{"east":{"uv":[7,6,7.25,6.25],"texture":"#c"},"down":{"uv":[0,3,16,3.5],"rotation":180,"texture":"#c"}}},{"from":[1.25,7.6,8.24033],"to":[8.7,8.2,8.35967],"rotation":{"angle":-45,"axis":"x","origin":[12.5,7.9,8.3]},"faces":{"east":{"uv":[7,6,7.25,6.25],"texture":"#c"},"west":{"uv":[0,0,1,1],"texture":"#b"},"down":{"uv":[0,3,16,3.5],"rotation":180,"texture":"#b"}}},{"from":[1.25,7.84033,8],"to":[8.7,7.95967,8.6],"rotation":{"angle":22.5,"axis":"x","origin":[12.5,7.9,8.3]},"faces":{"east":{"uv":[7,6,7.25,6.25],"rotation":90,"texture":"#c"},"south":{"uv":[0,7,16,7.5],"rotation":180,"texture":"#b"},"west":{"uv":[0,0,1,1],"texture":"#b"}}},{"from":[1.25,8.44,7.4],"to":[8.7,8.7096,8.6],"faces":{"north":{"uv":[0,12,16,16],"texture":"#b"},"south":{"uv":[0,12,16,16],"rotation":180,"texture":"#b"},"up":{"uv":[0,3,16,4],"rotation":90,"texture":"#c"},"down":{"uv":[7,6,7.25,6.25],"texture":"#c"}}},{"from":[5.2,8.59033,8],"to":[8.7,8.70967,8.6],"rotation":{"angle":-22.5,"axis":"x","origin":[12.5,8.65,8.3]},"faces":{"east":{"uv":[0,0,0.25,0.25],"rotation":270,"texture":"#b"},"south":{"uv":[6,7,14,9],"texture":"#b"},"west":{"uv":[7,6,7.25,6.25],"texture":"#c"}}},{"from":[5.2,8.35,8.24033],"to":[8.7,8.95,8.35967],"rotation":{"angle":45,"axis":"x","origin":[12.5,8.65,8.3]},"faces":{"east":{"uv":[0,0,0.25,0.25],"texture":"#b"},"west":{"uv":[7,6,7.25,6.25],"rotation":270,"texture":"#c"},"up":{"uv":[6,5,14,7],"texture":"#b"}}},{"from":[5.2,8.35,8.24033],"to":[8.7,8.95,8.35967],"rotation":{"angle":22.5,"axis":"x","origin":[12.5,8.65,8.3]},"faces":{"east":{"uv":[0,0,0.25,0.25],"texture":"#b"},"west":{"uv":[7,6,7.25,6.25],"rotation":270,"texture":"#c"},"up":{"uv":[7,6,6,6.5],"texture":"#c"}}},{"from":[1.7,7.6,7.64033],"to":[8.7,8.45,8.35967],"faces":{"down":{"uv":[9,14.1,14,14.6],"rotation":90,"texture":"#c"}}},{"from":[1.25,8.59033,8],"to":[2.9,8.70967,8.6],"rotation":{"angle":-22.5,"axis":"x","origin":[8.55,8.65,8.3]},"faces":{"east":{"uv":[7,6,7.25,6.25],"rotation":270,"texture":"#c"},"south":{"uv":[4,7,0,9],"texture":"#b"},"west":{"uv":[0,0,1,1],"texture":"#b"}}},{"from":[1.25,8.35,8.24033],"to":[2.9,8.95,8.35967],"rotation":{"angle":45,"axis":"x","origin":[8.55,8.65,8.3]},"faces":{"east":{"uv":[7,6,7.25,6.25],"texture":"#c"},"west":{"uv":[0,0,1,1],"rotation":270,"texture":"#b"},"up":{"uv":[0,0,4,2],"texture":"#b"}}},{"from":[1.25,8.35,8.24033],"to":[2.9,8.95,8.35967],"rotation":{"angle":22.5,"axis":"x","origin":[8.55,8.65,8.3]},"faces":{"east":{"uv":[7,6,7.25,6.25],"texture":"#c"},"up":{"uv":[3,0,0,1.5],"texture":"#b"}}},{"from":[5.199,8.7,7.55],"to":[8.6991,8.9501,8.45],"faces":{"north":{"uv":[15,7,16,16],"texture":"#4"},"east":{"uv":[0,0,1,2],"rotation":270,"texture":"#2"},"south":{"uv":[15,0,16,9],"texture":"#4"},"west":{"uv":[0,0,1,1],"rotation":90,"texture":"#4"},"up":{"uv":[15,0,16,7],"rotation":180,"texture":"#4"},"down":{"uv":[15,0,16,7],"texture":"#7"}}},{"from":[2.9,8.771,7.55],"to":[5.2,8.95,7.65],"faces":{"north":{"uv":[0.01,0.01,0.01,0.01],"rotation":180,"texture":"#4"}}},{"from":[0.2,8.78038,7.65],"to":[0.3,8.91962,8.35],"rotation":{"angle":-22.5,"axis":"x","origin":[0.45,8.85,8]},"faces":{"north":{"uv":[14,5,15,8],"rotation":180,"texture":"#7"},"east":{"uv":[7,7,8,8],"rotation":270,"texture":"#5"},"south":{"uv":[4,8,5,11],"rotation":180,"texture":"#7"},"west":{"uv":[1,9.99,15,9.99],"texture":"#7"}}},{"from":[0.2,8.5,7.93038],"to":[0.3,9.2,8.06962],"rotation":{"angle":45,"axis":"x","origin":[0.45,8.85,8]},"faces":{"east":{"uv":[7,7,8,8],"texture":"#5"},"west":{"uv":[1,9.99,15,9.99],"rotation":270,"texture":"#7"},"up":{"uv":[4,8,5,11],"texture":"#7"},"down":{"uv":[13,1,14,4],"texture":"#0"}}},{"from":[0.19999,8.5,7.93038],"to":[0.29999,9.2,8.06962],"rotation":{"angle":22.5,"axis":"x","origin":[0.45,8.85,8]},"faces":{"east":{"uv":[7,7,8,8],"texture":"#5"},"west":{"uv":[1,9.99,15,9.99],"rotation":270,"texture":"#7"},"up":{"uv":[4,8,5,11],"texture":"#7"},"down":{"uv":[0,5,1,8],"texture":"#0"}}},{"from":[0.2,8.5,7.93038],"to":[0.3,9.2,8.06962],"rotation":{"angle":0,"axis":"y","origin":[8.1,8,8]},"faces":{"east":{"uv":[7,7,8,8],"texture":"#5"},"west":{"uv":[1,9.99,15,9.99],"rotation":270,"texture":"#7"},"up":{"uv":[4,8,5,11],"texture":"#7"},"down":{"uv":[3,6,4,9],"texture":"#0"}}},{"from":[2.95,10.825,7.9453],"to":[3.5,11.2252,8.0547],"rotation":{"angle":0,"axis":"z","origin":[3.225,11.025,8]},"faces":{"east":{"uv":[4,8,5,14],"texture":"#7"},"west":{"uv":[4,8,5,14],"texture":"#7"},"up":{"uv":[1,2.1,12,2.2],"rotation":180,"texture":"#7"}}},{"from":[2.95,10.4453,7.2748],"to":[3.5,10.5547,7.675],"rotation":{"angle":0,"axis":"z","origin":[3.225,10.5,7.475]},"faces":{"north":{"uv":[1,2.1,12,2.2],"texture":"#7"},"east":{"uv":[4,8,5,14],"rotation":90,"texture":"#7"},"west":{"uv":[4,8,5,14],"rotation":270,"texture":"#7"}}},{"from":[3.1703,10.775,7.725],"to":[3.2797,11.225,8.275],"rotation":{"angle":0,"axis":"y","origin":[3.225,11.025,8]},"faces":{"north":{"uv":[4,8,5,14.8],"texture":"#7"},"south":{"uv":[4,8,5,14.8],"texture":"#7"},"up":{"uv":[1,2.1,12,2.2],"rotation":90,"texture":"#7"}}},{"from":[3.1703,10.225,7.275],"to":[3.2797,10.775,7.725],"rotation":{"angle":0,"axis":"y","origin":[3.225,10.5,7.475]},"faces":{"north":{"uv":[1,2.1,12,2.2],"rotation":270,"texture":"#7"},"up":{"uv":[4,8,5,14.8],"texture":"#7"},"down":{"uv":[4,8,5,14.8],"rotation":180,"texture":"#7"}}},{"from":[2.95,10.825,7.9453],"to":[3.5,11.2251,8.0547],"rotation":{"angle":-45,"axis":"y","origin":[3.225,11.025,8]},"faces":{"east":{"uv":[4,8,5,14],"texture":"#7"},"west":{"uv":[4,8,5,14],"texture":"#7"},"up":{"uv":[1,2.1,12,2.2],"rotation":180,"texture":"#7"}}},{"from":[2.95,10.4453,7.2749],"to":[3.5,10.5547,7.675],"rotation":{"angle":45,"axis":"z","origin":[3.225,10.5,7.475]},"faces":{"north":{"uv":[1,2.1,12,2.2],"texture":"#7"},"east":{"uv":[4,8,5,14],"rotation":90,"texture":"#7"},"west":{"uv":[4,8,5,14],"rotation":270,"texture":"#7"}}},{"from":[3.1703,10.825,7.725],"to":[3.2797,11.2251,8.275],"rotation":{"angle":-45,"axis":"y","origin":[3.225,11.025,8]},"faces":{"north":{"uv":[4,8,5,14],"texture":"#7"},"south":{"uv":[4,8,5,14],"texture":"#7"},"up":{"uv":[1,2.1,12,2.2],"rotation":90,"texture":"#7"}}},{"from":[3.1703,10.225,7.2749],"to":[3.2797,10.775,7.675],"rotation":{"angle":45,"axis":"z","origin":[3.225,10.5,7.475]},"faces":{"north":{"uv":[1,2.1,12,2.2],"rotation":270,"texture":"#7"},"up":{"uv":[4,8,5,14],"texture":"#7"},"down":{"uv":[4,8,5,14],"rotation":180,"texture":"#7"}}},{"from":[2.95,10.825,7.9453],"to":[3.5,11.225,8.0547],"rotation":{"angle":22.5,"axis":"y","origin":[3.225,11.025,8]},"faces":{"east":{"uv":[4,8,5,14],"texture":"#7"},"west":{"uv":[4,8,5,14],"texture":"#7"},"up":{"uv":[1,2.1,12,2.2],"rotation":180,"texture":"#7"}}},{"from":[2.95,10.4453,7.275],"to":[3.5,10.5547,7.675],"rotation":{"angle":-22.5,"axis":"z","origin":[3.225,10.5,7.475]},"faces":{"north":{"uv":[1,2.1,12,2.2],"texture":"#7"},"east":{"uv":[4,8,5,14],"rotation":90,"texture":"#7"},"west":{"uv":[4,8,5,14],"rotation":270,"texture":"#7"}}},{"from":[3.1703,10.775,7.725],"to":[3.2797,11.225,8.275],"rotation":{"angle":22.5,"axis":"y","origin":[3.225,11.025,8]},"faces":{"north":{"uv":[4,8,5,14.8],"texture":"#7"},"south":{"uv":[4,8,5,14.8],"texture":"#7"},"up":{"uv":[1,2.1,12,2.2],"rotation":90,"texture":"#7"}}},{"from":[3.1703,10.225,7.275],"to":[3.2797,10.775,7.725],"rotation":{"angle":-22.5,"axis":"z","origin":[3.225,10.5,7.475]},"faces":{"north":{"uv":[1,2.1,12,2.2],"rotation":270,"texture":"#7"},"up":{"uv":[4,8,5,14.8],"texture":"#7"},"down":{"uv":[4,8,5,14.8],"rotation":180,"texture":"#7"}}},{"from":[2.95,10.825,7.9453],"to":[3.5,11.225,8.0547],"rotation":{"angle":-22.5,"axis":"y","origin":[3.225,11.025,8]},"faces":{"east":{"uv":[4,8,5,14],"texture":"#7"},"west":{"uv":[4,8,5,14],"texture":"#7"},"up":{"uv":[1,2.1,12,2.2],"rotation":180,"texture":"#7"}}},{"from":[2.95,10.4453,7.275],"to":[3.5,10.5547,7.675],"rotation":{"angle":22.5,"axis":"z","origin":[3.225,10.5,7.475]},"faces":{"north":{"uv":[1,2.1,12,2.2],"texture":"#7"},"east":{"uv":[4,8,5,14],"rotation":90,"texture":"#7"},"west":{"uv":[4,8,5,14],"rotation":270,"texture":"#7"}}},{"from":[3.1703,10.775,7.725],"to":[3.2797,11.225,8.275],"rotation":{"angle":-22.5,"axis":"y","origin":[3.225,11.025,8]},"faces":{"north":{"uv":[4,8,5,14.8],"texture":"#7"},"south":{"uv":[4,8,5,14.8],"texture":"#7"},"up":{"uv":[1,2.1,12,2.2],"rotation":90,"texture":"#7"}}},{"from":[3.1703,10.225,7.275],"to":[3.2797,10.775,7.725],"rotation":{"angle":22.5,"axis":"z","origin":[3.225,10.5,7.475]},"faces":{"north":{"uv":[1,2.1,12,2.2],"rotation":270,"texture":"#7"},"up":{"uv":[4,8,5,14.8],"texture":"#7"},"down":{"uv":[4,8,5,14.8],"rotation":180,"texture":"#7"}}},{"from":[0.2,8.5,7.93038],"to":[0.3,9.2,8.06962],"rotation":{"angle":-22.5,"axis":"x","origin":[0.45,8.85,8]},"faces":{"east":{"uv":[7,7,8,8],"texture":"#5"},"west":{"uv":[1,9.99,15,9.99],"rotation":270,"texture":"#7"},"up":{"uv":[4,8,5,11],"texture":"#7"},"down":{"uv":[3,6,4,9],"texture":"#0"}}},{"from":[0.2,8.5,7.93038],"to":[0.3,9.2,8.06962],"rotation":{"angle":-45,"axis":"x","origin":[0.45,8.85,8]},"faces":{"east":{"uv":[7,7,8,8],"texture":"#5"},"west":{"uv":[1,9.99,15,9.99],"rotation":270,"texture":"#7"},"up":{"uv":[9,6,10,9],"texture":"#5"},"down":{"uv":[14,5,15,8],"rotation":180,"texture":"#7"}}},{"from":[0.201,8.78038,7.65],"to":[0.301,8.91962,8.35],"rotation":{"angle":22.5,"axis":"x","origin":[0.45,8.85,8]},"faces":{"north":{"uv":[3,4,6,5],"rotation":270,"texture":"#7"},"east":{"uv":[7,7,8,8],"rotation":90,"texture":"#5"},"south":{"uv":[3,3,6,4],"rotation":90,"texture":"#7"},"west":{"uv":[1,9.99,15,9.99],"rotation":180,"texture":"#7"}}},{"from":[0.2,8.78038,7.65],"to":[0.3,8.91962,8.35],"rotation":{"angle":0,"axis":"y","origin":[8.1,8,8]},"faces":{"north":{"uv":[2,1,3,4],"rotation":180,"texture":"#7"},"east":{"uv":[7,7,8,8],"rotation":270,"texture":"#5"},"south":{"uv":[6,6,9,7],"rotation":270,"texture":"#7"},"west":{"uv":[1,9.99,15,9.99],"texture":"#7"}}},{"from":[0.3,8.65,7.96022],"to":[5.8,9.05,8.03978],"faces":{"east":{"uv":[0.01,0.01,0.01,0.01],"texture":"#5"},"up":{"uv":[1,9,9,10],"rotation":90,"texture":"#7"},"down":{"uv":[0.01,0.01,0.01,0.01],"texture":"#4"}}},{"from":[0.3,8.65,7.96022],"to":[5.8,9.05,8.03978],"rotation":{"angle":22.5,"axis":"x","origin":[0.25,8.85,8]},"faces":{"east":{"uv":[0.01,0.01,0.01,0.01],"texture":"#5"},"up":{"uv":[0,0,5,1],"rotation":90,"texture":"#5"},"down":{"uv":[0.01,0.01,0.01,0.01],"texture":"#4"}}},{"from":[0.3,8.65,7.96022],"to":[5.8,9.05,8.03978],"rotation":{"angle":-22.5,"axis":"x","origin":[0.25,8.85,8]},"faces":{"east":{"uv":[0.01,0.01,0.01,0.01],"texture":"#5"},"up":{"uv":[1,0,2,6],"rotation":180,"texture":"#5"},"down":{"uv":[0.01,0.01,0.01,0.01],"texture":"#4"}}},{"from":[0.3,8.65,7.96022],"to":[5.8,9.05,8.03978],"rotation":{"angle":45,"axis":"x","origin":[0.25,8.85,8]},"faces":{"east":{"uv":[0.01,0.01,0.01,0.01],"texture":"#5"},"up":{"uv":[13,5,16,6],"rotation":90,"texture":"#5"},"down":{"uv":[15,0,16,7],"rotation":180,"texture":"#7"}}},{"from":[0.3,8.65,7.96022],"to":[5.8,9.05,8.03978],"rotation":{"angle":-45,"axis":"x","origin":[0.25,8.85,8]},"faces":{"east":{"uv":[0.01,0.01,0.01,0.01],"texture":"#5"},"up":{"uv":[10,4,11,11],"texture":"#5"},"down":{"uv":[15,0,16,7],"texture":"#7"}}},{"from":[0.3,8.81022,7.8],"to":[5.8,8.88978,8.2],"rotation":{"angle":-22.5,"axis":"x","origin":[0.25,8.85,8]},"faces":{"north":{"uv":[0,0,5,1],"rotation":90,"texture":"#7"},"east":{"uv":[0.01,0.01,0.01,0.01],"rotation":270,"texture":"#5"},"south":{"uv":[12,12,13,13],"texture":"#5"}}},{"from":[0.3,8.81022,7.8],"to":[5.8,8.88978,8.2],"rotation":{"angle":22.5,"axis":"x","origin":[0.25,8.85,8]},"faces":{"north":{"uv":[10,6,11,12],"texture":"#5"},"east":{"uv":[0.01,0.01,0.01,0.01],"rotation":90,"texture":"#5"},"south":{"uv":[0,0,5,1],"texture":"#7"}}},{"from":[0.3,8.81022,7.8],"to":[5.8,8.88978,8.2],"faces":{"north":{"uv":[9,8,14,9],"rotation":90,"texture":"#7"},"east":{"uv":[0.01,0.01,0.01,0.01],"rotation":270,"texture":"#5"},"south":{"uv":[10,3.99,13,3.99],"rotation":270,"texture":"#7"}}},{"from":[2.9,8.71022,8.05],"to":[5.15,8.98978,8.45],"faces":{"north":{"uv":[0.01,0.01,0.01,0.01],"rotation":180,"texture":"#5"},"east":{"uv":[15.99,15.99,15.99,15.99],"rotation":270,"texture":"#7"},"south":{"uv":[15,0,16,16],"texture":"#5"},"up":{"uv":[0,0,16,1],"rotation":90,"texture":"#5"}}},{"from":[4.9,8.96022,7.9],"to":[5.05,9.13978,8.2],"faces":{"north":{"uv":[9,6,13,9],"rotation":90,"texture":"#5"},"east":{"uv":[9,6,13,10],"rotation":90,"texture":"#5"},"south":{"uv":[9,6,13,9],"rotation":90,"texture":"#5"},"west":{"uv":[9,7,13,10],"rotation":90,"texture":"#5"},"up":{"uv":[2,8,7,11],"rotation":90,"texture":"#7"}}},{"from":[0.9,8.9,7.86022],"to":[2.8,9.3,8.13978],"rotation":{"angle":0,"axis":"y","origin":[8.2,8,8]},"faces":{"north":{"uv":[15,0,16,16],"rotation":180,"texture":"#5"},"east":{"uv":[4,9,13,10],"texture":"#5"},"south":{"uv":[15,0,16,16],"texture":"#5"},"up":{"uv":[0,3,16,4],"rotation":90,"texture":"#5"},"down":{"uv":[0.01,0.01,0.01,0.01],"texture":"#5"}}},{"from":[0.4,9.05,7.8603],"to":[0.9,9.3,8.1397],"rotation":{"angle":45,"axis":"z","origin":[0.9,9.3,8.00008]},"faces":{"north":{"uv":[15,0,16,16],"rotation":180,"texture":"#5"},"east":{"uv":[0.01,0.01,0.01,0.01],"texture":"#5"},"south":{"uv":[15,0,16,16],"texture":"#5"},"up":{"uv":[0,3,16,4],"rotation":90,"texture":"#5"},"down":{"uv":[0.01,0.01,0.01,0.01],"texture":"#5"}}},{"from":[4.40957,6.7519,7.6005],"to":[6.30957,7.9019,8.3995],"rotation":{"angle":22.5,"axis":"z","origin":[4.40957,6.7269,8.0005]},"faces":{"north":{"uv":[0,0,5,5],"texture":"#2"},"east":{"uv":[0,9,1,14],"texture":"#2"},"south":{"uv":[0,0,5,5],"texture":"#2"},"down":{"uv":[7,4,8,5],"texture":"#4"}}},{"from":[8.7,7.84033,8.4],"to":[9.3,8.70967,8.6],"rotation":{"angle":22.5,"axis":"y","origin":[8.7,8.275,8.6]},"faces":{"south":{"uv":[5,0,7,11],"texture":"#b"},"west":{"uv":[0,6,8,7],"rotation":270,"texture":"#c"},"up":{"uv":[11,0,11.01,0.01],"rotation":180,"texture":"#c"},"down":{"uv":[7,6,7.01,6.01],"texture":"#c"}}},{"from":[8.7,7.84033,7.4],"to":[9.3,8.70967,7.6],"rotation":{"angle":-22.5,"axis":"y","origin":[8.7,8.275,7.4]},"faces":{"north":{"uv":[0,0,2,11],"texture":"#b"},"west":{"uv":[8,6,0,7],"rotation":90,"texture":"#c"},"up":{"uv":[11,0,11.01,0.01],"rotation":180,"texture":"#c"},"down":{"uv":[7,6,7.01,6.01],"texture":"#c"}}},{"from":[0.85,7.84033,7.4],"to":[1.25,8.70967,7.6],"rotation":{"angle":22.5,"axis":"y","origin":[1.25,8.275,7.4]},"faces":{"north":{"uv":[0,0,1,8],"rotation":180,"texture":"#b"},"up":{"uv":[0,0,0.01,0.01],"rotation":180,"texture":"#b"},"down":{"uv":[7,6,7.01,6.01],"texture":"#c"}}},{"from":[0.85,7.84033,8.4],"to":[1.25,8.70967,8.6],"rotation":{"angle":-22.5,"axis":"y","origin":[1.25,8.275,8.6]},"faces":{"south":{"uv":[2,0,3,8],"texture":"#b"},"up":{"uv":[0,0,0.01,0.01],"rotation":180,"texture":"#b"},"down":{"uv":[7,6,7.01,6.01],"texture":"#c"}}},{"from":[3.25,8.76022,8.45],"to":[3.45,8.96022,8.725],"rotation":{"angle":0,"axis":"y","origin":[8,8,8.025]},"faces":{"east":{"uv":[3,8,7,10],"rotation":90,"texture":"#5"},"west":{"uv":[3,5,7,7],"rotation":90,"texture":"#5"},"up":{"uv":[1,9.99,4,9.99],"rotation":90,"texture":"#7"},"down":{"uv":[7,7,8,8],"texture":"#5"}}},{"from":[3.2505,7.77379,9.04458],"to":[3.4495,9.02379,9.24458],"rotation":{"angle":-22.5,"axis":"x","origin":[3.35003,7.68595,9.14458]},"faces":{"north":{"uv":[7,7,8,8],"rotation":180,"texture":"#5"},"east":{"uv":[11,13,16,14],"texture":"#5"},"south":{"uv":[1.1,9.99,15,9.99],"rotation":90,"texture":"#7"},"west":{"uv":[11,13,16,14],"rotation":180,"texture":"#5"}}},{"from":[3.0999,7.46668,8.89458],"to":[3.5999,7.67379,9.39458],"rotation":{"angle":-22.5,"axis":"x","origin":[3.35003,7.68595,9.14458]},"faces":{"north":{"uv":[6,0,7,1],"rotation":180,"texture":"#7"},"east":{"uv":[7,8,8,10],"rotation":90,"texture":"#5"},"south":{"uv":[1,9,8,11],"texture":"#7"},"west":{"uv":[16,9,13,16],"rotation":90,"texture":"#5"}}},{"from":[3.1001,7.50057,8.9764],"to":[3.6001,7.70768,9.4764],"rotation":{"angle":22.5,"axis":"x","origin":[3.35003,7.68595,9.14458]},"faces":{"north":{"uv":[0,0,1,1],"rotation":180,"texture":"#7"},"east":{"uv":[4,9,10,10],"rotation":180,"texture":"#5"},"south":{"uv":[5,9,1,15],"rotation":90,"texture":"#7"},"west":{"uv":[2,3,4,4],"texture":"#5"}}},{"from":[3.1001,7.35413,9.12285],"to":[3.6002,7.85413,9.32996],"rotation":{"angle":22.5,"axis":"x","origin":[3.35003,7.68595,9.14458]},"faces":{"east":{"uv":[4,9,10,10],"rotation":270,"texture":"#5"},"west":{"uv":[7,2,16,3],"rotation":90,"texture":"#5"},"up":{"uv":[0,9,3,16],"rotation":90,"texture":"#7"},"down":{"uv":[0.01,0.01,0.01,0.01],"texture":"#7"}}},{"from":[3.1,7.32024,9.04102],"to":[3.6,7.82024,9.24813],"rotation":{"angle":-22.5,"axis":"x","origin":[3.35003,7.68595,9.14458]},"faces":{"east":{"uv":[4,4,10,5],"rotation":90,"texture":"#5"},"west":{"uv":[10,2,16,3],"rotation":90,"texture":"#5"},"up":{"uv":[3.99,2.99,3.99,2.99],"texture":"#5"},"down":{"uv":[2,2,6,9],"rotation":270,"texture":"#5"}}},{"from":[1.25,7.4,7.8005],"to":[1.75,7.5,8.1995],"rotation":{"angle":22.5,"axis":"z","origin":[1.3,7.45,8.0005]},"faces":{"north":{"uv":[2,2,6,4],"texture":"#5"},"south":{"uv":[6,2,2,4],"texture":"#5"},"down":{"uv":[3,1,12,4],"texture":"#5"}}},{"from":[1.3,7.55,7.8],"to":[2.45,7.65,8.2],"faces":{"north":{"uv":[3,2,6,4],"texture":"#5"},"south":{"uv":[6,2,3,4],"texture":"#5"},"down":{"uv":[4,1,12,4],"rotation":180,"texture":"#5"}}},{"from":[0.1999,8.7,7.85],"to":[0.2999,9,8.15],"rotation":{"angle":22.5,"axis":"x","origin":[0.2499,8.85,8]},"faces":{"east":{"uv":[7,7,8,8],"texture":"#5"},"west":{"uv":[1,7,5,12],"rotation":180,"texture":"#7"}}},{"from":[6.2,8.14,7.3995],"to":[6.5,8.44,8.6005],"faces":{"north":{"uv":[0,2,3,5],"texture":"#8"},"east":{"uv":[0.01,0.01,0.01,0.01],"texture":"#4"},"south":{"uv":[0,2,3,5],"texture":"#8"}}},{"from":[1.25,7.84033,7.4],"to":[8.7,8.20003,8.6],"rotation":{"angle":0,"axis":"y","origin":[8,8,7.5]},"faces":{"north":{"uv":[0,10,16,16],"texture":"#b"},"south":{"uv":[0,8,16,2],"texture":"#b"},"up":{"uv":[2,0,2.75,0.5],"rotation":180,"texture":"#c"}}},{"from":[1.25,8.2,7.4],"to":[6.4,8.44,8.6],"rotation":{"angle":0,"axis":"y","origin":[8,8,7.5]},"faces":{"north":{"uv":[0,0,11,4],"texture":"#b"},"south":{"uv":[16,7,5,11],"texture":"#b"}}},{"from":[3.55,8.19033,7.5],"to":[8.7,8.45967,8.5],"faces":{"north":{"uv":[0,6,6,7],"rotation":270,"texture":"#c"},"south":{"uv":[6,6,0,7],"rotation":90,"texture":"#c"}}}],"gui_light":"front","display":{"thirdperson_righthand":{"rotation":[0,90,0],"translation":[-2,-0.5,-4],"scale":[0.85,0.85,0.85]},"thirdperson_lefthand":{"rotation":[0,-90,-170],"translation":[-2,-4,12.5],"scale":[0.85,0.85,0.85]},"firstperson_righthand":{"rotation":[0,90,0],"translation":[-1.5,2,-11],"scale":[2,2,2]},"firstperson_lefthand":{"translation":[2,3.75,-0.5],"scale":[0,0,0]},"ground":{"translation":[0,-0.5,0],"scale":[0.85,0.85,0.85]},"gui":{"rotation":[0,0,45],"translation":[0.75,2.5,0],"scale":[0.85,0.85,0.85]},"head":{"scale":[1.7,1.7,1.7]},"fixed":{"translation":[-4.5,0.5,-1.75],"scale":[-1.7,1.7,-1.7]}}}