{"gui_light":"front","textures":{"2":"block/gold_block","3":"block/furnace_side"},"elements":[{"from":[10,6.95,7.56508],"to":[10.475,9.05,8.43492],"faces":{"east":{"uv":[13,3,14,16],"texture":"#2"},"up":{"uv":[4,10,6,14],"rotation":270,"texture":"#2"},"down":{"uv":[13,15,14,16],"rotation":90,"texture":"#2"}}},{"from":[1.7499,6.5,7.70163],"to":[2,9.5,8.29837],"faces":{"east":{"uv":[15,14,16,15],"rotation":270,"texture":"#2"},"west":{"uv":[2,0,3,16],"rotation":180,"texture":"#2"},"up":{"uv":[1,2,2,3],"rotation":270,"texture":"#2"},"down":{"uv":[0,0,1,1],"rotation":270,"texture":"#2"}}},{"from":[1.7498,6.5,7.70163],"to":[2,9.5,8.29837],"rotation":{"angle":22.5,"axis":"x","origin":[1.8749,8,8]},"faces":{"east":{"uv":[15,14,16,15],"rotation":270,"texture":"#2"},"west":{"uv":[3,0,4,16],"rotation":180,"texture":"#2"},"up":{"uv":[1,2,2,3],"rotation":270,"texture":"#2"},"down":{"uv":[0,0,1,1],"rotation":270,"texture":"#2"}}},{"from":[1.7497,6.5,7.70163],"to":[2,9.5,8.29837],"rotation":{"angle":-22.5,"axis":"x","origin":[1.87485,8,8]},"faces":{"east":{"uv":[15,14,16,15],"rotation":270,"texture":"#2"},"west":{"uv":[3,0,4,16],"rotation":180,"texture":"#2"},"up":{"uv":[1,2,2,3],"rotation":270,"texture":"#2"},"down":{"uv":[0,0,1,1],"rotation":270,"texture":"#2"}}},{"from":[1.7499,6.5,7.70163],"to":[2,9.5,8.29837],"rotation":{"angle":45,"axis":"x","origin":[1.87495,8,8]},"faces":{"east":{"uv":[15,14,16,15],"rotation":270,"texture":"#2"},"west":{"uv":[4,0,5,16],"rotation":180,"texture":"#2"},"up":{"uv":[1,2,2,3],"rotation":270,"texture":"#2"},"down":{"uv":[0,0,1,1],"rotation":270,"texture":"#2"}}},{"from":[1.7499,6.5,7.70163],"to":[2,9.5,8.29837],"rotation":{"angle":-45,"axis":"x","origin":[1.87495,8,8]},"faces":{"east":{"uv":[15,14,16,15],"rotation":270,"texture":"#2"},"west":{"uv":[4,0,5,16],"rotation":180,"texture":"#2"},"up":{"uv":[1,2,2,3],"rotation":270,"texture":"#2"},"down":{"uv":[0,0,1,1],"rotation":270,"texture":"#2"}}},{"from":[1.75,7.70163,6.5],"to":[2,8.29837,9.5],"rotation":{"angle":-22.5,"axis":"x","origin":[1.875,8,8]},"faces":{"north":{"uv":[0,0,1,1],"rotation":90,"texture":"#2"},"east":{"uv":[15,14,16,15],"rotation":180,"texture":"#2"},"south":{"uv":[1,2,2,3],"rotation":270,"texture":"#2"},"west":{"uv":[8,0,9,16],"rotation":90,"texture":"#2"}}},{"from":[1.75,7.70163,6.5],"to":[2,8.29837,9.5],"rotation":{"angle":22.5,"axis":"x","origin":[1.875,8,8]},"faces":{"north":{"uv":[1,2,2,3],"rotation":90,"texture":"#2"},"east":{"uv":[15,14,16,15],"texture":"#2"},"south":{"uv":[0,0,1,1],"rotation":270,"texture":"#2"},"west":{"uv":[7,0,8,16],"rotation":90,"texture":"#2"}}},{"from":[1.75,7.70163,6.5],"to":[2,8.29837,9.5],"faces":{"north":{"uv":[0,0,1,1],"rotation":90,"texture":"#2"},"east":{"uv":[15,14,16,15],"rotation":180,"texture":"#2"},"south":{"uv":[1,2,2,3],"rotation":270,"texture":"#2"},"west":{"uv":[8,0,9,16],"rotation":90,"texture":"#2"}}},{"from":[1.65,7.87568,7.375],"to":[1.75,8.12432,8.625],"faces":{"north":{"uv":[0,0,1,1],"rotation":90,"texture":"#3"},"south":{"uv":[0,0,1,1],"rotation":270,"texture":"#3"},"west":{"uv":[5,3,9,4],"texture":"#3"}}},{"from":[1.65,7.87568,7.375],"to":[1.75,8.12432,8.625],"rotation":{"angle":22.5,"axis":"x","origin":[1.7,8,8]},"faces":{"north":{"uv":[0,0,1,1],"rotation":90,"texture":"#3"},"south":{"uv":[0,0,1,1],"rotation":270,"texture":"#3"},"west":{"uv":[5,3,9,4],"texture":"#3"}}},{"from":[1.65,7.87568,7.375],"to":[1.75,8.12432,8.625],"rotation":{"angle":-22.5,"axis":"x","origin":[1.7,8,8]},"faces":{"north":{"uv":[0,0,1,1],"rotation":90,"texture":"#3"},"south":{"uv":[0,0,1,1],"rotation":270,"texture":"#3"},"west":{"uv":[5,3,9,4],"rotation":180,"texture":"#3"}}},{"from":[1.65,7.87568,7.375],"to":[1.75,8.12432,8.625],"rotation":{"angle":45,"axis":"x","origin":[1.7,8,8]},"faces":{"north":{"uv":[0,0,1,1],"rotation":90,"texture":"#3"},"south":{"uv":[0,0,1,1],"rotation":270,"texture":"#3"},"west":{"uv":[5,3,9,4],"texture":"#3"}}},{"from":[1.65,7.87568,7.375],"to":[1.75,8.12432,8.625],"rotation":{"angle":-45,"axis":"x","origin":[1.7,8,8]},"faces":{"north":{"uv":[0,0,1,1],"rotation":90,"texture":"#3"},"south":{"uv":[0,0,1,1],"rotation":270,"texture":"#3"},"west":{"uv":[5,3,9,4],"rotation":180,"texture":"#3"}}},{"from":[1.65,7.375,7.87568],"to":[1.75,8.625,8.12432],"rotation":{"angle":-22.5,"axis":"x","origin":[1.7,8,8]},"faces":{"west":{"uv":[5,3,9,4],"rotation":90,"texture":"#3"},"up":{"uv":[0,0,1,1],"rotation":270,"texture":"#3"},"down":{"uv":[0,0,1,1],"rotation":270,"texture":"#3"}}},{"from":[1.65,7.375,7.87568],"to":[1.75,8.625,8.12432],"rotation":{"angle":22.5,"axis":"x","origin":[1.7,8,8]},"faces":{"west":{"uv":[5,3,9,4],"rotation":90,"texture":"#3"},"up":{"uv":[0,0,1,1],"rotation":270,"texture":"#3"},"down":{"uv":[0,0,1,1],"rotation":270,"texture":"#3"}}},{"from":[1.65,7.375,7.87568],"to":[1.75,8.625,8.12432],"faces":{"west":{"uv":[5,3,9,4],"rotation":90,"texture":"#3"},"up":{"uv":[0,0,1,1],"rotation":270,"texture":"#3"},"down":{"uv":[0,0,1,1],"rotation":270,"texture":"#3"}}},{"from":[2,6.75,7.75136],"to":[10,9.25,8.24864],"rotation":{"angle":22.5,"axis":"x","origin":[3,8,8]},"faces":{"east":{"uv":[12,1,13,16],"texture":"#2"},"up":{"uv":[11,1,13,16],"rotation":270,"texture":"#2"},"down":{"uv":[16,1,14,16],"rotation":90,"texture":"#2"}}},{"from":[2,6.75,7.75136],"to":[10,9.25,8.24864],"rotation":{"angle":-22.5,"axis":"x","origin":[3,8,8]},"faces":{"east":{"uv":[12,1,13,16],"texture":"#2"},"up":{"uv":[1,1,3,16],"rotation":270,"texture":"#2"},"down":{"uv":[14,1,16,16],"rotation":90,"texture":"#2"}}},{"from":[2,6.75,7.75136],"to":[10,9.25,8.24864],"rotation":{"angle":45,"axis":"x","origin":[3,8,8]},"faces":{"east":{"uv":[12,1,13,16],"texture":"#2"},"up":{"uv":[11,1,13,16],"rotation":270,"texture":"#2"},"down":{"uv":[13,1,15,16],"rotation":90,"texture":"#2"}}},{"from":[2,6.75,7.75136],"to":[10,9.25,8.24864],"rotation":{"angle":-45,"axis":"x","origin":[3,8,8]},"faces":{"east":{"uv":[13,1,14,16],"texture":"#2"},"up":{"uv":[2,1,4,16],"rotation":270,"texture":"#2"},"down":{"uv":[11,1,13,16],"rotation":90,"texture":"#2"}}},{"from":[2,7.75136,6.75],"to":[10,8.24864,9.25],"rotation":{"angle":-22.5,"axis":"x","origin":[3,8,8]},"faces":{"north":{"uv":[12,1,14,16],"rotation":270,"texture":"#2"},"east":{"uv":[10,1,11,15],"rotation":270,"texture":"#2"},"south":{"uv":[8,1,10,16],"rotation":90,"texture":"#2"}}},{"from":[2,7.75136,6.75],"to":[10,8.24864,9.25],"rotation":{"angle":22.5,"axis":"x","origin":[3,8,8]},"faces":{"north":{"uv":[8,1,10,16],"rotation":270,"texture":"#2"},"east":{"uv":[10,1,11,15],"rotation":90,"texture":"#2"},"south":{"uv":[10,1,12,16],"rotation":90,"texture":"#2"}}},{"from":[2,7.75136,6.75],"to":[10,8.24864,9.25],"faces":{"north":{"uv":[9,1,11,16],"rotation":270,"texture":"#2"},"east":{"uv":[2,3,3,4],"rotation":270,"texture":"#2"},"south":{"uv":[9,1,11,16],"rotation":90,"texture":"#2"}}},{"from":[10,8.25,7.75136],"to":[11.25,9.25,8.24864],"rotation":{"angle":-22.5,"axis":"z","origin":[10,9.25,8]},"faces":{"north":{"uv":[2,3,3,4],"texture":"#2"},"south":{"uv":[2,3,3,4],"texture":"#2"},"up":{"uv":[4,1,6,16],"rotation":270,"texture":"#2"}}},{"from":[10,6.75,7.75136],"to":[11.25,7.75,8.24864],"rotation":{"angle":22.5,"axis":"z","origin":[10,6.75,8]},"faces":{"north":{"uv":[15,15,16,16],"texture":"#2"},"south":{"uv":[15,15,16,16],"texture":"#2"},"down":{"uv":[16,1,15,16],"rotation":270,"texture":"#2"}}},{"from":[10,7.75136,8.25],"to":[11.25,8.24864,9.25],"rotation":{"angle":22.5,"axis":"y","origin":[10,8,9.25]},"faces":{"south":{"uv":[4,1,6,16],"rotation":270,"texture":"#2"},"up":{"uv":[2,3,3,4],"rotation":180,"texture":"#2"},"down":{"uv":[2,3,3,4],"texture":"#2"}}},{"from":[10,7.75136,6.75],"to":[11.25,8.24864,7.75],"rotation":{"angle":-22.5,"axis":"y","origin":[10,8,6.75]},"faces":{"north":{"uv":[4,16,6,1],"rotation":270,"texture":"#2"},"up":{"uv":[2,3,3,4],"rotation":180,"texture":"#2"},"down":{"uv":[2,3,3,4],"texture":"#2"}}},{"from":[2,6.75,7.75136],"to":[10,9.25,8.24864],"faces":{"east":{"uv":[2,3,3,4],"texture":"#2"},"up":{"uv":[4,1,6,16],"rotation":270,"texture":"#2"},"down":{"uv":[15,1,16,16],"rotation":90,"texture":"#2"}}},{"from":[10,6.95,7.56508],"to":[10.475,9.05,8.43492],"rotation":{"angle":-45,"axis":"x","origin":[10.2375,8,8]},"faces":{"east":{"uv":[13,3,14,16],"texture":"#2"},"up":{"uv":[1,2,3,6],"rotation":270,"texture":"#2"},"down":{"uv":[11,12,12,16],"texture":"#2"}}},{"from":[10,6.95,7.56508],"to":[10.475,9.05,8.43492],"rotation":{"angle":45,"axis":"x","origin":[10.2375,8,8]},"faces":{"east":{"uv":[14,2,15,16],"texture":"#2"},"up":{"uv":[3,9,5,14],"rotation":270,"texture":"#2"},"down":{"uv":[12,12,13,16],"rotation":180,"texture":"#2"}}},{"from":[10,7.56508,6.95],"to":[10.475,8.43492,9.05],"faces":{"north":{"uv":[2,3,3,4],"rotation":270,"texture":"#2"},"east":{"uv":[10,11,11,16],"texture":"#2"},"south":{"uv":[4,11,5,12],"rotation":270,"texture":"#2"}}},{"from":[10.475,7.125,7.82595],"to":[12.475,8.875,8.17405],"faces":{"east":{"uv":[0,0,1,1],"texture":"#2"},"up":{"uv":[4,10,6,14],"rotation":270,"texture":"#2"},"down":{"uv":[13,15,14,16],"rotation":90,"texture":"#2"}}},{"from":[10.475,7.125,7.82595],"to":[12.475,8.875,8.17405],"rotation":{"angle":22.5,"axis":"x","origin":[11.475,8,8]},"faces":{"east":{"uv":[0,0,1,1],"texture":"#2"},"up":{"uv":[4,10,6,14],"rotation":270,"texture":"#2"},"down":{"uv":[13,15,14,16],"rotation":90,"texture":"#2"}}},{"from":[10.475,7.125,7.82595],"to":[12.475,8.875,8.17405],"rotation":{"angle":-22.5,"axis":"x","origin":[11.475,8,8]},"faces":{"east":{"uv":[0,0,1,1],"texture":"#2"},"up":{"uv":[4,10,6,14],"rotation":270,"texture":"#2"},"down":{"uv":[13,15,14,16],"rotation":90,"texture":"#2"}}},{"from":[10.475,7.125,7.82595],"to":[12.475,8.875,8.17405],"rotation":{"angle":45,"axis":"x","origin":[11.475,8,8]},"faces":{"east":{"uv":[0,0,1,1],"texture":"#2"},"up":{"uv":[4,10,6,14],"rotation":270,"texture":"#2"},"down":{"uv":[13,15,14,16],"rotation":90,"texture":"#2"}}},{"from":[10.475,7.125,7.82595],"to":[12.475,8.875,8.17405],"rotation":{"angle":-45,"axis":"x","origin":[11.475,8,8]},"faces":{"east":{"uv":[0,0,1,1],"texture":"#2"},"up":{"uv":[4,10,6,14],"rotation":270,"texture":"#2"},"down":{"uv":[13,13,14,14],"rotation":90,"texture":"#2"}}},{"from":[10.475,7.82595,7.125],"to":[12.475,8.17405,8.875],"rotation":{"angle":-22.5,"axis":"x","origin":[11.475,8,8]},"faces":{"north":{"uv":[11,12,12,13],"rotation":270,"texture":"#2"},"east":{"uv":[0,0,1,1],"rotation":270,"texture":"#2"},"south":{"uv":[4,10,6,14],"rotation":270,"texture":"#2"}}},{"from":[10.475,7.82595,7.125],"to":[12.475,8.17405,8.875],"rotation":{"angle":22.5,"axis":"x","origin":[11.475,8,8]},"faces":{"north":{"uv":[4,10,6,14],"rotation":90,"texture":"#2"},"east":{"uv":[0,0,1,1],"rotation":90,"texture":"#2"},"south":{"uv":[11,12,12,13],"rotation":90,"texture":"#2"}}},{"from":[10.475,7.82595,7.125],"to":[12.475,8.17405,8.875],"faces":{"north":{"uv":[4,10,6,14],"rotation":90,"texture":"#2"},"east":{"uv":[0,0,1,1],"rotation":90,"texture":"#2"},"south":{"uv":[8,10,9,11],"rotation":90,"texture":"#2"}}},{"from":[12.375,7.2,7.84087],"to":[13.375,8.8,8.15913],"faces":{"east":{"uv":[4,10,5,11],"texture":"#3"},"up":{"uv":[6,9,8,10],"rotation":270,"texture":"#3"},"down":{"uv":[11,8,12,9],"rotation":270,"texture":"#3"}}},{"from":[12.375,7.2,7.84087],"to":[13.375,8.8,8.15913],"rotation":{"angle":-22.5,"axis":"x","origin":[13,8,8]},"faces":{"east":{"uv":[4,10,5,11],"texture":"#3"},"up":{"uv":[9,9.01,10,11.01],"rotation":180,"texture":"#3"},"down":{"uv":[10,8.01,12,8.51],"rotation":90,"texture":"#3"}}},{"from":[12.375,7.2,7.84087],"to":[13.375,8.8,8.15913],"rotation":{"angle":22.5,"axis":"x","origin":[13,8,8]},"faces":{"east":{"uv":[4,10,5,11],"texture":"#3"},"up":{"uv":[9,10,11,11],"rotation":270,"texture":"#3"},"down":{"uv":[10,8,12,9],"rotation":270,"texture":"#3"}}},{"from":[12.375,7.2,7.84087],"to":[13.375,8.8,8.15913],"rotation":{"angle":-45,"axis":"x","origin":[13,8,8]},"faces":{"east":{"uv":[4,10,5,11],"texture":"#3"},"up":{"uv":[11,10,13,11],"rotation":270,"texture":"#3"},"down":{"uv":[9,8.01,11,8.51],"rotation":90,"texture":"#3"}}},{"from":[12.375,7.2,7.84087],"to":[13.375,8.8,8.15913],"rotation":{"angle":45,"axis":"x","origin":[13,8,8]},"faces":{"east":{"uv":[4,10,5,11],"texture":"#3"},"up":{"uv":[11,10,12,12],"texture":"#3"},"down":{"uv":[9,8,11,9],"rotation":270,"texture":"#3"}}},{"from":[12.375,7.84087,7.2],"to":[13.375,8.15913,8.8],"rotation":{"angle":22.5,"axis":"x","origin":[13,8,8]},"faces":{"north":{"uv":[3,8,5,9],"rotation":270,"texture":"#3"},"east":{"uv":[4,10,5,11],"rotation":90,"texture":"#3"},"south":{"uv":[8,8.01,10,8.51],"rotation":90,"texture":"#3"}}},{"from":[12.375,7.84087,7.2],"to":[13.375,8.15913,8.8],"rotation":{"angle":-22.5,"axis":"x","origin":[13,8,8]},"faces":{"north":{"uv":[8,8,10,9],"rotation":90,"texture":"#3"},"east":{"uv":[4,10,5,11],"rotation":270,"texture":"#3"},"south":{"uv":[3,8,4.9,9],"rotation":270,"texture":"#3"}}},{"from":[12.375,7.84087,7.2],"to":[13.375,8.15913,8.8],"faces":{"north":{"uv":[7,8,9,9],"rotation":90,"texture":"#3"},"east":{"uv":[4,10,5,11],"rotation":90,"texture":"#3"},"south":{"uv":[7,8.01,9,8.51],"rotation":90,"texture":"#3"}}},{"from":[13.375,7.25,7.85082],"to":[14.075,8.75,8.14918],"faces":{"east":{"uv":[4,10,5,11],"texture":"#3"},"up":{"uv":[6,9,8,10],"rotation":270,"texture":"#3"},"down":{"uv":[11,8,12,9],"rotation":270,"texture":"#3"}}},{"from":[13.375,7.25,7.85082],"to":[14.075,8.75,8.14918],"rotation":{"angle":22.5,"axis":"x","origin":[14.125,8,8]},"faces":{"east":{"uv":[4,10,5,11],"texture":"#3"},"up":{"uv":[9,10,11,11],"rotation":270,"texture":"#3"},"down":{"uv":[10,8,12,9],"rotation":270,"texture":"#3"}}},{"from":[13.375,7.25,7.85082],"to":[14.075,8.75,8.14918],"rotation":{"angle":-22.5,"axis":"x","origin":[14.125,8,8]},"faces":{"east":{"uv":[4,10,5,11],"texture":"#3"},"up":{"uv":[9,9.01,10,11.01],"rotation":180,"texture":"#3"},"down":{"uv":[10,8.01,12,8.51],"rotation":90,"texture":"#3"}}},{"from":[13.375,7.25,7.85082],"to":[14.075,8.75,8.14918],"rotation":{"angle":45,"axis":"x","origin":[14.125,8,8]},"faces":{"east":{"uv":[4,10,5,11],"texture":"#3"},"up":{"uv":[11,10,12,12],"texture":"#3"},"down":{"uv":[9,8,11,9],"rotation":270,"texture":"#3"}}},{"from":[13.375,7.25,7.85082],"to":[14.075,8.75,8.14918],"rotation":{"angle":-45,"axis":"x","origin":[14.125,8,8]},"faces":{"east":{"uv":[4,10,5,11],"texture":"#3"},"up":{"uv":[11,10,13,11],"rotation":270,"texture":"#3"},"down":{"uv":[9,8.01,11,8.51],"rotation":90,"texture":"#3"}}},{"from":[13.375,7.85082,7.25],"to":[14.075,8.14918,8.75],"rotation":{"angle":-22.5,"axis":"x","origin":[14.125,8,8]},"faces":{"north":{"uv":[8,8,10,9],"rotation":90,"texture":"#3"},"east":{"uv":[4,10,5,11],"rotation":270,"texture":"#3"},"south":{"uv":[3,8,4.9,9],"rotation":270,"texture":"#3"}}},{"from":[13.375,7.85082,7.25],"to":[14.075,8.14918,8.75],"rotation":{"angle":22.5,"axis":"x","origin":[14.125,8,8]},"faces":{"north":{"uv":[3,8,5,9],"rotation":270,"texture":"#3"},"east":{"uv":[4,10,5,11],"rotation":90,"texture":"#3"},"south":{"uv":[8,8.01,10,8.51],"rotation":90,"texture":"#3"}}},{"from":[13.375,7.85082,7.25],"to":[14.075,8.14918,8.75],"faces":{"north":{"uv":[7,8,9,9],"rotation":90,"texture":"#3"},"east":{"uv":[4,10,5,11],"rotation":270,"texture":"#3"},"south":{"uv":[7,8.01,9,8.51],"rotation":90,"texture":"#3"}}},{"from":[14.075,7.3,7.86076],"to":[14.525,8.7,8.13924],"faces":{"east":{"uv":[4,10,5,11],"texture":"#3"},"up":{"uv":[6,9,8,10],"rotation":270,"texture":"#3"},"down":{"uv":[11,8,12,9],"rotation":270,"texture":"#3"}}},{"from":[14.075,7.3,7.86076],"to":[14.525,8.7,8.13924],"rotation":{"angle":-22.5,"axis":"x","origin":[14.925,8,8]},"faces":{"east":{"uv":[4,10,5,11],"texture":"#3"},"up":{"uv":[9,9.01,10,11.01],"rotation":180,"texture":"#3"},"down":{"uv":[10,8.01,12,8.51],"rotation":90,"texture":"#3"}}},{"from":[14.075,7.3,7.86076],"to":[14.525,8.7,8.13924],"rotation":{"angle":22.5,"axis":"x","origin":[14.925,8,8]},"faces":{"east":{"uv":[4,10,5,11],"texture":"#3"},"up":{"uv":[9,10,11,11],"rotation":270,"texture":"#3"},"down":{"uv":[10,8,12,9],"rotation":270,"texture":"#3"}}},{"from":[14.075,7.3,7.86076],"to":[14.525,8.7,8.13924],"rotation":{"angle":-45,"axis":"x","origin":[14.925,8,8]},"faces":{"east":{"uv":[4,10,5,11],"texture":"#3"},"up":{"uv":[11,10,13,11],"rotation":270,"texture":"#3"},"down":{"uv":[9,8.01,11,8.51],"rotation":90,"texture":"#3"}}},{"from":[14.075,7.86076,7.3],"to":[14.525,8.13924,8.7],"rotation":{"angle":22.5,"axis":"x","origin":[14.925,8,8]},"faces":{"north":{"uv":[3,8,5,9],"rotation":270,"texture":"#3"},"east":{"uv":[4,10,5,11],"rotation":90,"texture":"#3"},"south":{"uv":[8,8.01,10,8.51],"rotation":90,"texture":"#3"}}},{"from":[14.075,7.3,7.86076],"to":[14.525,8.7,8.13924],"rotation":{"angle":45,"axis":"x","origin":[14.925,8,8]},"faces":{"east":{"uv":[4,10,5,11],"texture":"#3"},"up":{"uv":[10,10,11,12],"texture":"#3"},"down":{"uv":[9,8,11,9],"rotation":270,"texture":"#3"}}},{"from":[14.075,7.86076,7.3],"to":[14.525,8.13924,8.7],"rotation":{"angle":-22.5,"axis":"x","origin":[14.925,8,8]},"faces":{"north":{"uv":[8,8,10,9],"rotation":90,"texture":"#3"},"east":{"uv":[4,10,5,11],"rotation":270,"texture":"#3"},"south":{"uv":[3,8,4.9,9],"rotation":270,"texture":"#3"}}},{"from":[14.075,7.86076,7.3],"to":[14.525,8.13924,8.7],"faces":{"north":{"uv":[7,8,9,9],"rotation":90,"texture":"#3"},"east":{"uv":[4,10,5,11],"rotation":270,"texture":"#3"},"south":{"uv":[7,8.01,9,8.51],"rotation":90,"texture":"#3"}}},{"from":[14.525,7.35,7.87071],"to":[14.775,8.65,8.12929],"faces":{"east":{"uv":[4,10,5,11],"texture":"#3"},"up":{"uv":[6,9,8,10],"rotation":270,"texture":"#3"},"down":{"uv":[11,8,12,9],"rotation":270,"texture":"#3"}}},{"from":[14.525,7.35,7.87071],"to":[14.775,8.65,8.12929],"rotation":{"angle":22.5,"axis":"x","origin":[14.65,8,8]},"faces":{"east":{"uv":[4,10,5,11],"texture":"#3"},"up":{"uv":[9,10,11,11],"rotation":270,"texture":"#3"},"down":{"uv":[10,8,12,9],"rotation":270,"texture":"#3"}}},{"from":[14.525,7.35,7.87071],"to":[14.775,8.65,8.12929],"rotation":{"angle":-22.5,"axis":"x","origin":[14.65,8,8]},"faces":{"east":{"uv":[4,10,5,11],"texture":"#3"},"up":{"uv":[9,9.01,10,11.01],"rotation":180,"texture":"#3"},"down":{"uv":[10,8.01,12,8.51],"rotation":90,"texture":"#3"}}},{"from":[14.525,7.35,7.87071],"to":[14.775,8.65,8.12929],"rotation":{"angle":45,"axis":"x","origin":[14.65,8,8]},"faces":{"east":{"uv":[4,10,5,11],"texture":"#3"},"up":{"uv":[10,10,11,12],"texture":"#3"},"down":{"uv":[9,8,11,9],"rotation":270,"texture":"#3"}}},{"from":[14.525,7.35,7.87071],"to":[14.775,8.65,8.12929],"rotation":{"angle":-45,"axis":"x","origin":[14.65,8,8]},"faces":{"east":{"uv":[4,10,5,11],"texture":"#3"},"up":{"uv":[11,10,13,11],"rotation":270,"texture":"#3"},"down":{"uv":[9,8.01,11,8.51],"rotation":90,"texture":"#3"}}},{"from":[14.525,7.87071,7.35],"to":[14.775,8.12929,8.65],"rotation":{"angle":-22.5,"axis":"x","origin":[14.65,8,8]},"faces":{"north":{"uv":[8,8,10,9],"rotation":90,"texture":"#3"},"east":{"uv":[4,10,5,11],"rotation":270,"texture":"#3"},"south":{"uv":[3,8,4.9,9],"rotation":270,"texture":"#3"}}},{"from":[14.525,7.87071,7.35],"to":[14.775,8.12929,8.65],"rotation":{"angle":22.5,"axis":"x","origin":[14.65,8,8]},"faces":{"north":{"uv":[3,8,5,9],"rotation":270,"texture":"#3"},"east":{"uv":[4,10,5,11],"rotation":90,"texture":"#3"},"south":{"uv":[8,8.01,10,8.51],"rotation":90,"texture":"#3"}}},{"from":[14.525,7.87071,7.35],"to":[14.775,8.12929,8.65],"faces":{"north":{"uv":[7,8,9,9],"rotation":90,"texture":"#3"},"east":{"uv":[4,10,5,11],"rotation":270,"texture":"#3"},"south":{"uv":[7,8.01,9,8.51],"rotation":90,"texture":"#3"}}},{"from":[14.775,8.2,7.8],"to":[15.825,8.6,8.2],"rotation":{"angle":-22.5,"axis":"z","origin":[14.775,8.6,7.91935]},"faces":{"north":{"uv":[9,9,10,12],"texture":"#3"},"east":{"uv":[8,3,9,4],"texture":"#3"},"south":{"uv":[9,9,10,12],"texture":"#3"},"up":{"uv":[8,9.5,13,10],"rotation":270,"texture":"#3"}}},{"from":[14.775,7.4,7.8],"to":[15.825,7.8,8.2],"rotation":{"angle":22.5,"axis":"z","origin":[14.775,7.4,7.91935]},"faces":{"north":{"uv":[8,8,11,9],"rotation":90,"texture":"#3"},"east":{"uv":[5,11,4,10],"texture":"#3"},"south":{"uv":[9,8,12,9],"rotation":90,"texture":"#3"},"down":{"uv":[9,1.5,13,2],"rotation":270,"texture":"#3"}}},{"from":[14.775,7.8,8.15],"to":[15.825,8.2,8.6],"rotation":{"angle":22.5,"axis":"y","origin":[14.775,8,8.6]},"faces":{"east":{"uv":[11,6,12,7],"rotation":270,"texture":"#3"},"south":{"uv":[7,8,10,9],"rotation":90,"texture":"#3"},"up":{"uv":[5,11,6,12],"rotation":180,"texture":"#3"},"down":{"uv":[5,11,6,12],"texture":"#3"}}},{"from":[14.775,7.8,7.4],"to":[15.825,8.2,7.85],"rotation":{"angle":-22.5,"axis":"y","origin":[14.775,8,7.4]},"faces":{"north":{"uv":[7,9,10,8],"rotation":90,"texture":"#3"},"east":{"uv":[11,6,12,5],"rotation":270,"texture":"#3"},"up":{"uv":[5,11,6,12],"rotation":180,"texture":"#3"},"down":{"uv":[5,11,6,12],"texture":"#3"}}}],"display":{"thirdperson_righthand":{"rotation":[69,50,20],"scale":[0.15,0.15,0.15]},"thirdperson_lefthand":{"rotation":[69,-117,-58],"scale":[0.15,0.15,0.15]},"firstperson_righthand":{"rotation":[-53,105,86],"translation":[4.25,0,0],"scale":[0.3,0.3,0.3]},"firstperson_lefthand":{"rotation":[-46,-107,-87],"translation":[2.5,0,0],"scale":[0.3,0.3,0.3]},"ground":{"scale":[0.15,0.15,0.15]},"gui":{"rotation":[0,1,45],"scale":[1.6,1.6,1.6]},"head":{"scale":[0.3,0.3,0.3]},"fixed":{"rotation":[0,-99,90],"translation":[0,0,-1],"scale":[0.3,0.3,0.3]}}}