{"gui_light":"front","textures":{"0":"block/furnace_top","1":"block/coal_block","2":"block/anvil","3":"block/chiseled_stone_bricks","4":"block/bedrock","5":"block/fire_coral","6":"block/black_wool","7":"block/tripwire_hook","8":"block/furnace_side","9":"block/cauldron_inner","particle":"block/coal_block","a":"block/white_stained_glass_pane_top"},"elements":[{"from":[8.95,8.95,7.249],"to":[9.85,9.3,8.751],"rotation":{"angle":0,"axis":"y","origin":[8.4,8.8,7.95]},"faces":{"north":{"uv":[0,13,5,14],"rotation":90,"texture":"#1"},"east":{"uv":[1,13,1.5,13.75],"texture":"#1"},"south":{"uv":[0,13,5,14],"rotation":90,"texture":"#1"},"west":{"uv":[1,13,2,14],"texture":"#1"},"up":{"uv":[4,3,8,4],"texture":"#1"},"down":{"uv":[11,5,12,6],"texture":"#1"}}},{"from":[4.85,8.95,7.249],"to":[5.75,9.3,8.751],"rotation":{"angle":0,"axis":"y","origin":[8.4,8.8,7.95]},"faces":{"north":{"uv":[0,13,5,14],"rotation":90,"texture":"#1"},"east":{"uv":[1,13,1.5,13.75],"texture":"#1"},"south":{"uv":[0,13,5,14],"rotation":90,"texture":"#1"},"west":{"uv":[1,13,2,14],"texture":"#1"},"up":{"uv":[4,3,8,4],"texture":"#1"},"down":{"uv":[11,5,12,6],"texture":"#1"}}},{"from":[5.525,9.19074,6.91474],"to":[11.525,10.06574,7.21674],"rotation":{"angle":0,"axis":"y","origin":[8.4,8.99074,8.49074]},"faces":{"north":{"uv":[0,13,5,14],"rotation":270,"texture":"#1"},"east":{"uv":[10,8,14.5,9],"rotation":90,"texture":"#1"},"west":{"uv":[0,13,6,14],"rotation":270,"texture":"#1"},"down":{"uv":[1,13,2,14],"texture":"#1"}}},{"from":[5.5251,9.92629,7.26246],"to":[11.5241,10.37629,7.66446],"rotation":{"angle":-45,"axis":"x","origin":[8.975,9.80129,7.46346]},"faces":{"east":{"uv":[10,8,11,9],"rotation":90,"texture":"#1"},"west":{"uv":[5,13,7,14],"texture":"#1"},"up":{"uv":[4,13,7,14],"rotation":90,"texture":"#1"}}},{"from":[4.35,9.2,7.199],"to":[6.425,10.55,8.801],"rotation":{"angle":0,"axis":"y","origin":[8.4,9,8]},"faces":{"north":{"uv":[0,13,7,14],"rotation":270,"texture":"#1"},"east":{"uv":[10,8,14.5,9],"rotation":90,"texture":"#1"},"south":{"uv":[0,14,5,15],"rotation":270,"texture":"#1"},"west":{"uv":[0,12,5,15],"rotation":270,"texture":"#1"},"up":{"uv":[0,3,16,4],"rotation":270,"texture":"#2"},"down":{"uv":[1,13,2,14],"texture":"#1"}}},{"from":[6.425,9.2,7.199],"to":[11.525,10.35,7.601],"rotation":{"angle":0,"axis":"y","origin":[8.4,9,8]},"faces":{"east":{"uv":[9,8,14.5,9],"rotation":90,"texture":"#1"},"south":{"uv":[0,14,5,15],"rotation":270,"texture":"#1"},"up":{"uv":[0,15,16,16],"rotation":270,"texture":"#2"},"down":{"uv":[1,13,2,14],"texture":"#1"}}},{"from":[6.425,9.2,7.599],"to":[11.525,10.25,8.401],"rotation":{"angle":0,"axis":"y","origin":[8.4,9,8]},"faces":{"east":{"uv":[10,8,14.5,9],"rotation":90,"texture":"#1"},"up":{"uv":[0,3,16,4],"rotation":270,"texture":"#2"},"down":{"uv":[1,13,2,14],"texture":"#1"}}},{"from":[6.425,9.2,8.399],"to":[11.525,10.35,8.801],"rotation":{"angle":0,"axis":"y","origin":[8.4,9,8]},"faces":{"north":{"uv":[0,13,7,14],"rotation":270,"texture":"#1"},"east":{"uv":[9,8,14.5,9],"rotation":90,"texture":"#1"},"south":{"uv":[0,14,5,15],"rotation":270,"texture":"#1"},"up":{"uv":[0,15,16,16],"rotation":270,"texture":"#2"},"down":{"uv":[1,13,2,14],"texture":"#1"}}},{"from":[6.125,9.3,8.774],"to":[9.975,10.25,8.901],"rotation":{"angle":0,"axis":"y","origin":[8.4,9,8]},"faces":{"east":{"uv":[11,5,16,6],"rotation":90,"texture":"#0"},"south":{"uv":[0,14,5,15],"rotation":270,"texture":"#1"},"west":{"uv":[3,13,7,14],"rotation":270,"texture":"#1"},"up":{"uv":[0,2,6,3],"texture":"#0"},"down":{"uv":[1,13,2,14],"texture":"#1"}}},{"from":[9.1,9.5,8.073],"to":[9.75,10.15,9.027],"rotation":{"angle":0,"axis":"y","origin":[9.1,9,8.001]},"faces":{"east":{"uv":[7,13,4,14],"rotation":90,"texture":"#1"},"south":{"uv":[5,10,10,5],"rotation":270,"texture":"#3"},"west":{"uv":[7,13,4,14],"rotation":90,"texture":"#1"},"up":{"uv":[13,6,16,5],"rotation":180,"texture":"#0"},"down":{"uv":[11,6,12,5],"texture":"#1"}}},{"from":[9.1,9.7,8.973],"to":[9.75,9.95,9.327],"rotation":{"angle":45,"axis":"z","origin":[9.425,9.825,9.15]},"faces":{"east":{"uv":[7,13,3,14],"texture":"#1"},"south":{"uv":[11,1,16,0],"rotation":90,"texture":"#2"},"west":{"uv":[2,13,1,14],"texture":"#1"},"up":{"uv":[3,14,7,13],"rotation":90,"texture":"#1"},"down":{"uv":[1,14,2,13],"texture":"#1"}}},{"from":[8,9.8,8.173],"to":[8.25,10.05,9.027],"rotation":{"angle":0,"axis":"y","origin":[9.3,9,7.999]},"faces":{"east":{"uv":[11,5,12,6],"texture":"#1"},"south":{"uv":[2,9,4,11],"rotation":180,"texture":"#4"},"west":{"uv":[11,5,12,6],"texture":"#1"},"up":{"uv":[0,0,3,1],"rotation":180,"texture":"#1"},"down":{"uv":[11,5,12,6],"texture":"#1"}}},{"from":[6.5,9.8,8.173],"to":[7.25,10.05,9.027],"rotation":{"angle":0,"axis":"y","origin":[9.3,9,7.999]},"faces":{"east":{"uv":[11,5,12,6],"texture":"#1"},"south":{"uv":[2,13,10,14],"texture":"#1"},"west":{"uv":[11,5,12,6],"texture":"#1"},"up":{"uv":[8,7,13,8],"texture":"#1"},"down":{"uv":[11,5,12,6],"texture":"#1"}}},{"from":[5.1,9.775,8.9235],"to":[5.4,10.075,8.9775],"rotation":{"angle":0,"axis":"y","origin":[9.3,9,7.999]},"faces":{"south":{"uv":[2,9,4,11],"rotation":180,"texture":"#4"}}},{"from":[4.75711,9.71789,8.623],"to":[5.75711,10.13211,8.977],"rotation":{"angle":22.5,"axis":"z","origin":[5.25711,9.925,8.8]},"faces":{"east":{"uv":[11,5,12,6],"texture":"#1"},"south":{"uv":[0,14,9,15],"texture":"#1"},"west":{"uv":[11,5,12,6],"texture":"#1"}}},{"from":[4.75711,9.71789,8.6231],"to":[5.75711,10.13211,8.9771],"rotation":{"angle":-22.5,"axis":"z","origin":[5.25711,9.925,8.8]},"faces":{"east":{"uv":[11,5,12,6],"rotation":180,"texture":"#1"},"south":{"uv":[0,14,9,15],"rotation":180,"texture":"#1"},"west":{"uv":[11,5,12,6],"rotation":180,"texture":"#1"}}},{"from":[5.05,9.425,8.6229],"to":[5.46421,10.425,8.9769],"rotation":{"angle":-22.5,"axis":"z","origin":[5.25711,9.925,8.8]},"faces":{"south":{"uv":[0,14,9,15],"rotation":270,"texture":"#1"},"up":{"uv":[11,5,12,6],"rotation":270,"texture":"#1"},"down":{"uv":[11,5,12,6],"rotation":270,"texture":"#1"}}},{"from":[5.05,9.425,8.623],"to":[5.46421,10.425,8.977],"rotation":{"angle":22.5,"axis":"z","origin":[5.25711,9.925,8.8]},"faces":{"south":{"uv":[0,14,9,15],"rotation":270,"texture":"#1"},"up":{"uv":[11,5,12,6],"rotation":270,"texture":"#1"},"down":{"uv":[11,5,12,6],"rotation":270,"texture":"#1"}}},{"from":[5.05,10.548,7.4],"to":[5.28869,10.698,8.6],"rotation":{"angle":0,"axis":"x","origin":[5.16935,10.623,8]},"faces":{"north":{"uv":[11,5,12,6],"rotation":90,"texture":"#1"},"south":{"uv":[11,5,12,6],"rotation":270,"texture":"#1"},"up":{"uv":[1,14,8,15],"rotation":270,"texture":"#1"}}},{"from":[5.05,10.548,7.4],"to":[5.28869,10.698,8.6],"rotation":{"angle":45,"axis":"y","origin":[5.16935,10.623,8]},"faces":{"north":{"uv":[11,5,12,6],"rotation":90,"texture":"#1"},"south":{"uv":[11,5,12,6],"rotation":270,"texture":"#1"},"up":{"uv":[1,14,8,15],"rotation":270,"texture":"#1"}}},{"from":[5.05,10.548,7.4],"to":[5.28869,10.698,8.6],"rotation":{"angle":22.5,"axis":"y","origin":[5.16935,10.623,8]},"faces":{"north":{"uv":[11,5,12,6],"rotation":90,"texture":"#1"},"south":{"uv":[11,5,12,6],"rotation":270,"texture":"#1"},"up":{"uv":[1,14,8,15],"rotation":270,"texture":"#1"}}},{"from":[4.56935,10.548,7.88065],"to":[5.76935,10.698,8.11935],"rotation":{"angle":-22.5,"axis":"y","origin":[5.16935,10.623,8]},"faces":{"east":{"uv":[11,5,12,6],"rotation":90,"texture":"#1"},"west":{"uv":[11,5,12,6],"rotation":270,"texture":"#1"},"up":{"uv":[1,14,8,15],"texture":"#1"}}},{"from":[4.56935,10.548,7.88065],"to":[5.76935,10.698,8.11935],"rotation":{"angle":0,"axis":"y","origin":[5.16935,10.623,8]},"faces":{"east":{"uv":[11,5,12,6],"rotation":90,"texture":"#1"},"west":{"uv":[11,5,12,6],"rotation":270,"texture":"#1"},"up":{"uv":[1,14,8,15],"texture":"#1"}}},{"from":[4.56935,10.548,7.88065],"to":[5.76935,10.698,8.11935],"rotation":{"angle":22.5,"axis":"y","origin":[5.16935,10.623,8]},"faces":{"east":{"uv":[11,5,12,6],"rotation":90,"texture":"#1"},"west":{"uv":[11,5,12,6],"rotation":270,"texture":"#1"},"up":{"uv":[1,14,8,15],"texture":"#1"}}},{"from":[5.05,10.548,7.4],"to":[5.28869,10.698,8.6],"rotation":{"angle":-45,"axis":"y","origin":[5.16935,10.623,8]},"faces":{"north":{"uv":[11,5,12,6],"rotation":90,"texture":"#1"},"south":{"uv":[11,5,12,6],"rotation":270,"texture":"#1"},"up":{"uv":[1,14,8,15],"rotation":270,"texture":"#1"}}},{"from":[5.05,10.548,7.4],"to":[5.28869,10.698,8.6],"rotation":{"angle":-22.5,"axis":"y","origin":[5.16935,10.623,8]},"faces":{"north":{"uv":[11,5,12,6],"rotation":90,"texture":"#1"},"south":{"uv":[11,5,12,6],"rotation":270,"texture":"#1"},"up":{"uv":[1,14,8,15],"rotation":270,"texture":"#1"}}},{"from":[4.96935,10.5485,7.8],"to":[5.36935,10.6985,8.2],"rotation":{"angle":45,"axis":"y","origin":[5.16935,10.6231,8]},"faces":{"up":{"uv":[7,11,10,14],"texture":"#4"}}},{"from":[10.675,10.26424,7.48574],"to":[11.45,10.48924,8.13924],"rotation":{"angle":22.5,"axis":"x","origin":[11.35,11.01424,8]},"faces":{"east":{"uv":[10,9,10.5,8],"rotation":90,"texture":"#1"},"west":{"uv":[16,8,15,9],"texture":"#1"},"up":{"uv":[16,15,10,16],"rotation":180,"texture":"#1"}}},{"from":[10.675,10.875,7.225],"to":[11.45,11.3535,7.475],"rotation":{"angle":-45,"axis":"x","origin":[11.35,11.01424,8]},"faces":{"east":{"uv":[10,9,10.5,8],"texture":"#1"},"south":{"uv":[16,15,10,16],"rotation":180,"texture":"#1"},"west":{"uv":[16,8,15,9],"rotation":90,"texture":"#1"}}},{"from":[10.675,10.875,7.25],"to":[11.45,11.2535,7.475],"rotation":{"angle":-22.5,"axis":"x","origin":[11.35,11.01424,8]},"faces":{"east":{"uv":[10,9,10.5,8],"texture":"#1"},"south":{"uv":[16,15,10,16],"rotation":180,"texture":"#1"},"west":{"uv":[16,8,15,9],"rotation":90,"texture":"#1"}}},{"from":[10.675,10.875,7.325],"to":[11.45,11.1535,7.475],"rotation":{"angle":0,"axis":"x","origin":[11.35,11.01424,8]},"faces":{"east":{"uv":[10,9,10.5,8],"texture":"#1"},"south":{"uv":[16,15,10,16],"rotation":180,"texture":"#1"},"west":{"uv":[16,8,15,9],"rotation":90,"texture":"#1"}}},{"from":[10.675,10.9,7.4],"to":[11.45,11.1535,7.475],"rotation":{"angle":22.5,"axis":"x","origin":[11.35,11.01424,8]},"faces":{"east":{"uv":[10,9,13,8],"rotation":180,"texture":"#1"},"south":{"uv":[16,15,10,16],"rotation":180,"texture":"#1"},"west":{"uv":[16,8,15,9],"rotation":90,"texture":"#1"}}},{"from":[10.675,10.9,7.4],"to":[11.45,11.1535,7.475],"rotation":{"angle":45,"axis":"x","origin":[11.35,11.01424,8]},"faces":{"east":{"uv":[10,9,13,8],"rotation":180,"texture":"#1"},"south":{"uv":[16,15,10,16],"rotation":180,"texture":"#1"},"west":{"uv":[16,8,15,9],"rotation":90,"texture":"#1"}}},{"from":[10.675,11.53924,7.88576],"to":[11.45,11.61424,8.13924],"rotation":{"angle":-22.5,"axis":"x","origin":[11.35,11.01424,8]},"faces":{"east":{"uv":[10,9,13,8],"rotation":90,"texture":"#1"},"west":{"uv":[16,8,15,9],"rotation":180,"texture":"#1"},"down":{"uv":[16,15,10,16],"rotation":180,"texture":"#1"}}},{"from":[10.675,11.53924,7.87326],"to":[11.45,11.61424,8.12674],"rotation":{"angle":0,"axis":"x","origin":[11.35,11.01424,8.0125]},"faces":{"east":{"uv":[10,9,13,8],"rotation":90,"texture":"#1"},"west":{"uv":[16,8,15,9],"texture":"#1"},"down":{"uv":[10,16,16,15],"texture":"#1"}}},{"from":[10.675,11.53924,7.86076],"to":[11.45,11.61424,8.11424],"rotation":{"angle":22.5,"axis":"x","origin":[11.35,11.01424,8]},"faces":{"east":{"uv":[10,9,13,8],"rotation":90,"texture":"#1"},"west":{"uv":[16,8,15,9],"texture":"#1"},"down":{"uv":[10,16,16,15],"texture":"#1"}}},{"from":[10.675,10.9,8.525],"to":[11.45,11.15348,8.6],"rotation":{"angle":-45,"axis":"x","origin":[11.35,11.01424,8]},"faces":{"north":{"uv":[10,16,16,15],"rotation":180,"texture":"#1"},"east":{"uv":[10,9,13,8],"texture":"#1"},"west":{"uv":[16,8,15,9],"rotation":90,"texture":"#1"}}},{"from":[10.675,10.9,8.525],"to":[11.45,11.15348,8.6],"rotation":{"angle":-22.5,"axis":"x","origin":[11.35,11.01424,8]},"faces":{"north":{"uv":[10,16,16,15],"rotation":180,"texture":"#1"},"east":{"uv":[10,9,13,8],"texture":"#1"},"west":{"uv":[16,8,15,9],"rotation":90,"texture":"#1"}}},{"from":[10.675,10.875,8.525],"to":[11.45,11.15348,8.675],"rotation":{"angle":0,"axis":"x","origin":[11.35,11.01424,8]},"faces":{"north":{"uv":[10,16,16,15],"rotation":180,"texture":"#1"},"east":{"uv":[10,9,10.5,8],"texture":"#1"},"west":{"uv":[16,8,15,9],"rotation":90,"texture":"#1"}}},{"from":[10.675,10.875,8.525],"to":[11.45,11.32848,8.8],"rotation":{"angle":45,"axis":"x","origin":[11.35,11.01424,8]},"faces":{"north":{"uv":[10,16,16,15],"rotation":180,"texture":"#1"},"east":{"uv":[10,9,10.5,8],"texture":"#1"},"west":{"uv":[16,8,15,9],"rotation":90,"texture":"#1"}}},{"from":[10.675,10.875,8.525],"to":[11.45,11.25348,8.75],"rotation":{"angle":22.5,"axis":"x","origin":[11.35,11.01424,8]},"faces":{"north":{"uv":[10,16,16,15],"rotation":180,"texture":"#1"},"east":{"uv":[10,9,10.5,8],"texture":"#1"},"west":{"uv":[16,8,15,9],"rotation":90,"texture":"#1"}}},{"from":[10.675,10.26424,7.86076],"to":[11.45,10.48924,8.51424],"rotation":{"angle":-22.5,"axis":"x","origin":[11.35,11.01424,8]},"faces":{"east":{"uv":[10,9,10.5,8],"rotation":270,"texture":"#1"},"west":{"uv":[16,8,15,9],"rotation":180,"texture":"#1"},"up":{"uv":[10,16,16,15],"texture":"#1"}}},{"from":[10.6755,10.21424,7.28576],"to":[11.4505,10.48924,8.71424],"rotation":{"angle":0,"axis":"x","origin":[11.35,11.01424,8]},"faces":{"east":{"uv":[10,9,16,8],"rotation":90,"texture":"#1"},"west":{"uv":[16,8,15,9],"rotation":180,"texture":"#1"},"up":{"uv":[10,16,16,15],"texture":"#1"}}},{"from":[10.525,10.35,7.199],"to":[11.5,10.915,7.301],"rotation":{"angle":0,"axis":"y","origin":[9.1,9,8]},"faces":{"north":{"uv":[3,15,5,14],"rotation":270,"texture":"#1"},"east":{"uv":[10,9,14.5,8],"rotation":180,"texture":"#1"},"south":{"uv":[0,0,1,5],"rotation":270,"texture":"#1"},"west":{"uv":[16,8,15,9],"texture":"#1"}}},{"from":[10.525,10.612,7.3],"to":[11.5,11.1535,7.4],"rotation":{"angle":22.5,"axis":"x","origin":[11.35,11.01424,8]},"faces":{"north":{"uv":[7,14,5,13],"rotation":90,"texture":"#1"},"east":{"uv":[14.5,9,10,8],"texture":"#1"},"south":{"uv":[16,16,10,15],"rotation":180,"texture":"#1"},"west":{"uv":[16,8,13,7],"rotation":180,"texture":"#1"}}},{"from":[10.5251,10.875,7.3],"to":[11.5001,11.15348,7.4],"rotation":{"angle":45,"axis":"x","origin":[11.35,11.01424,8]},"faces":{"north":{"uv":[14,6,16,5],"rotation":90,"texture":"#0"},"east":{"uv":[10,9,14.5,8],"rotation":180,"texture":"#1"},"south":{"uv":[16,15,10,16],"rotation":180,"texture":"#1"},"west":{"uv":[14,7,11,8],"rotation":180,"texture":"#1"}}},{"from":[10.525,11.61424,7.86076],"to":[11.5,11.71424,8.13924],"rotation":{"angle":-22.5,"axis":"x","origin":[11.35,11.01424,8]},"faces":{"east":{"uv":[10,9,14.5,8],"rotation":90,"texture":"#1"},"west":{"uv":[13,7,10,8],"rotation":270,"texture":"#1"},"up":{"uv":[13,6,15,5],"rotation":270,"texture":"#0"},"down":{"uv":[16,15,10,16],"rotation":180,"texture":"#1"}}},{"from":[10.5251,11.61424,7.86076],"to":[11.5001,11.71424,8.13924],"rotation":{"angle":0,"axis":"x","origin":[11.35,11.01424,8]},"faces":{"east":{"uv":[10,9,14.5,8],"rotation":90,"texture":"#1"},"west":{"uv":[13,7,10,8],"rotation":270,"texture":"#1"},"up":{"uv":[11,2,8,3],"rotation":270,"texture":"#0"},"down":{"uv":[10,16,16,15],"texture":"#1"}}},{"from":[10.525,11.61424,7.86076],"to":[11.5,11.71424,8.13924],"rotation":{"angle":22.5,"axis":"x","origin":[11.35,11.01424,8]},"faces":{"east":{"uv":[10,9,14.5,8],"rotation":90,"texture":"#1"},"west":{"uv":[13,7,10,8],"rotation":270,"texture":"#1"},"up":{"uv":[15,5,13,6],"rotation":270,"texture":"#0"},"down":{"uv":[10,16,16,15],"texture":"#1"}}},{"from":[10.5251,10.875,8.6],"to":[11.5001,11.15348,8.7],"rotation":{"angle":-45,"axis":"x","origin":[11.35,11.01424,8]},"faces":{"north":{"uv":[10,16,16,15],"rotation":180,"texture":"#1"},"east":{"uv":[10,9,14.5,8],"texture":"#1"},"south":{"uv":[16,5,14,6],"rotation":270,"texture":"#0"},"west":{"uv":[14,7,11,8],"texture":"#1"}}},{"from":[10.525,10.612,8.6],"to":[11.5,11.1535,8.7],"rotation":{"angle":-22.5,"axis":"x","origin":[11.35,11.01424,8]},"faces":{"north":{"uv":[10,16,16,15],"rotation":180,"texture":"#1"},"east":{"uv":[10,9,14.5,8],"texture":"#1"},"south":{"uv":[7,13,5,14],"rotation":90,"texture":"#1"},"west":{"uv":[16,7,13,8],"texture":"#1"}}},{"from":[10.525,10.35,8.699],"to":[11.5,10.915,8.801],"rotation":{"angle":0,"axis":"y","origin":[9.1,9,8]},"faces":{"north":{"uv":[0,0,1,5],"rotation":90,"texture":"#1"},"east":{"uv":[10,8,14.5,9],"texture":"#1"},"south":{"uv":[4,14,5,15],"rotation":270,"texture":"#1"},"west":{"uv":[15,8,16,9],"texture":"#1"}}},{"from":[10.39215,10.14713,8.699],"to":[10.64215,10.81213,8.801],"rotation":{"angle":-22.5,"axis":"z","origin":[10.71715,10.52963,8.75]},"faces":{"north":{"uv":[0,1,1,0],"rotation":270,"texture":"#1"},"east":{"uv":[10,8,14.5,9],"rotation":90,"texture":"#1"},"south":{"uv":[4,14,5,15],"rotation":270,"texture":"#1"},"west":{"uv":[12,8,15,9],"rotation":180,"texture":"#1"}}},{"from":[10.3922,10.14713,7.1991],"to":[10.6422,10.81213,7.3011],"rotation":{"angle":-22.5,"axis":"z","origin":[10.71715,10.52963,7.25]},"faces":{"north":{"uv":[3,15,5,14],"rotation":270,"texture":"#1"},"east":{"uv":[10,9,14.5,8],"rotation":90,"texture":"#1"},"south":{"uv":[0,0,1,1],"rotation":270,"texture":"#1"},"west":{"uv":[15,8,12,9],"rotation":180,"texture":"#1"}}},{"from":[11.491,11,8.0375],"to":[11.641,11.015,8.1625],"rotation":{"angle":0,"axis":"x","origin":[11.565,11.05,8.0125]},"faces":{"west":{"uv":[9,3,10,4],"rotation":90,"texture":"#5"}}},{"from":[11.491,11,7.8375],"to":[11.641,11.015,7.9625],"rotation":{"angle":0,"axis":"x","origin":[11.565,11.05,8.0125]},"faces":{"west":{"uv":[9,3,10,4],"rotation":90,"texture":"#5"}}},{"from":[11.49,10.85,7.9925],"to":[11.64,10.975,8.0075],"rotation":{"angle":0,"axis":"y","origin":[13.1,8.75,8.0425]},"faces":{"west":{"uv":[9,3,10,4],"rotation":180,"texture":"#5"}}},{"from":[4.5,8.85,7.6],"to":[11.15,9,8.4],"rotation":{"angle":0,"axis":"y","origin":[8,8.75,7.95]},"faces":{"north":{"uv":[1,13,2,14],"rotation":90,"texture":"#1"},"east":{"uv":[5,13,6,14],"texture":"#1"},"south":{"uv":[1,13,2,14],"rotation":90,"texture":"#1"},"west":{"uv":[6,13,7,14],"texture":"#1"},"up":{"uv":[0,0,1,1],"texture":"#8"},"down":{"uv":[1,13,2,14],"texture":"#1"}}},{"from":[4.6,8.1,7.35],"to":[7.925,8.85,8.65],"faces":{"north":{"uv":[0,13,4,14],"rotation":270,"texture":"#1"},"east":{"uv":[1,13,2,14],"rotation":270,"texture":"#1"},"south":{"uv":[0,13,4,14],"rotation":270,"texture":"#1"},"west":{"uv":[7,12,10,13],"rotation":90,"texture":"#1"},"up":{"uv":[6,5,15,6],"rotation":90,"texture":"#1"},"down":{"uv":[0,0,1,1],"texture":"#1"}}},{"from":[4.5,9,7.5],"to":[11.15,9.15,8.5],"rotation":{"angle":0,"axis":"y","origin":[8,8.9,7.95]},"faces":{"north":{"uv":[7,12,8,15],"texture":"#1"},"east":{"uv":[6,11,7,14],"rotation":180,"texture":"#1"},"south":{"uv":[7,12,8,15],"texture":"#1"},"west":{"uv":[6,11,7,14],"rotation":180,"texture":"#1"},"up":{"uv":[2,2,11,3],"rotation":90,"texture":"#1"},"down":{"uv":[1,13,2,14],"texture":"#1"}}},{"from":[10.4,8.1,7.35],"to":[11.05,8.85,8.65],"rotation":{"angle":0,"axis":"y","origin":[11,8,8]},"faces":{"north":{"uv":[0,13,4,14],"rotation":270,"texture":"#1"},"east":{"uv":[2,13,5,14],"rotation":270,"texture":"#1"},"south":{"uv":[0,13,4,14],"rotation":270,"texture":"#1"},"west":{"uv":[1,13,2,14],"rotation":270,"texture":"#1"},"up":{"uv":[6,5,15,6],"rotation":90,"texture":"#1"},"down":{"uv":[0,0,1,1],"texture":"#1"}}},{"from":[1,6,7.5],"to":[2.4,8.95,8.5],"faces":{"north":{"uv":[0,0,1,1],"texture":"#1"},"east":{"uv":[0,0,1,1],"texture":"#1"},"south":{"uv":[0,0,1,1],"texture":"#1"},"west":{"uv":[0,0,1,1],"texture":"#1"},"up":{"uv":[0,5,1,16],"texture":"#6"}}},{"from":[1,6,7.80109],"to":[12.5,8,8.19891],"faces":{"down":{"uv":[0,0,1,1],"texture":"#1"}}},{"from":[0.7999,7.8,7.90054],"to":[18.2999,8.8,8.09946],"faces":{"east":{"uv":[0,0,0.9375,1],"texture":"#1"},"west":{"uv":[0,6,15.93753,10],"rotation":90,"texture":"#9"},"up":{"uv":[7,9,8,14],"texture":"#8"},"down":{"uv":[0,0,1,1],"texture":"#1"}}},{"from":[12.5,6.65,7.93038],"to":[21.5,6.75,8.06962],"faces":{"east":{"uv":[0,8,2,9],"rotation":270,"texture":"#8"},"west":{"uv":[10,14,11.5,15.5],"texture":"#texture"},"up":{"uv":[12,8,13,11],"texture":"#8"},"down":{"uv":[15,11,16,12],"texture":"#1"}}},{"from":[19.5,7.125,7.85],"to":[20.1999,8.025,8.15],"faces":{"north":{"uv":[0.01,8.1875,0.01,8.875],"texture":"#1"},"east":{"uv":[7.625,8.1875,8.375,8.875],"texture":"#1"},"south":{"uv":[15.99,8.1875,15.99,8.875],"texture":"#1"},"west":{"uv":[7.625,8.1875,8.375,8.875],"texture":"#1"}}},{"from":[8.5,-4.5,7.375],"to":[10.1,6.5,8.625],"rotation":{"angle":22.5,"axis":"z","origin":[8.5,6.5,7.375]},"faces":{"north":{"uv":[3,4,12,5],"rotation":180,"texture":"#1"},"east":{"uv":[6,4,14,5],"texture":"#1"},"south":{"uv":[3,4,12,5],"texture":"#1"},"west":{"uv":[0,0,1,1],"texture":"#1"},"down":{"uv":[0,0,1,1],"texture":"#6"}}},{"from":[2.8,4,7.35],"to":[9.55,6.5,8.65],"faces":{"north":{"uv":[10,10,16,11],"rotation":90,"texture":"#1"},"south":{"uv":[10,10,16,11],"rotation":90,"texture":"#1"},"west":{"uv":[0.01,0.01,0.01,0.01],"texture":"#1"},"down":{"uv":[0,0,1,1],"texture":"#1"}}},{"from":[5.9,2.3,7.6],"to":[7.5,2.5,8.4],"faces":{"north":{"uv":[0,1,2,8],"rotation":270,"texture":"#8"},"south":{"uv":[0,1,2,9],"rotation":270,"texture":"#8"},"up":{"uv":[1,3,4,12],"rotation":90,"texture":"#3"},"down":{"uv":[1,1,0,0],"texture":"#1"}}},{"from":[4.3,-0.3,7.5],"to":[6.6,4.7,8.5],"rotation":{"angle":-22.5,"axis":"z","origin":[4.5,7.5,3]},"faces":{"north":{"uv":[0,0,2,16],"texture":"#6"},"east":{"uv":[0,0,1,1],"texture":"#1"},"south":{"uv":[0,0,2,16],"texture":"#6"},"west":{"uv":[0,0,2,16],"texture":"#6"},"down":{"uv":[1,1,0,0],"texture":"#1"}}},{"from":[-8,6.7,8.7],"to":[1.5,7.2,9],"faces":{"north":{"uv":[10,10,16,11],"rotation":90,"texture":"#1"},"south":{"uv":[10,10,16,11],"rotation":90,"texture":"#1"},"up":{"uv":[8,0,14,1],"rotation":90,"texture":"#8"},"down":{"uv":[0,0,1,1],"texture":"#1"}}},{"from":[1,7.75,7.80109],"to":[8.25,8,8.19891],"rotation":{"angle":22.5,"axis":"x","origin":[6.75,7,8]},"faces":{"east":{"uv":[0.01,0.01,0.01,0.01],"texture":"#1"},"up":{"uv":[12,5,15,6],"rotation":270,"texture":"#8"}}},{"from":[1,6,7.80109],"to":[12.5,8,8.19891],"rotation":{"angle":-22.5,"axis":"x","origin":[6.75,7,8]},"faces":{"up":{"uv":[12,5,15,6],"rotation":90,"texture":"#8"},"down":{"uv":[0,0,1,1],"texture":"#1"}}},{"from":[1,7.75,7.80109],"to":[8.25,8,8.19891],"rotation":{"angle":45,"axis":"x","origin":[6.75,7,8]},"faces":{"east":{"uv":[0.01,0.01,0.01,0.01],"texture":"#1"},"up":{"uv":[4,0,7,1],"rotation":270,"texture":"#8"}}},{"from":[1,6,7.80109],"to":[12.5,8,8.19891],"rotation":{"angle":-45,"axis":"x","origin":[6.75,7,8]},"faces":{"up":{"uv":[4,0,7,1],"rotation":90,"texture":"#8"},"down":{"uv":[13,10,16,11],"rotation":90,"texture":"#1"}}},{"from":[1,6.80109,7],"to":[12.5,7.19891,9],"rotation":{"angle":-22.5,"axis":"x","origin":[6.75,7,8]},"faces":{"north":{"uv":[10,10,13,11],"rotation":90,"texture":"#1"},"south":{"uv":[1,12,2,15],"rotation":180,"texture":"#9"},"up":{"uv":[0,8,1,9],"rotation":90,"texture":"#8"},"down":{"uv":[0.01,0.01,0.01,0.01],"texture":"#1"}}},{"from":[1,6.80109,7],"to":[12.5,7.19891,9],"rotation":{"angle":22.5,"axis":"x","origin":[6.75,7,8]},"faces":{"north":{"uv":[13,6,16,7],"rotation":270,"texture":"#9"},"south":{"uv":[10,10,13,11],"rotation":90,"texture":"#1"},"up":{"uv":[0,7,1,8],"texture":"#8"},"down":{"uv":[0.01,0.01,0.01,0.01],"rotation":180,"texture":"#1"}}},{"from":[0.8,7.8,7.90054],"to":[18.3,8.8,8.09946],"rotation":{"angle":22.5,"axis":"x","origin":[10.55,8.3,8]},"faces":{"east":{"uv":[0,0,0.9375,1],"texture":"#1"},"west":{"uv":[6,0,9.9375,16],"rotation":180,"texture":"#9"},"up":{"uv":[11,13.99,16,13.99],"rotation":90,"texture":"#3"},"down":{"uv":[0,0,1,1],"texture":"#1"}}},{"from":[0.8,7.8,7.90054],"to":[18.3,8.8,8.09946],"rotation":{"angle":-22.5,"axis":"x","origin":[10.55,8.3,8]},"faces":{"north":{"uv":[0.01,0.01,0.01,0.01],"texture":"#1"},"east":{"uv":[7.5,7,8.4375,8],"texture":"#1"},"west":{"uv":[6,0,9.9375,16],"texture":"#9"},"up":{"uv":[9,8.99,14,8.99],"rotation":270,"texture":"#8"},"down":{"uv":[0,0,1,1],"texture":"#1"}}},{"from":[0.8001,7.8,7.90054],"to":[18.3001,8.8,8.09946],"rotation":{"angle":45,"axis":"x","origin":[10.55,8.3,8]},"faces":{"east":{"uv":[0,0,0.9375,1],"texture":"#1"},"west":{"uv":[6,0,9.9375,16],"rotation":180,"texture":"#9"},"up":{"uv":[9,0,14,1],"rotation":90,"texture":"#8"},"down":{"uv":[0,0,1,1],"texture":"#1"}}},{"from":[0.7999,7.8,7.90054],"to":[8.2499,8.1,8.09946],"rotation":{"angle":-45,"axis":"x","origin":[10.55,8.3,8]},"faces":{"east":{"uv":[0,0,1,1],"texture":"#1"},"west":{"uv":[6,10,9.9375,16],"texture":"#9"},"down":{"uv":[0,0,1,1],"texture":"#1"}}},{"from":[0.8,8.20054,7.5],"to":[18.3,8.39946,8.5],"rotation":{"angle":-22.5,"axis":"x","origin":[10.55,8.3,8]},"faces":{"north":{"uv":[0,0,1,1],"rotation":180,"texture":"#1"},"east":{"uv":[0,0,0.9375,1],"rotation":270,"texture":"#1"},"south":{"uv":[11,10.99,16,10.99],"rotation":90,"texture":"#1"},"west":{"uv":[0,5,15.93753,9],"rotation":180,"texture":"#9"},"down":{"uv":[0.01,0.01,0.01,0.01],"texture":"#1"}}},{"from":[0.7999,8.20054,8.15],"to":[8.2499,8.39946,8.5],"faces":{"east":{"uv":[0,0,1,1],"rotation":90,"texture":"#1"},"south":{"uv":[0,0,1,1],"texture":"#1"},"west":{"uv":[9,6,15.93753,10],"texture":"#9"}}},{"from":[0.8,8.20054,8.1],"to":[8.25,8.39946,8.5],"rotation":{"angle":22.5,"axis":"x","origin":[10.55,8.3,8]},"faces":{"east":{"uv":[0,0,1,1],"rotation":90,"texture":"#1"},"south":{"uv":[0,0,1,1],"texture":"#1"},"west":{"uv":[9,6,15.93753,10],"texture":"#9"}}},{"from":[1,5,7.5],"to":[2,6,8.5],"faces":{"north":{"uv":[6,2,9,5],"texture":"#1"},"south":{"uv":[6,2,9,5],"texture":"#1"},"west":{"uv":[10,10,16,11],"rotation":270,"texture":"#1"},"down":{"uv":[0,0,1,1],"texture":"#1"}}},{"from":[1,5.9,7.54436],"to":[2.7,8.1,8.45564],"rotation":{"angle":45,"axis":"x","origin":[1.75,7,8]},"faces":{"east":{"uv":[0,0,1,1],"texture":"#1"},"west":{"uv":[0,0,1,1],"texture":"#1"},"up":{"uv":[7,8,14,9],"rotation":90,"texture":"#8"},"down":{"uv":[10,10,16,11],"rotation":270,"texture":"#1"}}},{"from":[0.5,6.54436,6.9],"to":[2.7,7.45564,9.1],"faces":{"north":{"uv":[15,0,16,16],"texture":"#8"},"east":{"uv":[0,0,1,1],"rotation":270,"texture":"#1"},"south":{"uv":[15,0,16,16],"texture":"#8"},"west":{"uv":[2,0,13,3],"texture":"#1"},"up":{"uv":[10,10,16,11],"texture":"#1"},"down":{"uv":[0.01,0.01,0.01,0.01],"texture":"#1"}}},{"from":[1,5.9,7.54436],"to":[2.7,8.1,8.45564],"rotation":{"angle":-45,"axis":"x","origin":[1.75,7,8]},"faces":{"east":{"uv":[0,0,1,1],"texture":"#1"},"west":{"uv":[0,0,1,1],"texture":"#1"},"up":{"uv":[7,8,14,9],"rotation":270,"texture":"#8"},"down":{"uv":[10,10,16,11],"rotation":90,"texture":"#1"}}},{"from":[1,7.44437,8.4],"to":[2.4,9.05567,9.1],"rotation":{"angle":-22.5,"axis":"x","origin":[1.75,7.45565,9.1]},"faces":{"east":{"uv":[0,0,1,1],"rotation":270,"texture":"#1"},"south":{"uv":[7,8,14,9],"rotation":90,"texture":"#8"},"west":{"uv":[0,0,1,1],"rotation":90,"texture":"#1"}}},{"from":[1,7.44437,6.9],"to":[2.4,9.05567,7.6],"rotation":{"angle":22.5,"axis":"x","origin":[1.75,7.45565,6.9]},"faces":{"north":{"uv":[14,8,7,9],"rotation":270,"texture":"#8"},"east":{"uv":[0,1,1,0],"rotation":270,"texture":"#1"},"west":{"uv":[0,1,1,0],"rotation":90,"texture":"#1"}}},{"from":[11.8,5.8,7.76131],"to":[12.6,8.2,8.2387],"faces":{"east":{"uv":[15,9,16,10],"texture":"#1"},"west":{"uv":[9,11,10,12],"texture":"#1"},"up":{"uv":[9,4.5,16,5],"texture":"#texture"},"down":{"uv":[9,9,16,9.5],"texture":"#1"}}},{"from":[11.8,5.8,7.76131],"to":[12.6,8.2,8.2387],"rotation":{"angle":22.5,"axis":"x","origin":[12.1,7,8]},"faces":{"east":{"uv":[15,8,16,9],"texture":"#1"},"west":{"uv":[15,9,16,10],"texture":"#1"},"up":{"uv":[15,2,16,7],"rotation":270,"texture":"#8"},"down":{"uv":[9,9,16,9.5],"texture":"#1"}}},{"from":[11.8,5.8,7.76131],"to":[12.6,8.2,8.2387],"rotation":{"angle":45,"axis":"x","origin":[12.1,7,8]},"faces":{"east":{"uv":[15,9,16,10],"texture":"#1"},"west":{"uv":[15,10,16,11],"texture":"#1"},"up":{"uv":[10,10,15,11],"texture":"#1"},"down":{"uv":[9,9,16,9.5],"texture":"#1"}}},{"from":[11.8,6.7613,6.8],"to":[12.6,7.23869,9.2],"rotation":{"angle":-22.5,"axis":"x","origin":[12.1,7,8]},"faces":{"north":{"uv":[9,9,16,9.5],"rotation":180,"texture":"#1"},"east":{"uv":[15,9,16,10],"rotation":270,"texture":"#1"},"south":{"uv":[11,10,16,11],"texture":"#1"},"west":{"uv":[13,10,14,11],"rotation":90,"texture":"#1"}}},{"from":[11.8,6.7613,6.8],"to":[12.6,7.23869,9.2],"faces":{"north":{"uv":[3,1,8,2],"rotation":180,"texture":"#1"},"east":{"uv":[15,9,16,10],"rotation":270,"texture":"#1"},"south":{"uv":[3,1,8,2],"texture":"#1"},"west":{"uv":[12,10,13,11],"rotation":90,"texture":"#1"}}},{"from":[11.8,5.8,7.76131],"to":[12.6,8.2,8.2387],"rotation":{"angle":-22.5,"axis":"x","origin":[12.1,7,8]},"faces":{"east":{"uv":[15,9,16,10],"texture":"#1"},"west":{"uv":[15,2,16,3],"texture":"#8"},"up":{"uv":[15,2,16,7],"rotation":270,"texture":"#8"},"down":{"uv":[9,9,16,9.5],"texture":"#1"}}},{"from":[11.8,5.8,7.76131],"to":[12.6,8.2,8.2387],"rotation":{"angle":-45,"axis":"x","origin":[12.1,7,8]},"faces":{"east":{"uv":[15,8,16,9],"texture":"#1"},"west":{"uv":[15,4,16,5],"texture":"#8"},"up":{"uv":[10,10,15,11],"texture":"#1"},"down":{"uv":[9,9,16,9.5],"texture":"#1"}}},{"from":[11.8,6.7613,6.8],"to":[12.6,7.23869,9.2],"rotation":{"angle":22.5,"axis":"x","origin":[12.1,7,8]},"faces":{"north":{"uv":[11,10,16,11],"rotation":180,"texture":"#1"},"east":{"uv":[15,9,16,10],"rotation":90,"texture":"#1"},"south":{"uv":[13,9,14,10],"texture":"#1"},"west":{"uv":[11,10,12,11],"rotation":270,"texture":"#1"}}},{"from":[7.3,2.5,7.6],"to":[7.5,4.35,8.4],"rotation":{"angle":-22.5,"axis":"z","origin":[7,2.4,8.1]},"faces":{"north":{"uv":[0,0,2,16],"texture":"#8"},"east":{"uv":[10,10,16,11],"rotation":270,"texture":"#1"},"south":{"uv":[0,0,2,13],"rotation":180,"texture":"#8"},"west":{"uv":[4,12,1,3],"rotation":180,"texture":"#3"}}},{"from":[12.5,6.65,7.93038],"to":[21.5,6.75,8.06962],"rotation":{"angle":22.5,"axis":"x","origin":[17.5,7,8]},"faces":{"east":{"uv":[0,5,2,6],"rotation":270,"texture":"#8"},"west":{"uv":[10,14,11.5,15.5],"texture":"#texture"},"up":{"uv":[11,8,12,11],"texture":"#8"},"down":{"uv":[15,9,16,10],"texture":"#1"}}},{"from":[12.5,6.65,7.93038],"to":[21.5,6.75,8.06962],"rotation":{"angle":45,"axis":"x","origin":[17.5,7,8]},"faces":{"east":{"uv":[10,14,11,16],"texture":"#8"},"west":{"uv":[10,14,11.5,15.5],"texture":"#texture"},"up":{"uv":[3.99,2,3.99,5],"texture":"#8"},"down":{"uv":[10,10,16,11],"rotation":270,"texture":"#1"}}},{"from":[12.5,6.65,7.93038],"to":[21.5,6.75,8.06962],"rotation":{"angle":-22.5,"axis":"x","origin":[17.5,7,8]},"faces":{"east":{"uv":[0,2,1,4],"rotation":180,"texture":"#8"},"west":{"uv":[10,14,11.5,15.5],"texture":"#texture"},"up":{"uv":[13,8,14,11],"texture":"#8"},"down":{"uv":[15,10,16,11],"texture":"#1"}}},{"from":[12.5,6.65,7.93038],"to":[21.5,6.75,8.06962],"rotation":{"angle":-45,"axis":"x","origin":[17.5,7,8]},"faces":{"east":{"uv":[0,2,1,4],"texture":"#8"},"west":{"uv":[10,14,11.5,15.5],"texture":"#texture"},"up":{"uv":[4,2,5,5],"texture":"#8"},"down":{"uv":[15,9,16,10],"texture":"#1"}}},{"from":[12.5,6.93038,7.65],"to":[21.5,7.06962,7.75],"rotation":{"angle":22.5,"axis":"x","origin":[17.5,7,8]},"faces":{"north":{"uv":[11,10,16,11],"rotation":270,"texture":"#1"},"east":{"uv":[0,8,2,9],"texture":"#8"},"south":{"uv":[0.01,2,0.01,5],"texture":"#8"},"west":{"uv":[10,14,11.5,15.5],"rotation":270,"texture":"#texture"}}},{"from":[12.5,6.93038,7.65],"to":[21.5,7.06962,7.75],"faces":{"north":{"uv":[9,0,13,1],"rotation":270,"texture":"#8"},"east":{"uv":[0,5,1,7],"rotation":90,"texture":"#8"},"south":{"uv":[13.99,5,13.99,8],"texture":"#8"},"west":{"uv":[10,14,11.5,15.5],"rotation":270,"texture":"#texture"}}},{"from":[12.5,6.93038,7.65],"to":[21.5,7.06962,7.75],"rotation":{"angle":-22.5,"axis":"x","origin":[17.5,7,8]},"faces":{"north":{"uv":[9,0,13,1],"rotation":90,"texture":"#8"},"east":{"uv":[0,8,2,9],"rotation":180,"texture":"#8"},"south":{"uv":[7.99,1,7.99,4],"texture":"#8"},"west":{"uv":[10,14,11.5,15.5],"rotation":90,"texture":"#texture"}}},{"from":[-8,6.7,7],"to":[1.5,7.2,7.3],"faces":{"north":{"uv":[10,10,16,11],"rotation":90,"texture":"#1"},"south":{"uv":[10,10,16,11],"rotation":90,"texture":"#1"},"up":{"uv":[8,0,14,1],"rotation":90,"texture":"#8"},"down":{"uv":[0,0,1,1],"texture":"#1"}}},{"from":[-8.5,3.95,7.4],"to":[-7.6,6.1,8.6],"faces":{"north":{"uv":[2,8,3,1],"rotation":90,"texture":"#6"},"east":{"uv":[0,1,1,0],"texture":"#1"},"south":{"uv":[2,8,3,1],"rotation":90,"texture":"#6"},"west":{"uv":[12,16,14,0],"texture":"#6"},"up":{"uv":[9,5,16,4.5],"texture":"#texture"},"down":{"uv":[9,5,16,4.5],"texture":"#texture"}}},{"from":[-8.5,5.9,7.54436],"to":[-7.2,8.1,8.45564],"rotation":{"angle":-45,"axis":"x","origin":[-7.75,7,8]},"faces":{"east":{"uv":[6,8,7,7],"texture":"#3"},"west":{"uv":[10,11,16,10],"rotation":90,"texture":"#1"},"up":{"uv":[2,11,13,12],"texture":"#3"},"down":{"uv":[0,3,1,14],"rotation":270,"texture":"#8"}}},{"from":[-8.499,6.54436,6.9],"to":[-7.199,7.45564,9.1],"faces":{"north":{"uv":[4,2,15,3],"texture":"#8"},"east":{"uv":[7,7,6,8],"rotation":270,"texture":"#3"},"south":{"uv":[4,2,15,3],"rotation":180,"texture":"#8"},"west":{"uv":[1,0,0,1],"rotation":90,"texture":"#1"}}},{"from":[-8.5,5.9,7.54436],"to":[-7.2,8.1,8.45567],"rotation":{"angle":45,"axis":"x","origin":[-7.75,7,8]},"faces":{"east":{"uv":[6,7,7,6],"texture":"#3"},"west":{"uv":[10,11,16,10],"rotation":90,"texture":"#1"},"up":{"uv":[2,11,13,12],"texture":"#3"},"down":{"uv":[0,3,1,14],"rotation":270,"texture":"#8"}}},{"from":[-8.499,5.9,7.54435],"to":[-7.199,8.1,8.45565],"faces":{"east":{"uv":[7,8,8,7],"texture":"#3"},"west":{"uv":[10,11,16,10],"rotation":90,"texture":"#1"},"up":{"uv":[2,3,12,4],"texture":"#3"},"down":{"uv":[0,0,1,1],"texture":"#1"}}},{"from":[-8.5,2.5,7.4],"to":[-7.6,3.95,8.6],"rotation":{"angle":-22.5,"axis":"z","origin":[-7.6,3.95,7.9]},"faces":{"north":{"uv":[2,8,3,1],"rotation":90,"texture":"#6"},"east":{"uv":[0,1,1,0],"texture":"#1"},"south":{"uv":[2,8,3,1],"rotation":90,"texture":"#6"},"west":{"uv":[12,10,14,0],"texture":"#6"},"up":{"uv":[9,5,16,4.5],"texture":"#texture"},"down":{"uv":[0,0,1,1],"texture":"#1"}}},{"from":[2.7,8.15,7.45],"to":[7.95,8.45,8.55],"faces":{"north":{"uv":[9,10,16,11],"rotation":90,"texture":"#1"},"east":{"uv":[0,0,1,1],"texture":"#8"},"south":{"uv":[9,10,16,11],"rotation":90,"texture":"#1"},"west":{"uv":[0,0,1,1],"texture":"#8"},"up":{"uv":[0,0,1,1],"texture":"#8"},"down":{"uv":[0,0,1,1],"texture":"#1"}}},{"from":[10,8.15,7.45],"to":[11.5,8.45,8.55],"faces":{"north":{"uv":[9,10,16,11],"rotation":90,"texture":"#1"},"east":{"uv":[0,0,1,1],"texture":"#8"},"south":{"uv":[9,10,16,11],"rotation":90,"texture":"#1"},"west":{"uv":[0,0,1,1],"texture":"#8"},"up":{"uv":[0,0,1,1],"texture":"#8"},"down":{"uv":[0,0,1,1],"texture":"#1"}}},{"from":[7.95,8.15,7.45],"to":[10,8.45,7.65],"faces":{"north":{"uv":[9,10,16,11],"rotation":90,"texture":"#1"},"up":{"uv":[0,0,1,1],"texture":"#8"},"down":{"uv":[0,0,1,1],"texture":"#1"}}},{"from":[8,8.23038,7.65],"to":[19.7,8.36962,8.35],"rotation":{"angle":-22.5,"axis":"x","origin":[13,8.3,8]},"faces":{"north":{"uv":[0,0,1,1],"rotation":180,"texture":"#1"},"south":{"uv":[11,0,14,1],"rotation":90,"texture":"#8"}}},{"from":[8,8.23038,7.65],"to":[19.7,8.36962,8.35],"faces":{"north":{"uv":[0,0,1,1],"rotation":180,"texture":"#1"},"south":{"uv":[4,1,7,2],"rotation":90,"texture":"#8"}}},{"from":[8,8.23038,7.65],"to":[19.7,8.36962,8.35],"rotation":{"angle":22.5,"axis":"x","origin":[13,8.3,8]},"faces":{"north":{"uv":[0,0,1,1],"rotation":180,"texture":"#1"},"south":{"uv":[9,8,12,9],"rotation":90,"texture":"#8"}}},{"from":[8,7.95,7.93038],"to":[19.7,8.65,8.06962],"rotation":{"angle":-45,"axis":"x","origin":[13,8.3,8]},"faces":{"up":{"uv":[11,10,14,11],"rotation":270,"texture":"#1"},"down":{"uv":[11,8,14,9],"rotation":90,"texture":"#8"}}},{"from":[8,7.95,7.93038],"to":[19.7,8.65,8.06962],"rotation":{"angle":-22.5,"axis":"x","origin":[13,8.3,8]},"faces":{"up":{"uv":[15,2,16,5],"rotation":180,"texture":"#8"},"down":{"uv":[11,0,14,1],"rotation":90,"texture":"#8"}}},{"from":[8,7.95,7.93038],"to":[19.7,8.65,8.06962],"faces":{"up":{"uv":[7,7,8,12],"rotation":180,"texture":"#8"},"down":{"uv":[0,0,1,1],"texture":"#1"}}},{"from":[8,7.95,7.93038],"to":[19.7,8.65,8.06962],"rotation":{"angle":22.5,"axis":"x","origin":[13,8.3,8]},"faces":{"up":{"uv":[8,3,9,4],"texture":"#8"},"down":{"uv":[0,0,1,1],"texture":"#1"}}},{"from":[8,7.95,7.93038],"to":[19.7,8.65,8.06962],"rotation":{"angle":45,"axis":"x","origin":[13,8.3,8]},"faces":{"up":{"uv":[11,1,14,2],"rotation":90,"texture":"#8"},"down":{"uv":[0,0,1,1],"texture":"#1"}}},{"from":[19.5,8.20054,7.5],"to":[20.3,8.39946,8.5],"faces":{"north":{"uv":[10,10,16,11],"rotation":90,"texture":"#1"},"east":{"uv":[0,0,0.9375,1],"rotation":90,"texture":"#9"},"south":{"uv":[10,10,16,11],"rotation":90,"texture":"#1"},"west":{"uv":[7.5625,7,8.5,8],"rotation":270,"texture":"#1"}}},{"from":[19.5,7.8,7.90054],"to":[20.3,8.8,8.09946],"rotation":{"angle":22.5,"axis":"x","origin":[10.55,8.3,8]},"faces":{"east":{"uv":[0,0,0.9375,1],"texture":"#9"},"west":{"uv":[7.5625,7,8.5,8],"texture":"#1"},"up":{"uv":[11,10,16,11],"rotation":270,"texture":"#1"},"down":{"uv":[9,9,16,9.5],"texture":"#1"}}},{"from":[19.5,7.8,7.90054],"to":[20.3,8.8,8.09946],"rotation":{"angle":45,"axis":"x","origin":[10.55,8.3,8]},"faces":{"east":{"uv":[0,0,0.9375,1],"texture":"#9"},"west":{"uv":[7.5625,7,8.5,8],"texture":"#1"},"up":{"uv":[15,0,16,4],"rotation":180,"texture":"#8"},"down":{"uv":[9,9,16,9.5],"texture":"#1"}}},{"from":[19.5,8.20054,7.5],"to":[20.3,8.39946,8.5],"rotation":{"angle":-22.5,"axis":"x","origin":[10.55,8.3,8]},"faces":{"north":{"uv":[9,9,16,9.5],"rotation":180,"texture":"#1"},"east":{"uv":[0,0,0.9375,1],"rotation":270,"texture":"#9"},"south":{"uv":[15,1,16,5],"texture":"#8"},"west":{"uv":[7.5625,7,8.5,8],"rotation":90,"texture":"#1"}}},{"from":[19.5,8.20054,7.5],"to":[20.3,8.39946,8.5],"rotation":{"angle":22.5,"axis":"x","origin":[10.55,8.3,8]},"faces":{"north":{"uv":[15,0,16,5.5],"texture":"#8"},"east":{"uv":[0,0,0.9375,1],"rotation":90,"texture":"#9"},"south":{"uv":[9,9,16,9.5],"texture":"#1"},"west":{"uv":[7.5625,7,8.5,8],"rotation":270,"texture":"#1"}}},{"from":[19.5,7.8,7.90054],"to":[20.3,8.8,8.09946],"rotation":{"angle":-45,"axis":"x","origin":[10.55,8.3,8]},"faces":{"east":{"uv":[0,0,0.9375,1],"texture":"#9"},"west":{"uv":[7.5625,7,8.5,8],"texture":"#1"},"up":{"uv":[15,0,16,5.5],"texture":"#8"},"down":{"uv":[9,9,16,9.5],"texture":"#1"}}},{"from":[19.5,7.8,7.90054],"to":[20.3,8.8,8.09946],"rotation":{"angle":-22.5,"axis":"x","origin":[10.55,8.3,8]},"faces":{"east":{"uv":[0,0,0.9375,1],"texture":"#9"},"west":{"uv":[7.5625,7,8.5,8],"texture":"#1"},"up":{"uv":[10,10,16,11],"rotation":90,"texture":"#1"},"down":{"uv":[9,9,16,9.5],"texture":"#1"}}},{"from":[19.5,7.8,7.90054],"to":[20.3,8.8,8.09946],"faces":{"east":{"uv":[0,0,0.9375,1],"texture":"#9"},"up":{"uv":[9,9,16,9.5],"texture":"#1"},"down":{"uv":[9,9,16,9.5],"texture":"#1"}}},{"from":[19.5,6.90054,7.5],"to":[20.2,7.09946,8.5],"rotation":{"angle":22.5,"axis":"x","origin":[10.55,7,8]},"faces":{"north":{"uv":[9,9,16,9.5],"rotation":180,"texture":"#1"},"east":{"uv":[7.5,7,8.4375,8],"rotation":90,"texture":"#9"},"south":{"uv":[9,9,16,9.5],"texture":"#1"},"west":{"uv":[7.5625,7,8.5,8],"rotation":270,"texture":"#1"}}},{"from":[19.5,6.90054,7.5],"to":[20.2,7.09946,8.5],"faces":{"north":{"uv":[9,9,16,9.5],"rotation":180,"texture":"#1"},"east":{"uv":[7.5,7,8.4375,8],"rotation":90,"texture":"#9"},"south":{"uv":[9,9,16,9.5],"texture":"#1"},"west":{"uv":[7.5625,7,8.5,8],"rotation":270,"texture":"#1"}}},{"from":[19.5,6.90054,7.5],"to":[20.2,7.09946,8.5],"rotation":{"angle":-22.5,"axis":"x","origin":[10.55,7,8]},"faces":{"north":{"uv":[9,9,16,9.5],"rotation":180,"texture":"#1"},"east":{"uv":[7.5,7,8.4375,8],"rotation":270,"texture":"#9"},"south":{"uv":[9,9,16,9.5],"texture":"#1"},"west":{"uv":[7.5625,7,8.5,8],"rotation":90,"texture":"#1"}}},{"from":[19.5,6.5,7.90054],"to":[20.2,7.5,8.09946],"rotation":{"angle":45,"axis":"x","origin":[10.55,7,8]},"faces":{"east":{"uv":[7.5,7,8.4375,8],"texture":"#9"},"west":{"uv":[7.5625,7,8.5,8],"texture":"#1"},"up":{"uv":[10,10,16,11],"rotation":90,"texture":"#1"},"down":{"uv":[9,9,16,9.5],"texture":"#1"}}},{"from":[19.5,6.5,7.90054],"to":[20.2,7.5,8.09946],"rotation":{"angle":22.5,"axis":"x","origin":[10.55,7,8]},"faces":{"east":{"uv":[7.5,7,8.4375,8],"texture":"#9"},"west":{"uv":[7.5625,7,8.5,8],"texture":"#1"},"up":{"uv":[10,10,16,11],"rotation":270,"texture":"#1"},"down":{"uv":[9,9,16,9.5],"texture":"#1"}}},{"from":[19.5,6.5,7.90054],"to":[20.2,7.5,8.09946],"rotation":{"angle":-45,"axis":"x","origin":[10.55,7,8]},"faces":{"east":{"uv":[7.5,7,8.4375,8],"texture":"#9"},"west":{"uv":[7.5625,7,8.5,8],"texture":"#1"},"up":{"uv":[10,10,16,11],"rotation":270,"texture":"#1"},"down":{"uv":[9,9,16,9.5],"texture":"#1"}}},{"from":[19.5,6.5,7.90054],"to":[20.2,7.5,8.09946],"rotation":{"angle":-22.5,"axis":"x","origin":[10.55,7,8]},"faces":{"east":{"uv":[7.5,7,8.4375,8],"texture":"#9"},"west":{"uv":[7.5625,7,8.5,8],"texture":"#1"},"up":{"uv":[10,10,16,11],"rotation":90,"texture":"#1"},"down":{"uv":[9,9,16,9.5],"texture":"#1"}}},{"from":[19.5,6.5,7.90054],"to":[20.2,7.5,8.09946],"faces":{"east":{"uv":[7.5,7,8.4375,8],"texture":"#9"},"west":{"uv":[7.5625,7,8.5,8],"texture":"#1"},"down":{"uv":[9,9,16,9.5],"texture":"#1"}}},{"from":[19.5,9.50054,7.5],"to":[20.1,9.69946,7.65],"rotation":{"angle":22.5,"axis":"x","origin":[10.55,9.6,8]},"faces":{"north":{"uv":[15,0,16,5],"texture":"#8"},"east":{"uv":[14,4,15.9375,5],"rotation":180,"texture":"#8"},"south":{"uv":[9,9,16,9.5],"texture":"#1"},"west":{"uv":[14,3,15.9375,4],"texture":"#8"}}},{"from":[19.5,9.50054,7.5],"to":[20.1,9.69946,7.65],"faces":{"north":{"uv":[10,10,16,11],"rotation":90,"texture":"#1"},"east":{"uv":[0,2,1.9375,3],"texture":"#8"},"south":{"uv":[9,9,16,9.5],"texture":"#1"},"west":{"uv":[0,5,1.9375,6],"rotation":180,"texture":"#8"}}},{"from":[19.5,9.50054,7.5],"to":[20.1,9.69946,7.65],"rotation":{"angle":-22.5,"axis":"x","origin":[10.55,9.6,8]},"faces":{"north":{"uv":[9,9,16,9.5],"rotation":180,"texture":"#1"},"east":{"uv":[0,8,2,9],"texture":"#8"},"south":{"uv":[12,10,13,11],"texture":"#1"},"west":{"uv":[0,8,1.9375,9],"rotation":180,"texture":"#8"}}},{"from":[19.5,9.1,7.90054],"to":[20.1,9.25,8.09946],"rotation":{"angle":45,"axis":"x","origin":[10.55,9.6,8]},"faces":{"east":{"uv":[0,2,0.9375,4],"texture":"#8"},"west":{"uv":[0,2,0.9375,4],"texture":"#8"},"up":{"uv":[11,10,12,11],"texture":"#1"},"down":{"uv":[9,9,16,9.5],"texture":"#1"}}},{"from":[19.5,9.1,7.90054],"to":[20.1,9.25,8.09946],"rotation":{"angle":22.5,"axis":"x","origin":[10.55,9.6,8]},"faces":{"east":{"uv":[15,6,15.9375,7],"texture":"#8"},"west":{"uv":[15,6,15.9375,7],"texture":"#8"},"up":{"uv":[10,10,11,11],"texture":"#1"},"down":{"uv":[9,9,16,9.5],"texture":"#1"}}},{"from":[19.5,9.1,7.90054],"to":[20.1,9.25,8.09946],"rotation":{"angle":-45,"axis":"x","origin":[10.55,9.6,8]},"faces":{"east":{"uv":[0,2,0.9375,4],"texture":"#8"},"west":{"uv":[0,2,0.9375,4],"texture":"#8"},"up":{"uv":[11,10,12,11],"texture":"#1"},"down":{"uv":[9,9,16,9.5],"texture":"#1"}}},{"from":[19.5,9.1,7.90054],"to":[20.1,9.25,8.09946],"rotation":{"angle":-22.5,"axis":"x","origin":[10.55,9.6,8]},"faces":{"east":{"uv":[15,6,15.9375,7],"texture":"#8"},"west":{"uv":[15,6,15.9375,7],"texture":"#8"},"up":{"uv":[10,10,11,11],"texture":"#1"},"down":{"uv":[9,9,16,9.5],"texture":"#1"}}},{"from":[19.5,9.1,7.90054],"to":[20.1,9.6,8.09946],"faces":{"north":{"uv":[10,10,16,11],"rotation":90,"texture":"#1"},"east":{"uv":[10,10,15.93753,11],"rotation":90,"texture":"#1"},"south":{"uv":[10,10,16,11],"rotation":90,"texture":"#1"},"west":{"uv":[10,10,15.93753,11],"rotation":90,"texture":"#1"},"up":{"uv":[0,0,1,1],"texture":"#9"}}},{"from":[19.5,9.50054,8.35],"to":[20.1,9.69946,8.5],"rotation":{"angle":-22.5,"axis":"x","origin":[10.55,9.6,8]},"faces":{"north":{"uv":[9,9,16,9.5],"rotation":180,"texture":"#1"},"east":{"uv":[14,4,15.9375,5],"texture":"#8"},"south":{"uv":[15,0,16,5],"texture":"#8"},"west":{"uv":[14,3,15.9375,4],"rotation":180,"texture":"#8"}}},{"from":[19.5,9.50054,8.35],"to":[20.1,9.69946,8.5],"faces":{"north":{"uv":[9,9,16,9.5],"rotation":180,"texture":"#1"},"east":{"uv":[0,2,1.9375,3],"rotation":180,"texture":"#8"},"south":{"uv":[10,10,16,11],"rotation":90,"texture":"#1"},"west":{"uv":[0,5,1.9375,6],"texture":"#8"}}},{"from":[19.5,9.50054,8.35],"to":[20.1,9.69946,8.5],"rotation":{"angle":22.5,"axis":"x","origin":[10.55,9.6,8]},"faces":{"north":{"uv":[12,10,13,11],"rotation":180,"texture":"#1"},"east":{"uv":[0,8,2,9],"rotation":180,"texture":"#8"},"south":{"uv":[9,9,16,9.5],"texture":"#1"},"west":{"uv":[0,8,2,9],"texture":"#8"}}},{"from":[19.5,9.95,7.90054],"to":[20.1,10.1,8.09946],"rotation":{"angle":45,"axis":"x","origin":[10.55,9.6,8]},"faces":{"east":{"uv":[9,14,9.9375,16],"texture":"#8"},"west":{"uv":[12,14,12.9375,16],"texture":"#8"},"up":{"uv":[0,0,7,0.5],"rotation":90,"texture":"#9"},"down":{"uv":[9,9,16,9.5],"texture":"#1"}}},{"from":[19.5,9.95,7.90054],"to":[20.1,10.1,8.09946],"rotation":{"angle":22.5,"axis":"x","origin":[10.55,9.6,8]},"faces":{"east":{"uv":[9,14,9.9375,16],"texture":"#8"},"west":{"uv":[3,14,3.9375,16],"texture":"#8"},"up":{"uv":[4,2,11,2.5],"rotation":90,"texture":"#9"},"down":{"uv":[9,9,16,9.5],"texture":"#1"}}},{"from":[19.5,9.95,7.90054],"to":[20.1,10.1,8.09946],"faces":{"east":{"uv":[8,14,8.9375,16],"texture":"#8"},"west":{"uv":[3,14,3.9375,16],"texture":"#8"},"up":{"uv":[6,15,13,15.5],"rotation":90,"texture":"#9"},"down":{"uv":[9,4.5,16,5],"texture":"#1"}}},{"from":[19.5,9.95,7.90054],"to":[20.1,10.1,8.09946],"rotation":{"angle":-22.5,"axis":"x","origin":[10.55,9.6,8]},"faces":{"east":{"uv":[9,14,10.9375,16],"texture":"#8"},"west":{"uv":[3,14,3.9375,16],"texture":"#8"},"up":{"uv":[5,14,12,14.5],"rotation":90,"texture":"#9"},"down":{"uv":[9,9,16,9.5],"texture":"#1"}}},{"from":[19.5,9.95,7.90054],"to":[20.1,10.1,8.09946],"rotation":{"angle":-45,"axis":"x","origin":[10.55,9.6,8]},"faces":{"east":{"uv":[12,14,12.9375,16],"texture":"#8"},"west":{"uv":[10,14,10.9375,16],"texture":"#8"},"up":{"uv":[0,1,8,2],"rotation":90,"texture":"#9"},"down":{"uv":[9,9,16,9.5],"texture":"#1"}}},{"from":[19.5,8.125,7.85],"to":[20.1,9.125,8.15],"faces":{"north":{"uv":[0.01,8.1875,0.01,8.875],"texture":"#1"},"south":{"uv":[15.99,8.1875,15.99,8.875],"texture":"#1"},"west":{"uv":[7.625,8.1875,8.375,8.875],"texture":"#1"}}},{"from":[19.9,8.725,7.85],"to":[20.1,9.225,8.15],"rotation":{"angle":22.5,"axis":"z","origin":[20.1,9.225,8]},"faces":{"north":{"uv":[0.01,8.1875,0.01,8.875],"texture":"#1"},"east":{"uv":[10,10,16,11],"rotation":90,"texture":"#1"},"south":{"uv":[15.99,8.1875,15.99,8.875],"texture":"#1"}}},{"from":[9.7,8.20054,8.25],"to":[18.3,8.39946,8.5],"faces":{"east":{"uv":[0,0,0.9375,1],"rotation":90,"texture":"#1"},"south":{"uv":[0,0,1,1],"texture":"#1"},"west":{"uv":[0,0,1,1],"rotation":270,"texture":"#1"}}},{"from":[9.7,8.20054,8.25],"to":[18.3,8.39946,8.5],"rotation":{"angle":22.5,"axis":"x","origin":[10.55,8.3,8]},"faces":{"east":{"uv":[7.5,7,8.4375,8],"rotation":90,"texture":"#1"},"south":{"uv":[0,0,1,1],"texture":"#1"},"west":{"uv":[0,0,1,1],"rotation":270,"texture":"#1"}}},{"from":[0.7999,8.20054,7.5],"to":[18.2999,8.39946,7.85],"faces":{"north":{"uv":[1,0,0,1],"texture":"#1"},"east":{"uv":[0,1,0.9375,0],"rotation":90,"texture":"#1"},"west":{"uv":[0,10,4.9375,6],"texture":"#9"},"up":{"uv":[10,10,16,11],"rotation":90,"texture":"#1"}}},{"from":[15.8,8.20054,7.5],"to":[18.3,8.39946,7.9],"rotation":{"angle":22.5,"axis":"x","origin":[10.55,8.3,8]},"faces":{"north":{"uv":[11,10,16,11],"rotation":90,"texture":"#1"},"east":{"uv":[0,1,0.9375,0],"rotation":270,"texture":"#1"}}},{"from":[12.8,8.55,7.90054],"to":[18.3,8.8,8.09946],"rotation":{"angle":-45,"axis":"x","origin":[10.55,8.3,8]},"faces":{"north":{"uv":[0.01,0.01,0.01,0.01],"texture":"#1"},"east":{"uv":[0,0,0.9375,1],"texture":"#1"},"west":{"uv":[0,0,0.9375,1],"texture":"#1"},"up":{"uv":[15,2,16,7],"rotation":180,"texture":"#8"}}},{"from":[9.7,7.8,7.90054],"to":[18.3,8.1,8.09946],"rotation":{"angle":-45,"axis":"x","origin":[10.55,8.3,8]},"faces":{"east":{"uv":[7.5,7,8.4375,8],"texture":"#1"},"west":{"uv":[0,0,1,1],"texture":"#1"},"down":{"uv":[0,0,1,1],"texture":"#1"}}},{"from":[1,6.80109,7.15],"to":[12.5,7.19891,8.85],"faces":{"north":{"uv":[15,0,16,7],"rotation":180,"texture":"#8"},"south":{"uv":[15,0,16,7],"rotation":180,"texture":"#8"}}},{"from":[9.7,6.80109,7],"to":[12.1,7.19891,9],"faces":{"north":{"uv":[15,0,16,3],"texture":"#8"},"south":{"uv":[15,0,16,3],"texture":"#8"},"west":{"uv":[0.01,0.01,0.01,0.01],"rotation":270,"texture":"#1"}}},{"from":[1,6,7.80109],"to":[12.5,6.25,8.19891],"rotation":{"angle":45,"axis":"x","origin":[6.75,7,8]},"faces":{"down":{"uv":[13,10,16,11],"rotation":270,"texture":"#1"}}},{"from":[1,6,7.80109],"to":[12.5,6.25,8.19891],"rotation":{"angle":22.5,"axis":"x","origin":[6.75,7,8]},"faces":{"down":{"uv":[0,0,1,1],"texture":"#1"}}},{"from":[9.7,7.75,7.80109],"to":[12.45,8,8.19891],"rotation":{"angle":45,"axis":"x","origin":[15.45,7,8]},"faces":{"west":{"uv":[0.01,0.01,0.01,0.01],"texture":"#1"},"up":{"uv":[4,0,7,1],"rotation":270,"texture":"#8"}}},{"from":[9.7,7.75,7.80109],"to":[12.45,8,8.19891],"rotation":{"angle":22.5,"axis":"x","origin":[15.45,7,8]},"faces":{"west":{"uv":[0.01,0.01,0.01,0.01],"texture":"#1"},"up":{"uv":[12,5,15,6],"rotation":270,"texture":"#8"}}},{"from":[8.25,7.77683,8.10355],"to":[9.7,7.91607,9.10355],"rotation":{"angle":45,"axis":"x","origin":[8.95,7.94645,8.35355]},"faces":{"up":{"uv":[9,7,13,8],"rotation":270,"texture":"#3"}}},{"from":[18.6,8.20054,7.5],"to":[19.2,8.39946,8.5],"faces":{"north":{"uv":[10,10,14,11],"rotation":90,"texture":"#1"},"east":{"uv":[7.5,7,8.4375,8],"rotation":90,"texture":"#1"},"south":{"uv":[13,10,14,11],"texture":"#1"},"west":{"uv":[7.5625,7,8.5,8],"rotation":270,"texture":"#1"}}},{"from":[18.6,7.8,7.90054],"to":[19.2,8.8,8.09946],"rotation":{"angle":45,"axis":"x","origin":[9.65,8.3,8]},"faces":{"east":{"uv":[7.5,7,8.4375,8],"texture":"#1"},"west":{"uv":[7.5625,7,8.5,8],"texture":"#1"},"up":{"uv":[15,0,16,4],"texture":"#8"}}},{"from":[18.6,8.20054,7.5],"to":[19.2,8.39946,7.8],"rotation":{"angle":22.5,"axis":"x","origin":[9.65,8.3,8]},"faces":{"north":{"uv":[15,1,16,5],"texture":"#8"},"east":{"uv":[7.5,7,8.4375,8],"rotation":90,"texture":"#1"},"west":{"uv":[7.5625,7,8.5,8],"rotation":270,"texture":"#1"}}},{"from":[18.6,7.8,7.90054],"to":[19.2,8.8,8.09946],"rotation":{"angle":-45,"axis":"x","origin":[9.65,8.3,8]},"faces":{"east":{"uv":[7.5,7,8.4375,8],"texture":"#1"},"west":{"uv":[7.5625,7,8.5,8],"texture":"#1"},"up":{"uv":[0,12,1,16],"rotation":180,"texture":"#8"}}},{"from":[18.6,7.8,7.90054],"to":[19.2,8.8,8.09946],"rotation":{"angle":-22.5,"axis":"x","origin":[9.65,8.3,8]},"faces":{"east":{"uv":[7.5,7,8.4375,8],"texture":"#1"},"west":{"uv":[7.5625,7,8.5,8],"texture":"#1"},"up":{"uv":[10,8,14,9],"rotation":270,"texture":"#8"}}},{"from":[18.6,7.8,7.90054],"to":[19.2,8.8,8.09946],"faces":{"east":{"uv":[7.5,7,8.4375,8],"texture":"#1"},"west":{"uv":[7.5625,7,8.5,8],"texture":"#1"},"up":{"uv":[4,7,5,11],"texture":"#8"}}},{"from":[18.6,7.8,7.90054],"to":[19.2,8.8,8.09946],"rotation":{"angle":22.5,"axis":"x","origin":[9.65,8.3,8]},"faces":{"east":{"uv":[7.5,7,8.4375,8],"texture":"#1"},"west":{"uv":[7.5625,7,8.5,8],"texture":"#1"},"up":{"uv":[9,9,10,13],"texture":"#3"}}},{"from":[0.8,8.20054,7.5],"to":[12.3,8.39946,7.9],"rotation":{"angle":22.5,"axis":"x","origin":[10.55,8.3,8]},"faces":{"north":{"uv":[11,10.99,16,10.99],"rotation":90,"texture":"#1"},"east":{"uv":[0,1,0.9375,0],"rotation":270,"texture":"#1"},"west":{"uv":[0,10,5.93753,6],"texture":"#9"}}},{"from":[0.7999,8.55,7.90054],"to":[12.2999,8.8,8.09946],"rotation":{"angle":-45,"axis":"x","origin":[10.55,8.3,8]},"faces":{"east":{"uv":[0,0,0.9375,1],"texture":"#1"},"west":{"uv":[0,6,3.9375,10],"rotation":90,"texture":"#9"},"up":{"uv":[15,0,16,5],"rotation":180,"texture":"#8"}}},{"from":[15.4,8.0113,5.85],"to":[16.1,8.43869,6.95],"rotation":{"angle":22.5,"axis":"x","origin":[12.1,7,8]},"faces":{"north":{"uv":[5,4,15,5],"texture":"#1"},"east":{"uv":[10,10,16,11],"rotation":90,"texture":"#1"},"south":{"uv":[0,0,1,1],"texture":"#1"},"west":{"uv":[10,10,16,11],"rotation":90,"texture":"#1"},"up":{"uv":[1,0,5,16],"texture":"#6"},"down":{"uv":[0.01,0.01,0.01,0.01],"rotation":180,"texture":"#1"}}},{"from":[15.45,8.1113,6.8],"to":[15.9,8.28869,7.5],"rotation":{"angle":22.5,"axis":"x","origin":[12.1,7,8]},"faces":{"east":{"uv":[0,0,1,1],"rotation":90,"texture":"#1"},"west":{"uv":[1,3,2,4],"rotation":270,"texture":"#1"},"up":{"uv":[0.01,0.01,0.01,0.01],"texture":"#1"},"down":{"uv":[0.01,0.01,0.01,0.01],"rotation":180,"texture":"#1"}}},{"from":[8.45,3.8,7.3505],"to":[10.15,6.5,8.6495],"rotation":{"angle":22.5,"axis":"z","origin":[8.5,6.5,7.3505]},"faces":{"north":{"uv":[1,2,16,3],"rotation":270,"texture":"#1"},"east":{"uv":[1,2,16,3],"rotation":270,"texture":"#1"},"south":{"uv":[1,2,16,3],"rotation":270,"texture":"#1"},"down":{"uv":[0,0,1,1],"texture":"#1"}}},{"from":[4.55,2.3,7.6],"to":[5.9,2.5,8.4],"rotation":{"angle":-22.5,"axis":"z","origin":[5.9,2.3,8.1]},"faces":{"north":{"uv":[0,1,2,9],"rotation":270,"texture":"#8"},"south":{"uv":[0,1,2,8],"rotation":270,"texture":"#8"},"up":{"uv":[1,3,4,12],"rotation":90,"texture":"#3"},"down":{"uv":[1,1,0,0],"texture":"#1"}}},{"from":[8.1,3.75,7.75],"to":[8.2,4.7,8.25],"rotation":{"angle":-22.5,"axis":"z","origin":[7,2,10.25]},"faces":{"north":{"uv":[7,7,10,8],"texture":"#3"},"east":{"uv":[2,2,13,3],"rotation":90,"texture":"#3"},"south":{"uv":[6,7,10,8],"rotation":180,"texture":"#3"},"west":{"uv":[10,8,6,7],"rotation":270,"texture":"#3"},"down":{"uv":[7,7,8,8],"rotation":270,"texture":"#3"}}},{"from":[2,5,7.35],"to":[2.8,6.3,8.65],"faces":{"north":{"uv":[9,14,16,10],"rotation":270,"texture":"#1"},"south":{"uv":[9,10,16,14],"rotation":270,"texture":"#1"},"west":{"uv":[0,0,1,1],"texture":"#1"},"down":{"uv":[0.01,0.01,0.01,0.01],"texture":"#1"}}},{"from":[2.8,4.05,7.3505],"to":[3.15,4.36826,8.6495],"rotation":{"angle":22.5,"axis":"z","origin":[2,4.20913,8.0005]},"faces":{"north":{"uv":[0,0,1,1],"texture":"#1"},"south":{"uv":[0,0,1,1],"texture":"#1"},"west":{"uv":[0,0,1,1.0625],"texture":"#1"}}},{"from":[2.8,3.95,7.3505],"to":[3.15,4.46826,8.6495],"rotation":{"angle":45,"axis":"z","origin":[2,4.20913,8.0005]},"faces":{"north":{"uv":[0,0,1,1],"texture":"#1"},"south":{"uv":[0,0,1,1],"texture":"#1"},"west":{"uv":[0,0,1,1.0625],"texture":"#1"}}},{"from":[1.84087,5.00913,7.3505],"to":[2.15913,5.35913,8.6495],"rotation":{"angle":-22.5,"axis":"z","origin":[2,4.20913,8.0005]},"faces":{"north":{"uv":[0,0,1,1],"rotation":90,"texture":"#1"},"south":{"uv":[0,0,1,1],"rotation":270,"texture":"#1"},"down":{"uv":[0,0,1,1.0625],"rotation":270,"texture":"#1"}}},{"from":[0.6,5.7,7.6],"to":[1.6,6.3,8.4],"rotation":{"angle":45,"axis":"z","origin":[1.5,5.5,8.1]},"faces":{"north":{"uv":[5,5,13,13],"rotation":90,"texture":"#3"},"south":{"uv":[5,5,13,13],"texture":"#3"},"west":{"uv":[8,2,16,3],"rotation":90,"texture":"#3"},"up":{"uv":[0,13,16,14],"texture":"#3"},"down":{"uv":[10,5,11,6],"texture":"#4"}}},{"from":[5.9,3.5,7.75],"to":[6.2,4,8.25],"faces":{"north":{"uv":[0,0,1,1],"rotation":270,"texture":"#1"},"east":{"uv":[10,10,16,11],"rotation":270,"texture":"#1"},"south":{"uv":[0,0,1,1],"rotation":90,"texture":"#1"},"west":{"uv":[9.5,8.5,7.5,7.5],"rotation":270,"texture":"#texture"},"down":{"uv":[7.5,11.5,8.5,12],"rotation":270,"texture":"#texture"}}},{"from":[5.9,2.6,7.75],"to":[6.2,4.1,8.25],"rotation":{"angle":22.5,"axis":"z","origin":[5.9,3.5,8.15]},"faces":{"north":{"uv":[0,0,1,1],"rotation":270,"texture":"#1"},"east":{"uv":[15,0,16,7],"rotation":180,"texture":"#8"},"south":{"uv":[0,0,1,1],"rotation":90,"texture":"#1"},"west":{"uv":[0,0,1,1],"rotation":270,"texture":"#1"},"down":{"uv":[0,0,1,1],"rotation":270,"texture":"#1"}}},{"from":[5.1,4.8,7.15],"to":[5.8,5.5,8.85],"rotation":{"angle":45,"axis":"z","origin":[5.25,4.975,7.175]},"faces":{"north":{"uv":[10,10,13,13],"texture":"#1"},"east":{"uv":[1,13,16,14],"rotation":90,"texture":"#3"},"south":{"uv":[10,10,13,13],"rotation":90,"texture":"#1"},"west":{"uv":[12,2,13,13],"texture":"#3"},"up":{"uv":[1,13,16,14],"texture":"#3"},"down":{"uv":[12,1,13,13],"rotation":90,"texture":"#3"}}},{"from":[5.3,5.35,6.85],"to":[5.6,6.25,7.35],"rotation":{"angle":45,"axis":"z","origin":[5.25,4.975,7.175]},"faces":{"north":{"uv":[10,10,16,11],"texture":"#1"},"east":{"uv":[15,0,16,7],"rotation":90,"texture":"#8"},"west":{"uv":[0,0,1,1],"texture":"#1"},"up":{"uv":[8,0,14,1],"texture":"#8"},"down":{"uv":[0,0,1,1],"texture":"#1"}}},{"from":[2.7,8.4,7.5],"to":[4.4,8.95,8.5],"faces":{"north":{"uv":[0,5,2,10],"texture":"#6"},"east":{"uv":[0,5,2,10],"texture":"#6"},"south":{"uv":[0,5,2,10],"texture":"#6"},"west":{"uv":[0,5,2,10],"texture":"#6"},"up":{"uv":[0,0,1,1],"texture":"#1"}}},{"from":[3.35,8.95,7.90054],"to":[3.4,9.7,8.09946],"faces":{"east":{"uv":[7,3,9,9],"texture":"#7"},"west":{"uv":[11,5,5,6.89967],"rotation":270,"texture":"#7"},"up":{"uv":[0.01,0.01,0.01,0.01],"texture":"#3"}}},{"from":[3.35,8.95,7.90054],"to":[3.4,9.7,8.09946],"rotation":{"angle":22.5,"axis":"y","origin":[3.85,9.325,8]},"faces":{"east":{"uv":[7,8,8,9],"texture":"#3"},"west":{"uv":[11,6,12.89967,11],"texture":"#3"},"up":{"uv":[0.01,0.01,0.01,0.01],"texture":"#3"}}},{"from":[3.35,8.95,7.90054],"to":[3.4,9.7,8.09946],"rotation":{"angle":-22.5,"axis":"y","origin":[3.85,9.325,8]},"faces":{"east":{"uv":[7,8,8,9],"texture":"#3"},"west":{"uv":[10,11,4,12.9],"rotation":270,"texture":"#3"},"up":{"uv":[0.01,0.01,0.01,0.01],"texture":"#3"}}},{"from":[3.35,8.95,7.90054],"to":[3.4,9.7,8.09946],"rotation":{"angle":-45,"axis":"y","origin":[3.85,9.325,8]},"faces":{"east":{"uv":[7,7,8,8],"texture":"#3"},"west":{"uv":[11,1,5,3],"rotation":180,"texture":"#3"},"up":{"uv":[0.01,0.01,0.01,0.01],"texture":"#3"}}},{"from":[3.75054,8.95,7.5],"to":[3.94946,9.7,7.55],"rotation":{"angle":22.5,"axis":"y","origin":[3.85,9.325,8]},"faces":{"north":{"uv":[1,3,2.89967,9],"texture":"#3"},"south":{"uv":[6,6,7,7],"texture":"#3"},"up":{"uv":[0.01,0.01,0.01,0.01],"rotation":90,"texture":"#3"}}},{"from":[3.35,8.95,7.90054],"to":[3.4,9.7,8.09946],"rotation":{"angle":45,"axis":"y","origin":[3.85,9.325,8]},"faces":{"east":{"uv":[7,6,8,7],"texture":"#3"},"west":{"uv":[13,4,11,9],"rotation":180,"texture":"#3"},"up":{"uv":[0.01,0.01,0.01,0.01],"texture":"#3"}}},{"from":[3.75054,8.95,7.5],"to":[3.94946,9.7,7.55],"faces":{"north":{"uv":[7,3,8.89967,9],"texture":"#7"},"south":{"uv":[5,5,11,7],"rotation":90,"texture":"#7"},"up":{"uv":[0.01,0.01,0.01,0.01],"rotation":90,"texture":"#3"}}},{"from":[3.75054,8.95,7.5],"to":[3.94946,9.7,7.55],"rotation":{"angle":-22.5,"axis":"y","origin":[3.85,9.325,8]},"faces":{"north":{"uv":[11,6,12.89967,12],"texture":"#3"},"south":{"uv":[8,7,9,8],"texture":"#3"},"up":{"uv":[0.01,0.01,0.01,0.01],"rotation":90,"texture":"#3"}}},{"from":[3.75054,8.95,8.45],"to":[3.94946,9.7,8.5],"rotation":{"angle":-22.5,"axis":"y","origin":[3.85,9.325,8]},"faces":{"north":{"uv":[8,6,7,7],"texture":"#3"},"south":{"uv":[5,11,10,13],"rotation":270,"texture":"#3"},"up":{"uv":[0.01,0.01,0.01,0.01],"rotation":90,"texture":"#3"}}},{"from":[3.75054,8.95,8.45],"to":[3.94946,9.7,8.5],"faces":{"north":{"uv":[11,5,5,7],"rotation":90,"texture":"#7"},"south":{"uv":[5,5,11,6.89967],"rotation":270,"texture":"#7"},"up":{"uv":[0.01,0.01,0.01,0.01],"rotation":90,"texture":"#3"}}},{"from":[3.75054,8.95,8.45],"to":[3.94946,9.7,8.5],"rotation":{"angle":22.5,"axis":"y","origin":[3.85,9.325,8]},"faces":{"north":{"uv":[8,7,7,8],"texture":"#3"},"south":{"uv":[11,6,12.9,12],"texture":"#3"},"up":{"uv":[0.01,0.01,0.01,0.01],"rotation":90,"texture":"#3"}}},{"from":[4.3,8.95,7.90054],"to":[4.35,9.7,8.09946],"rotation":{"angle":45,"axis":"y","origin":[3.85,9.325,8]},"faces":{"east":{"uv":[1,4,2.9,10],"texture":"#3"},"west":{"uv":[7,6,6,7],"texture":"#3"},"up":{"uv":[0.01,0.01,0.01,0.01],"texture":"#3"}}},{"from":[4.3,8.95,7.90054],"to":[4.35,9.7,8.09946],"rotation":{"angle":22.5,"axis":"y","origin":[3.85,9.325,8]},"faces":{"east":{"uv":[1,4,2.9,10],"texture":"#3"},"west":{"uv":[8,6,7,7],"texture":"#3"},"up":{"uv":[0.01,0.01,0.01,0.01],"texture":"#3"}}},{"from":[4.3,8.95,7.90054],"to":[4.35,9.7,8.09946],"faces":{"east":{"uv":[7,3,9,9],"texture":"#7"},"west":{"uv":[9,3,7,9],"texture":"#7"},"up":{"uv":[0.01,0.01,0.01,0.01],"texture":"#3"}}},{"from":[4.3,8.95,7.90054],"to":[4.35,9.7,8.09946],"rotation":{"angle":-22.5,"axis":"y","origin":[3.85,9.325,8]},"faces":{"east":{"uv":[1,3,2.9,10],"texture":"#3"},"west":{"uv":[8,7,7,8],"texture":"#3"},"up":{"uv":[0.01,0.01,0.01,0.01],"texture":"#3"}}},{"from":[4.3,8.95,7.90054],"to":[4.35,9.7,8.09946],"rotation":{"angle":-45,"axis":"y","origin":[3.85,9.325,8]},"faces":{"east":{"uv":[1,5,2.9,12],"texture":"#3"},"west":{"uv":[8,7,7,8],"texture":"#3"},"up":{"uv":[0.01,0.01,0.01,0.01],"texture":"#3"}}},{"from":[2.66424,8.93576,8.4],"to":[3.46424,9.21424,8.5],"faces":{"north":{"uv":[1,0,0,1],"rotation":180,"texture":"#1"},"south":{"uv":[16,13,3,14],"rotation":180,"texture":"#1"},"west":{"uv":[11,2,10,7],"rotation":90,"texture":"#4"}}},{"from":[2.66424,8.93576,8.4],"to":[3.06424,9.21424,8.5],"rotation":{"angle":-22.5,"axis":"z","origin":[3.36424,9.075,8]},"faces":{"north":{"uv":[1,0,0,1],"rotation":180,"texture":"#1"},"south":{"uv":[16,10,10,11],"rotation":180,"texture":"#1"},"west":{"uv":[11,2,10,7],"rotation":90,"texture":"#4"}}},{"from":[3.225,9.225,8.4],"to":[3.50348,9.775,8.5],"rotation":{"angle":45,"axis":"z","origin":[3.36424,9.075,8]},"faces":{"north":{"uv":[0,1,1,0],"rotation":270,"texture":"#1"},"south":{"uv":[10,11,16,10],"rotation":90,"texture":"#1"},"up":{"uv":[11,2,10,7],"rotation":180,"texture":"#4"}}},{"from":[3.225,9.275,8.4],"to":[3.50348,9.775,8.5],"rotation":{"angle":22.5,"axis":"z","origin":[3.36424,9.075,8]},"faces":{"north":{"uv":[0,1,1,0],"rotation":270,"texture":"#1"},"south":{"uv":[10,11,16,10],"rotation":90,"texture":"#1"},"up":{"uv":[11,2,10,7],"rotation":180,"texture":"#4"}}},{"from":[3.225,8.925,8.4],"to":[3.50348,9.775,8.5001],"faces":{"north":{"uv":[0,1,1,0],"rotation":270,"texture":"#1"},"south":{"uv":[10,11,16,10],"rotation":90,"texture":"#1"},"up":{"uv":[11,2,10,7],"rotation":180,"texture":"#4"}}},{"from":[12.5,6.93038,8.25],"to":[21.5,7.06962,8.35],"rotation":{"angle":-22.5,"axis":"x","origin":[17.5,7,8]},"faces":{"north":{"uv":[11.5,13.5,13,16],"rotation":180,"texture":"#1"},"east":{"uv":[10,14,11,16],"rotation":270,"texture":"#8"},"south":{"uv":[15,9,16,10],"texture":"#1"},"west":{"uv":[10,14,11.5,15.5],"rotation":90,"texture":"#texture"}}},{"from":[12.5,6.93038,8.25],"to":[21.5,7.06962,8.35],"faces":{"north":{"uv":[0,2,1,5],"rotation":180,"texture":"#8"},"east":{"uv":[0,5,2,6],"rotation":180,"texture":"#8"},"south":{"uv":[15,9,16,10],"texture":"#1"},"west":{"uv":[10,14,11.5,15.5],"rotation":270,"texture":"#texture"}}},{"from":[12.5,6.93038,8.25],"to":[21.5,7.06962,8.35],"rotation":{"angle":22.5,"axis":"x","origin":[17.5,7,8]},"faces":{"north":{"uv":[2,1,5,2],"rotation":90,"texture":"#8"},"east":{"uv":[0,8,2,9],"rotation":180,"texture":"#8"},"south":{"uv":[15,9,16,10],"texture":"#1"},"west":{"uv":[10,14,11.5,15.5],"rotation":270,"texture":"#texture"}}},{"from":[12.5,7.25,7.93038],"to":[21.5,7.35,8.06962],"rotation":{"angle":45,"axis":"x","origin":[17.5,7,8]},"faces":{"east":{"uv":[10,14,11,16],"texture":"#8"},"west":{"uv":[10,14,11.5,15.5],"texture":"#texture"},"up":{"uv":[15,9,16,10],"rotation":90,"texture":"#1"},"down":{"uv":[11.5,13.5,13,16],"texture":"#1"}}},{"from":[12.5,7.25,7.93038],"to":[21.5,7.35,8.06962],"rotation":{"angle":22.5,"axis":"x","origin":[17.5,7,8]},"faces":{"east":{"uv":[10,14,11,16],"texture":"#8"},"west":{"uv":[10,14,11.5,15.5],"texture":"#texture"},"up":{"uv":[10,10,16,11],"rotation":90,"texture":"#1"},"down":{"uv":[11.5,13.5,13,16],"texture":"#1"}}},{"from":[12.5,7.25,7.93038],"to":[21.5,7.35,8.06962],"faces":{"east":{"uv":[9,14,10,16],"texture":"#8"},"west":{"uv":[10,14,11.5,15.5],"texture":"#texture"},"up":{"uv":[10,10,16,11],"rotation":270,"texture":"#1"},"down":{"uv":[11.5,13.5,13,16],"texture":"#1"}}},{"from":[12.5,7.25,7.93038],"to":[21.5,7.35,8.06962],"rotation":{"angle":-22.5,"axis":"x","origin":[17.5,7,8]},"faces":{"east":{"uv":[10,14,11,16],"texture":"#8"},"west":{"uv":[10,14,11.5,15.5],"texture":"#texture"},"up":{"uv":[15,9,16,10],"texture":"#1"},"down":{"uv":[11.5,13.5,13,16],"texture":"#1"}}},{"from":[12.5,7.25,7.93038],"to":[21.5,7.35,8.06962],"rotation":{"angle":-45,"axis":"x","origin":[17.5,7,8]},"faces":{"east":{"uv":[0,5,2,6],"rotation":270,"texture":"#8"},"west":{"uv":[10,14,11.5,15.5],"texture":"#texture"},"up":{"uv":[15,9,16,10],"texture":"#1"},"down":{"uv":[0,0,1,1],"texture":"#1"}}},{"from":[12.6,7.35,7.25],"to":[19.2,7.8,8.75],"faces":{"north":{"uv":[10,10,16,11],"rotation":90,"texture":"#1"},"east":{"uv":[9,4.5,10,5.5],"texture":"#1"},"south":{"uv":[10,10,16,11],"rotation":90,"texture":"#1"},"up":{"uv":[0,0,7,0.5],"texture":"#1"},"down":{"uv":[0,0,7,0.5],"texture":"#1"}}},{"from":[18.6,7.80054,8.1],"to":[19.2,8.39946,8.5],"rotation":{"angle":22.5,"axis":"x","origin":[9.65,8.3,8]},"faces":{"east":{"uv":[7.5,7,8.4375,8],"rotation":90,"texture":"#1"},"south":{"uv":[15,10,16,11],"texture":"#1"},"west":{"uv":[7.5625,7,8.5,8],"rotation":270,"texture":"#1"}}},{"from":[18.6,7.80054,7.5],"to":[19.2,8.39946,7.9],"rotation":{"angle":-22.5,"axis":"x","origin":[9.65,8.3,8]},"faces":{"north":{"uv":[16,9,15,10.5],"texture":"#1"},"east":{"uv":[7.5,8,8.4375,7],"rotation":90,"texture":"#1"},"west":{"uv":[7.5625,8,8.5,7],"rotation":270,"texture":"#1"}}},{"from":[18.6,8.20054,8.2],"to":[19.2,8.39946,8.5],"rotation":{"angle":-22.5,"axis":"x","origin":[9.65,8.3,8]},"faces":{"east":{"uv":[7.5,8,8.4375,7],"rotation":90,"texture":"#1"},"south":{"uv":[10,10,14,11],"rotation":90,"texture":"#1"},"west":{"uv":[7.5625,8,8.5,7],"rotation":270,"texture":"#1"}}},{"from":[12.6,7.2,8.6],"to":[19.2,7.55,8.9],"faces":{"north":{"uv":[0.01,0.01,0.01,0.01],"texture":"#1"},"east":{"uv":[9,4.5,10,5.5],"texture":"#1"},"south":{"uv":[9,10,16,11],"rotation":90,"texture":"#1"},"up":{"uv":[0,0,7,0.5],"texture":"#1"},"down":{"uv":[0,0,7,0.5],"texture":"#1"}}},{"from":[12.6,6.5,8.6],"to":[19.2,6.85,8.9],"faces":{"north":{"uv":[0.01,0.01,0.01,0.01],"texture":"#1"},"east":{"uv":[9,4.5,10,5.5],"texture":"#1"},"south":{"uv":[9,10,16,11],"rotation":90,"texture":"#1"},"up":{"uv":[0,0,7,0.5],"texture":"#1"},"down":{"uv":[0,0,7,0.5],"texture":"#1"}}},{"from":[13.3,6.85,8.7],"to":[13.6,7.2,8.8],"faces":{"east":{"uv":[9,10,11,11],"rotation":180,"texture":"#1"},"south":{"uv":[0,1,6,2],"texture":"#6"},"west":{"uv":[9,10,11,11],"texture":"#1"}}},{"from":[18.3,6.85,8.7],"to":[19.2,7.2,8.8],"faces":{"east":{"uv":[9,4.5,10,5.5],"texture":"#1"},"south":{"uv":[0,5,16,6],"texture":"#1"},"west":{"uv":[9,10,11,11],"texture":"#1"}}},{"from":[13.5,7.2,8.9],"to":[13.8,7.5,9.05],"faces":{"east":{"uv":[15,4,16,9],"rotation":180,"texture":"#8"},"south":{"uv":[15,4,16,9],"rotation":180,"texture":"#8"},"west":{"uv":[15,4,16,9],"rotation":180,"texture":"#8"},"up":{"uv":[10,10,13,11],"rotation":270,"texture":"#1"},"down":{"uv":[9,4.5,10,6],"texture":"#1"}}},{"from":[12.6,6.1,7.5],"to":[19.2,6.4,7.85],"faces":{"north":{"uv":[0,0,7,0.5],"rotation":180,"texture":"#1"},"east":{"uv":[9,4.5,10,5.5],"rotation":270,"texture":"#1"},"south":{"uv":[0,0,7,0.5],"texture":"#1"},"up":{"uv":[0.01,0.01,0.01,0.01],"rotation":180,"texture":"#1"},"down":{"uv":[0,0,7,1],"texture":"#1"}}},{"from":[12.6,6.1,8.2],"to":[19.2,6.4,8.55],"faces":{"north":{"uv":[0,0,7,0.5],"rotation":180,"texture":"#1"},"east":{"uv":[9,4.5,10,5.5],"rotation":270,"texture":"#1"},"south":{"uv":[0,0,7,0.5],"texture":"#1"},"up":{"uv":[0.01,0.01,0.01,0.01],"rotation":180,"texture":"#1"},"down":{"uv":[0,0,7,1],"texture":"#1"}}},{"from":[12.6,7.2,7.1],"to":[19.2,7.55,7.4],"faces":{"north":{"uv":[16,10,9,11],"rotation":270,"texture":"#1"},"east":{"uv":[10,4.5,9,5.5],"texture":"#1"},"south":{"uv":[0.01,0.01,0.01,0.01],"texture":"#1"},"up":{"uv":[0,0.5,7,0],"texture":"#1"},"down":{"uv":[0,0.5,7,0],"texture":"#1"}}},{"from":[12.6,6.5,7.1],"to":[19.2,6.85,7.4],"faces":{"north":{"uv":[16,10,9,11],"rotation":270,"texture":"#1"},"east":{"uv":[10,4.5,9,5.5],"texture":"#1"},"south":{"uv":[0.01,0.01,0.01,0.01],"texture":"#1"},"up":{"uv":[0,0.5,7,0],"texture":"#1"},"down":{"uv":[0,0.5,7,0],"texture":"#1"}}},{"from":[1.3,5.3,7.499],"to":[1.7,5.7,8.501],"faces":{"north":{"uv":[6,4,8,9],"texture":"#4"},"south":{"uv":[6,4,8,9],"texture":"#4"}}},{"from":[2.9,9.1,7.499],"to":[3.1,9.3,8.501],"rotation":{"angle":22.5,"axis":"z","origin":[3.1,9.1,8]},"faces":{"north":{"uv":[6,4,8,9],"texture":"#4"},"south":{"uv":[6,4,8,9],"texture":"#4"}}},{"from":[2.66424,8.93576,7.5],"to":[3.46424,9.21424,7.6],"faces":{"north":{"uv":[3,13,16,14],"rotation":180,"texture":"#1"},"south":{"uv":[0,0,1,1],"rotation":180,"texture":"#1"},"west":{"uv":[11,7,10,2],"rotation":90,"texture":"#4"}}},{"from":[2.66424,8.93576,7.5],"to":[3.06424,9.21424,7.6],"rotation":{"angle":-22.5,"axis":"z","origin":[3.36424,9.075,8]},"faces":{"north":{"uv":[10,10,16,11],"rotation":180,"texture":"#1"},"south":{"uv":[0,0,1,1],"rotation":180,"texture":"#1"},"west":{"uv":[11,7,10,2],"rotation":90,"texture":"#4"}}},{"from":[3.225,9.225,7.5],"to":[3.50348,9.775,7.6],"rotation":{"angle":45,"axis":"z","origin":[3.36424,9.075,8]},"faces":{"north":{"uv":[10,10,16,11],"rotation":90,"texture":"#1"},"south":{"uv":[0,0,1,1],"rotation":270,"texture":"#1"},"up":{"uv":[11,7,10,2],"rotation":180,"texture":"#4"}}},{"from":[3.225,9.275,7.5],"to":[3.50348,9.775,7.6],"rotation":{"angle":22.5,"axis":"z","origin":[3.36424,9.075,8]},"faces":{"north":{"uv":[10,10,16,11],"rotation":90,"texture":"#1"},"south":{"uv":[0,0,1,1],"rotation":270,"texture":"#1"},"up":{"uv":[11,7,10,2],"rotation":180,"texture":"#4"}}},{"from":[3.225,8.925,7.4999],"to":[3.50348,9.775,7.6],"faces":{"north":{"uv":[10,10,16,11],"rotation":90,"texture":"#1"},"south":{"uv":[0,0,1,1],"rotation":270,"texture":"#1"},"up":{"uv":[11,7,10,2],"rotation":180,"texture":"#4"}}},{"from":[19.499,9.45,7.90054],"to":[19.699,9.55,8.09946],"faces":{"west":{"uv":[6,0,10,4],"texture":"#a"}}},{"from":[14.3,6.85,8.7],"to":[14.6,7.2,8.8],"faces":{"east":{"uv":[9,10,11,11],"rotation":180,"texture":"#1"},"south":{"uv":[0,1,6,2],"texture":"#6"},"west":{"uv":[9,10,11,11],"texture":"#1"}}},{"from":[15.3,6.85,8.7],"to":[15.6,7.2,8.8],"faces":{"east":{"uv":[9,10,11,11],"rotation":180,"texture":"#1"},"south":{"uv":[0,1,6,2],"texture":"#6"},"west":{"uv":[9,10,11,11],"texture":"#1"}}},{"from":[16.3,6.85,8.7],"to":[16.6,7.2,8.8],"faces":{"east":{"uv":[9,10,11,11],"rotation":180,"texture":"#1"},"south":{"uv":[0,1,6,2],"texture":"#6"},"west":{"uv":[9,10,11,11],"texture":"#1"}}},{"from":[17.3,6.85,8.7],"to":[17.6,7.2,8.8],"faces":{"east":{"uv":[9,10,11,11],"rotation":180,"texture":"#1"},"south":{"uv":[0,1,6,2],"texture":"#6"},"west":{"uv":[9,10,11,11],"texture":"#1"}}},{"from":[14,7.2,8.9],"to":[14.3,7.5,9.05],"faces":{"east":{"uv":[15,4,16,9],"rotation":180,"texture":"#8"},"south":{"uv":[15,4,16,9],"rotation":180,"texture":"#8"},"west":{"uv":[15,4,16,9],"rotation":180,"texture":"#8"},"up":{"uv":[10,10,13,11],"rotation":270,"texture":"#1"},"down":{"uv":[9,4.5,10,6],"texture":"#1"}}},{"from":[14.5,7.2,8.9],"to":[14.8,7.5,9.05],"faces":{"east":{"uv":[15,4,16,9],"rotation":180,"texture":"#8"},"south":{"uv":[15,4,16,9],"rotation":180,"texture":"#8"},"west":{"uv":[15,4,16,9],"rotation":180,"texture":"#8"},"up":{"uv":[10,10,13,11],"rotation":270,"texture":"#1"},"down":{"uv":[9,4.5,10,6],"texture":"#1"}}},{"from":[15,7.2,8.9],"to":[15.3,7.5,9.05],"faces":{"east":{"uv":[15,4,16,9],"rotation":180,"texture":"#8"},"south":{"uv":[15,4,16,9],"rotation":180,"texture":"#8"},"west":{"uv":[15,4,16,9],"rotation":180,"texture":"#8"},"up":{"uv":[10,10,13,11],"rotation":270,"texture":"#1"},"down":{"uv":[9,4.5,10,6],"texture":"#1"}}},{"from":[15.5,7.2,8.9],"to":[15.8,7.5,9.05],"faces":{"east":{"uv":[15,4,16,9],"rotation":180,"texture":"#8"},"south":{"uv":[15,4,16,9],"rotation":180,"texture":"#8"},"west":{"uv":[15,4,16,9],"rotation":180,"texture":"#8"},"up":{"uv":[10,10,13,11],"rotation":270,"texture":"#1"},"down":{"uv":[9,4.5,10,6],"texture":"#1"}}},{"from":[16,7.2,8.9],"to":[16.3,7.5,9.05],"faces":{"east":{"uv":[15,4,16,9],"rotation":180,"texture":"#8"},"south":{"uv":[15,4,16,9],"rotation":180,"texture":"#8"},"west":{"uv":[15,4,16,9],"rotation":180,"texture":"#8"},"up":{"uv":[10,10,13,11],"rotation":270,"texture":"#1"},"down":{"uv":[9,4.5,10,6],"texture":"#1"}}},{"from":[16.5,7.2,8.9],"to":[16.8,7.5,9.05],"faces":{"east":{"uv":[15,4,16,9],"rotation":180,"texture":"#8"},"south":{"uv":[15,4,16,9],"rotation":180,"texture":"#8"},"west":{"uv":[15,4,16,9],"rotation":180,"texture":"#8"},"up":{"uv":[10,10,13,11],"rotation":270,"texture":"#1"},"down":{"uv":[9,4.5,10,6],"texture":"#1"}}},{"from":[17,7.2,8.9],"to":[17.3,7.5,9.05],"faces":{"east":{"uv":[15,4,16,9],"rotation":180,"texture":"#8"},"south":{"uv":[15,4,16,9],"rotation":180,"texture":"#8"},"west":{"uv":[15,4,16,9],"rotation":180,"texture":"#8"},"up":{"uv":[10,10,13,11],"rotation":270,"texture":"#1"},"down":{"uv":[9,4.5,10,6],"texture":"#1"}}},{"from":[17.5,7.2,8.9],"to":[17.8,7.5,9.05],"faces":{"east":{"uv":[15,4,16,9],"rotation":180,"texture":"#8"},"south":{"uv":[15,4,16,9],"rotation":180,"texture":"#8"},"west":{"uv":[15,4,16,9],"rotation":180,"texture":"#8"},"up":{"uv":[10,10,13,11],"rotation":270,"texture":"#1"},"down":{"uv":[9,4.5,10,6],"texture":"#1"}}},{"from":[18,7.2,8.9],"to":[18.3,7.5,9.05],"faces":{"east":{"uv":[15,4,16,9],"rotation":180,"texture":"#8"},"south":{"uv":[15,4,16,9],"rotation":180,"texture":"#8"},"west":{"uv":[15,4,16,9],"rotation":180,"texture":"#8"},"up":{"uv":[10,10,13,11],"rotation":270,"texture":"#1"},"down":{"uv":[9,4.5,10,6],"texture":"#1"}}},{"from":[13.5,6.5,8.9],"to":[13.8,6.8,9.05],"faces":{"east":{"uv":[15,4,16,9],"rotation":180,"texture":"#8"},"south":{"uv":[15,4,16,9],"rotation":180,"texture":"#8"},"west":{"uv":[15,4,16,9],"rotation":180,"texture":"#8"},"up":{"uv":[10,10,13,11],"rotation":270,"texture":"#1"},"down":{"uv":[9,4.5,10,6],"texture":"#1"}}},{"from":[14,6.5,8.9],"to":[14.3,6.8,9.05],"faces":{"east":{"uv":[15,4,16,9],"rotation":180,"texture":"#8"},"south":{"uv":[15,4,16,9],"rotation":180,"texture":"#8"},"west":{"uv":[15,4,16,9],"rotation":180,"texture":"#8"},"up":{"uv":[10,10,13,11],"rotation":270,"texture":"#1"},"down":{"uv":[9,4.5,10,6],"texture":"#1"}}},{"from":[14.5,6.5,8.9],"to":[14.8,6.8,9.05],"faces":{"east":{"uv":[15,4,16,9],"rotation":180,"texture":"#8"},"south":{"uv":[15,4,16,9],"rotation":180,"texture":"#8"},"west":{"uv":[15,4,16,9],"rotation":180,"texture":"#8"},"up":{"uv":[10,10,13,11],"rotation":270,"texture":"#1"},"down":{"uv":[9,4.5,10,6],"texture":"#1"}}},{"from":[15,6.5,8.9],"to":[15.3,6.8,9.05],"faces":{"east":{"uv":[15,4,16,9],"rotation":180,"texture":"#8"},"south":{"uv":[15,4,16,9],"rotation":180,"texture":"#8"},"west":{"uv":[15,4,16,9],"rotation":180,"texture":"#8"},"up":{"uv":[10,10,13,11],"rotation":270,"texture":"#1"},"down":{"uv":[9,4.5,10,6],"texture":"#1"}}},{"from":[15.5,6.5,8.9],"to":[15.8,6.8,9.05],"faces":{"east":{"uv":[15,4,16,9],"rotation":180,"texture":"#8"},"south":{"uv":[15,4,16,9],"rotation":180,"texture":"#8"},"west":{"uv":[15,4,16,9],"rotation":180,"texture":"#8"},"up":{"uv":[10,10,13,11],"rotation":270,"texture":"#1"},"down":{"uv":[9,4.5,10,6],"texture":"#1"}}},{"from":[16,6.5,8.9],"to":[16.3,6.8,9.05],"faces":{"east":{"uv":[15,4,16,9],"rotation":180,"texture":"#8"},"south":{"uv":[15,4,16,9],"rotation":180,"texture":"#8"},"west":{"uv":[15,4,16,9],"rotation":180,"texture":"#8"},"up":{"uv":[10,10,13,11],"rotation":270,"texture":"#1"},"down":{"uv":[9,4.5,10,6],"texture":"#1"}}},{"from":[16.5,6.5,8.9],"to":[16.8,6.8,9.05],"faces":{"east":{"uv":[15,4,16,9],"rotation":180,"texture":"#8"},"south":{"uv":[15,4,16,9],"rotation":180,"texture":"#8"},"west":{"uv":[15,4,16,9],"rotation":180,"texture":"#8"},"up":{"uv":[10,10,13,11],"rotation":270,"texture":"#1"},"down":{"uv":[9,4.5,10,6],"texture":"#1"}}},{"from":[17,6.5,8.9],"to":[17.3,6.8,9.05],"faces":{"east":{"uv":[15,4,16,9],"rotation":180,"texture":"#8"},"south":{"uv":[15,4,16,9],"rotation":180,"texture":"#8"},"west":{"uv":[15,4,16,9],"rotation":180,"texture":"#8"},"up":{"uv":[10,10,13,11],"rotation":270,"texture":"#1"},"down":{"uv":[9,4.5,10,6],"texture":"#1"}}},{"from":[17.5,6.5,8.9],"to":[17.8,6.8,9.05],"faces":{"east":{"uv":[15,4,16,9],"rotation":180,"texture":"#8"},"south":{"uv":[15,4,16,9],"rotation":180,"texture":"#8"},"west":{"uv":[15,4,16,9],"rotation":180,"texture":"#8"},"up":{"uv":[10,10,13,11],"rotation":270,"texture":"#1"},"down":{"uv":[9,4.5,10,6],"texture":"#1"}}},{"from":[18,6.5,8.9],"to":[18.3,6.8,9.05],"faces":{"east":{"uv":[15,4,16,9],"rotation":180,"texture":"#8"},"south":{"uv":[15,4,16,9],"rotation":180,"texture":"#8"},"west":{"uv":[15,4,16,9],"rotation":180,"texture":"#8"},"up":{"uv":[10,10,13,11],"rotation":270,"texture":"#1"},"down":{"uv":[9,4.5,10,6],"texture":"#1"}}},{"from":[18.3,6.85,7.2],"to":[19.2,7.2,7.3],"faces":{"north":{"uv":[16,5,0,6],"texture":"#1"},"east":{"uv":[10,4.5,9,5.5],"texture":"#1"},"west":{"uv":[11,10,9,11],"texture":"#1"}}},{"from":[18,6.5,6.95],"to":[18.3,6.8,7.1],"faces":{"north":{"uv":[16,4,15,9],"rotation":180,"texture":"#8"},"east":{"uv":[16,4,15,9],"rotation":180,"texture":"#8"},"west":{"uv":[16,4,15,9],"rotation":180,"texture":"#8"},"up":{"uv":[13,10,10,11],"rotation":270,"texture":"#1"},"down":{"uv":[9,6,10,4.5],"texture":"#1"}}},{"from":[18,7.2,6.95],"to":[18.3,7.5,7.1],"faces":{"north":{"uv":[16,4,15,9],"rotation":180,"texture":"#8"},"east":{"uv":[16,4,15,9],"rotation":180,"texture":"#8"},"west":{"uv":[16,4,15,9],"rotation":180,"texture":"#8"},"up":{"uv":[13,10,10,11],"rotation":270,"texture":"#1"},"down":{"uv":[9,6,10,4.5],"texture":"#1"}}},{"from":[17.5,6.5,6.95],"to":[17.8,6.8,7.1],"faces":{"north":{"uv":[16,4,15,9],"rotation":180,"texture":"#8"},"east":{"uv":[16,4,15,9],"rotation":180,"texture":"#8"},"west":{"uv":[16,4,15,9],"rotation":180,"texture":"#8"},"up":{"uv":[13,10,10,11],"rotation":270,"texture":"#1"},"down":{"uv":[9,6,10,4.5],"texture":"#1"}}},{"from":[17.5,7.2,6.95],"to":[17.8,7.5,7.1],"faces":{"north":{"uv":[16,4,15,9],"rotation":180,"texture":"#8"},"east":{"uv":[16,4,15,9],"rotation":180,"texture":"#8"},"west":{"uv":[16,4,15,9],"rotation":180,"texture":"#8"},"up":{"uv":[13,10,10,11],"rotation":270,"texture":"#1"},"down":{"uv":[9,6,10,4.5],"texture":"#1"}}},{"from":[17.3,6.85,7.2],"to":[17.6,7.2,7.3],"faces":{"north":{"uv":[6,1,0,2],"texture":"#6"},"east":{"uv":[11,10,9,11],"rotation":180,"texture":"#1"},"west":{"uv":[11,10,9,11],"texture":"#1"}}},{"from":[17,6.5,6.95],"to":[17.3,6.8,7.1],"faces":{"north":{"uv":[16,4,15,9],"rotation":180,"texture":"#8"},"east":{"uv":[16,4,15,9],"rotation":180,"texture":"#8"},"west":{"uv":[16,4,15,9],"rotation":180,"texture":"#8"},"up":{"uv":[13,10,10,11],"rotation":270,"texture":"#1"},"down":{"uv":[9,6,10,4.5],"texture":"#1"}}},{"from":[17,7.2,6.95],"to":[17.3,7.5,7.1],"faces":{"north":{"uv":[16,4,15,9],"rotation":180,"texture":"#8"},"east":{"uv":[16,4,15,9],"rotation":180,"texture":"#8"},"west":{"uv":[16,4,15,9],"rotation":180,"texture":"#8"},"up":{"uv":[13,10,10,11],"rotation":270,"texture":"#1"},"down":{"uv":[9,6,10,4.5],"texture":"#1"}}},{"from":[16.5,6.5,6.95],"to":[16.8,6.8,7.1],"faces":{"north":{"uv":[16,4,15,9],"rotation":180,"texture":"#8"},"east":{"uv":[16,4,15,9],"rotation":180,"texture":"#8"},"west":{"uv":[16,4,15,9],"rotation":180,"texture":"#8"},"up":{"uv":[13,10,10,11],"rotation":270,"texture":"#1"},"down":{"uv":[9,6,10,4.5],"texture":"#1"}}},{"from":[16.5,7.2,6.95],"to":[16.8,7.5,7.1],"faces":{"north":{"uv":[16,4,15,9],"rotation":180,"texture":"#8"},"east":{"uv":[16,4,15,9],"rotation":180,"texture":"#8"},"west":{"uv":[16,4,15,9],"rotation":180,"texture":"#8"},"up":{"uv":[13,10,10,11],"rotation":270,"texture":"#1"},"down":{"uv":[9,6,10,4.5],"texture":"#1"}}},{"from":[16.3,6.85,7.2],"to":[16.6,7.2,7.3],"faces":{"north":{"uv":[6,1,0,2],"texture":"#6"},"east":{"uv":[11,10,9,11],"rotation":180,"texture":"#1"},"west":{"uv":[11,10,9,11],"texture":"#1"}}},{"from":[16,7.2,6.95],"to":[16.3,7.5,7.1],"faces":{"north":{"uv":[16,4,15,9],"rotation":180,"texture":"#8"},"east":{"uv":[16,4,15,9],"rotation":180,"texture":"#8"},"west":{"uv":[16,4,15,9],"rotation":180,"texture":"#8"},"up":{"uv":[13,10,10,11],"rotation":270,"texture":"#1"},"down":{"uv":[9,6,10,4.5],"texture":"#1"}}},{"from":[16,6.5,6.95],"to":[16.3,6.8,7.1],"faces":{"north":{"uv":[16,4,15,9],"rotation":180,"texture":"#8"},"east":{"uv":[16,4,15,9],"rotation":180,"texture":"#8"},"west":{"uv":[16,4,15,9],"rotation":180,"texture":"#8"},"up":{"uv":[13,10,10,11],"rotation":270,"texture":"#1"},"down":{"uv":[9,6,10,4.5],"texture":"#1"}}},{"from":[15.5,7.2,6.95],"to":[15.8,7.5,7.1],"faces":{"north":{"uv":[16,4,15,9],"rotation":180,"texture":"#8"},"east":{"uv":[16,4,15,9],"rotation":180,"texture":"#8"},"west":{"uv":[16,4,15,9],"rotation":180,"texture":"#8"},"up":{"uv":[13,10,10,11],"rotation":270,"texture":"#1"},"down":{"uv":[9,6,10,4.5],"texture":"#1"}}},{"from":[15.5,6.5,6.95],"to":[15.8,6.8,7.1],"faces":{"north":{"uv":[16,4,15,9],"rotation":180,"texture":"#8"},"east":{"uv":[16,4,15,9],"rotation":180,"texture":"#8"},"west":{"uv":[16,4,15,9],"rotation":180,"texture":"#8"},"up":{"uv":[13,10,10,11],"rotation":270,"texture":"#1"},"down":{"uv":[9,6,10,4.5],"texture":"#1"}}},{"from":[15.3,6.85,7.2],"to":[15.6,7.2,7.3],"faces":{"north":{"uv":[6,1,0,2],"texture":"#6"},"east":{"uv":[11,10,9,11],"rotation":180,"texture":"#1"},"west":{"uv":[11,10,9,11],"texture":"#1"}}},{"from":[15,7.2,6.95],"to":[15.3,7.5,7.1],"faces":{"north":{"uv":[16,4,15,9],"rotation":180,"texture":"#8"},"east":{"uv":[16,4,15,9],"rotation":180,"texture":"#8"},"west":{"uv":[16,4,15,9],"rotation":180,"texture":"#8"},"up":{"uv":[13,10,10,11],"rotation":270,"texture":"#1"},"down":{"uv":[9,6,10,4.5],"texture":"#1"}}},{"from":[15,6.5,6.95],"to":[15.3,6.8,7.1],"faces":{"north":{"uv":[16,4,15,9],"rotation":180,"texture":"#8"},"east":{"uv":[16,4,15,9],"rotation":180,"texture":"#8"},"west":{"uv":[16,4,15,9],"rotation":180,"texture":"#8"},"up":{"uv":[13,10,10,11],"rotation":270,"texture":"#1"},"down":{"uv":[9,6,10,4.5],"texture":"#1"}}},{"from":[14.5,7.2,6.95],"to":[14.8,7.5,7.1],"faces":{"north":{"uv":[16,4,15,9],"rotation":180,"texture":"#8"},"east":{"uv":[16,4,15,9],"rotation":180,"texture":"#8"},"west":{"uv":[16,4,15,9],"rotation":180,"texture":"#8"},"up":{"uv":[13,10,10,11],"rotation":270,"texture":"#1"},"down":{"uv":[9,6,10,4.5],"texture":"#1"}}},{"from":[14.3,6.85,7.2],"to":[14.6,7.2,7.3],"faces":{"north":{"uv":[6,1,0,2],"texture":"#6"},"east":{"uv":[11,10,9,11],"rotation":180,"texture":"#1"},"west":{"uv":[11,10,9,11],"texture":"#1"}}},{"from":[14.5,6.5,6.95],"to":[14.8,6.8,7.1],"faces":{"north":{"uv":[16,4,15,9],"rotation":180,"texture":"#8"},"east":{"uv":[16,4,15,9],"rotation":180,"texture":"#8"},"west":{"uv":[16,4,15,9],"rotation":180,"texture":"#8"},"up":{"uv":[13,10,10,11],"rotation":270,"texture":"#1"},"down":{"uv":[9,6,10,4.5],"texture":"#1"}}},{"from":[14,6.5,6.95],"to":[14.3,6.8,7.1],"faces":{"north":{"uv":[16,4,15,9],"rotation":180,"texture":"#8"},"east":{"uv":[16,4,15,9],"rotation":180,"texture":"#8"},"west":{"uv":[16,4,15,9],"rotation":180,"texture":"#8"},"up":{"uv":[13,10,10,11],"rotation":270,"texture":"#1"},"down":{"uv":[9,6,10,4.5],"texture":"#1"}}},{"from":[14,7.2,6.95],"to":[14.3,7.5,7.1],"faces":{"north":{"uv":[16,4,15,9],"rotation":180,"texture":"#8"},"east":{"uv":[16,4,15,9],"rotation":180,"texture":"#8"},"west":{"uv":[16,4,15,9],"rotation":180,"texture":"#8"},"up":{"uv":[13,10,10,11],"rotation":270,"texture":"#1"},"down":{"uv":[9,6,10,4.5],"texture":"#1"}}},{"from":[13.5,6.5,6.95],"to":[13.8,6.8,7.1],"faces":{"north":{"uv":[16,4,15,9],"rotation":180,"texture":"#8"},"east":{"uv":[16,4,15,9],"rotation":180,"texture":"#8"},"west":{"uv":[16,4,15,9],"rotation":180,"texture":"#8"},"up":{"uv":[13,10,10,11],"rotation":270,"texture":"#1"},"down":{"uv":[9,6,10,4.5],"texture":"#1"}}},{"from":[13.5,7.2,6.95],"to":[13.8,7.5,7.1],"faces":{"north":{"uv":[16,4,15,9],"rotation":180,"texture":"#8"},"east":{"uv":[16,4,15,9],"rotation":180,"texture":"#8"},"west":{"uv":[16,4,15,9],"rotation":180,"texture":"#8"},"up":{"uv":[13,10,10,11],"rotation":270,"texture":"#1"},"down":{"uv":[9,6,10,4.5],"texture":"#1"}}},{"from":[13.3,6.85,7.2],"to":[13.6,7.2,7.3],"faces":{"north":{"uv":[6,1,0,2],"texture":"#6"},"east":{"uv":[11,10,9,11],"rotation":180,"texture":"#1"},"west":{"uv":[11,10,9,11],"texture":"#1"}}},{"from":[18.3,6.2,7.85],"to":[19.2,6.3,8.2],"faces":{"east":{"uv":[9,4.5,10,5.5],"rotation":270,"texture":"#1"},"west":{"uv":[9,10,11,11],"rotation":90,"texture":"#1"},"down":{"uv":[0,5,16,6],"texture":"#1"}}},{"from":[18,5.95,8.2],"to":[18.3,6.1,8.5],"faces":{"north":{"uv":[9,4.5,10,6],"rotation":180,"texture":"#1"},"east":{"uv":[15,4,16,9],"rotation":90,"texture":"#8"},"south":{"uv":[10,10,13,11],"rotation":270,"texture":"#1"},"west":{"uv":[15,4,16,9],"rotation":270,"texture":"#8"},"down":{"uv":[15,4,16,9],"rotation":180,"texture":"#8"}}},{"from":[17.5,5.95,8.2],"to":[17.8,6.1,8.5],"faces":{"north":{"uv":[9,4.5,10,6],"rotation":180,"texture":"#1"},"east":{"uv":[15,4,16,9],"rotation":90,"texture":"#8"},"south":{"uv":[10,10,13,11],"rotation":270,"texture":"#1"},"west":{"uv":[15,4,16,9],"rotation":270,"texture":"#8"},"down":{"uv":[15,4,16,9],"rotation":180,"texture":"#8"}}},{"from":[17.3,6.2,7.85],"to":[17.6,6.3,8.2],"faces":{"east":{"uv":[9,10,11,11],"rotation":90,"texture":"#1"},"west":{"uv":[9,10,11,11],"rotation":90,"texture":"#1"},"down":{"uv":[0,1,6,2],"texture":"#6"}}},{"from":[17,5.95,8.2],"to":[17.3,6.1,8.5],"faces":{"north":{"uv":[9,4.5,10,6],"rotation":180,"texture":"#1"},"east":{"uv":[15,4,16,9],"rotation":90,"texture":"#8"},"south":{"uv":[10,10,13,11],"rotation":270,"texture":"#1"},"west":{"uv":[15,4,16,9],"rotation":270,"texture":"#8"},"down":{"uv":[15,4,16,9],"rotation":180,"texture":"#8"}}},{"from":[16.5,5.95,8.2],"to":[16.8,6.1,8.5],"faces":{"north":{"uv":[9,4.5,10,6],"rotation":180,"texture":"#1"},"east":{"uv":[15,4,16,9],"rotation":90,"texture":"#8"},"south":{"uv":[10,10,13,11],"rotation":270,"texture":"#1"},"west":{"uv":[15,4,16,9],"rotation":270,"texture":"#8"},"down":{"uv":[15,4,16,9],"rotation":180,"texture":"#8"}}},{"from":[16,5.95,8.2],"to":[16.3,6.1,8.5],"faces":{"north":{"uv":[9,4.5,10,6],"rotation":180,"texture":"#1"},"east":{"uv":[15,4,16,9],"rotation":90,"texture":"#8"},"south":{"uv":[10,10,13,11],"rotation":270,"texture":"#1"},"west":{"uv":[15,4,16,9],"rotation":270,"texture":"#8"},"down":{"uv":[15,4,16,9],"rotation":180,"texture":"#8"}}},{"from":[16.3,6.2,7.85],"to":[16.6,6.3,8.2],"faces":{"east":{"uv":[9,10,11,11],"rotation":90,"texture":"#1"},"west":{"uv":[9,10,11,11],"rotation":90,"texture":"#1"},"down":{"uv":[0,1,6,2],"texture":"#6"}}},{"from":[15.5,5.95,8.2],"to":[15.8,6.1,8.5],"faces":{"north":{"uv":[9,4.5,10,6],"rotation":180,"texture":"#1"},"east":{"uv":[15,4,16,9],"rotation":90,"texture":"#8"},"south":{"uv":[10,10,13,11],"rotation":270,"texture":"#1"},"west":{"uv":[15,4,16,9],"rotation":270,"texture":"#8"},"down":{"uv":[15,4,16,9],"rotation":180,"texture":"#8"}}},{"from":[15.3,6.2,7.85],"to":[15.6,6.3,8.2],"faces":{"east":{"uv":[9,10,11,11],"rotation":90,"texture":"#1"},"west":{"uv":[9,10,11,11],"rotation":90,"texture":"#1"},"down":{"uv":[0,1,6,2],"texture":"#6"}}},{"from":[15,5.95,8.2],"to":[15.3,6.1,8.5],"faces":{"north":{"uv":[9,4.5,10,6],"rotation":180,"texture":"#1"},"east":{"uv":[15,4,16,9],"rotation":90,"texture":"#8"},"south":{"uv":[10,10,13,11],"rotation":270,"texture":"#1"},"west":{"uv":[15,4,16,9],"rotation":270,"texture":"#8"},"down":{"uv":[15,4,16,9],"rotation":180,"texture":"#8"}}},{"from":[14.5,5.95,8.2],"to":[14.8,6.1,8.5],"faces":{"north":{"uv":[9,4.5,10,6],"rotation":180,"texture":"#1"},"east":{"uv":[15,4,16,9],"rotation":90,"texture":"#8"},"south":{"uv":[10,10,13,11],"rotation":270,"texture":"#1"},"west":{"uv":[15,4,16,9],"rotation":270,"texture":"#8"},"down":{"uv":[15,4,16,9],"rotation":180,"texture":"#8"}}},{"from":[14.3,6.2,7.85],"to":[14.6,6.3,8.2],"faces":{"east":{"uv":[9,10,11,11],"rotation":90,"texture":"#1"},"west":{"uv":[9,10,11,11],"rotation":90,"texture":"#1"},"down":{"uv":[0,1,6,2],"texture":"#6"}}},{"from":[14,5.95,8.2],"to":[14.3,6.1,8.5],"faces":{"north":{"uv":[9,4.5,10,6],"rotation":180,"texture":"#1"},"east":{"uv":[15,4,16,9],"rotation":90,"texture":"#8"},"south":{"uv":[10,10,13,11],"rotation":270,"texture":"#1"},"west":{"uv":[15,4,16,9],"rotation":270,"texture":"#8"},"down":{"uv":[15,4,16,9],"rotation":180,"texture":"#8"}}},{"from":[13.5,5.95,8.2],"to":[13.8,6.1,8.5],"faces":{"north":{"uv":[9,4.5,10,6],"rotation":180,"texture":"#1"},"east":{"uv":[15,4,16,9],"rotation":90,"texture":"#8"},"south":{"uv":[10,10,13,11],"rotation":270,"texture":"#1"},"west":{"uv":[15,4,16,9],"rotation":270,"texture":"#8"},"down":{"uv":[15,4,16,9],"rotation":180,"texture":"#8"}}},{"from":[13.3,6.2,7.85],"to":[13.6,6.3,8.2],"faces":{"east":{"uv":[9,10,11,11],"rotation":90,"texture":"#1"},"west":{"uv":[9,10,11,11],"rotation":90,"texture":"#1"},"down":{"uv":[0,1,6,2],"texture":"#6"}}},{"from":[18,5.95,7.55],"to":[18.3,6.1,7.85],"faces":{"north":{"uv":[10,10,13,11],"rotation":270,"texture":"#1"},"east":{"uv":[15,4,16,9],"rotation":270,"texture":"#8"},"south":{"uv":[9,4.5,10,6],"rotation":180,"texture":"#1"},"west":{"uv":[15,4,16,9],"rotation":90,"texture":"#8"},"down":{"uv":[15,4,16,9],"texture":"#8"}}},{"from":[17.5,5.95,7.55],"to":[17.8,6.1,7.85],"faces":{"north":{"uv":[10,10,13,11],"rotation":270,"texture":"#1"},"east":{"uv":[15,4,16,9],"rotation":270,"texture":"#8"},"south":{"uv":[9,4.5,10,6],"rotation":180,"texture":"#1"},"west":{"uv":[15,4,16,9],"rotation":90,"texture":"#8"},"down":{"uv":[15,4,16,9],"texture":"#8"}}},{"from":[17,5.95,7.55],"to":[17.3,6.1,7.85],"faces":{"north":{"uv":[10,10,13,11],"rotation":270,"texture":"#1"},"east":{"uv":[15,4,16,9],"rotation":270,"texture":"#8"},"south":{"uv":[9,4.5,10,6],"rotation":180,"texture":"#1"},"west":{"uv":[15,4,16,9],"rotation":90,"texture":"#8"},"down":{"uv":[15,4,16,9],"texture":"#8"}}},{"from":[16.5,5.95,7.55],"to":[16.8,6.1,7.85],"faces":{"north":{"uv":[10,10,13,11],"rotation":270,"texture":"#1"},"east":{"uv":[15,4,16,9],"rotation":270,"texture":"#8"},"south":{"uv":[9,4.5,10,6],"rotation":180,"texture":"#1"},"west":{"uv":[15,4,16,9],"rotation":90,"texture":"#8"},"down":{"uv":[15,4,16,9],"texture":"#8"}}},{"from":[16,5.95,7.55],"to":[16.3,6.1,7.85],"faces":{"north":{"uv":[10,10,13,11],"rotation":270,"texture":"#1"},"east":{"uv":[15,4,16,9],"rotation":270,"texture":"#8"},"south":{"uv":[9,4.5,10,6],"rotation":180,"texture":"#1"},"west":{"uv":[15,4,16,9],"rotation":90,"texture":"#8"},"down":{"uv":[15,4,16,9],"texture":"#8"}}},{"from":[15.5,5.95,7.55],"to":[15.8,6.1,7.85],"faces":{"north":{"uv":[10,10,13,11],"rotation":270,"texture":"#1"},"east":{"uv":[15,4,16,9],"rotation":270,"texture":"#8"},"south":{"uv":[9,4.5,10,6],"rotation":180,"texture":"#1"},"west":{"uv":[15,4,16,9],"rotation":90,"texture":"#8"},"down":{"uv":[15,4,16,9],"texture":"#8"}}},{"from":[15,5.95,7.55],"to":[15.3,6.1,7.85],"faces":{"north":{"uv":[10,10,13,11],"rotation":270,"texture":"#1"},"east":{"uv":[15,4,16,9],"rotation":270,"texture":"#8"},"south":{"uv":[9,4.5,10,6],"rotation":180,"texture":"#1"},"west":{"uv":[15,4,16,9],"rotation":90,"texture":"#8"},"down":{"uv":[15,4,16,9],"texture":"#8"}}},{"from":[14.5,5.95,7.55],"to":[14.8,6.1,7.85],"faces":{"north":{"uv":[10,10,13,11],"rotation":270,"texture":"#1"},"east":{"uv":[15,4,16,9],"rotation":270,"texture":"#8"},"south":{"uv":[9,4.5,10,6],"rotation":180,"texture":"#1"},"west":{"uv":[15,4,16,9],"rotation":90,"texture":"#8"},"down":{"uv":[15,4,16,9],"texture":"#8"}}},{"from":[14,5.95,7.55],"to":[14.3,6.1,7.85],"faces":{"north":{"uv":[10,10,13,11],"rotation":270,"texture":"#1"},"east":{"uv":[15,4,16,9],"rotation":270,"texture":"#8"},"south":{"uv":[9,4.5,10,6],"rotation":180,"texture":"#1"},"west":{"uv":[15,4,16,9],"rotation":90,"texture":"#8"},"down":{"uv":[15,4,16,9],"texture":"#8"}}},{"from":[13.5,5.95,7.55],"to":[13.8,6.1,7.85],"faces":{"north":{"uv":[10,10,13,11],"rotation":270,"texture":"#1"},"east":{"uv":[15,4,16,9],"rotation":270,"texture":"#8"},"south":{"uv":[9,4.5,10,6],"rotation":180,"texture":"#1"},"west":{"uv":[15,4,16,9],"rotation":90,"texture":"#8"},"down":{"uv":[15,4,16,9],"texture":"#8"}}},{"from":[11.24087,6.10913,7.351],"to":[11.95913,6.45913,8.649],"rotation":{"angle":22.5,"axis":"z","origin":[11.4,5.30913,8.001]},"faces":{"north":{"uv":[0,1,1,0],"rotation":90,"texture":"#1"},"south":{"uv":[0,1,1,0],"rotation":270,"texture":"#1"},"down":{"uv":[0,1.0625,1,0],"rotation":270,"texture":"#1"}}},{"from":[9.95,5.05,7.351],"to":[10.6,5.56826,8.649],"rotation":{"angle":-45,"axis":"z","origin":[11.4,5.30913,8.001]},"faces":{"north":{"uv":[1,0,0,1],"texture":"#1"},"east":{"uv":[1,0,0,1.0625],"texture":"#1"},"south":{"uv":[1,0,0,1],"texture":"#1"}}},{"from":[10.25,5.15,7.351],"to":[10.6,5.46826,8.649],"rotation":{"angle":-22.5,"axis":"z","origin":[11.4,5.30913,8.001]},"faces":{"north":{"uv":[1,0,0,1],"texture":"#1"},"east":{"uv":[1,0,0,1.0625],"texture":"#1"},"south":{"uv":[1,0,0,1],"texture":"#1"}}}],"display":{"thirdperson_righthand":{"rotation":[0,90,0],"translation":[-1,2,0],"scale":[0.6,0.6,0.6]},"thirdperson_lefthand":{"rotation":[-90,90,81],"translation":[-1.5,-4.5,7.5],"scale":[0.6,0.6,0.6]},"firstperson_righthand":{"rotation":[0,90.125,-1],"translation":[-8.98,5.375,4.5]},"firstperson_lefthand":{"scale":[0.001,0.001,0.001]},"ground":{"translation":[0,5,0],"scale":[0.6,0.6,0.6]},"gui":{"rotation":[0,0,45],"translation":[0,1.5,0],"scale":[0.7,0.7,0.7]},"head":{"scale":[1.2,1.2,1.2]},"fixed":{"translation":[-2.5,5,-2.25],"scale":[-1.2,1.2,-1.2]}}}