{"gui_light":"front","textures":{"0":"block/coal_block","1":"block/black_wool","5":"block/furnace_side","particle":"block/coal_block","1_2":"block/gold_block","1_3":"block/furnace_side"},"elements":[{"from":[5.45,-9.5,6],"to":[10.55,25.5,10],"rotation":{"angle":0,"axis":"z","origin":[6.95,16.5,6.4]},"faces":{"north":{"uv":[3,4,12,5],"rotation":180,"texture":"#0"},"south":{"uv":[3,4,12,5],"texture":"#0"},"down":{"uv":[0,0,1,1],"texture":"#1"}}},{"from":[5.45,-9.5,9.7],"to":[10.55,25.501,10],"rotation":{"angle":0,"axis":"z","origin":[6.95,16.5,6.4]},"faces":{"north":{"uv":[0,8,1,9],"rotation":180,"texture":"#0"},"up":{"uv":[0,0,1,1],"texture":"#0"}}},{"from":[5.45,-9.5,6],"to":[10.55,25.501,6.3],"rotation":{"angle":0,"axis":"z","origin":[6.95,16.5,9.6]},"faces":{"south":{"uv":[1,8,0,9],"rotation":180,"texture":"#0"},"up":{"uv":[0,1,1,0],"texture":"#0"}}},{"from":[5.45,-9.5,6.3],"to":[10.55,24.001,9.7],"rotation":{"angle":0,"axis":"z","origin":[6.95,16.5,9.6]},"faces":{"up":{"uv":[0,9,1,8],"texture":"#0"}}},{"from":[8.95,-9.5,8.1],"to":[10.35,24.002,9.5],"rotation":{"angle":0,"axis":"z","origin":[3.45,16.5,9.6]},"faces":{"up":{"uv":[1,14,15,11],"rotation":90,"texture":"#5"}}},{"from":[8.95,-9.5,6.6],"to":[10.35,24.002,8],"rotation":{"angle":0,"axis":"z","origin":[3.45,16.5,8.1]},"faces":{"up":{"uv":[1,14,15,11],"rotation":90,"texture":"#5"}}},{"from":[6.35,-9.5,8.1],"to":[8.95,24.002,9.5],"rotation":{"angle":0,"axis":"z","origin":[3.45,16.5,9.6]},"faces":{"up":{"uv":[1,14,15,11],"rotation":90,"texture":"#1_2"}}},{"from":[6.35,-9.5,6.6],"to":[8.95,24.002,8],"rotation":{"angle":0,"axis":"z","origin":[3.45,16.5,8.1]},"faces":{"up":{"uv":[1,14,15,11],"rotation":90,"texture":"#1_2"}}},{"from":[5.45,-9.5,6],"to":[5.55,25.5,10],"rotation":{"angle":0,"axis":"z","origin":[6.95,16.5,6.4]},"faces":{"east":{"uv":[0,6,1,7],"texture":"#0"},"west":{"uv":[0,0,1,1],"texture":"#0"},"up":{"uv":[0,0,1,1],"texture":"#0"}}},{"from":[10.45,-9.5,6],"to":[10.55,25.5,10],"rotation":{"angle":0,"axis":"z","origin":[6.95,16.5,6.4]},"faces":{"east":{"uv":[6,4,14,5],"texture":"#0"},"west":{"uv":[0,13,1,14],"texture":"#0"},"up":{"uv":[0,0,1,1],"texture":"#0"}}},{"from":[5.45,25.5,6],"to":[8.85,27,6.2],"rotation":{"angle":22.5,"axis":"x","origin":[7,25.5,6]},"faces":{"north":{"uv":[3,4,9,5],"rotation":180,"texture":"#0"},"east":{"uv":[6,4,14,5],"texture":"#0"},"south":{"uv":[3,4,12,5],"texture":"#0"},"west":{"uv":[0,0,1,1],"texture":"#0"},"up":{"uv":[0,0,1,0.01],"texture":"#0"},"down":{"uv":[0,0,1,1],"texture":"#1"}}},{"from":[5.5,22.25,5.999],"to":[7,23.65,10.001],"rotation":{"angle":0,"axis":"z","origin":[7,25.5,6]},"faces":{"north":{"uv":[1,3,12,4],"rotation":90,"texture":"#0"},"east":{"uv":[0,0,1,1],"rotation":270,"texture":"#1"},"south":{"uv":[1,3,12,4],"rotation":90,"texture":"#0"},"west":{"uv":[0,0,1,0.01],"rotation":270,"texture":"#0"},"up":{"uv":[6,4,14,5],"rotation":270,"texture":"#0"},"down":{"uv":[0,0,1,1],"rotation":270,"texture":"#0"}}},{"from":[5.45,25.5,9.8],"to":[8.85,27,10],"rotation":{"angle":-22.5,"axis":"x","origin":[7,25.5,10]},"faces":{"north":{"uv":[12,4,3,5],"texture":"#0"},"east":{"uv":[14,4,6,5],"texture":"#0"},"south":{"uv":[9,4,3,5],"rotation":180,"texture":"#0"},"west":{"uv":[1,0,0,1],"texture":"#0"},"up":{"uv":[0,0.01,1,0],"texture":"#0"},"down":{"uv":[0,1,1,0],"texture":"#1"}}},{"from":[5.79704,24.925,7.12595],"to":[5.94714,26.675,7.47405],"rotation":{"angle":0,"axis":"y","origin":[8.4,20.3,7.3]},"faces":{"east":{"uv":[15,14,16,15],"rotation":270,"texture":"#1_2"},"west":{"uv":[2,0,3,16],"rotation":180,"texture":"#1_2"},"up":{"uv":[1,2,2,3],"rotation":270,"texture":"#1_2"},"down":{"uv":[0,0,1,1],"rotation":270,"texture":"#1_2"}}},{"from":[5.77114,25.4,7.22044],"to":[5.87114,26.2,7.37957],"rotation":{"angle":0,"axis":"y","origin":[8.4,20.3,7.3]},"faces":{"west":{"uv":[5,3.01,9,3.02],"rotation":90,"texture":"#1_3"},"up":{"uv":[0,0,1,1],"rotation":270,"texture":"#1_3"},"down":{"uv":[0,0,1,1],"rotation":270,"texture":"#1_3"}}},{"from":[6.22214,24.925,7.12595],"to":[8.82214,26.675,7.47405],"rotation":{"angle":0,"axis":"y","origin":[7.8,20.3,7.3]},"faces":{"east":{"uv":[0,0,1,1],"texture":"#1_2"},"west":{"uv":[0,0,1,1],"texture":"#1_2"},"up":{"uv":[4,10,6,14],"rotation":270,"texture":"#1_2"},"down":{"uv":[13,15,14,16],"rotation":90,"texture":"#1_2"}}},{"from":[6.22214,24.925,7.12595],"to":[8.82214,26.675,7.47405],"rotation":{"angle":22.5,"axis":"x","origin":[7.82214,25.8,7.3]},"faces":{"east":{"uv":[0,0,1,1],"texture":"#1_2"},"west":{"uv":[0,0,1,1],"texture":"#1_2"},"up":{"uv":[4,10,6,14],"rotation":270,"texture":"#1_2"},"down":{"uv":[13,15,14,16],"rotation":90,"texture":"#1_2"}}},{"from":[6.22214,24.925,7.12595],"to":[8.82214,26.675,7.47405],"rotation":{"angle":-22.5,"axis":"x","origin":[7.82214,25.8,7.3]},"faces":{"east":{"uv":[0,0,1,1],"texture":"#1_2"},"west":{"uv":[0,0,1,1],"texture":"#1_2"},"up":{"uv":[4,10,6,14],"rotation":270,"texture":"#1_2"},"down":{"uv":[13,15,14,16],"rotation":90,"texture":"#1_2"}}},{"from":[6.22214,24.925,7.12595],"to":[8.82214,26.675,7.47405],"rotation":{"angle":45,"axis":"x","origin":[7.82214,25.8,7.3]},"faces":{"east":{"uv":[0,0,1,1],"texture":"#1_2"},"west":{"uv":[0,0,1,1],"texture":"#1_2"},"up":{"uv":[4,10,6,14],"rotation":270,"texture":"#1_2"},"down":{"uv":[13,15,14,16],"rotation":90,"texture":"#1_2"}}},{"from":[6.22214,24.925,7.12595],"to":[8.82214,26.675,7.47405],"rotation":{"angle":-45,"axis":"x","origin":[7.82214,25.8,7.3]},"faces":{"east":{"uv":[0,0,1,1],"texture":"#1_2"},"west":{"uv":[0,0,1,1],"texture":"#1_2"},"up":{"uv":[4,10,6,14],"rotation":270,"texture":"#1_2"},"down":{"uv":[13,13,14,14],"rotation":90,"texture":"#1_2"}}},{"from":[6.22214,25.62595,6.425],"to":[8.82214,25.97405,8.175],"rotation":{"angle":-22.5,"axis":"x","origin":[7.82214,25.8,7.3]},"faces":{"north":{"uv":[11,12,12,13],"rotation":270,"texture":"#1_2"},"east":{"uv":[0,0,1,1],"rotation":270,"texture":"#1_2"},"south":{"uv":[4,10,6,14],"rotation":270,"texture":"#1_2"},"west":{"uv":[0,0,1,1],"texture":"#1_2"}}},{"from":[6.22214,25.62595,6.425],"to":[8.82214,25.97405,8.175],"rotation":{"angle":22.5,"axis":"x","origin":[7.82214,25.8,7.3]},"faces":{"north":{"uv":[4,10,6,14],"rotation":90,"texture":"#1_2"},"east":{"uv":[0,0,1,1],"rotation":90,"texture":"#1_2"},"south":{"uv":[11,12,12,13],"rotation":90,"texture":"#1_2"},"west":{"uv":[0,0,1,1],"texture":"#1_2"}}},{"from":[6.22214,25.62595,6.425],"to":[8.82214,25.97405,8.175],"rotation":{"angle":0,"axis":"y","origin":[7.8,20.3,7.3]},"faces":{"north":{"uv":[4,10,6,14],"rotation":90,"texture":"#1_2"},"east":{"uv":[0,0,1,1],"rotation":90,"texture":"#1_2"},"south":{"uv":[8,10,9,11],"rotation":90,"texture":"#1_2"},"west":{"uv":[0,0,1,1],"texture":"#1_2"}}},{"from":[8.72214,25,7.14087],"to":[9.22214,26.6,7.45913],"rotation":{"angle":0,"axis":"y","origin":[7.8,20.3,7.3]},"faces":{"east":{"uv":[4,10,5,11],"texture":"#1_3"},"up":{"uv":[6,9,8,10],"rotation":270,"texture":"#1_3"},"down":{"uv":[11,8,12,9],"rotation":270,"texture":"#1_3"}}},{"from":[8.72214,25,7.14087],"to":[9.22214,26.6,7.45913],"rotation":{"angle":-22.5,"axis":"x","origin":[9.24714,25.8,7.3]},"faces":{"east":{"uv":[4,10,5,11],"texture":"#1_3"},"up":{"uv":[9,9.01,10,11.01],"rotation":180,"texture":"#1_3"},"down":{"uv":[10,8.01,12,8.51],"rotation":90,"texture":"#1_3"}}},{"from":[8.72214,25,7.14087],"to":[9.22214,26.6,7.45913],"rotation":{"angle":22.5,"axis":"x","origin":[9.24714,25.8,7.3]},"faces":{"east":{"uv":[4,10,5,11],"texture":"#1_3"},"up":{"uv":[9,10,11,11],"rotation":270,"texture":"#1_3"},"down":{"uv":[10,8,12,9],"rotation":270,"texture":"#1_3"}}},{"from":[8.72214,25,7.14087],"to":[9.22214,26.6,7.45913],"rotation":{"angle":-45,"axis":"x","origin":[9.24714,25.8,7.3]},"faces":{"east":{"uv":[4,10,5,11],"texture":"#1_3"},"up":{"uv":[11,10,13,11],"rotation":270,"texture":"#1_3"},"down":{"uv":[9,8.01,11,8.51],"rotation":90,"texture":"#1_3"}}},{"from":[8.72214,25,7.14087],"to":[9.22214,26.6,7.45913],"rotation":{"angle":45,"axis":"x","origin":[9.24714,25.8,7.3]},"faces":{"east":{"uv":[4,10,5,11],"texture":"#1_3"},"up":{"uv":[11,10,12,12],"texture":"#1_3"},"down":{"uv":[9,8,11,9],"rotation":270,"texture":"#1_3"}}},{"from":[8.72214,25.64087,6.5],"to":[9.22214,25.95913,8.1],"rotation":{"angle":22.5,"axis":"x","origin":[9.24714,25.8,7.3]},"faces":{"north":{"uv":[3,8,5,9],"rotation":270,"texture":"#1_3"},"east":{"uv":[4,10,5,11],"rotation":90,"texture":"#1_3"},"south":{"uv":[8,8.01,10,8.51],"rotation":90,"texture":"#1_3"}}},{"from":[8.72214,25.64087,6.5],"to":[9.22214,25.95913,8.1],"rotation":{"angle":-22.5,"axis":"x","origin":[9.24714,25.8,7.3]},"faces":{"north":{"uv":[8,8,10,9],"rotation":90,"texture":"#1_3"},"east":{"uv":[4,10,5,11],"rotation":270,"texture":"#1_3"},"south":{"uv":[3,8,4.9,9],"rotation":270,"texture":"#1_3"}}},{"from":[8.72214,25.64087,6.5],"to":[9.22214,25.95913,8.1],"rotation":{"angle":0,"axis":"y","origin":[7.8,20.3,7.3]},"faces":{"north":{"uv":[7,8,9,9],"rotation":90,"texture":"#1_3"},"east":{"uv":[4,10,5,11],"rotation":90,"texture":"#1_3"},"south":{"uv":[7,8.01,9,8.51],"rotation":90,"texture":"#1_3"}}},{"from":[9.22214,25.05,7.15082],"to":[9.52214,26.55,7.44918],"rotation":{"angle":0,"axis":"y","origin":[7.8,20.3,7.3]},"faces":{"east":{"uv":[4,10,5,11],"texture":"#1_3"},"up":{"uv":[6,9,8,10],"rotation":270,"texture":"#1_3"},"down":{"uv":[11,8,12,9],"rotation":270,"texture":"#1_3"}}},{"from":[9.22214,25.05,7.15082],"to":[9.52214,26.55,7.44918],"rotation":{"angle":22.5,"axis":"x","origin":[9.97214,25.8,7.3]},"faces":{"east":{"uv":[4,10,5,11],"texture":"#1_3"},"up":{"uv":[9,10,11,11],"rotation":270,"texture":"#1_3"},"down":{"uv":[10,8,12,9],"rotation":270,"texture":"#1_3"}}},{"from":[9.22214,25.05,7.15082],"to":[9.52214,26.55,7.44918],"rotation":{"angle":-22.5,"axis":"x","origin":[9.97214,25.8,7.3]},"faces":{"east":{"uv":[4,10,5,11],"texture":"#1_3"},"up":{"uv":[9,9.01,10,11.01],"rotation":180,"texture":"#1_3"},"down":{"uv":[10,8.01,12,8.51],"rotation":90,"texture":"#1_3"}}},{"from":[9.22214,25.05,7.15082],"to":[9.52214,26.55,7.44918],"rotation":{"angle":45,"axis":"x","origin":[9.97214,25.8,7.3]},"faces":{"east":{"uv":[4,10,5,11],"texture":"#1_3"},"up":{"uv":[11,10,12,12],"texture":"#1_3"},"down":{"uv":[9,8,11,9],"rotation":270,"texture":"#1_3"}}},{"from":[9.22214,25.05,7.15082],"to":[9.52214,26.55,7.44918],"rotation":{"angle":-45,"axis":"x","origin":[9.97214,25.8,7.3]},"faces":{"east":{"uv":[4,10,5,11],"texture":"#1_3"},"up":{"uv":[11,10,13,11],"rotation":270,"texture":"#1_3"},"down":{"uv":[9,8.01,11,8.51],"rotation":90,"texture":"#1_3"}}},{"from":[9.22214,25.65082,6.55],"to":[9.52214,25.94918,8.05],"rotation":{"angle":-22.5,"axis":"x","origin":[9.97214,25.8,7.3]},"faces":{"north":{"uv":[8,8,10,9],"rotation":90,"texture":"#1_3"},"east":{"uv":[4,10,5,11],"rotation":270,"texture":"#1_3"},"south":{"uv":[3,8,4.9,9],"rotation":270,"texture":"#1_3"}}},{"from":[9.22214,25.65082,6.55],"to":[9.52214,25.94918,8.05],"rotation":{"angle":22.5,"axis":"x","origin":[9.97214,25.8,7.3]},"faces":{"north":{"uv":[3,8,5,9],"rotation":270,"texture":"#1_3"},"east":{"uv":[4,10,5,11],"rotation":90,"texture":"#1_3"},"south":{"uv":[8,8.01,10,8.51],"rotation":90,"texture":"#1_3"}}},{"from":[9.22214,25.65082,6.55],"to":[9.52214,25.94918,8.05],"rotation":{"angle":0,"axis":"y","origin":[7.8,20.3,7.3]},"faces":{"north":{"uv":[7,8,9,9],"rotation":90,"texture":"#1_3"},"east":{"uv":[4,10,5,11],"rotation":270,"texture":"#1_3"},"south":{"uv":[7,8.01,9,8.51],"rotation":90,"texture":"#1_3"}}},{"from":[9.52214,25.1,7.16076],"to":[9.77214,26.5,7.43924],"rotation":{"angle":0,"axis":"y","origin":[7.8,20.3,7.3]},"faces":{"east":{"uv":[4,10,5,11],"texture":"#1_3"},"up":{"uv":[6,9,8,10],"rotation":270,"texture":"#1_3"},"down":{"uv":[11,8,12,9],"rotation":270,"texture":"#1_3"}}},{"from":[9.52214,25.1,7.16076],"to":[9.77214,26.5,7.43924],"rotation":{"angle":-22.5,"axis":"x","origin":[10.37214,25.8,7.3]},"faces":{"east":{"uv":[4,10,5,11],"texture":"#1_3"},"up":{"uv":[9,9.01,10,11.01],"rotation":180,"texture":"#1_3"},"down":{"uv":[10,8.01,12,8.51],"rotation":90,"texture":"#1_3"}}},{"from":[9.52214,25.1,7.16076],"to":[9.77214,26.5,7.43924],"rotation":{"angle":22.5,"axis":"x","origin":[10.37214,25.8,7.3]},"faces":{"east":{"uv":[4,10,5,11],"texture":"#1_3"},"up":{"uv":[9,10,11,11],"rotation":270,"texture":"#1_3"},"down":{"uv":[10,8,12,9],"rotation":270,"texture":"#1_3"}}},{"from":[9.52214,25.1,7.16076],"to":[9.77214,26.5,7.43924],"rotation":{"angle":-45,"axis":"x","origin":[10.37214,25.8,7.3]},"faces":{"east":{"uv":[4,10,5,11],"texture":"#1_3"},"up":{"uv":[11,10,13,11],"rotation":270,"texture":"#1_3"},"down":{"uv":[9,8.01,11,8.51],"rotation":90,"texture":"#1_3"}}},{"from":[9.52214,25.66076,6.6],"to":[9.77214,25.93924,8],"rotation":{"angle":22.5,"axis":"x","origin":[10.37214,25.8,7.3]},"faces":{"north":{"uv":[3,8,5,9],"rotation":270,"texture":"#1_3"},"east":{"uv":[4,10,5,11],"rotation":90,"texture":"#1_3"},"south":{"uv":[8,8.01,10,8.51],"rotation":90,"texture":"#1_3"}}},{"from":[9.52214,25.1,7.16076],"to":[9.77214,26.5,7.43924],"rotation":{"angle":45,"axis":"x","origin":[10.37214,25.8,7.3]},"faces":{"east":{"uv":[4,10,5,11],"texture":"#1_3"},"up":{"uv":[10,10,11,12],"texture":"#1_3"},"down":{"uv":[9,8,11,9],"rotation":270,"texture":"#1_3"}}},{"from":[9.52214,25.66076,6.6],"to":[9.77214,25.93924,8],"rotation":{"angle":-22.5,"axis":"x","origin":[10.37214,25.8,7.3]},"faces":{"north":{"uv":[8,8,10,9],"rotation":90,"texture":"#1_3"},"east":{"uv":[4,10,5,11],"rotation":270,"texture":"#1_3"},"south":{"uv":[3,8,4.9,9],"rotation":270,"texture":"#1_3"}}},{"from":[9.52214,25.66076,6.6],"to":[9.77214,25.93924,8],"rotation":{"angle":0,"axis":"y","origin":[7.8,20.3,7.3]},"faces":{"north":{"uv":[7,8,9,9],"rotation":90,"texture":"#1_3"},"east":{"uv":[4,10,5,11],"rotation":270,"texture":"#1_3"},"south":{"uv":[7,8.01,9,8.51],"rotation":90,"texture":"#1_3"}}},{"from":[9.77214,25.15,7.17071],"to":[9.92214,26.45,7.42929],"rotation":{"angle":0,"axis":"y","origin":[7.8,20.3,7.3]},"faces":{"east":{"uv":[4,10,5,11],"texture":"#1_3"},"up":{"uv":[6,9,8,10],"rotation":270,"texture":"#1_3"},"down":{"uv":[11,8,12,9],"rotation":270,"texture":"#1_3"}}},{"from":[9.77214,25.15,7.17071],"to":[9.92214,26.45,7.42929],"rotation":{"angle":22.5,"axis":"x","origin":[9.89714,25.8,7.3]},"faces":{"east":{"uv":[4,10,5,11],"texture":"#1_3"},"up":{"uv":[9,10,11,11],"rotation":270,"texture":"#1_3"},"down":{"uv":[10,8,12,9],"rotation":270,"texture":"#1_3"}}},{"from":[9.77214,25.15,7.17071],"to":[9.92214,26.45,7.42929],"rotation":{"angle":-22.5,"axis":"x","origin":[9.89714,25.8,7.3]},"faces":{"east":{"uv":[4,10,5,11],"texture":"#1_3"},"up":{"uv":[9,9.01,10,11.01],"rotation":180,"texture":"#1_3"},"down":{"uv":[10,8.01,12,8.51],"rotation":90,"texture":"#1_3"}}},{"from":[9.77214,25.15,7.17071],"to":[9.92214,26.45,7.42929],"rotation":{"angle":45,"axis":"x","origin":[9.89714,25.8,7.3]},"faces":{"east":{"uv":[4,10,5,11],"texture":"#1_3"},"up":{"uv":[10,10,11,12],"texture":"#1_3"},"down":{"uv":[9,8,11,9],"rotation":270,"texture":"#1_3"}}},{"from":[9.77214,25.15,7.17071],"to":[9.92214,26.45,7.42929],"rotation":{"angle":-45,"axis":"x","origin":[9.89714,25.8,7.3]},"faces":{"east":{"uv":[4,10,5,11],"texture":"#1_3"},"up":{"uv":[11,10,13,11],"rotation":270,"texture":"#1_3"},"down":{"uv":[9,8.01,11,8.51],"rotation":90,"texture":"#1_3"}}},{"from":[9.77214,25.67071,6.65],"to":[9.92214,25.92929,7.95],"rotation":{"angle":-22.5,"axis":"x","origin":[9.89714,25.8,7.3]},"faces":{"north":{"uv":[8,8,10,9],"rotation":90,"texture":"#1_3"},"east":{"uv":[4,10,5,11],"rotation":270,"texture":"#1_3"},"south":{"uv":[3,8,4.9,9],"rotation":270,"texture":"#1_3"}}},{"from":[9.77214,25.67071,6.65],"to":[9.92214,25.92929,7.95],"rotation":{"angle":22.5,"axis":"x","origin":[9.89714,25.8,7.3]},"faces":{"north":{"uv":[3,8,5,9],"rotation":270,"texture":"#1_3"},"east":{"uv":[4,10,5,11],"rotation":90,"texture":"#1_3"},"south":{"uv":[8,8.01,10,8.51],"rotation":90,"texture":"#1_3"}}},{"from":[9.77214,25.67071,6.65],"to":[9.92214,25.92929,7.95],"rotation":{"angle":0,"axis":"y","origin":[7.8,20.3,7.3]},"faces":{"north":{"uv":[7,8,9,9],"rotation":90,"texture":"#1_3"},"east":{"uv":[4,10,5,11],"rotation":270,"texture":"#1_3"},"south":{"uv":[7,8.01,9,8.51],"rotation":90,"texture":"#1_3"}}},{"from":[9.92214,25.9,7.1],"to":[10.37214,26.4,7.5],"rotation":{"angle":-22.5,"axis":"z","origin":[9.92214,26.4,7.21935]},"faces":{"north":{"uv":[9,9,10,12],"texture":"#1_3"},"east":{"uv":[8,3,9,4],"texture":"#1_3"},"south":{"uv":[9,9,10,12],"texture":"#1_3"},"up":{"uv":[8,9.5,13,10],"rotation":270,"texture":"#1_3"}}},{"from":[9.92214,25.2,7.1],"to":[10.37214,25.7,7.5],"rotation":{"angle":22.5,"axis":"z","origin":[9.92214,25.2,7.21935]},"faces":{"north":{"uv":[8,8,11,9],"rotation":90,"texture":"#1_3"},"east":{"uv":[5,11,4,10],"texture":"#1_3"},"south":{"uv":[9,8,12,9],"rotation":90,"texture":"#1_3"},"down":{"uv":[9,1.5,13,2],"rotation":270,"texture":"#1_3"}}},{"from":[9.92214,25.6,7.35],"to":[10.37214,26,7.9],"rotation":{"angle":22.5,"axis":"y","origin":[9.92214,25.8,7.9]},"faces":{"east":{"uv":[11,6,12,7],"rotation":270,"texture":"#1_3"},"south":{"uv":[7,8,10,9],"rotation":90,"texture":"#1_3"},"up":{"uv":[5,11,6,12],"rotation":180,"texture":"#1_3"},"down":{"uv":[5,11,6,12],"texture":"#1_3"}}},{"from":[9.92214,25.6,6.7],"to":[10.37214,26,7.25],"rotation":{"angle":-22.5,"axis":"y","origin":[9.92214,25.8,6.7]},"faces":{"north":{"uv":[7,9,10,8],"rotation":90,"texture":"#1_3"},"east":{"uv":[11,6,12,5],"rotation":270,"texture":"#1_3"},"up":{"uv":[5,11,6,12],"rotation":180,"texture":"#1_3"},"down":{"uv":[5,11,6,12],"texture":"#1_3"}}},{"from":[5.79694,24.925,7.12595],"to":[5.94704,26.675,7.47405],"rotation":{"angle":22.5,"axis":"x","origin":[5.92209,25.8,7.3]},"faces":{"east":{"uv":[15,14,16,15],"rotation":270,"texture":"#1_2"},"west":{"uv":[2,0,3,16],"rotation":180,"texture":"#1_2"},"up":{"uv":[1,2,2,3],"rotation":270,"texture":"#1_2"},"down":{"uv":[0,0,1,1],"rotation":270,"texture":"#1_2"}}},{"from":[5.79694,24.925,7.12595],"to":[5.94704,26.675,7.47405],"rotation":{"angle":-22.5,"axis":"x","origin":[5.92209,25.8,7.3]},"faces":{"east":{"uv":[15,14,16,15],"rotation":270,"texture":"#1_2"},"west":{"uv":[2,0,3,16],"rotation":180,"texture":"#1_2"},"up":{"uv":[1,2,2,3],"rotation":270,"texture":"#1_2"},"down":{"uv":[0,0,1,1],"rotation":270,"texture":"#1_2"}}},{"from":[5.79704,24.925,7.12595],"to":[5.94714,26.675,7.47405],"rotation":{"angle":45,"axis":"x","origin":[5.92209,25.8,7.3]},"faces":{"east":{"uv":[15,14,16,15],"rotation":270,"texture":"#1_2"},"west":{"uv":[2,0,3,16],"rotation":180,"texture":"#1_2"},"up":{"uv":[1,2,2,3],"rotation":270,"texture":"#1_2"},"down":{"uv":[0,0,1,1],"rotation":270,"texture":"#1_2"}}},{"from":[5.79704,24.925,7.12595],"to":[5.94714,26.675,7.47405],"rotation":{"angle":-45,"axis":"x","origin":[5.92209,25.8,7.3]},"faces":{"east":{"uv":[15,14,16,15],"rotation":270,"texture":"#1_2"},"west":{"uv":[2,0,3,16],"rotation":180,"texture":"#1_2"},"up":{"uv":[1,2,2,3],"rotation":270,"texture":"#1_2"},"down":{"uv":[0,0,1,1],"rotation":270,"texture":"#1_2"}}},{"from":[5.79704,25.62595,6.425],"to":[5.94714,25.97405,8.175],"rotation":{"angle":-22.5,"axis":"x","origin":[5.92209,25.8,7.3]},"faces":{"north":{"uv":[0,0,1,1],"rotation":90,"texture":"#1_2"},"east":{"uv":[15,14,16,15],"rotation":180,"texture":"#1_2"},"south":{"uv":[1,2,2,3],"rotation":270,"texture":"#1_2"},"west":{"uv":[2,0,3,16],"rotation":270,"texture":"#1_2"}}},{"from":[5.79704,25.62595,6.425],"to":[5.94714,25.97405,8.175],"rotation":{"angle":22.5,"axis":"x","origin":[5.92209,25.8,7.3]},"faces":{"north":{"uv":[1,2,2,3],"rotation":90,"texture":"#1_2"},"east":{"uv":[15,14,16,15],"texture":"#1_2"},"south":{"uv":[0,0,1,1],"rotation":270,"texture":"#1_2"},"west":{"uv":[2,0,3,16],"rotation":90,"texture":"#1_2"}}},{"from":[5.79694,25.62595,6.425],"to":[5.94704,25.97405,8.175],"rotation":{"angle":0,"axis":"y","origin":[8.4,20.3,7.3]},"faces":{"north":{"uv":[0,0,1,1],"rotation":90,"texture":"#1_2"},"east":{"uv":[15,14,16,15],"rotation":180,"texture":"#1_2"},"south":{"uv":[1,2,2,3],"rotation":270,"texture":"#1_2"},"west":{"uv":[2,0,3,16],"rotation":270,"texture":"#1_2"}}},{"from":[5.77214,25.4,7.22044],"to":[5.87214,26.2,7.37957],"rotation":{"angle":-22.5,"axis":"x","origin":[5.82214,25.8,7.3]},"faces":{"west":{"uv":[5,3.01,9,3.02],"rotation":90,"texture":"#1_3"},"up":{"uv":[0,0,1,1],"rotation":270,"texture":"#1_3"},"down":{"uv":[0,0,1,1],"rotation":270,"texture":"#1_3"}}},{"from":[5.77214,25.4,7.22044],"to":[5.87214,26.2,7.37957],"rotation":{"angle":22.5,"axis":"x","origin":[5.82214,25.8,7.3]},"faces":{"west":{"uv":[5,3.01,9,3.02],"rotation":90,"texture":"#1_3"},"up":{"uv":[0,0,1,1],"rotation":270,"texture":"#1_3"},"down":{"uv":[0,0,1,1],"rotation":270,"texture":"#1_3"}}},{"from":[5.77114,25.4,7.22044],"to":[5.87114,26.2,7.37957],"rotation":{"angle":-45,"axis":"x","origin":[5.82214,25.8,7.3]},"faces":{"west":{"uv":[5,3.01,9,3.02],"rotation":90,"texture":"#1_3"},"up":{"uv":[0,0,1,1],"rotation":270,"texture":"#1_3"},"down":{"uv":[0,0,1,1],"rotation":270,"texture":"#1_3"}}},{"from":[5.77114,25.4,7.22044],"to":[5.87114,26.2,7.37957],"rotation":{"angle":45,"axis":"x","origin":[5.82214,25.8,7.3]},"faces":{"west":{"uv":[5,3.01,9,3.02],"rotation":90,"texture":"#1_3"},"up":{"uv":[0,0,1,1],"rotation":270,"texture":"#1_3"},"down":{"uv":[0,0,1,1],"rotation":270,"texture":"#1_3"}}},{"from":[5.77214,25.72044,6.9],"to":[5.87214,25.87957,7.7],"rotation":{"angle":22.5,"axis":"x","origin":[5.82214,25.8,7.3]},"faces":{"north":{"uv":[0,0,1,1],"rotation":90,"texture":"#1_3"},"south":{"uv":[0,0,1,1],"rotation":270,"texture":"#1_3"},"west":{"uv":[5,3.01,9,3.02],"texture":"#1_3"}}},{"from":[5.77214,25.72044,6.9],"to":[5.87214,25.87957,7.7],"rotation":{"angle":-22.5,"axis":"x","origin":[5.82214,25.8,7.3]},"faces":{"north":{"uv":[0,0,1,1],"rotation":90,"texture":"#1_3"},"south":{"uv":[0,0,1,1],"rotation":270,"texture":"#1_3"},"west":{"uv":[5,3.01,9,3.02],"rotation":180,"texture":"#1_3"}}},{"from":[5.77014,25.72044,6.9],"to":[5.87014,25.87957,7.7],"rotation":{"angle":0,"axis":"y","origin":[8.4,20.3,7.3]},"faces":{"north":{"uv":[0,0,1,1],"rotation":90,"texture":"#1_3"},"south":{"uv":[0,0,1,1],"rotation":270,"texture":"#1_3"},"west":{"uv":[5,3.01,9,3.02],"texture":"#1_3"}}},{"from":[5.92214,25.025,7.14584],"to":[6.52214,26.575,7.45416],"rotation":{"angle":0,"axis":"y","origin":[8.4,20.3,7.3]},"faces":{"east":{"uv":[0,0,1,1],"texture":"#1_2"},"west":{"uv":[0,0,1,1],"texture":"#1_2"},"up":{"uv":[4,10,6,14],"rotation":270,"texture":"#1_2"},"down":{"uv":[13,15,14,16],"rotation":90,"texture":"#1_2"}}},{"from":[5.92214,25.025,7.14584],"to":[6.52214,26.575,7.45416],"rotation":{"angle":22.5,"axis":"x","origin":[6.22214,25.8,7.3]},"faces":{"east":{"uv":[0,0,1,1],"texture":"#1_2"},"west":{"uv":[0,0,1,1],"texture":"#1_2"},"up":{"uv":[4,10,6,14],"rotation":270,"texture":"#1_2"},"down":{"uv":[13,15,14,16],"rotation":90,"texture":"#1_2"}}},{"from":[5.92214,25.025,7.14584],"to":[6.52214,26.575,7.45416],"rotation":{"angle":-22.5,"axis":"x","origin":[6.22214,25.8,7.3]},"faces":{"east":{"uv":[0,0,1,1],"texture":"#1_2"},"west":{"uv":[0,0,1,1],"texture":"#1_2"},"up":{"uv":[4,10,6,14],"rotation":270,"texture":"#1_2"},"down":{"uv":[13,15,14,16],"rotation":90,"texture":"#1_2"}}},{"from":[5.92214,25.025,7.14584],"to":[6.52214,26.575,7.45416],"rotation":{"angle":45,"axis":"x","origin":[6.22214,25.8,7.3]},"faces":{"east":{"uv":[0,0,1,1],"texture":"#1_2"},"west":{"uv":[0,0,1,1],"texture":"#1_2"},"up":{"uv":[4,10,6,14],"rotation":270,"texture":"#1_2"},"down":{"uv":[13,15,14,16],"rotation":90,"texture":"#1_2"}}},{"from":[5.92214,25.025,7.14584],"to":[6.52214,26.575,7.45416],"rotation":{"angle":-45,"axis":"x","origin":[6.22214,25.8,7.3]},"faces":{"east":{"uv":[0,0,1,1],"texture":"#1_2"},"west":{"uv":[0,0,1,1],"texture":"#1_2"},"up":{"uv":[4,10,6,14],"rotation":270,"texture":"#1_2"},"down":{"uv":[13,15,14,16],"rotation":90,"texture":"#1_2"}}},{"from":[5.92214,25.64584,6.525],"to":[6.52214,25.95416,8.075],"rotation":{"angle":-22.5,"axis":"x","origin":[6.22214,25.8,7.3]},"faces":{"north":{"uv":[13,15,14,16],"rotation":270,"texture":"#1_2"},"east":{"uv":[0,0,1,1],"rotation":270,"texture":"#1_2"},"south":{"uv":[4,10,6,14],"rotation":270,"texture":"#1_2"},"west":{"uv":[0,0,1,1],"rotation":90,"texture":"#1_2"}}},{"from":[5.92214,25.64584,6.525],"to":[6.52214,25.95416,8.075],"rotation":{"angle":22.5,"axis":"x","origin":[6.22214,25.8,7.3]},"faces":{"north":{"uv":[4,10,6,14],"rotation":90,"texture":"#1_2"},"east":{"uv":[0,0,1,1],"rotation":90,"texture":"#1_2"},"south":{"uv":[13,15,14,16],"rotation":90,"texture":"#1_2"},"west":{"uv":[0,0,1,1],"rotation":270,"texture":"#1_2"}}},{"from":[5.92214,25.64584,6.525],"to":[6.52214,25.95416,8.075],"rotation":{"angle":0,"axis":"y","origin":[8.4,20.3,7.3]},"faces":{"north":{"uv":[4,10,6,14],"rotation":90,"texture":"#1_2"},"east":{"uv":[0,0,1,1],"rotation":90,"texture":"#1_2"},"south":{"uv":[13,15,14,16],"rotation":90,"texture":"#1_2"},"west":{"uv":[0,0,1,1],"rotation":270,"texture":"#1_2"}}},{"from":[5.79704,24.025,8.62595],"to":[5.94714,25.775,8.97405],"rotation":{"angle":0,"axis":"y","origin":[8.4,19.4,8.8]},"faces":{"east":{"uv":[15,14,16,15],"rotation":270,"texture":"#1_2"},"west":{"uv":[2,0,3,16],"rotation":180,"texture":"#1_2"},"up":{"uv":[1,2,2,3],"rotation":270,"texture":"#1_2"}}},{"from":[5.77114,24.5,8.72044],"to":[5.87114,25.3,8.87957],"rotation":{"angle":0,"axis":"y","origin":[8.4,19.4,8.8]},"faces":{"west":{"uv":[5,3.01,9,3.02],"rotation":90,"texture":"#1_3"},"up":{"uv":[0,0,1,1],"rotation":270,"texture":"#1_3"},"down":{"uv":[0,0,1,1],"rotation":270,"texture":"#1_3"}}},{"from":[6.22214,24.025,8.62595],"to":[8.82214,25.775,8.97405],"rotation":{"angle":0,"axis":"y","origin":[7.8,19.4,8.8]},"faces":{"east":{"uv":[0,0,1,1],"texture":"#1_2"},"west":{"uv":[0,0,1,1],"texture":"#1_2"},"up":{"uv":[4,10,6,14],"rotation":270,"texture":"#1_2"}}},{"from":[6.22214,24.025,8.62595],"to":[8.82214,25.775,8.97405],"rotation":{"angle":22.5,"axis":"x","origin":[7.82214,24.9,8.8]},"faces":{"east":{"uv":[0,0,1,1],"texture":"#1_2"},"west":{"uv":[0,0,1,1],"texture":"#1_2"},"up":{"uv":[4,10,6,14],"rotation":270,"texture":"#1_2"}}},{"from":[6.22214,24.025,8.62595],"to":[8.82214,25.775,8.97405],"rotation":{"angle":-22.5,"axis":"x","origin":[7.82214,24.9,8.8]},"faces":{"east":{"uv":[0,0,1,1],"texture":"#1_2"},"west":{"uv":[0,0,1,1],"texture":"#1_2"},"up":{"uv":[4,10,6,14],"rotation":270,"texture":"#1_2"}}},{"from":[6.22214,24.025,8.62595],"to":[8.82214,25.775,8.97405],"rotation":{"angle":45,"axis":"x","origin":[7.82214,24.9,8.8]},"faces":{"east":{"uv":[0,0,1,1],"texture":"#1_2"},"west":{"uv":[0,0,1,1],"texture":"#1_2"},"up":{"uv":[4,10,6,14],"rotation":270,"texture":"#1_2"}}},{"from":[6.22214,24.025,8.62595],"to":[8.82214,25.775,8.97405],"rotation":{"angle":-45,"axis":"x","origin":[7.82214,24.9,8.8]},"faces":{"east":{"uv":[0,0,1,1],"texture":"#1_2"},"west":{"uv":[0,0,1,1],"texture":"#1_2"},"up":{"uv":[4,10,6,14],"rotation":270,"texture":"#1_2"},"down":{"uv":[13,13,14,14],"rotation":90,"texture":"#1_2"}}},{"from":[6.22214,24.72595,7.925],"to":[8.82214,25.07405,9.675],"rotation":{"angle":-22.5,"axis":"x","origin":[7.82214,24.9,8.8]},"faces":{"north":{"uv":[11,12,12,13],"rotation":270,"texture":"#1_2"},"east":{"uv":[0,0,1,1],"rotation":270,"texture":"#1_2"},"south":{"uv":[4,10,6,14],"rotation":270,"texture":"#1_2"},"west":{"uv":[0,0,1,1],"texture":"#1_2"}}},{"from":[6.22214,24.72595,7.925],"to":[8.82214,25.07405,9.675],"rotation":{"angle":22.5,"axis":"x","origin":[7.82214,24.9,8.8]},"faces":{"north":{"uv":[4,10,6,14],"rotation":90,"texture":"#1_2"},"east":{"uv":[0,0,1,1],"rotation":90,"texture":"#1_2"},"south":{"uv":[11,12,12,13],"rotation":90,"texture":"#1_2"},"west":{"uv":[0,0,1,1],"texture":"#1_2"}}},{"from":[6.22214,24.72595,7.925],"to":[8.82214,25.07405,9.675],"rotation":{"angle":0,"axis":"y","origin":[7.8,19.4,8.8]},"faces":{"north":{"uv":[4,10,6,14],"rotation":90,"texture":"#1_2"},"east":{"uv":[0,0,1,1],"rotation":90,"texture":"#1_2"},"south":{"uv":[8,10,9,11],"rotation":90,"texture":"#1_2"},"west":{"uv":[0,0,1,1],"texture":"#1_2"}}},{"from":[8.72214,24.1,8.64087],"to":[9.22214,25.7,8.95913],"rotation":{"angle":0,"axis":"y","origin":[7.8,19.4,8.8]},"faces":{"east":{"uv":[4,10,5,11],"texture":"#1_3"},"up":{"uv":[6,9,8,10],"rotation":270,"texture":"#1_3"},"down":{"uv":[11,8,12,9],"rotation":270,"texture":"#1_3"}}},{"from":[8.72214,24.1,8.64087],"to":[9.22214,25.7,8.95913],"rotation":{"angle":-22.5,"axis":"x","origin":[9.24714,24.9,8.8]},"faces":{"east":{"uv":[4,10,5,11],"texture":"#1_3"},"up":{"uv":[9,9.01,10,11.01],"rotation":180,"texture":"#1_3"},"down":{"uv":[10,8.01,12,8.51],"rotation":90,"texture":"#1_3"}}},{"from":[8.72214,24.1,8.64087],"to":[9.22214,25.7,8.95913],"rotation":{"angle":22.5,"axis":"x","origin":[9.24714,24.9,8.8]},"faces":{"east":{"uv":[4,10,5,11],"texture":"#1_3"},"up":{"uv":[9,10,11,11],"rotation":270,"texture":"#1_3"},"down":{"uv":[10,8,12,9],"rotation":270,"texture":"#1_3"}}},{"from":[8.72214,24.1,8.64087],"to":[9.22214,25.7,8.95913],"rotation":{"angle":-45,"axis":"x","origin":[9.24714,24.9,8.8]},"faces":{"east":{"uv":[4,10,5,11],"texture":"#1_3"},"up":{"uv":[11,10,13,11],"rotation":270,"texture":"#1_3"},"down":{"uv":[9,8.01,11,8.51],"rotation":90,"texture":"#1_3"}}},{"from":[8.72214,24.1,8.64087],"to":[9.22214,25.7,8.95913],"rotation":{"angle":45,"axis":"x","origin":[9.24714,24.9,8.8]},"faces":{"east":{"uv":[4,10,5,11],"texture":"#1_3"},"up":{"uv":[11,10,12,12],"texture":"#1_3"},"down":{"uv":[9,8,11,9],"rotation":270,"texture":"#1_3"}}},{"from":[8.72214,24.74087,8],"to":[9.22214,25.05913,9.6],"rotation":{"angle":22.5,"axis":"x","origin":[9.24714,24.9,8.8]},"faces":{"north":{"uv":[3,8,5,9],"rotation":270,"texture":"#1_3"},"east":{"uv":[4,10,5,11],"rotation":90,"texture":"#1_3"},"south":{"uv":[8,8.01,10,8.51],"rotation":90,"texture":"#1_3"}}},{"from":[8.72214,24.74087,8],"to":[9.22214,25.05913,9.6],"rotation":{"angle":-22.5,"axis":"x","origin":[9.24714,24.9,8.8]},"faces":{"north":{"uv":[8,8,10,9],"rotation":90,"texture":"#1_3"},"east":{"uv":[4,10,5,11],"rotation":270,"texture":"#1_3"},"south":{"uv":[3,8,4.9,9],"rotation":270,"texture":"#1_3"}}},{"from":[8.72214,24.74087,8],"to":[9.22214,25.05913,9.6],"rotation":{"angle":0,"axis":"y","origin":[7.8,19.4,8.8]},"faces":{"north":{"uv":[7,8,9,9],"rotation":90,"texture":"#1_3"},"east":{"uv":[4,10,5,11],"rotation":90,"texture":"#1_3"},"south":{"uv":[7,8.01,9,8.51],"rotation":90,"texture":"#1_3"}}},{"from":[9.22214,24.15,8.65082],"to":[9.52214,25.65,8.94918],"rotation":{"angle":0,"axis":"y","origin":[7.8,19.4,8.8]},"faces":{"east":{"uv":[4,10,5,11],"texture":"#1_3"},"up":{"uv":[6,9,8,10],"rotation":270,"texture":"#1_3"},"down":{"uv":[11,8,12,9],"rotation":270,"texture":"#1_3"}}},{"from":[9.22214,24.15,8.65082],"to":[9.52214,25.65,8.94918],"rotation":{"angle":22.5,"axis":"x","origin":[9.97214,24.9,8.8]},"faces":{"east":{"uv":[4,10,5,11],"texture":"#1_3"},"up":{"uv":[9,10,11,11],"rotation":270,"texture":"#1_3"},"down":{"uv":[10,8,12,9],"rotation":270,"texture":"#1_3"}}},{"from":[9.22214,24.15,8.65082],"to":[9.52214,25.65,8.94918],"rotation":{"angle":-22.5,"axis":"x","origin":[9.97214,24.9,8.8]},"faces":{"east":{"uv":[4,10,5,11],"texture":"#1_3"},"up":{"uv":[9,9.01,10,11.01],"rotation":180,"texture":"#1_3"},"down":{"uv":[10,8.01,12,8.51],"rotation":90,"texture":"#1_3"}}},{"from":[9.22214,24.15,8.65082],"to":[9.52214,25.65,8.94918],"rotation":{"angle":45,"axis":"x","origin":[9.97214,24.9,8.8]},"faces":{"east":{"uv":[4,10,5,11],"texture":"#1_3"},"up":{"uv":[11,10,12,12],"texture":"#1_3"},"down":{"uv":[9,8,11,9],"rotation":270,"texture":"#1_3"}}},{"from":[9.22214,24.15,8.65082],"to":[9.52214,25.65,8.94918],"rotation":{"angle":-45,"axis":"x","origin":[9.97214,24.9,8.8]},"faces":{"east":{"uv":[4,10,5,11],"texture":"#1_3"},"up":{"uv":[11,10,13,11],"rotation":270,"texture":"#1_3"},"down":{"uv":[9,8.01,11,8.51],"rotation":90,"texture":"#1_3"}}},{"from":[9.22214,24.75082,8.05],"to":[9.52214,25.04918,9.55],"rotation":{"angle":-22.5,"axis":"x","origin":[9.97214,24.9,8.8]},"faces":{"north":{"uv":[8,8,10,9],"rotation":90,"texture":"#1_3"},"east":{"uv":[4,10,5,11],"rotation":270,"texture":"#1_3"},"south":{"uv":[3,8,4.9,9],"rotation":270,"texture":"#1_3"}}},{"from":[9.22214,24.75082,8.05],"to":[9.52214,25.04918,9.55],"rotation":{"angle":22.5,"axis":"x","origin":[9.97214,24.9,8.8]},"faces":{"north":{"uv":[3,8,5,9],"rotation":270,"texture":"#1_3"},"east":{"uv":[4,10,5,11],"rotation":90,"texture":"#1_3"},"south":{"uv":[8,8.01,10,8.51],"rotation":90,"texture":"#1_3"}}},{"from":[9.22214,24.75082,8.05],"to":[9.52214,25.04918,9.55],"rotation":{"angle":0,"axis":"y","origin":[7.8,19.4,8.8]},"faces":{"north":{"uv":[7,8,9,9],"rotation":90,"texture":"#1_3"},"east":{"uv":[4,10,5,11],"rotation":270,"texture":"#1_3"},"south":{"uv":[7,8.01,9,8.51],"rotation":90,"texture":"#1_3"}}},{"from":[9.52214,24.2,8.66076],"to":[9.77214,25.6,8.93924],"rotation":{"angle":0,"axis":"y","origin":[7.8,19.4,8.8]},"faces":{"east":{"uv":[4,10,5,11],"texture":"#1_3"},"up":{"uv":[6,9,8,10],"rotation":270,"texture":"#1_3"},"down":{"uv":[11,8,12,9],"rotation":270,"texture":"#1_3"}}},{"from":[9.52214,24.2,8.66076],"to":[9.77214,25.6,8.93924],"rotation":{"angle":-22.5,"axis":"x","origin":[10.37214,24.9,8.8]},"faces":{"east":{"uv":[4,10,5,11],"texture":"#1_3"},"up":{"uv":[9,9.01,10,11.01],"rotation":180,"texture":"#1_3"},"down":{"uv":[10,8.01,12,8.51],"rotation":90,"texture":"#1_3"}}},{"from":[9.52214,24.2,8.66076],"to":[9.77214,25.6,8.93924],"rotation":{"angle":22.5,"axis":"x","origin":[10.37214,24.9,8.8]},"faces":{"east":{"uv":[4,10,5,11],"texture":"#1_3"},"up":{"uv":[9,10,11,11],"rotation":270,"texture":"#1_3"},"down":{"uv":[10,8,12,9],"rotation":270,"texture":"#1_3"}}},{"from":[9.52214,24.2,8.66076],"to":[9.77214,25.6,8.93924],"rotation":{"angle":-45,"axis":"x","origin":[10.37214,24.9,8.8]},"faces":{"east":{"uv":[4,10,5,11],"texture":"#1_3"},"up":{"uv":[11,10,13,11],"rotation":270,"texture":"#1_3"},"down":{"uv":[9,8.01,11,8.51],"rotation":90,"texture":"#1_3"}}},{"from":[9.52214,24.76076,8.1],"to":[9.77214,25.03924,9.5],"rotation":{"angle":22.5,"axis":"x","origin":[10.37214,24.9,8.8]},"faces":{"north":{"uv":[3,8,5,9],"rotation":270,"texture":"#1_3"},"east":{"uv":[4,10,5,11],"rotation":90,"texture":"#1_3"},"south":{"uv":[8,8.01,10,8.51],"rotation":90,"texture":"#1_3"}}},{"from":[9.52214,24.2,8.66076],"to":[9.77214,25.6,8.93924],"rotation":{"angle":45,"axis":"x","origin":[10.37214,24.9,8.8]},"faces":{"east":{"uv":[4,10,5,11],"texture":"#1_3"},"up":{"uv":[10,10,11,12],"texture":"#1_3"},"down":{"uv":[9,8,11,9],"rotation":270,"texture":"#1_3"}}},{"from":[9.52214,24.76076,8.1],"to":[9.77214,25.03924,9.5],"rotation":{"angle":-22.5,"axis":"x","origin":[10.37214,24.9,8.8]},"faces":{"north":{"uv":[8,8,10,9],"rotation":90,"texture":"#1_3"},"east":{"uv":[4,10,5,11],"rotation":270,"texture":"#1_3"},"south":{"uv":[3,8,4.9,9],"rotation":270,"texture":"#1_3"}}},{"from":[9.52214,24.76076,8.1],"to":[9.77214,25.03924,9.5],"rotation":{"angle":0,"axis":"y","origin":[7.8,19.4,8.8]},"faces":{"north":{"uv":[7,8,9,9],"rotation":90,"texture":"#1_3"},"east":{"uv":[4,10,5,11],"rotation":270,"texture":"#1_3"},"south":{"uv":[7,8.01,9,8.51],"rotation":90,"texture":"#1_3"}}},{"from":[9.77214,24.25,8.67071],"to":[9.92214,25.55,8.92929],"rotation":{"angle":0,"axis":"y","origin":[7.8,19.4,8.8]},"faces":{"east":{"uv":[4,10,5,11],"texture":"#1_3"},"up":{"uv":[6,9,8,10],"rotation":270,"texture":"#1_3"},"down":{"uv":[11,8,12,9],"rotation":270,"texture":"#1_3"}}},{"from":[9.77214,24.25,8.67071],"to":[9.92214,25.55,8.92929],"rotation":{"angle":22.5,"axis":"x","origin":[9.89714,24.9,8.8]},"faces":{"east":{"uv":[4,10,5,11],"texture":"#1_3"},"up":{"uv":[9,10,11,11],"rotation":270,"texture":"#1_3"},"down":{"uv":[10,8,12,9],"rotation":270,"texture":"#1_3"}}},{"from":[9.77214,24.25,8.67071],"to":[9.92214,25.55,8.92929],"rotation":{"angle":-22.5,"axis":"x","origin":[9.89714,24.9,8.8]},"faces":{"east":{"uv":[4,10,5,11],"texture":"#1_3"},"up":{"uv":[9,9.01,10,11.01],"rotation":180,"texture":"#1_3"},"down":{"uv":[10,8.01,12,8.51],"rotation":90,"texture":"#1_3"}}},{"from":[9.77214,24.25,8.67071],"to":[9.92214,25.55,8.92929],"rotation":{"angle":45,"axis":"x","origin":[9.89714,24.9,8.8]},"faces":{"east":{"uv":[4,10,5,11],"texture":"#1_3"},"up":{"uv":[10,10,11,12],"texture":"#1_3"},"down":{"uv":[9,8,11,9],"rotation":270,"texture":"#1_3"}}},{"from":[9.77214,24.25,8.67071],"to":[9.92214,25.55,8.92929],"rotation":{"angle":-45,"axis":"x","origin":[9.89714,24.9,8.8]},"faces":{"east":{"uv":[4,10,5,11],"texture":"#1_3"},"up":{"uv":[11,10,13,11],"rotation":270,"texture":"#1_3"},"down":{"uv":[9,8.01,11,8.51],"rotation":90,"texture":"#1_3"}}},{"from":[9.77214,24.77071,8.15],"to":[9.92214,25.02929,9.45],"rotation":{"angle":-22.5,"axis":"x","origin":[9.89714,24.9,8.8]},"faces":{"north":{"uv":[8,8,10,9],"rotation":90,"texture":"#1_3"},"east":{"uv":[4,10,5,11],"rotation":270,"texture":"#1_3"},"south":{"uv":[3,8,4.9,9],"rotation":270,"texture":"#1_3"}}},{"from":[9.77214,24.77071,8.15],"to":[9.92214,25.02929,9.45],"rotation":{"angle":22.5,"axis":"x","origin":[9.89714,24.9,8.8]},"faces":{"north":{"uv":[3,8,5,9],"rotation":270,"texture":"#1_3"},"east":{"uv":[4,10,5,11],"rotation":90,"texture":"#1_3"},"south":{"uv":[8,8.01,10,8.51],"rotation":90,"texture":"#1_3"}}},{"from":[9.77214,24.77071,8.15],"to":[9.92214,25.02929,9.45],"rotation":{"angle":0,"axis":"y","origin":[7.8,19.4,8.8]},"faces":{"north":{"uv":[7,8,9,9],"rotation":90,"texture":"#1_3"},"east":{"uv":[4,10,5,11],"rotation":270,"texture":"#1_3"},"south":{"uv":[7,8.01,9,8.51],"rotation":90,"texture":"#1_3"}}},{"from":[9.92214,25,8.6],"to":[10.37214,25.5,9],"rotation":{"angle":-22.5,"axis":"z","origin":[9.92214,25.5,8.71935]},"faces":{"north":{"uv":[9,9,10,12],"texture":"#1_3"},"east":{"uv":[8,3,9,4],"texture":"#1_3"},"south":{"uv":[9,9,10,12],"texture":"#1_3"},"up":{"uv":[8,9.5,13,10],"rotation":270,"texture":"#1_3"}}},{"from":[9.92214,24.3,8.6],"to":[10.37214,24.8,9],"rotation":{"angle":22.5,"axis":"z","origin":[9.92214,24.3,8.71935]},"faces":{"north":{"uv":[8,8,11,9],"rotation":90,"texture":"#1_3"},"east":{"uv":[5,11,4,10],"texture":"#1_3"},"south":{"uv":[9,8,12,9],"rotation":90,"texture":"#1_3"},"down":{"uv":[9,1.5,13,2],"rotation":270,"texture":"#1_3"}}},{"from":[9.92214,24.7,8.85],"to":[10.37214,25.1,9.4],"rotation":{"angle":22.5,"axis":"y","origin":[9.92214,24.9,9.4]},"faces":{"east":{"uv":[11,6,12,7],"rotation":270,"texture":"#1_3"},"south":{"uv":[7,8,10,9],"rotation":90,"texture":"#1_3"},"up":{"uv":[5,11,6,12],"rotation":180,"texture":"#1_3"},"down":{"uv":[5,11,6,12],"texture":"#1_3"}}},{"from":[9.92214,24.7,8.2],"to":[10.37214,25.1,8.75],"rotation":{"angle":-22.5,"axis":"y","origin":[9.92214,24.9,8.2]},"faces":{"north":{"uv":[7,9,10,8],"rotation":90,"texture":"#1_3"},"east":{"uv":[11,6,12,5],"rotation":270,"texture":"#1_3"},"up":{"uv":[5,11,6,12],"rotation":180,"texture":"#1_3"},"down":{"uv":[5,11,6,12],"texture":"#1_3"}}},{"from":[5.79694,24.025,8.62595],"to":[5.94704,25.775,8.97405],"rotation":{"angle":22.5,"axis":"x","origin":[5.92209,24.9,8.8]},"faces":{"east":{"uv":[15,14,16,15],"rotation":270,"texture":"#1_2"},"west":{"uv":[2,0,3,16],"rotation":180,"texture":"#1_2"},"up":{"uv":[1,2,2,3],"rotation":270,"texture":"#1_2"}}},{"from":[5.79694,24.025,8.62595],"to":[5.94704,25.775,8.97405],"rotation":{"angle":-22.5,"axis":"x","origin":[5.92209,24.9,8.8]},"faces":{"east":{"uv":[15,14,16,15],"rotation":270,"texture":"#1_2"},"west":{"uv":[2,0,3,16],"rotation":180,"texture":"#1_2"},"up":{"uv":[1,2,2,3],"rotation":270,"texture":"#1_2"}}},{"from":[5.79704,24.025,8.62595],"to":[5.94714,25.775,8.97405],"rotation":{"angle":45,"axis":"x","origin":[5.92209,24.9,8.8]},"faces":{"east":{"uv":[15,14,16,15],"rotation":270,"texture":"#1_2"},"west":{"uv":[2,0,3,16],"rotation":180,"texture":"#1_2"},"up":{"uv":[1,2,2,3],"rotation":270,"texture":"#1_2"}}},{"from":[5.79704,24.025,8.62595],"to":[5.94714,25.775,8.97405],"rotation":{"angle":-45,"axis":"x","origin":[5.92209,24.9,8.8]},"faces":{"east":{"uv":[15,14,16,15],"rotation":270,"texture":"#1_2"},"west":{"uv":[2,0,3,16],"rotation":180,"texture":"#1_2"},"up":{"uv":[1,2,2,3],"rotation":270,"texture":"#1_2"},"down":{"uv":[0,0,1,1],"rotation":270,"texture":"#1_2"}}},{"from":[5.79704,24.72595,7.925],"to":[5.94714,25.07405,9.675],"rotation":{"angle":-22.5,"axis":"x","origin":[5.92209,24.9,8.8]},"faces":{"north":{"uv":[0,0,1,1],"rotation":90,"texture":"#1_2"},"east":{"uv":[15,14,16,15],"rotation":180,"texture":"#1_2"},"south":{"uv":[1,2,2,3],"rotation":270,"texture":"#1_2"},"west":{"uv":[2,0,3,16],"rotation":270,"texture":"#1_2"}}},{"from":[5.79704,24.72595,7.925],"to":[5.94714,25.07405,9.675],"rotation":{"angle":22.5,"axis":"x","origin":[5.92209,24.9,8.8]},"faces":{"north":{"uv":[1,2,2,3],"rotation":90,"texture":"#1_2"},"east":{"uv":[15,14,16,15],"texture":"#1_2"},"south":{"uv":[0,0,1,1],"rotation":270,"texture":"#1_2"},"west":{"uv":[2,0,3,16],"rotation":90,"texture":"#1_2"}}},{"from":[5.79694,24.72595,7.925],"to":[5.94704,25.07405,9.675],"rotation":{"angle":0,"axis":"y","origin":[8.4,19.4,8.8]},"faces":{"north":{"uv":[0,0,1,1],"rotation":90,"texture":"#1_2"},"east":{"uv":[15,14,16,15],"rotation":180,"texture":"#1_2"},"south":{"uv":[1,2,2,3],"rotation":270,"texture":"#1_2"},"west":{"uv":[2,0,3,16],"rotation":270,"texture":"#1_2"}}},{"from":[5.77214,24.5,8.72044],"to":[5.87214,25.3,8.87957],"rotation":{"angle":-22.5,"axis":"x","origin":[5.82214,24.9,8.8]},"faces":{"west":{"uv":[5,3.01,9,3.02],"rotation":90,"texture":"#1_3"},"up":{"uv":[0,0,1,1],"rotation":270,"texture":"#1_3"},"down":{"uv":[0,0,1,1],"rotation":270,"texture":"#1_3"}}},{"from":[5.77214,24.5,8.72044],"to":[5.87214,25.3,8.87957],"rotation":{"angle":22.5,"axis":"x","origin":[5.82214,24.9,8.8]},"faces":{"west":{"uv":[5,3.01,9,3.02],"rotation":90,"texture":"#1_3"},"up":{"uv":[0,0,1,1],"rotation":270,"texture":"#1_3"},"down":{"uv":[0,0,1,1],"rotation":270,"texture":"#1_3"}}},{"from":[5.77114,24.5,8.72044],"to":[5.87114,25.3,8.87957],"rotation":{"angle":-45,"axis":"x","origin":[5.82214,24.9,8.8]},"faces":{"west":{"uv":[5,3.01,9,3.02],"rotation":90,"texture":"#1_3"},"up":{"uv":[0,0,1,1],"rotation":270,"texture":"#1_3"},"down":{"uv":[0,0,1,1],"rotation":270,"texture":"#1_3"}}},{"from":[5.77114,24.5,8.72044],"to":[5.87114,25.3,8.87957],"rotation":{"angle":45,"axis":"x","origin":[5.82214,24.9,8.8]},"faces":{"west":{"uv":[5,3.01,9,3.02],"rotation":90,"texture":"#1_3"},"up":{"uv":[0,0,1,1],"rotation":270,"texture":"#1_3"},"down":{"uv":[0,0,1,1],"rotation":270,"texture":"#1_3"}}},{"from":[5.77214,24.82044,8.4],"to":[5.87214,24.97957,9.2],"rotation":{"angle":22.5,"axis":"x","origin":[5.82214,24.9,8.8]},"faces":{"north":{"uv":[0,0,1,1],"rotation":90,"texture":"#1_3"},"south":{"uv":[0,0,1,1],"rotation":270,"texture":"#1_3"},"west":{"uv":[5,3.01,9,3.02],"texture":"#1_3"}}},{"from":[5.77214,24.82044,8.4],"to":[5.87214,24.97957,9.2],"rotation":{"angle":-22.5,"axis":"x","origin":[5.82214,24.9,8.8]},"faces":{"north":{"uv":[0,0,1,1],"rotation":90,"texture":"#1_3"},"south":{"uv":[0,0,1,1],"rotation":270,"texture":"#1_3"},"west":{"uv":[5,3.01,9,3.02],"rotation":180,"texture":"#1_3"}}},{"from":[5.77014,24.82044,8.4],"to":[5.87014,24.97957,9.2],"rotation":{"angle":0,"axis":"y","origin":[8.4,19.4,8.8]},"faces":{"north":{"uv":[0,0,1,1],"rotation":90,"texture":"#1_3"},"south":{"uv":[0,0,1,1],"rotation":270,"texture":"#1_3"},"west":{"uv":[5,3.01,9,3.02],"texture":"#1_3"}}},{"from":[5.92214,24.125,8.64584],"to":[6.52214,25.675,8.95416],"rotation":{"angle":0,"axis":"y","origin":[8.4,19.4,8.8]},"faces":{"east":{"uv":[0,0,1,1],"texture":"#1_2"},"west":{"uv":[0,0,1,1],"texture":"#1_2"},"up":{"uv":[4,10,6,14],"rotation":270,"texture":"#1_2"}}},{"from":[5.92214,24.125,8.64584],"to":[6.52214,25.675,8.95416],"rotation":{"angle":22.5,"axis":"x","origin":[6.22214,24.9,8.8]},"faces":{"east":{"uv":[0,0,1,1],"texture":"#1_2"},"west":{"uv":[0,0,1,1],"texture":"#1_2"},"up":{"uv":[4,10,6,14],"rotation":270,"texture":"#1_2"}}},{"from":[5.92214,24.125,8.64584],"to":[6.52214,25.675,8.95416],"rotation":{"angle":-22.5,"axis":"x","origin":[6.22214,24.9,8.8]},"faces":{"east":{"uv":[0,0,1,1],"texture":"#1_2"},"west":{"uv":[0,0,1,1],"texture":"#1_2"},"up":{"uv":[4,10,6,14],"rotation":270,"texture":"#1_2"}}},{"from":[5.92214,24.125,8.64584],"to":[6.52214,25.675,8.95416],"rotation":{"angle":45,"axis":"x","origin":[6.22214,24.9,8.8]},"faces":{"east":{"uv":[0,0,1,1],"texture":"#1_2"},"west":{"uv":[0,0,1,1],"texture":"#1_2"},"up":{"uv":[4,10,6,14],"rotation":270,"texture":"#1_2"}}},{"from":[5.92214,24.125,8.64584],"to":[6.52214,25.675,8.95416],"rotation":{"angle":-45,"axis":"x","origin":[6.22214,24.9,8.8]},"faces":{"east":{"uv":[0,0,1,1],"texture":"#1_2"},"west":{"uv":[0,0,1,1],"texture":"#1_2"},"up":{"uv":[4,10,6,14],"rotation":270,"texture":"#1_2"},"down":{"uv":[13,15,14,16],"rotation":90,"texture":"#1_2"}}},{"from":[5.92214,24.74584,8.025],"to":[6.52214,25.05416,9.575],"rotation":{"angle":-22.5,"axis":"x","origin":[6.22214,24.9,8.8]},"faces":{"north":{"uv":[13,15,14,16],"rotation":270,"texture":"#1_2"},"east":{"uv":[0,0,1,1],"rotation":270,"texture":"#1_2"},"south":{"uv":[4,10,6,14],"rotation":270,"texture":"#1_2"},"west":{"uv":[0,0,1,1],"rotation":90,"texture":"#1_2"}}},{"from":[5.92214,24.74584,8.025],"to":[6.52214,25.05416,9.575],"rotation":{"angle":22.5,"axis":"x","origin":[6.22214,24.9,8.8]},"faces":{"north":{"uv":[4,10,6,14],"rotation":90,"texture":"#1_2"},"east":{"uv":[0,0,1,1],"rotation":90,"texture":"#1_2"},"south":{"uv":[13,15,14,16],"rotation":90,"texture":"#1_2"},"west":{"uv":[0,0,1,1],"rotation":270,"texture":"#1_2"}}},{"from":[5.92214,24.74584,8.025],"to":[6.52214,25.05416,9.575],"rotation":{"angle":0,"axis":"y","origin":[8.4,19.4,8.8]},"faces":{"north":{"uv":[4,10,6,14],"rotation":90,"texture":"#1_2"},"east":{"uv":[0,0,1,1],"rotation":90,"texture":"#1_2"},"south":{"uv":[13,15,14,16],"rotation":90,"texture":"#1_2"},"west":{"uv":[0,0,1,1],"rotation":270,"texture":"#1_2"}}},{"from":[5.79704,23.125,7.12595],"to":[5.94714,24.875,7.47405],"rotation":{"angle":0,"axis":"y","origin":[8.4,18.5,7.3]},"faces":{"east":{"uv":[15,14,16,15],"rotation":270,"texture":"#1_2"},"west":{"uv":[2,0,3,16],"rotation":180,"texture":"#1_2"},"up":{"uv":[1,2,2,3],"rotation":270,"texture":"#1_2"}}},{"from":[5.77114,23.6,7.22044],"to":[5.87114,24.4,7.37957],"rotation":{"angle":0,"axis":"y","origin":[8.4,18.5,7.3]},"faces":{"west":{"uv":[5,3.01,9,3.02],"rotation":90,"texture":"#1_3"},"up":{"uv":[0,0,1,1],"rotation":270,"texture":"#1_3"},"down":{"uv":[0,0,1,1],"rotation":270,"texture":"#1_3"}}},{"from":[6.22214,23.125,7.12595],"to":[8.82214,24.875,7.47405],"rotation":{"angle":0,"axis":"y","origin":[7.8,18.5,7.3]},"faces":{"east":{"uv":[0,0,1,1],"texture":"#1_2"},"west":{"uv":[0,0,1,1],"texture":"#1_2"},"up":{"uv":[4,10,6,14],"rotation":270,"texture":"#1_2"}}},{"from":[6.22214,23.125,7.12595],"to":[8.82214,24.875,7.47405],"rotation":{"angle":22.5,"axis":"x","origin":[7.82214,24,7.3]},"faces":{"east":{"uv":[0,0,1,1],"texture":"#1_2"},"west":{"uv":[0,0,1,1],"texture":"#1_2"},"up":{"uv":[4,10,6,14],"rotation":270,"texture":"#1_2"}}},{"from":[6.22214,23.125,7.12595],"to":[8.82214,24.875,7.47405],"rotation":{"angle":-22.5,"axis":"x","origin":[7.82214,24,7.3]},"faces":{"east":{"uv":[0,0,1,1],"texture":"#1_2"},"west":{"uv":[0,0,1,1],"texture":"#1_2"},"up":{"uv":[4,10,6,14],"rotation":270,"texture":"#1_2"}}},{"from":[6.22214,23.125,7.12595],"to":[8.82214,24.875,7.47405],"rotation":{"angle":45,"axis":"x","origin":[7.82214,24,7.3]},"faces":{"east":{"uv":[0,0,1,1],"texture":"#1_2"},"west":{"uv":[0,0,1,1],"texture":"#1_2"},"up":{"uv":[4,10,6,14],"rotation":270,"texture":"#1_2"}}},{"from":[6.22214,23.125,7.12595],"to":[8.82214,24.875,7.47405],"rotation":{"angle":-45,"axis":"x","origin":[7.82214,24,7.3]},"faces":{"east":{"uv":[0,0,1,1],"texture":"#1_2"},"west":{"uv":[0,0,1,1],"texture":"#1_2"},"up":{"uv":[4,10,6,14],"rotation":270,"texture":"#1_2"}}},{"from":[6.22214,23.82595,6.425],"to":[8.82214,24.17405,8.175],"rotation":{"angle":-22.5,"axis":"x","origin":[7.82214,24,7.3]},"faces":{"north":{"uv":[11,12,12,13],"rotation":270,"texture":"#1_2"},"east":{"uv":[0,0,1,1],"rotation":270,"texture":"#1_2"},"south":{"uv":[4,10,6,14],"rotation":270,"texture":"#1_2"},"west":{"uv":[0,0,1,1],"texture":"#1_2"}}},{"from":[6.22214,23.82595,6.425],"to":[8.82214,24.17405,8.175],"rotation":{"angle":22.5,"axis":"x","origin":[7.82214,24,7.3]},"faces":{"north":{"uv":[4,10,6,14],"rotation":90,"texture":"#1_2"},"east":{"uv":[0,0,1,1],"rotation":90,"texture":"#1_2"},"south":{"uv":[11,12,12,13],"rotation":90,"texture":"#1_2"},"west":{"uv":[0,0,1,1],"texture":"#1_2"}}},{"from":[6.22214,23.82595,6.425],"to":[8.82214,24.17405,8.175],"rotation":{"angle":0,"axis":"y","origin":[7.8,18.5,7.3]},"faces":{"north":{"uv":[4,10,6,14],"rotation":90,"texture":"#1_2"},"east":{"uv":[0,0,1,1],"rotation":90,"texture":"#1_2"},"south":{"uv":[8,10,9,11],"rotation":90,"texture":"#1_2"},"west":{"uv":[0,0,1,1],"texture":"#1_2"}}},{"from":[8.72214,23.2,7.14087],"to":[9.22214,24.8,7.45913],"rotation":{"angle":0,"axis":"y","origin":[7.8,18.5,7.3]},"faces":{"east":{"uv":[4,10,5,11],"texture":"#1_3"},"up":{"uv":[6,9,8,10],"rotation":270,"texture":"#1_3"},"down":{"uv":[11,8,12,9],"rotation":270,"texture":"#1_3"}}},{"from":[8.72214,23.2,7.14087],"to":[9.22214,24.8,7.45913],"rotation":{"angle":-22.5,"axis":"x","origin":[9.24714,24,7.3]},"faces":{"east":{"uv":[4,10,5,11],"texture":"#1_3"},"up":{"uv":[9,9.01,10,11.01],"rotation":180,"texture":"#1_3"},"down":{"uv":[10,8.01,12,8.51],"rotation":90,"texture":"#1_3"}}},{"from":[8.72214,23.2,7.14087],"to":[9.22214,24.8,7.45913],"rotation":{"angle":22.5,"axis":"x","origin":[9.24714,24,7.3]},"faces":{"east":{"uv":[4,10,5,11],"texture":"#1_3"},"up":{"uv":[9,10,11,11],"rotation":270,"texture":"#1_3"},"down":{"uv":[10,8,12,9],"rotation":270,"texture":"#1_3"}}},{"from":[8.72214,23.2,7.14087],"to":[9.22214,24.8,7.45913],"rotation":{"angle":-45,"axis":"x","origin":[9.24714,24,7.3]},"faces":{"east":{"uv":[4,10,5,11],"texture":"#1_3"},"up":{"uv":[11,10,13,11],"rotation":270,"texture":"#1_3"},"down":{"uv":[9,8.01,11,8.51],"rotation":90,"texture":"#1_3"}}},{"from":[8.72214,23.2,7.14087],"to":[9.22214,24.8,7.45913],"rotation":{"angle":45,"axis":"x","origin":[9.24714,24,7.3]},"faces":{"east":{"uv":[4,10,5,11],"texture":"#1_3"},"up":{"uv":[11,10,12,12],"texture":"#1_3"},"down":{"uv":[9,8,11,9],"rotation":270,"texture":"#1_3"}}},{"from":[8.72214,23.84087,6.5],"to":[9.22214,24.15913,8.1],"rotation":{"angle":22.5,"axis":"x","origin":[9.24714,24,7.3]},"faces":{"north":{"uv":[3,8,5,9],"rotation":270,"texture":"#1_3"},"east":{"uv":[4,10,5,11],"rotation":90,"texture":"#1_3"},"south":{"uv":[8,8.01,10,8.51],"rotation":90,"texture":"#1_3"}}},{"from":[8.72214,23.84087,6.5],"to":[9.22214,24.15913,8.1],"rotation":{"angle":-22.5,"axis":"x","origin":[9.24714,24,7.3]},"faces":{"north":{"uv":[8,8,10,9],"rotation":90,"texture":"#1_3"},"east":{"uv":[4,10,5,11],"rotation":270,"texture":"#1_3"},"south":{"uv":[3,8,4.9,9],"rotation":270,"texture":"#1_3"}}},{"from":[8.72214,23.84087,6.5],"to":[9.22214,24.15913,8.1],"rotation":{"angle":0,"axis":"y","origin":[7.8,18.5,7.3]},"faces":{"north":{"uv":[7,8,9,9],"rotation":90,"texture":"#1_3"},"east":{"uv":[4,10,5,11],"rotation":90,"texture":"#1_3"},"south":{"uv":[7,8.01,9,8.51],"rotation":90,"texture":"#1_3"}}},{"from":[9.22214,23.25,7.15082],"to":[9.52214,24.75,7.44918],"rotation":{"angle":0,"axis":"y","origin":[7.8,18.5,7.3]},"faces":{"east":{"uv":[4,10,5,11],"texture":"#1_3"},"up":{"uv":[6,9,8,10],"rotation":270,"texture":"#1_3"},"down":{"uv":[11,8,12,9],"rotation":270,"texture":"#1_3"}}},{"from":[9.22214,23.25,7.15082],"to":[9.52214,24.75,7.44918],"rotation":{"angle":22.5,"axis":"x","origin":[9.97214,24,7.3]},"faces":{"east":{"uv":[4,10,5,11],"texture":"#1_3"},"up":{"uv":[9,10,11,11],"rotation":270,"texture":"#1_3"},"down":{"uv":[10,8,12,9],"rotation":270,"texture":"#1_3"}}},{"from":[9.22214,23.25,7.15082],"to":[9.52214,24.75,7.44918],"rotation":{"angle":-22.5,"axis":"x","origin":[9.97214,24,7.3]},"faces":{"east":{"uv":[4,10,5,11],"texture":"#1_3"},"up":{"uv":[9,9.01,10,11.01],"rotation":180,"texture":"#1_3"},"down":{"uv":[10,8.01,12,8.51],"rotation":90,"texture":"#1_3"}}},{"from":[9.22214,23.25,7.15082],"to":[9.52214,24.75,7.44918],"rotation":{"angle":45,"axis":"x","origin":[9.97214,24,7.3]},"faces":{"east":{"uv":[4,10,5,11],"texture":"#1_3"},"up":{"uv":[11,10,12,12],"texture":"#1_3"},"down":{"uv":[9,8,11,9],"rotation":270,"texture":"#1_3"}}},{"from":[9.22214,23.25,7.15082],"to":[9.52214,24.75,7.44918],"rotation":{"angle":-45,"axis":"x","origin":[9.97214,24,7.3]},"faces":{"east":{"uv":[4,10,5,11],"texture":"#1_3"},"up":{"uv":[11,10,13,11],"rotation":270,"texture":"#1_3"},"down":{"uv":[9,8.01,11,8.51],"rotation":90,"texture":"#1_3"}}},{"from":[9.22214,23.85082,6.55],"to":[9.52214,24.14918,8.05],"rotation":{"angle":-22.5,"axis":"x","origin":[9.97214,24,7.3]},"faces":{"north":{"uv":[8,8,10,9],"rotation":90,"texture":"#1_3"},"east":{"uv":[4,10,5,11],"rotation":270,"texture":"#1_3"},"south":{"uv":[3,8,4.9,9],"rotation":270,"texture":"#1_3"}}},{"from":[9.22214,23.85082,6.55],"to":[9.52214,24.14918,8.05],"rotation":{"angle":22.5,"axis":"x","origin":[9.97214,24,7.3]},"faces":{"north":{"uv":[3,8,5,9],"rotation":270,"texture":"#1_3"},"east":{"uv":[4,10,5,11],"rotation":90,"texture":"#1_3"},"south":{"uv":[8,8.01,10,8.51],"rotation":90,"texture":"#1_3"}}},{"from":[9.22214,23.85082,6.55],"to":[9.52214,24.14918,8.05],"rotation":{"angle":0,"axis":"y","origin":[7.8,18.5,7.3]},"faces":{"north":{"uv":[7,8,9,9],"rotation":90,"texture":"#1_3"},"east":{"uv":[4,10,5,11],"rotation":270,"texture":"#1_3"},"south":{"uv":[7,8.01,9,8.51],"rotation":90,"texture":"#1_3"}}},{"from":[9.52214,23.3,7.16076],"to":[9.77214,24.7,7.43924],"rotation":{"angle":0,"axis":"y","origin":[7.8,18.5,7.3]},"faces":{"east":{"uv":[4,10,5,11],"texture":"#1_3"},"up":{"uv":[6,9,8,10],"rotation":270,"texture":"#1_3"},"down":{"uv":[11,8,12,9],"rotation":270,"texture":"#1_3"}}},{"from":[9.52214,23.3,7.16076],"to":[9.77214,24.7,7.43924],"rotation":{"angle":-22.5,"axis":"x","origin":[10.37214,24,7.3]},"faces":{"east":{"uv":[4,10,5,11],"texture":"#1_3"},"up":{"uv":[9,9.01,10,11.01],"rotation":180,"texture":"#1_3"},"down":{"uv":[10,8.01,12,8.51],"rotation":90,"texture":"#1_3"}}},{"from":[9.52214,23.3,7.16076],"to":[9.77214,24.7,7.43924],"rotation":{"angle":22.5,"axis":"x","origin":[10.37214,24,7.3]},"faces":{"east":{"uv":[4,10,5,11],"texture":"#1_3"},"up":{"uv":[9,10,11,11],"rotation":270,"texture":"#1_3"},"down":{"uv":[10,8,12,9],"rotation":270,"texture":"#1_3"}}},{"from":[9.52214,23.3,7.16076],"to":[9.77214,24.7,7.43924],"rotation":{"angle":-45,"axis":"x","origin":[10.37214,24,7.3]},"faces":{"east":{"uv":[4,10,5,11],"texture":"#1_3"},"up":{"uv":[11,10,13,11],"rotation":270,"texture":"#1_3"},"down":{"uv":[9,8.01,11,8.51],"rotation":90,"texture":"#1_3"}}},{"from":[9.52214,23.86076,6.6],"to":[9.77214,24.13924,8],"rotation":{"angle":22.5,"axis":"x","origin":[10.37214,24,7.3]},"faces":{"north":{"uv":[3,8,5,9],"rotation":270,"texture":"#1_3"},"east":{"uv":[4,10,5,11],"rotation":90,"texture":"#1_3"},"south":{"uv":[8,8.01,10,8.51],"rotation":90,"texture":"#1_3"}}},{"from":[9.52214,23.3,7.16076],"to":[9.77214,24.7,7.43924],"rotation":{"angle":45,"axis":"x","origin":[10.37214,24,7.3]},"faces":{"east":{"uv":[4,10,5,11],"texture":"#1_3"},"up":{"uv":[10,10,11,12],"texture":"#1_3"},"down":{"uv":[9,8,11,9],"rotation":270,"texture":"#1_3"}}},{"from":[9.52214,23.86076,6.6],"to":[9.77214,24.13924,8],"rotation":{"angle":-22.5,"axis":"x","origin":[10.37214,24,7.3]},"faces":{"north":{"uv":[8,8,10,9],"rotation":90,"texture":"#1_3"},"east":{"uv":[4,10,5,11],"rotation":270,"texture":"#1_3"},"south":{"uv":[3,8,4.9,9],"rotation":270,"texture":"#1_3"}}},{"from":[9.52214,23.86076,6.6],"to":[9.77214,24.13924,8],"rotation":{"angle":0,"axis":"y","origin":[7.8,18.5,7.3]},"faces":{"north":{"uv":[7,8,9,9],"rotation":90,"texture":"#1_3"},"east":{"uv":[4,10,5,11],"rotation":270,"texture":"#1_3"},"south":{"uv":[7,8.01,9,8.51],"rotation":90,"texture":"#1_3"}}},{"from":[9.77214,23.35,7.17071],"to":[9.92214,24.65,7.42929],"rotation":{"angle":0,"axis":"y","origin":[7.8,18.5,7.3]},"faces":{"east":{"uv":[4,10,5,11],"texture":"#1_3"},"up":{"uv":[6,9,8,10],"rotation":270,"texture":"#1_3"},"down":{"uv":[11,8,12,9],"rotation":270,"texture":"#1_3"}}},{"from":[9.77214,23.35,7.17071],"to":[9.92214,24.65,7.42929],"rotation":{"angle":22.5,"axis":"x","origin":[9.89714,24,7.3]},"faces":{"east":{"uv":[4,10,5,11],"texture":"#1_3"},"up":{"uv":[9,10,11,11],"rotation":270,"texture":"#1_3"},"down":{"uv":[10,8,12,9],"rotation":270,"texture":"#1_3"}}},{"from":[9.77214,23.35,7.17071],"to":[9.92214,24.65,7.42929],"rotation":{"angle":-22.5,"axis":"x","origin":[9.89714,24,7.3]},"faces":{"east":{"uv":[4,10,5,11],"texture":"#1_3"},"up":{"uv":[9,9.01,10,11.01],"rotation":180,"texture":"#1_3"},"down":{"uv":[10,8.01,12,8.51],"rotation":90,"texture":"#1_3"}}},{"from":[9.77214,23.35,7.17071],"to":[9.92214,24.65,7.42929],"rotation":{"angle":45,"axis":"x","origin":[9.89714,24,7.3]},"faces":{"east":{"uv":[4,10,5,11],"texture":"#1_3"},"up":{"uv":[10,10,11,12],"texture":"#1_3"},"down":{"uv":[9,8,11,9],"rotation":270,"texture":"#1_3"}}},{"from":[9.77214,23.35,7.17071],"to":[9.92214,24.65,7.42929],"rotation":{"angle":-45,"axis":"x","origin":[9.89714,24,7.3]},"faces":{"east":{"uv":[4,10,5,11],"texture":"#1_3"},"up":{"uv":[11,10,13,11],"rotation":270,"texture":"#1_3"},"down":{"uv":[9,8.01,11,8.51],"rotation":90,"texture":"#1_3"}}},{"from":[9.77214,23.87071,6.65],"to":[9.92214,24.12929,7.95],"rotation":{"angle":-22.5,"axis":"x","origin":[9.89714,24,7.3]},"faces":{"north":{"uv":[8,8,10,9],"rotation":90,"texture":"#1_3"},"east":{"uv":[4,10,5,11],"rotation":270,"texture":"#1_3"},"south":{"uv":[3,8,4.9,9],"rotation":270,"texture":"#1_3"}}},{"from":[9.77214,23.87071,6.65],"to":[9.92214,24.12929,7.95],"rotation":{"angle":22.5,"axis":"x","origin":[9.89714,24,7.3]},"faces":{"north":{"uv":[3,8,5,9],"rotation":270,"texture":"#1_3"},"east":{"uv":[4,10,5,11],"rotation":90,"texture":"#1_3"},"south":{"uv":[8,8.01,10,8.51],"rotation":90,"texture":"#1_3"}}},{"from":[9.77214,23.87071,6.65],"to":[9.92214,24.12929,7.95],"rotation":{"angle":0,"axis":"y","origin":[7.8,18.5,7.3]},"faces":{"north":{"uv":[7,8,9,9],"rotation":90,"texture":"#1_3"},"east":{"uv":[4,10,5,11],"rotation":270,"texture":"#1_3"},"south":{"uv":[7,8.01,9,8.51],"rotation":90,"texture":"#1_3"}}},{"from":[9.92214,24.1,7.1],"to":[10.37214,24.6,7.5],"rotation":{"angle":-22.5,"axis":"z","origin":[9.92214,24.6,7.21935]},"faces":{"north":{"uv":[9,9,10,12],"texture":"#1_3"},"east":{"uv":[8,3,9,4],"texture":"#1_3"},"south":{"uv":[9,9,10,12],"texture":"#1_3"},"up":{"uv":[8,9.5,13,10],"rotation":270,"texture":"#1_3"}}},{"from":[9.92214,23.4,7.1],"to":[10.37214,23.9,7.5],"rotation":{"angle":22.5,"axis":"z","origin":[9.92214,23.4,7.21935]},"faces":{"north":{"uv":[8,8,11,9],"rotation":90,"texture":"#1_3"},"east":{"uv":[5,11,4,10],"texture":"#1_3"},"south":{"uv":[9,8,12,9],"rotation":90,"texture":"#1_3"},"down":{"uv":[9,1.5,13,2],"rotation":270,"texture":"#1_3"}}},{"from":[9.92214,23.8,7.35],"to":[10.37214,24.2,7.9],"rotation":{"angle":22.5,"axis":"y","origin":[9.92214,24,7.9]},"faces":{"east":{"uv":[11,6,12,7],"rotation":270,"texture":"#1_3"},"south":{"uv":[7,8,10,9],"rotation":90,"texture":"#1_3"},"up":{"uv":[5,11,6,12],"rotation":180,"texture":"#1_3"},"down":{"uv":[5,11,6,12],"texture":"#1_3"}}},{"from":[9.92214,23.8,6.7],"to":[10.37214,24.2,7.25],"rotation":{"angle":-22.5,"axis":"y","origin":[9.92214,24,6.7]},"faces":{"north":{"uv":[7,9,10,8],"rotation":90,"texture":"#1_3"},"east":{"uv":[11,6,12,5],"rotation":270,"texture":"#1_3"},"up":{"uv":[5,11,6,12],"rotation":180,"texture":"#1_3"},"down":{"uv":[5,11,6,12],"texture":"#1_3"}}},{"from":[5.79694,23.125,7.12595],"to":[5.94704,24.875,7.47405],"rotation":{"angle":22.5,"axis":"x","origin":[5.92209,24,7.3]},"faces":{"east":{"uv":[15,14,16,15],"rotation":270,"texture":"#1_2"},"west":{"uv":[2,0,3,16],"rotation":180,"texture":"#1_2"},"up":{"uv":[1,2,2,3],"rotation":270,"texture":"#1_2"}}},{"from":[5.79694,23.125,7.12595],"to":[5.94704,24.875,7.47405],"rotation":{"angle":-22.5,"axis":"x","origin":[5.92209,24,7.3]},"faces":{"east":{"uv":[15,14,16,15],"rotation":270,"texture":"#1_2"},"west":{"uv":[2,0,3,16],"rotation":180,"texture":"#1_2"},"up":{"uv":[1,2,2,3],"rotation":270,"texture":"#1_2"}}},{"from":[5.79704,23.125,7.12595],"to":[5.94714,24.875,7.47405],"rotation":{"angle":45,"axis":"x","origin":[5.92209,24,7.3]},"faces":{"east":{"uv":[15,14,16,15],"rotation":270,"texture":"#1_2"},"west":{"uv":[2,0,3,16],"rotation":180,"texture":"#1_2"},"up":{"uv":[1,2,2,3],"rotation":270,"texture":"#1_2"}}},{"from":[5.79704,23.125,7.12595],"to":[5.94714,24.875,7.47405],"rotation":{"angle":-45,"axis":"x","origin":[5.92209,24,7.3]},"faces":{"east":{"uv":[15,14,16,15],"rotation":270,"texture":"#1_2"},"west":{"uv":[2,0,3,16],"rotation":180,"texture":"#1_2"},"up":{"uv":[1,2,2,3],"rotation":270,"texture":"#1_2"}}},{"from":[5.79704,23.82595,6.425],"to":[5.94714,24.17405,8.175],"rotation":{"angle":-22.5,"axis":"x","origin":[5.92209,24,7.3]},"faces":{"north":{"uv":[0,0,1,1],"rotation":90,"texture":"#1_2"},"east":{"uv":[15,14,16,15],"rotation":180,"texture":"#1_2"},"south":{"uv":[1,2,2,3],"rotation":270,"texture":"#1_2"},"west":{"uv":[2,0,3,16],"rotation":270,"texture":"#1_2"}}},{"from":[5.79704,23.82595,6.425],"to":[5.94714,24.17405,8.175],"rotation":{"angle":22.5,"axis":"x","origin":[5.92209,24,7.3]},"faces":{"north":{"uv":[1,2,2,3],"rotation":90,"texture":"#1_2"},"east":{"uv":[15,14,16,15],"texture":"#1_2"},"south":{"uv":[0,0,1,1],"rotation":270,"texture":"#1_2"},"west":{"uv":[2,0,3,16],"rotation":90,"texture":"#1_2"}}},{"from":[5.79694,23.82595,6.425],"to":[5.94704,24.17405,8.175],"rotation":{"angle":0,"axis":"y","origin":[8.4,18.5,7.3]},"faces":{"north":{"uv":[0,0,1,1],"rotation":90,"texture":"#1_2"},"east":{"uv":[15,14,16,15],"rotation":180,"texture":"#1_2"},"south":{"uv":[1,2,2,3],"rotation":270,"texture":"#1_2"},"west":{"uv":[2,0,3,16],"rotation":270,"texture":"#1_2"}}},{"from":[5.77214,23.6,7.22044],"to":[5.87214,24.4,7.37957],"rotation":{"angle":-22.5,"axis":"x","origin":[5.82214,24,7.3]},"faces":{"west":{"uv":[5,3.01,9,3.02],"rotation":90,"texture":"#1_3"},"up":{"uv":[0,0,1,1],"rotation":270,"texture":"#1_3"},"down":{"uv":[0,0,1,1],"rotation":270,"texture":"#1_3"}}},{"from":[5.77214,23.6,7.22044],"to":[5.87214,24.4,7.37957],"rotation":{"angle":22.5,"axis":"x","origin":[5.82214,24,7.3]},"faces":{"west":{"uv":[5,3.01,9,3.02],"rotation":90,"texture":"#1_3"},"up":{"uv":[0,0,1,1],"rotation":270,"texture":"#1_3"},"down":{"uv":[0,0,1,1],"rotation":270,"texture":"#1_3"}}},{"from":[5.77114,23.6,7.22044],"to":[5.87114,24.4,7.37957],"rotation":{"angle":-45,"axis":"x","origin":[5.82214,24,7.3]},"faces":{"west":{"uv":[5,3.01,9,3.02],"rotation":90,"texture":"#1_3"},"up":{"uv":[0,0,1,1],"rotation":270,"texture":"#1_3"},"down":{"uv":[0,0,1,1],"rotation":270,"texture":"#1_3"}}},{"from":[5.77114,23.6,7.22044],"to":[5.87114,24.4,7.37957],"rotation":{"angle":45,"axis":"x","origin":[5.82214,24,7.3]},"faces":{"west":{"uv":[5,3.01,9,3.02],"rotation":90,"texture":"#1_3"},"up":{"uv":[0,0,1,1],"rotation":270,"texture":"#1_3"},"down":{"uv":[0,0,1,1],"rotation":270,"texture":"#1_3"}}},{"from":[5.77214,23.92044,6.9],"to":[5.87214,24.07957,7.7],"rotation":{"angle":22.5,"axis":"x","origin":[5.82214,24,7.3]},"faces":{"north":{"uv":[0,0,1,1],"rotation":90,"texture":"#1_3"},"south":{"uv":[0,0,1,1],"rotation":270,"texture":"#1_3"},"west":{"uv":[5,3.01,9,3.02],"texture":"#1_3"}}},{"from":[5.77214,23.92044,6.9],"to":[5.87214,24.07957,7.7],"rotation":{"angle":-22.5,"axis":"x","origin":[5.82214,24,7.3]},"faces":{"north":{"uv":[0,0,1,1],"rotation":90,"texture":"#1_3"},"south":{"uv":[0,0,1,1],"rotation":270,"texture":"#1_3"},"west":{"uv":[5,3.01,9,3.02],"rotation":180,"texture":"#1_3"}}},{"from":[5.77014,23.92044,6.9],"to":[5.87014,24.07957,7.7],"rotation":{"angle":0,"axis":"y","origin":[8.4,18.5,7.3]},"faces":{"north":{"uv":[0,0,1,1],"rotation":90,"texture":"#1_3"},"south":{"uv":[0,0,1,1],"rotation":270,"texture":"#1_3"},"west":{"uv":[5,3.01,9,3.02],"texture":"#1_3"}}},{"from":[5.92214,23.225,7.14584],"to":[6.52214,24.775,7.45416],"rotation":{"angle":0,"axis":"y","origin":[8.4,18.5,7.3]},"faces":{"east":{"uv":[0,0,1,1],"texture":"#1_2"},"west":{"uv":[0,0,1,1],"texture":"#1_2"},"up":{"uv":[4,10,6,14],"rotation":270,"texture":"#1_2"}}},{"from":[5.92214,23.225,7.14584],"to":[6.52214,24.775,7.45416],"rotation":{"angle":22.5,"axis":"x","origin":[6.22214,24,7.3]},"faces":{"east":{"uv":[0,0,1,1],"texture":"#1_2"},"west":{"uv":[0,0,1,1],"texture":"#1_2"},"up":{"uv":[4,10,6,14],"rotation":270,"texture":"#1_2"}}},{"from":[5.92214,23.225,7.14584],"to":[6.52214,24.775,7.45416],"rotation":{"angle":-22.5,"axis":"x","origin":[6.22214,24,7.3]},"faces":{"east":{"uv":[0,0,1,1],"texture":"#1_2"},"west":{"uv":[0,0,1,1],"texture":"#1_2"},"up":{"uv":[4,10,6,14],"rotation":270,"texture":"#1_2"}}},{"from":[5.92214,23.225,7.14584],"to":[6.52214,24.775,7.45416],"rotation":{"angle":45,"axis":"x","origin":[6.22214,24,7.3]},"faces":{"east":{"uv":[0,0,1,1],"texture":"#1_2"},"west":{"uv":[0,0,1,1],"texture":"#1_2"},"up":{"uv":[4,10,6,14],"rotation":270,"texture":"#1_2"}}},{"from":[5.92214,23.225,7.14584],"to":[6.52214,24.775,7.45416],"rotation":{"angle":-45,"axis":"x","origin":[6.22214,24,7.3]},"faces":{"east":{"uv":[0,0,1,1],"texture":"#1_2"},"west":{"uv":[0,0,1,1],"texture":"#1_2"},"up":{"uv":[4,10,6,14],"rotation":270,"texture":"#1_2"}}},{"from":[5.92214,23.84584,6.525],"to":[6.52214,24.15416,8.075],"rotation":{"angle":-22.5,"axis":"x","origin":[6.22214,24,7.3]},"faces":{"north":{"uv":[13,15,14,16],"rotation":270,"texture":"#1_2"},"east":{"uv":[0,0,1,1],"rotation":270,"texture":"#1_2"},"south":{"uv":[4,10,6,14],"rotation":270,"texture":"#1_2"},"west":{"uv":[0,0,1,1],"rotation":90,"texture":"#1_2"}}},{"from":[5.92214,23.84584,6.525],"to":[6.52214,24.15416,8.075],"rotation":{"angle":22.5,"axis":"x","origin":[6.22214,24,7.3]},"faces":{"north":{"uv":[4,10,6,14],"rotation":90,"texture":"#1_2"},"east":{"uv":[0,0,1,1],"rotation":90,"texture":"#1_2"},"south":{"uv":[13,15,14,16],"rotation":90,"texture":"#1_2"},"west":{"uv":[0,0,1,1],"rotation":270,"texture":"#1_2"}}},{"from":[5.92214,23.84584,6.525],"to":[6.52214,24.15416,8.075],"rotation":{"angle":0,"axis":"y","origin":[8.4,18.5,7.3]},"faces":{"north":{"uv":[4,10,6,14],"rotation":90,"texture":"#1_2"},"east":{"uv":[0,0,1,1],"rotation":90,"texture":"#1_2"},"south":{"uv":[13,15,14,16],"rotation":90,"texture":"#1_2"},"west":{"uv":[0,0,1,1],"rotation":270,"texture":"#1_2"}}}],"display":{"thirdperson_righthand":{"rotation":[25,111,-23],"translation":[-0.5,-2,0],"scale":[0.2,0.2,0.2]},"thirdperson_lefthand":{"rotation":[69,-71,65],"translation":[-0.25,-2.5,0],"scale":[0.2,0.2,0.2]},"firstperson_righthand":{"rotation":[-87,65,68],"translation":[5.5,-3,0],"scale":[0.4,0.4,0.4]},"firstperson_lefthand":{"rotation":[-40,-110,-27],"translation":[4.25,-3,0],"scale":[0.4,0.4,0.4]},"ground":{"translation":[0,3.5,0],"scale":[0.2,0.2,0.2]},"gui":{"rotation":[0,180,33],"translation":[-0.25,-0.75,0],"scale":[0.55,0.55,0.55]},"head":{"scale":[0.5,0.5,0.5]},"fixed":{"rotation":[0,180,0],"translation":[0,-0.5,-2],"scale":[0.4,0.4,0.4]}}}