{"gui_light":"front","textures":{"4":"block/stripped_jungle_log_top","5":"block/jungle_log_top","6":"block/jungle_planks","particle":"block/jungle_log_top","barrel":"block/coal_block","altgrey":"block/chiseled_stone_bricks","altbarrel":"block/anvil"},"elements":[{"from":[9,4,7.5],"to":[11,6,8.5],"faces":{"north":{"uv":[9,3,12,12],"texture":"#altgrey"},"east":{"uv":[15,9.5,16,14.5],"texture":"#altgrey"},"south":{"uv":[9,3,12,12],"texture":"#altgrey"},"west":{"uv":[7,0,10,16],"texture":"#barrel"},"down":{"uv":[0,0,0.5,0.5],"texture":"#barrel"}}},{"from":[9,6,7.5],"to":[11.7,7.5,8.5],"faces":{"north":{"uv":[9,6,13,12],"rotation":180,"texture":"#altgrey"},"east":{"uv":[15,9.5,16,14.5],"texture":"#altgrey"},"south":{"uv":[9,6,13,12],"texture":"#altgrey"},"west":{"uv":[7,0,10,16],"texture":"#barrel"},"down":{"uv":[7,7,7.5,7.5],"texture":"#altgrey"}}},{"from":[9.8,2.4,7.499],"to":[10.3,2.9,8.501],"rotation":{"angle":0,"axis":"y","origin":[8,8,7.999]},"faces":{"north":{"uv":[2,2,5,5],"rotation":270,"texture":"#altgrey"},"south":{"uv":[2,2,5,5],"rotation":270,"texture":"#altgrey"}}},{"from":[9.4,4.3,7.499],"to":[9.6,4.5,8.501],"rotation":{"angle":0,"axis":"y","origin":[8,8,7.999]},"faces":{"north":{"uv":[6,13,8,15],"rotation":90,"texture":"#barrel"},"south":{"uv":[7,12,9,14],"texture":"#barrel"}}},{"from":[10.95,4.6,7.499],"to":[11.15,4.8,8.501],"rotation":{"angle":0,"axis":"y","origin":[8,8,7.999]},"faces":{"north":{"uv":[6,13,8,15],"rotation":90,"texture":"#barrel"},"south":{"uv":[7,12,9,14],"texture":"#barrel"}}},{"from":[11.35,6.1,7.499],"to":[11.55,6.3,8.501],"rotation":{"angle":0,"axis":"y","origin":[8,8,7.999]},"faces":{"north":{"uv":[6,13,8,15],"rotation":90,"texture":"#barrel"},"south":{"uv":[7,12,9,14],"texture":"#barrel"}}},{"from":[9.2,6.7,7.499],"to":[9.4,6.9,8.501],"rotation":{"angle":0,"axis":"y","origin":[8,8,7.999]},"faces":{"north":{"uv":[6,13,8,15],"rotation":90,"texture":"#barrel"},"south":{"uv":[7,12,9,14],"texture":"#barrel"}}},{"from":[12.05,6.5,7.599],"to":[12.35,6.8,8.401],"rotation":{"angle":0,"axis":"y","origin":[8,8,8.099]},"faces":{"north":{"uv":[6,13,8,15],"rotation":90,"texture":"#barrel"},"south":{"uv":[7,12,9,14],"texture":"#barrel"}}},{"from":[4.15,4.6,7.499],"to":[4.55,5,8.501],"rotation":{"angle":0,"axis":"y","origin":[8,8,7.999]},"faces":{"north":{"uv":[2,2,5,5],"rotation":270,"texture":"#altgrey"},"south":{"uv":[2,2,5,5],"rotation":270,"texture":"#altgrey"}}},{"from":[4.85,9.35,6.799],"to":[5.05,9.55,7.501],"rotation":{"angle":0,"axis":"y","origin":[8,8,7.999]},"faces":{"north":{"uv":[2,2,5,5],"rotation":270,"texture":"#altgrey"},"south":{"uv":[2,2,5,5],"rotation":270,"texture":"#altgrey"}}},{"from":[16.45,9.15,6.799],"to":[16.65,9.35,7.501],"rotation":{"angle":0,"axis":"y","origin":[8,8,7.999]},"faces":{"north":{"uv":[2,2,5,5],"rotation":270,"texture":"#altgrey"},"south":{"uv":[2,2,5,5],"rotation":270,"texture":"#altgrey"}}},{"from":[8.3,4,7.499],"to":[9,4.25,8.501],"rotation":{"angle":-22.5,"axis":"z","origin":[9,4,8]},"faces":{"north":{"uv":[9,11,12,12],"texture":"#altgrey"},"south":{"uv":[9,11,12,12],"texture":"#altgrey"},"west":{"uv":[7,15,10,16],"texture":"#barrel"},"up":{"uv":[0,0,1,1],"texture":"#barrel"},"down":{"uv":[0,0,0.5,0.5],"texture":"#barrel"}}},{"from":[8.3,4.25,7.5],"to":[9,4.52,8.5],"rotation":{"angle":0,"axis":"z","origin":[9,4,8.001]},"faces":{"north":{"uv":[9,11,12,12],"texture":"#altgrey"},"south":{"uv":[9,11,12,12],"texture":"#altgrey"},"west":{"uv":[7,15,10,16],"texture":"#barrel"},"up":{"uv":[0,0,1,1],"texture":"#barrel"},"down":{"uv":[0,0,0.5,0.5],"texture":"#barrel"}}},{"from":[7.95,5.5,7.6],"to":[9.1,5.7,8.4],"rotation":{"angle":22.5,"axis":"z","origin":[8.525,5.6,8]},"faces":{"north":{"uv":[15,8,16,14],"texture":"#barrel"},"south":{"uv":[15,6,16,11],"texture":"#barrel"},"west":{"uv":[0,0,0.5,0.5],"texture":"#barrel"},"up":{"uv":[0,0,0.5,4.5],"rotation":270,"texture":"#barrel"},"down":{"uv":[0,0,0.5,0.5],"texture":"#altbarrel"}}},{"from":[11,4.25,7.5],"to":[11.25,6,8.5],"faces":{"north":{"uv":[13,10,14,14],"texture":"#altgrey"},"east":{"uv":[13,4.75,14,8],"texture":"#altgrey"},"south":{"uv":[15,9,16,14],"texture":"#altgrey"},"down":{"uv":[0,0,0.5,0.5],"texture":"#altgrey"}}},{"from":[11.001,4.65,7.75],"to":[11.251,6,8.25],"faces":{"east":{"uv":[5,7,10,10],"texture":"#altgrey"}}},{"from":[11.25,4.5,7.75],"to":[12.55,4.65,8.25],"faces":{"north":{"uv":[8,0,9,3],"texture":"#altgrey"},"east":{"uv":[0,0,0.5,0.5],"texture":"#altbarrel"},"south":{"uv":[7,0,8,3],"texture":"#altgrey"},"up":{"uv":[9,8.25,11,9],"texture":"#altgrey"},"down":{"uv":[13,10,14,16],"rotation":90,"texture":"#altgrey"}}},{"from":[11.7,6,7.75],"to":[12.7,6.2,8.25],"faces":{"north":{"uv":[6,0,7,3],"texture":"#altgrey"},"east":{"uv":[4,2,14,3],"rotation":90,"texture":"#altgrey"},"south":{"uv":[6,0,7,3],"texture":"#altgrey"},"up":{"uv":[9,8.25,11,9],"texture":"#altgrey"},"down":{"uv":[5,2,6.75,3],"texture":"#altgrey"}}},{"from":[8.25,6.2,7.6],"to":[12.7,7.5,8.4],"rotation":{"angle":0,"axis":"y","origin":[8,8,8.1]},"faces":{"north":{"uv":[3.5,15,16,16],"texture":"#barrel"},"east":{"uv":[14.25,13.75,15.75,15.5],"texture":"#barrel"},"south":{"uv":[3,15,16,16],"rotation":180,"texture":"#barrel"},"west":{"uv":[14,13,16,16],"texture":"#barrel"},"up":{"uv":[6.5,14,16,16],"texture":"#barrel"},"down":{"uv":[10,15,16,16],"texture":"#barrel"}}},{"from":[4.65,9,7.4],"to":[6.8,9.8,7.5],"rotation":{"angle":0,"axis":"y","origin":[8,8.2,8.3]},"faces":{"north":{"uv":[0,0,1,1],"texture":"#barrel"},"east":{"uv":[0,0,1,4],"texture":"#barrel"},"south":{"uv":[10,7,16,8],"rotation":90,"texture":"#barrel"},"west":{"uv":[0,0,1,4],"texture":"#barrel"},"up":{"uv":[0,0,5,1],"rotation":270,"texture":"#barrel"},"down":{"uv":[10,15,16,16],"texture":"#barrel"}}},{"from":[14.55,8.9,7.4],"to":[14.9,9.5,7.5],"rotation":{"angle":0,"axis":"y","origin":[17.9,8.1,8.3]},"faces":{"north":{"uv":[0,0,1,1],"texture":"#barrel"},"east":{"uv":[0,0,1,4],"texture":"#barrel"},"south":{"uv":[10,7,16,8],"rotation":90,"texture":"#barrel"},"west":{"uv":[0,0,1,4],"texture":"#barrel"},"up":{"uv":[0,0,5,1],"rotation":270,"texture":"#barrel"},"down":{"uv":[15,15,16,16],"texture":"#barrel"}}},{"from":[16.35,8.9,7.4],"to":[16.7,9.5,7.5],"rotation":{"angle":0,"axis":"y","origin":[19.7,8.1,8.3]},"faces":{"north":{"uv":[0,0,1,1],"texture":"#barrel"},"east":{"uv":[0,0,1,4],"texture":"#barrel"},"south":{"uv":[10,7,16,8],"rotation":90,"texture":"#barrel"},"west":{"uv":[0,0,1,4],"texture":"#barrel"},"up":{"uv":[0,0,5,1],"rotation":270,"texture":"#barrel"},"down":{"uv":[15,15,16,16],"texture":"#barrel"}}},{"from":[15.35,8.9,7.4],"to":[15.9,9.5,7.5],"rotation":{"angle":0,"axis":"y","origin":[18.9,8.1,8.3]},"faces":{"north":{"uv":[0,0,1,1],"texture":"#barrel"},"east":{"uv":[0,0,1,4],"texture":"#barrel"},"south":{"uv":[10,7,16,8],"rotation":90,"texture":"#barrel"},"west":{"uv":[0,0,1,4],"texture":"#barrel"},"up":{"uv":[0,0,5,1],"rotation":270,"texture":"#barrel"},"down":{"uv":[15,15,16,16],"texture":"#barrel"}}},{"from":[14.9,8.9,7.4],"to":[15.35,9,7.5],"rotation":{"angle":0,"axis":"y","origin":[18.45,8.1,8.3]},"faces":{"north":{"uv":[0,0,1,1],"texture":"#barrel"},"east":{"uv":[0,0,1,4],"texture":"#barrel"},"south":{"uv":[15,7,16,8],"rotation":90,"texture":"#barrel"},"west":{"uv":[0,0,1,4],"texture":"#barrel"},"up":{"uv":[0,0,5,1],"rotation":270,"texture":"#barrel"},"down":{"uv":[15,15,16,16],"texture":"#barrel"}}},{"from":[14.9,9.4,7.4],"to":[15.35,9.5,7.5],"rotation":{"angle":0,"axis":"y","origin":[18.45,8.55,8.3]},"faces":{"north":{"uv":[0,0,1,1],"texture":"#barrel"},"east":{"uv":[0,0,1,4],"texture":"#barrel"},"south":{"uv":[10,7,11,8],"rotation":90,"texture":"#barrel"},"west":{"uv":[0,0,1,4],"texture":"#barrel"},"up":{"uv":[0,0,5,1],"rotation":270,"texture":"#barrel"},"down":{"uv":[15,15,16,16],"texture":"#barrel"}}},{"from":[15.9,8.9,7.4],"to":[16.35,9,7.5],"rotation":{"angle":0,"axis":"y","origin":[19.45,8.1,8.3]},"faces":{"north":{"uv":[0,0,1,1],"texture":"#barrel"},"east":{"uv":[0,0,1,4],"texture":"#barrel"},"south":{"uv":[15,7,16,8],"rotation":90,"texture":"#barrel"},"west":{"uv":[0,0,1,4],"texture":"#barrel"},"up":{"uv":[0,0,5,1],"rotation":270,"texture":"#barrel"},"down":{"uv":[15,15,16,16],"texture":"#barrel"}}},{"from":[15.9,9.4,7.4],"to":[16.35,9.5,7.5],"rotation":{"angle":0,"axis":"y","origin":[19.45,8.55,8.3]},"faces":{"north":{"uv":[0,0,1,1],"texture":"#barrel"},"east":{"uv":[0,0,1,4],"texture":"#barrel"},"south":{"uv":[10,7,11,8],"rotation":90,"texture":"#barrel"},"west":{"uv":[0,0,1,4],"texture":"#barrel"},"up":{"uv":[0,0,5,1],"rotation":270,"texture":"#barrel"},"down":{"uv":[15,15,16,16],"texture":"#barrel"}}},{"from":[4.65,9,6.8],"to":[6.8,9.8,6.9],"rotation":{"angle":0,"axis":"y","origin":[8,8.2,7.7]},"faces":{"north":{"uv":[10,7,16,8],"rotation":90,"texture":"#barrel"},"east":{"uv":[0,0,1,4],"texture":"#barrel"},"south":{"uv":[0,0,1,1],"rotation":180,"texture":"#barrel"},"west":{"uv":[0,0,1,4],"texture":"#barrel"},"up":{"uv":[0,0,5,1],"rotation":90,"texture":"#barrel"},"down":{"uv":[10,15,16,16],"texture":"#barrel"}}},{"from":[3.25,6.8,6.8],"to":[6.2,7.6,7.2],"rotation":{"angle":0,"axis":"y","origin":[8,8.2,7.7]},"faces":{"north":{"uv":[9,9,10,15],"rotation":180,"texture":"#barrel"},"east":{"uv":[0,0,1,4],"texture":"#barrel"},"south":{"uv":[0,0,1,1],"rotation":180,"texture":"#barrel"},"west":{"uv":[0,2,1,5],"rotation":270,"texture":"#barrel"},"up":{"uv":[0,0,5,1],"rotation":90,"texture":"#barrel"},"down":{"uv":[10,15,16,16],"texture":"#barrel"}}},{"from":[14.55,8.9,6.8],"to":[14.9,9.5,6.9],"rotation":{"angle":0,"axis":"y","origin":[17.9,8.1,7.7]},"faces":{"north":{"uv":[10,7,16,8],"rotation":90,"texture":"#barrel"},"east":{"uv":[0,0,1,4],"texture":"#barrel"},"south":{"uv":[0,0,1,1],"rotation":180,"texture":"#barrel"},"west":{"uv":[0,0,1,4],"texture":"#barrel"},"up":{"uv":[0,0,5,1],"rotation":90,"texture":"#barrel"},"down":{"uv":[15,15,16,16],"texture":"#barrel"}}},{"from":[16.35,8.9,6.8],"to":[16.7,9.5,6.9],"rotation":{"angle":0,"axis":"y","origin":[19.7,8.1,7.7]},"faces":{"north":{"uv":[10,7,16,8],"rotation":90,"texture":"#barrel"},"east":{"uv":[0,0,1,4],"texture":"#barrel"},"south":{"uv":[0,0,1,1],"rotation":180,"texture":"#barrel"},"west":{"uv":[0,0,1,4],"texture":"#barrel"},"up":{"uv":[0,0,5,1],"rotation":90,"texture":"#barrel"},"down":{"uv":[15,15,16,16],"texture":"#barrel"}}},{"from":[15.35,8.9,6.8],"to":[15.9,9.5,6.9],"rotation":{"angle":0,"axis":"y","origin":[18.9,8.1,7.7]},"faces":{"north":{"uv":[10,7,16,8],"rotation":90,"texture":"#barrel"},"east":{"uv":[0,0,1,4],"texture":"#barrel"},"south":{"uv":[0,0,1,1],"rotation":180,"texture":"#barrel"},"west":{"uv":[0,0,1,4],"texture":"#barrel"},"up":{"uv":[0,0,5,1],"rotation":90,"texture":"#barrel"},"down":{"uv":[15,15,16,16],"texture":"#barrel"}}},{"from":[14.9,8.9,6.8],"to":[15.35,9,6.9],"rotation":{"angle":0,"axis":"y","origin":[18.45,8.1,7.7]},"faces":{"north":{"uv":[15,7,16,8],"rotation":90,"texture":"#barrel"},"east":{"uv":[0,0,1,4],"texture":"#barrel"},"south":{"uv":[0,0,1,1],"rotation":180,"texture":"#barrel"},"west":{"uv":[0,0,1,4],"texture":"#barrel"},"up":{"uv":[0,0,5,1],"rotation":90,"texture":"#barrel"},"down":{"uv":[15,15,16,16],"texture":"#barrel"}}},{"from":[14.9,9.4,6.8],"to":[15.35,9.5,6.9],"rotation":{"angle":0,"axis":"y","origin":[18.45,8.55,7.7]},"faces":{"north":{"uv":[10,7,11,8],"rotation":90,"texture":"#barrel"},"east":{"uv":[0,0,1,4],"texture":"#barrel"},"south":{"uv":[0,0,1,1],"rotation":180,"texture":"#barrel"},"west":{"uv":[0,0,1,4],"texture":"#barrel"},"up":{"uv":[0,0,5,1],"rotation":90,"texture":"#barrel"},"down":{"uv":[15,15,16,16],"texture":"#barrel"}}},{"from":[15.9,8.9,6.8],"to":[16.35,9,6.9],"rotation":{"angle":0,"axis":"y","origin":[19.45,8.1,7.7]},"faces":{"north":{"uv":[15,7,16,8],"rotation":90,"texture":"#barrel"},"east":{"uv":[0,0,1,4],"texture":"#barrel"},"south":{"uv":[0,0,1,1],"rotation":180,"texture":"#barrel"},"west":{"uv":[0,0,1,4],"texture":"#barrel"},"up":{"uv":[0,0,5,1],"rotation":90,"texture":"#barrel"},"down":{"uv":[15,15,16,16],"texture":"#barrel"}}},{"from":[15.9,9.4,6.8],"to":[16.35,9.5,6.9],"rotation":{"angle":0,"axis":"y","origin":[19.45,8.55,7.7]},"faces":{"north":{"uv":[10,7,11,8],"rotation":90,"texture":"#barrel"},"east":{"uv":[0,0,1,4],"texture":"#barrel"},"south":{"uv":[0,0,1,1],"rotation":180,"texture":"#barrel"},"west":{"uv":[0,0,1,4],"texture":"#barrel"},"up":{"uv":[0,0,5,1],"rotation":90,"texture":"#barrel"},"down":{"uv":[15,15,16,16],"texture":"#barrel"}}},{"from":[11.45,5.3,7.8],"to":[11.6,6,8.2],"rotation":{"angle":0,"axis":"y","origin":[8,8,7.95]},"faces":{"north":{"uv":[16,15,15,16],"texture":"#barrel"},"east":{"uv":[0.5,0,0,0.5],"texture":"#barrel"},"south":{"uv":[0.5,0,0,0.5],"texture":"#barrel"},"west":{"uv":[0.5,0,0,0.5],"texture":"#barrel"},"down":{"uv":[0,0.5,0.5,0],"texture":"#barrel"}}},{"from":[11.45,4.9,7.8],"to":[11.6,5.3,8.2],"rotation":{"angle":22.5,"axis":"z","origin":[11.45,5.3,7.95]},"faces":{"north":{"uv":[16,15,15,16],"texture":"#barrel"},"east":{"uv":[0.5,0,0,0.5],"texture":"#barrel"},"south":{"uv":[0.5,0,0,0.5],"texture":"#barrel"},"west":{"uv":[0.5,0,0,0.5],"texture":"#barrel"},"down":{"uv":[0,0.5,0.5,0],"texture":"#barrel"}}},{"from":[10.8,5.15,7.8],"to":[11.45,5.3,8.2],"rotation":{"angle":22.5,"axis":"z","origin":[11.45,5.3,7.95]},"faces":{"north":{"uv":[16,15,15,16],"texture":"#barrel"},"east":{"uv":[0.5,0,0,0.5],"texture":"#barrel"},"south":{"uv":[0.5,0,0,0.5],"texture":"#barrel"},"west":{"uv":[0.5,0,0,0.5],"texture":"#barrel"},"down":{"uv":[0,0.5,0.5,0],"texture":"#barrel"}}},{"from":[12.55,4.5,7.75],"to":[12.7,6,8.25],"faces":{"north":{"uv":[2,0,16,3],"rotation":90,"texture":"#altgrey"},"east":{"uv":[10,3,11,13],"texture":"#altgrey"},"south":{"uv":[16,0,2,3],"rotation":270,"texture":"#altgrey"},"west":{"uv":[4,2,5,13],"texture":"#altgrey"},"up":{"uv":[0,0,0.5,0.5],"texture":"#altbarrel"},"down":{"uv":[9,8,10,9],"texture":"#altgrey"}}},{"from":[7.5,7,7.8011],"to":[17,9,8.1989],"faces":{"north":{"uv":[0,0,1,1],"texture":"#barrel"},"east":{"uv":[0,5,1,11],"texture":"#barrel"},"south":{"uv":[0,0,1,1],"texture":"#barrel"},"up":{"uv":[5,3,6,4],"texture":"#barrel"},"down":{"uv":[7,4,8,5],"texture":"#barrel"}}},{"from":[3,6.8,7.76131],"to":[7.5,9.2,8.2387],"faces":{"north":{"uv":[0,0,1,1],"texture":"#barrel"},"east":{"uv":[5,15,6,16],"texture":"#barrel"},"south":{"uv":[0,0,1,1],"texture":"#barrel"},"up":{"uv":[5,3,6,4],"texture":"#barrel"},"down":{"uv":[7,4,8,5],"texture":"#barrel"}}},{"from":[2.45,6.6,7.72152],"to":[2.7,9.4,8.27848],"rotation":{"angle":0,"axis":"y","origin":[2.575,8,8]},"faces":{"east":{"uv":[6,15,5,16],"texture":"#barrel"},"west":{"uv":[0,0,1,1],"texture":"#barrel"},"up":{"uv":[7,5,8,4],"texture":"#barrel"},"down":{"uv":[7,5,8,4],"texture":"#barrel"}}},{"from":[2.45,9.4,7.87152],"to":[2.7,9.7,8.12848],"rotation":{"angle":0,"axis":"y","origin":[2.575,8,8.05]},"faces":{"north":{"uv":[0,0,1,1],"texture":"#barrel"},"east":{"uv":[6,15,5,16],"texture":"#barrel"},"south":{"uv":[0,0,1,1],"texture":"#barrel"},"west":{"uv":[0,0,1,1],"texture":"#barrel"},"up":{"uv":[7,5,8,4],"texture":"#barrel"},"down":{"uv":[7,5,8,4],"texture":"#barrel"}}},{"from":[-4.5,9,7.87152],"to":[-4.25,9.3,8.12848],"rotation":{"angle":0,"axis":"y","origin":[2.575,8,8.05]},"faces":{"north":{"uv":[0,0,1,1],"texture":"#barrel"},"east":{"uv":[6,15,5,16],"texture":"#barrel"},"south":{"uv":[0,0,1,1],"texture":"#barrel"},"west":{"uv":[0,0,1,1],"texture":"#barrel"},"up":{"uv":[7,5,8,4],"texture":"#barrel"},"down":{"uv":[7,5,8,4],"texture":"#barrel"}}},{"from":[-9,9,7.87152],"to":[-8.75,9.3,8.12848],"rotation":{"angle":0,"axis":"y","origin":[2.575,8,8.05]},"faces":{"north":{"uv":[0,0,1,1],"texture":"#barrel"},"east":{"uv":[6,15,5,16],"texture":"#barrel"},"south":{"uv":[0,0,1,1],"texture":"#barrel"},"west":{"uv":[0,0,1,1],"texture":"#barrel"},"up":{"uv":[7,5,8,4],"texture":"#barrel"},"down":{"uv":[7,5,8,4],"texture":"#barrel"}}},{"from":[2.45,7.72152,6.6],"to":[2.7,8.27848,9.4],"rotation":{"angle":0,"axis":"x","origin":[2.575,8,8]},"faces":{"north":{"uv":[7,5,8,4],"rotation":180,"texture":"#barrel"},"east":{"uv":[6,15,5,16],"rotation":90,"texture":"#barrel"},"south":{"uv":[7,5,8,4],"texture":"#barrel"},"west":{"uv":[0,0,1,1],"texture":"#barrel"}}},{"from":[2.45,7.72152,6.6],"to":[2.7,8.27848,9.4],"rotation":{"angle":22.5,"axis":"x","origin":[2.575,8,8]},"faces":{"north":{"uv":[7,5,8,4],"rotation":180,"texture":"#barrel"},"east":{"uv":[6,15,5,16],"rotation":90,"texture":"#barrel"},"south":{"uv":[7,5,8,4],"texture":"#barrel"},"west":{"uv":[0,0,1,1],"texture":"#barrel"}}},{"from":[2.45,7.72152,6.6],"to":[2.7,8.27848,9.4],"rotation":{"angle":-22.5,"axis":"x","origin":[2.575,8,8]},"faces":{"north":{"uv":[7,5,8,4],"rotation":180,"texture":"#barrel"},"east":{"uv":[6,15,5,16],"rotation":270,"texture":"#barrel"},"south":{"uv":[7,5,8,4],"texture":"#barrel"},"west":{"uv":[0,0,1,1],"texture":"#barrel"}}},{"from":[2.45,6.6,7.72152],"to":[2.7,9.4,8.27848],"rotation":{"angle":-45,"axis":"x","origin":[2.575,8,8]},"faces":{"east":{"uv":[6,15,5,16],"texture":"#barrel"},"west":{"uv":[0,0,1,1],"texture":"#barrel"},"up":{"uv":[7,5,8,4],"texture":"#barrel"},"down":{"uv":[7,5,8,4],"texture":"#barrel"}}},{"from":[2.45,6.6,7.72152],"to":[2.7,9.4,8.27848],"rotation":{"angle":45,"axis":"x","origin":[2.575,8,8]},"faces":{"east":{"uv":[6,15,5,16],"texture":"#barrel"},"west":{"uv":[0,0,1,1],"texture":"#barrel"},"up":{"uv":[7,5,8,4],"texture":"#barrel"},"down":{"uv":[7,5,8,4],"texture":"#barrel"}}},{"from":[2.45,6.6,7.72152],"to":[2.7,9.4,8.27848],"rotation":{"angle":-22.5,"axis":"x","origin":[2.575,8,8]},"faces":{"east":{"uv":[6,15,5,16],"texture":"#barrel"},"west":{"uv":[0,0,1,1],"texture":"#barrel"},"up":{"uv":[7,5,8,4],"texture":"#barrel"},"down":{"uv":[7,5,8,4],"texture":"#barrel"}}},{"from":[2.45,6.6,7.72152],"to":[2.7,9.4,8.27848],"rotation":{"angle":22.5,"axis":"x","origin":[2.575,8,8]},"faces":{"east":{"uv":[6,15,5,16],"texture":"#barrel"},"west":{"uv":[0,0,1,1],"texture":"#barrel"},"up":{"uv":[7,5,8,4],"texture":"#barrel"},"down":{"uv":[7,5,8,4],"texture":"#barrel"}}},{"from":[-3,6.625,7.7265],"to":[3,9.375,8.2735],"faces":{"east":{"uv":[8,9,9,10],"texture":"#6"},"up":{"uv":[3,12,13,13],"texture":"#4"},"down":{"uv":[3,12,13,13],"texture":"#4"}}},{"from":[-9.25,7,7.80109],"to":[-3,9,8.19889],"faces":{"west":{"uv":[10,10,11,11],"texture":"#barrel"},"up":{"uv":[3,4,13,5],"rotation":180,"texture":"#5"},"down":{"uv":[3,4,13,5],"rotation":180,"texture":"#5"}}},{"from":[-12.25,7.125,7.63756],"to":[-9.25,8.875,8.36244],"faces":{"up":{"uv":[5,15,6,16],"texture":"#barrel"},"down":{"uv":[6,15,7,16],"texture":"#barrel"}}},{"from":[-15,6.75,7.48223],"to":[-12.25,9.25,8.51777],"faces":{"east":{"uv":[6,15,7,16],"texture":"#barrel"},"west":{"uv":[0,13,1,14],"texture":"#barrel"},"up":{"uv":[7,4,8,5],"texture":"#barrel"},"down":{"uv":[7,4,8,5],"texture":"#barrel"}}},{"from":[-16,5.5,7.50272],"to":[-15.75,6.25,8.49728],"faces":{"east":{"uv":[5,15,6,16],"texture":"#barrel"},"west":{"uv":[10,10.5,16,10.5],"rotation":270,"texture":"#barrel"},"up":{"uv":[0,15,1,16],"texture":"#barrel"},"down":{"uv":[7,4,8,5],"texture":"#barrel"}}},{"from":[3.55,2.75,7.5],"to":[5.15,7.25,8.5],"faces":{"north":{"uv":[4,7,15,8],"texture":"#6"},"east":{"uv":[4,0,9,1],"texture":"#6"},"south":{"uv":[3,7,14,8],"texture":"#6"},"west":{"uv":[4,0,9,1],"texture":"#6"},"down":{"uv":[0,7,16,8],"texture":"#6"}}},{"from":[9.05,1.5,7.5],"to":[10.85,4,8.5],"faces":{"north":{"uv":[5,3,16,4],"texture":"#6"},"east":{"uv":[4,3,9,4],"texture":"#6"},"south":{"uv":[4,3,15,4],"texture":"#6"},"west":{"uv":[5,3,10,4],"texture":"#6"},"down":{"uv":[0,7,16,8],"texture":"#6"}}},{"from":[-3,6.625,7.7265],"to":[3,9.375,8.2735],"rotation":{"angle":22.5,"axis":"x","origin":[0,8,8]},"faces":{"east":{"uv":[8,9,9,10],"texture":"#6"},"west":{"uv":[8,9,9,10],"texture":"#6"},"up":{"uv":[3,12,13,13],"texture":"#4"},"down":{"uv":[3,12,13,13],"texture":"#4"}}},{"from":[-3,6.625,7.7265],"to":[3,9.375,8.2735],"rotation":{"angle":-22.5,"axis":"x","origin":[0,8,8]},"faces":{"east":{"uv":[8,9,9,10],"texture":"#6"},"west":{"uv":[8,9,9,10],"texture":"#6"},"up":{"uv":[3,12,13,13],"texture":"#4"},"down":{"uv":[3,12,13,13],"texture":"#4"}}},{"from":[-3,6.625,7.7265],"to":[3,9.375,8.2735],"rotation":{"angle":45,"axis":"x","origin":[0,8,8]},"faces":{"east":{"uv":[8,9,9,10],"texture":"#6"},"west":{"uv":[8,9,9,10],"texture":"#6"},"up":{"uv":[3,12,13,13],"texture":"#4"},"down":{"uv":[3,12,13,13],"texture":"#4"}}},{"from":[-3,6.625,7.7265],"to":[3,9.375,8.2735],"rotation":{"angle":-45,"axis":"x","origin":[0,8,8]},"faces":{"east":{"uv":[8,9,9,10],"texture":"#6"},"west":{"uv":[8,9,9,10],"texture":"#6"},"up":{"uv":[3,12,13,13],"texture":"#4"},"down":{"uv":[3,12,13,13],"texture":"#4"}}},{"from":[-3,7.7265,6.625],"to":[3,8.2735,9.375],"rotation":{"angle":-22.5,"axis":"x","origin":[0,8,8]},"faces":{"north":{"uv":[3,12,13,13],"rotation":180,"texture":"#4"},"east":{"uv":[8,9,9,10],"rotation":270,"texture":"#6"},"south":{"uv":[3,12,13,13],"texture":"#4"},"west":{"uv":[8,9,9,10],"rotation":90,"texture":"#6"}}},{"from":[-3,7.7265,6.625],"to":[3,8.2735,9.375],"rotation":{"angle":22.5,"axis":"x","origin":[0,8,8]},"faces":{"north":{"uv":[3,12,13,13],"rotation":180,"texture":"#4"},"east":{"uv":[8,9,9,10],"rotation":90,"texture":"#6"},"south":{"uv":[3,12,13,13],"texture":"#4"},"west":{"uv":[8,9,9,10],"rotation":270,"texture":"#6"}}},{"from":[-3,7.7265,6.625],"to":[3,8.2735,9.375],"faces":{"north":{"uv":[3,12,13,13],"rotation":180,"texture":"#4"},"east":{"uv":[8,9,9,10],"rotation":270,"texture":"#6"},"south":{"uv":[3,12,13,13],"texture":"#4"},"west":{"uv":[8,9,9,10],"rotation":90,"texture":"#6"}}},{"from":[-9.25,7,7.80109],"to":[-3,9,8.19891],"rotation":{"angle":-22.5,"axis":"x","origin":[-6.125,8,8]},"faces":{"west":{"uv":[10,10,11,11],"texture":"#barrel"},"up":{"uv":[3,4,13,5],"rotation":180,"texture":"#5"},"down":{"uv":[3,4,13,5],"rotation":180,"texture":"#5"}}},{"from":[-9.25,7,7.80109],"to":[-3,9,8.19891],"rotation":{"angle":22.5,"axis":"x","origin":[-6.125,8,8]},"faces":{"west":{"uv":[10,10,11,11],"texture":"#barrel"},"up":{"uv":[3,4,13,5],"rotation":180,"texture":"#5"},"down":{"uv":[3,4,13,5],"rotation":180,"texture":"#5"}}},{"from":[-9.25,7,7.80109],"to":[-3,9,8.19891],"rotation":{"angle":-45,"axis":"x","origin":[-6.125,8,8]},"faces":{"west":{"uv":[10,10,11,11],"texture":"#barrel"},"up":{"uv":[3,4,13,5],"rotation":180,"texture":"#5"},"down":{"uv":[3,4,13,5],"rotation":180,"texture":"#5"}}},{"from":[-9.25,7,7.80109],"to":[-3,9,8.19891],"rotation":{"angle":45,"axis":"x","origin":[-6.125,8,8]},"faces":{"west":{"uv":[10,10,11,11],"texture":"#barrel"},"up":{"uv":[3,4,13,5],"rotation":180,"texture":"#5"},"down":{"uv":[3,4,13,5],"rotation":180,"texture":"#5"}}},{"from":[-9.25,7.80109,7],"to":[-3,8.19891,9],"rotation":{"angle":22.5,"axis":"x","origin":[-6.125,8,8]},"faces":{"north":{"uv":[3,4,13,5],"texture":"#5"},"south":{"uv":[3,4,13,5],"rotation":180,"texture":"#5"},"west":{"uv":[10,10,11,11],"rotation":270,"texture":"#barrel"}}},{"from":[-9.25,7.80109,7],"to":[-3,8.19891,9],"rotation":{"angle":-22.5,"axis":"x","origin":[-6.125,8,8]},"faces":{"north":{"uv":[3,4,13,5],"texture":"#5"},"south":{"uv":[3,4,13,5],"rotation":180,"texture":"#5"},"west":{"uv":[10,10,11,11],"rotation":90,"texture":"#barrel"}}},{"from":[-9.25,7.80109,7],"to":[-3,8.19891,9],"faces":{"north":{"uv":[3,4,13,5],"texture":"#5"},"south":{"uv":[3,4,13,5],"rotation":180,"texture":"#5"},"west":{"uv":[10,10,11,11],"rotation":270,"texture":"#barrel"}}},{"from":[-12.25,7.125,7.63756],"to":[-9.25,8.875,8.36244],"rotation":{"angle":45,"axis":"x","origin":[-10.75,8,8]},"faces":{"up":{"uv":[5,15,6,16],"texture":"#barrel"},"down":{"uv":[6,15,7,16],"texture":"#barrel"}}},{"from":[-12.25,7.125,7.63756],"to":[-9.25,8.875,8.36244],"rotation":{"angle":-45,"axis":"x","origin":[-10.75,8,8]},"faces":{"up":{"uv":[5,15,6,16],"texture":"#barrel"},"down":{"uv":[6,15,7,16],"texture":"#barrel"}}},{"from":[-12.25,7.63756,7.125],"to":[-9.25,8.36244,8.875],"faces":{"north":{"uv":[6,15,7,16],"rotation":180,"texture":"#barrel"},"south":{"uv":[5,15,6,16],"texture":"#barrel"}}},{"from":[-15,6.75,7.48223],"to":[-12.25,9.25,8.51777],"rotation":{"angle":-45,"axis":"x","origin":[-13.875,8,8]},"faces":{"east":{"uv":[6,15,7,16],"texture":"#barrel"},"west":{"uv":[0,13,1,14],"texture":"#barrel"},"up":{"uv":[7,4,8,5],"texture":"#barrel"},"down":{"uv":[7,4,8,5],"texture":"#barrel"}}},{"from":[-15,6.75,7.48223],"to":[-12.25,9.25,8.51777],"rotation":{"angle":45,"axis":"x","origin":[-13.875,8,8]},"faces":{"east":{"uv":[6,15,7,16],"texture":"#barrel"},"west":{"uv":[0,13,1,14],"texture":"#barrel"},"up":{"uv":[7,4,8,5],"texture":"#barrel"},"down":{"uv":[7,4,8,5],"texture":"#barrel"}}},{"from":[-15,7.48223,6.75],"to":[-12.25,8.51777,9.25],"faces":{"north":{"uv":[7,4,8,5],"rotation":180,"texture":"#barrel"},"east":{"uv":[6,15,7,16],"rotation":90,"texture":"#barrel"},"south":{"uv":[7,4,8,5],"texture":"#barrel"},"west":{"uv":[0,13,1,14],"rotation":270,"texture":"#barrel"}}},{"from":[-16,5.5,7.50272],"to":[-15.75,6.25,8.49728],"rotation":{"angle":-22.5,"axis":"x","origin":[-15.75,8,8]},"faces":{"east":{"uv":[5,15,6,16],"texture":"#barrel"},"west":{"uv":[10,10.5,16,10.5],"rotation":270,"texture":"#barrel"},"up":{"uv":[0,15,1,16],"texture":"#barrel"},"down":{"uv":[7,4,8,5],"texture":"#barrel"}}},{"from":[-16,5.5,7.50272],"to":[-15.75,6.25,8.49728],"rotation":{"angle":22.5,"axis":"x","origin":[-15.75,8,8]},"faces":{"east":{"uv":[5,15,6,16],"texture":"#barrel"},"west":{"uv":[10,10.5,16,10.5],"rotation":270,"texture":"#barrel"},"up":{"uv":[0,15,1,16],"texture":"#barrel"},"down":{"uv":[7,4,8,5],"texture":"#barrel"}}},{"from":[-16,5.5,7.50272],"to":[-15.75,6.25,8.49728],"rotation":{"angle":-45,"axis":"x","origin":[-15.75,8,8]},"faces":{"east":{"uv":[5,15,6,16],"texture":"#barrel"},"west":{"uv":[10,10.5,16,10.5],"rotation":270,"texture":"#barrel"},"up":{"uv":[0,15,1,16],"texture":"#barrel"},"down":{"uv":[7,4,8,5],"texture":"#barrel"}}},{"from":[-16,5.5,7.50272],"to":[-15.75,6.25,8.49728],"rotation":{"angle":45,"axis":"x","origin":[-15.75,8,8]},"faces":{"east":{"uv":[5,15,6,16],"texture":"#barrel"},"west":{"uv":[10,10.5,16,10.5],"rotation":270,"texture":"#barrel"},"up":{"uv":[0,15,1,16],"texture":"#barrel"},"down":{"uv":[7,4,8,5],"texture":"#barrel"}}},{"from":[-16,7.50272,5.5],"to":[-15.75,8.49728,6.25],"rotation":{"angle":22.5,"axis":"x","origin":[-15.75,8,8]},"faces":{"north":{"uv":[7,4,8,5],"rotation":180,"texture":"#barrel"},"east":{"uv":[5,15,6,16],"rotation":90,"texture":"#barrel"},"south":{"uv":[0,15,1,16],"texture":"#barrel"},"west":{"uv":[10,10.5,16,10.5],"texture":"#barrel"}}},{"from":[-16,7.50272,5.5],"to":[-15.75,8.49728,6.25],"rotation":{"angle":-22.5,"axis":"x","origin":[-15.75,8,8]},"faces":{"north":{"uv":[7,4,8,5],"rotation":180,"texture":"#barrel"},"east":{"uv":[5,15,6,16],"rotation":90,"texture":"#barrel"},"south":{"uv":[0,15,1,16],"texture":"#barrel"},"west":{"uv":[10,10.5,16,10.5],"texture":"#barrel"}}},{"from":[-16,7.50272,5.5],"to":[-15.75,8.49728,6.25],"faces":{"north":{"uv":[7,4,8,5],"rotation":180,"texture":"#barrel"},"east":{"uv":[5,15,6,16],"rotation":90,"texture":"#barrel"},"south":{"uv":[0,15,1,16],"texture":"#barrel"},"west":{"uv":[10,10.5,16,10.5],"texture":"#barrel"}}},{"from":[-16,9.75,7.50272],"to":[-15.75,10.5,8.49728],"rotation":{"angle":45,"axis":"x","origin":[-15.75,8,8]},"faces":{"east":{"uv":[5,15,6,16],"texture":"#barrel"},"west":{"uv":[10,10.5,16,10.5],"rotation":90,"texture":"#barrel"},"up":{"uv":[7,4,8,5],"texture":"#barrel"},"down":{"uv":[0,15,1,16],"texture":"#barrel"}}},{"from":[-16,9.75,7.50272],"to":[-15.75,10.5,8.49728],"rotation":{"angle":22.5,"axis":"x","origin":[-15.75,8,8]},"faces":{"east":{"uv":[5,15,6,16],"texture":"#barrel"},"west":{"uv":[10,10.5,16,10.5],"rotation":90,"texture":"#barrel"},"up":{"uv":[7,4,8,5],"texture":"#barrel"},"down":{"uv":[0,15,1,16],"texture":"#barrel"}}},{"from":[-16,9.75,7.50272],"to":[-15.75,10.5,8.49728],"faces":{"east":{"uv":[4,15,5,16],"texture":"#barrel"},"west":{"uv":[10,10.5,16,10.5],"rotation":90,"texture":"#barrel"},"up":{"uv":[7,4,8,5],"texture":"#barrel"},"down":{"uv":[0,15,1,16],"texture":"#barrel"}}},{"from":[-16,9.75,7.50272],"to":[-15.75,10.5,8.49728],"rotation":{"angle":-45,"axis":"x","origin":[-15.75,8,8]},"faces":{"east":{"uv":[5,15,6,16],"texture":"#barrel"},"west":{"uv":[10,10.5,16,10.5],"rotation":90,"texture":"#barrel"},"up":{"uv":[7,4,8,5],"texture":"#barrel"},"down":{"uv":[0,15,1,16],"texture":"#barrel"}}},{"from":[-16,9.75,7.50272],"to":[-15.75,10.5,8.49728],"rotation":{"angle":-22.5,"axis":"x","origin":[-15.75,8,8]},"faces":{"east":{"uv":[5,15,6,16],"texture":"#barrel"},"west":{"uv":[10,10.5,16,10.5],"rotation":90,"texture":"#barrel"},"up":{"uv":[7,4,8,5],"texture":"#barrel"},"down":{"uv":[0,15,1,16],"texture":"#barrel"}}},{"from":[-16,7.50272,9.75],"to":[-15.75,8.49728,10.5],"rotation":{"angle":-22.5,"axis":"x","origin":[-15.75,8,8]},"faces":{"north":{"uv":[0,15,1,16],"rotation":180,"texture":"#barrel"},"east":{"uv":[5,15,6,16],"rotation":270,"texture":"#barrel"},"south":{"uv":[7,4,8,5],"texture":"#barrel"},"west":{"uv":[10,10.5,16,10.5],"rotation":180,"texture":"#barrel"}}},{"from":[-16,7.50272,9.75],"to":[-15.75,8.49728,10.5],"faces":{"north":{"uv":[0,15,1,16],"rotation":180,"texture":"#barrel"},"east":{"uv":[5,15,6,16],"rotation":90,"texture":"#barrel"},"south":{"uv":[7,4,8,5],"texture":"#barrel"},"west":{"uv":[10,10.5,16,10.5],"rotation":180,"texture":"#barrel"}}},{"from":[-16,7.50272,9.75],"to":[-15.75,8.49728,10.5],"rotation":{"angle":22.5,"axis":"x","origin":[-15.75,8,8]},"faces":{"north":{"uv":[0,15,1,16],"rotation":180,"texture":"#barrel"},"east":{"uv":[5,15,6,16],"rotation":90,"texture":"#barrel"},"south":{"uv":[7,4,8,5],"texture":"#barrel"},"west":{"uv":[10,10.5,16,10.5],"rotation":180,"texture":"#barrel"}}},{"from":[-9,6.975,7.57543],"to":[-8.75,9.025,8.42457],"faces":{"east":{"uv":[6,15,7,16],"texture":"#barrel"},"west":{"uv":[5,15,6,16],"texture":"#barrel"},"up":{"uv":[7,4,8,5],"texture":"#barrel"},"down":{"uv":[7,4,8,5],"texture":"#barrel"}}},{"from":[-9,6.975,7.57543],"to":[-8.75,9.025,8.42457],"rotation":{"angle":45,"axis":"x","origin":[-8.875,8,8]},"faces":{"east":{"uv":[6,15,7,16],"texture":"#barrel"},"west":{"uv":[5,15,6,16],"texture":"#barrel"},"up":{"uv":[7,4,8,5],"texture":"#barrel"},"down":{"uv":[7,4,8,5],"texture":"#barrel"}}},{"from":[-9,6.975,7.57543],"to":[-8.75,9.025,8.42457],"rotation":{"angle":-45,"axis":"x","origin":[-8.875,8,8]},"faces":{"east":{"uv":[6,15,7,16],"texture":"#barrel"},"west":{"uv":[5,15,6,16],"texture":"#barrel"},"up":{"uv":[7,4,8,5],"texture":"#barrel"},"down":{"uv":[7,4,8,5],"texture":"#barrel"}}},{"from":[-9,7.57543,6.975],"to":[-8.75,8.42457,9.025],"faces":{"north":{"uv":[7,4,8,5],"rotation":180,"texture":"#barrel"},"east":{"uv":[6,15,7,16],"rotation":90,"texture":"#barrel"},"south":{"uv":[7,4,8,5],"texture":"#barrel"},"west":{"uv":[5,15,6,16],"rotation":270,"texture":"#barrel"}}},{"from":[-4.5,6.975,7.57543],"to":[-4.25,9.025,8.42457],"rotation":{"angle":45,"axis":"x","origin":[-4.375,8,8]},"faces":{"east":{"uv":[6,15,7,16],"texture":"#barrel"},"west":{"uv":[5,15,6,16],"texture":"#barrel"},"up":{"uv":[7,4,8,5],"texture":"#barrel"},"down":{"uv":[7,4,8,5],"texture":"#barrel"}}},{"from":[-4.5,6.975,7.57543],"to":[-4.25,9.025,8.42457],"faces":{"east":{"uv":[6,15,7,16],"texture":"#barrel"},"west":{"uv":[5,15,6,16],"texture":"#barrel"},"up":{"uv":[7,4,8,5],"texture":"#barrel"},"down":{"uv":[7,4,8,5],"texture":"#barrel"}}},{"from":[-4.5,6.975,7.57543],"to":[-4.25,9.025,8.42457],"rotation":{"angle":-45,"axis":"x","origin":[-4.375,8,8]},"faces":{"east":{"uv":[6,15,7,16],"texture":"#barrel"},"west":{"uv":[5,15,6,16],"texture":"#barrel"},"up":{"uv":[7,4,8,5],"texture":"#barrel"},"down":{"uv":[7,4,8,5],"texture":"#barrel"}}},{"from":[-4.5,7.57543,6.975],"to":[-4.25,8.42457,9.025],"faces":{"north":{"uv":[7,4,8,5],"rotation":180,"texture":"#barrel"},"east":{"uv":[6,15,7,16],"rotation":90,"texture":"#barrel"},"south":{"uv":[7,4,8,5],"texture":"#barrel"},"west":{"uv":[5,15,6,16],"rotation":270,"texture":"#barrel"}}},{"from":[3,6.8,7.76131],"to":[7.5,9.2,8.2387],"rotation":{"angle":-22.5,"axis":"x","origin":[5.25,8,8]},"faces":{"east":{"uv":[5,15,6,16],"texture":"#barrel"},"up":{"uv":[5,4,6,5],"texture":"#barrel"},"down":{"uv":[7,4,8,5],"texture":"#barrel"}}},{"from":[3,6.8,7.76131],"to":[7.5,9.2,8.2387],"rotation":{"angle":-45,"axis":"x","origin":[5.25,8,8]},"faces":{"east":{"uv":[5,15,6,16],"texture":"#barrel"},"up":{"uv":[7,4,8,5],"texture":"#barrel"},"down":{"uv":[7,4,8,5],"texture":"#barrel"}}},{"from":[6.5,9.2,7.76131],"to":[6.7,9.4,8.2387],"rotation":{"angle":-45,"axis":"x","origin":[5.25,8,8]},"faces":{"north":{"uv":[12,0,16,1],"rotation":270,"texture":"#barrel"},"east":{"uv":[5,15,6,16],"texture":"#barrel"},"south":{"uv":[0,0,1,1],"texture":"#barrel"},"west":{"uv":[12,0,16,1],"rotation":270,"texture":"#barrel"},"up":{"uv":[7,4,8,5],"texture":"#barrel"}}},{"from":[6.499,8.81924,6.84207],"to":[6.701,9.21924,7.41946],"rotation":{"angle":0,"axis":"x","origin":[6.6,8.91924,7.08076]},"faces":{"north":{"uv":[12,0,16,1],"rotation":90,"texture":"#barrel"},"east":{"uv":[5,15,6,16],"texture":"#barrel"},"south":{"uv":[0,0,1,1],"texture":"#barrel"},"west":{"uv":[12,0,16,1],"rotation":270,"texture":"#barrel"},"up":{"uv":[7,4,8,5],"texture":"#barrel"}}},{"from":[4.899,9.11924,6.84207],"to":[6.501,9.21924,7.41946],"rotation":{"angle":0,"axis":"x","origin":[6.6,8.91924,7.08076]},"faces":{"north":{"uv":[12,0,16,1],"rotation":90,"texture":"#barrel"},"east":{"uv":[5,15,6,16],"texture":"#barrel"},"south":{"uv":[0,0,1,1],"texture":"#barrel"},"west":{"uv":[12,0,16,1],"rotation":270,"texture":"#barrel"},"up":{"uv":[7,4,8,5],"texture":"#barrel"},"down":{"uv":[0,13,1,14],"texture":"#barrel"}}},{"from":[14.549,8.9,6.89207],"to":[16.701,9,7.36946],"rotation":{"angle":0,"axis":"x","origin":[6.6,8.91924,7.08076]},"faces":{"east":{"uv":[5,15,6,16],"texture":"#barrel"},"west":{"uv":[12,0,16,1],"rotation":270,"texture":"#barrel"},"up":{"uv":[7,4,8,5],"texture":"#barrel"},"down":{"uv":[0,13,1,14],"texture":"#barrel"}}},{"from":[4.699,8.81924,6.84207],"to":[4.901,9.21924,7.41946],"rotation":{"angle":0,"axis":"x","origin":[6.6,8.91924,7.08076]},"faces":{"north":{"uv":[12,0,16,1],"rotation":90,"texture":"#barrel"},"east":{"uv":[5,15,6,16],"texture":"#barrel"},"south":{"uv":[0,0,1,1],"texture":"#barrel"},"west":{"uv":[12,0,16,1],"rotation":270,"texture":"#barrel"},"up":{"uv":[7,4,8,5],"texture":"#barrel"}}},{"from":[4.7,9.2,7.76131],"to":[4.9,9.4,8.2387],"rotation":{"angle":-45,"axis":"x","origin":[5.25,8,8]},"faces":{"north":{"uv":[12,0,16,1],"rotation":270,"texture":"#barrel"},"east":{"uv":[5,15,6,16],"texture":"#barrel"},"south":{"uv":[0,0,1,1],"texture":"#barrel"},"west":{"uv":[12,0,16,1],"rotation":270,"texture":"#barrel"},"up":{"uv":[7,4,8,5],"texture":"#barrel"}}},{"from":[3,6.8,7.76131],"to":[7.5,9.2,8.2387],"rotation":{"angle":22.5,"axis":"x","origin":[5.25,8,8]},"faces":{"east":{"uv":[5,15,6,16],"texture":"#barrel"},"up":{"uv":[5,4,6,5],"texture":"#barrel"},"down":{"uv":[7,4,8,5],"texture":"#barrel"}}},{"from":[3,6.8,7.76131],"to":[7.5,9.2,8.2387],"rotation":{"angle":45,"axis":"x","origin":[5.25,8,8]},"faces":{"east":{"uv":[5,15,6,16],"texture":"#barrel"},"up":{"uv":[7,4,8,5],"texture":"#barrel"},"down":{"uv":[7,4,8,5],"texture":"#barrel"}}},{"from":[3,7.76131,6.8],"to":[7.5,8.2387,9.2],"rotation":{"angle":-22.5,"axis":"x","origin":[5.25,8,8]},"faces":{"north":{"uv":[7,4,8,5],"rotation":180,"texture":"#barrel"},"east":{"uv":[5,15,6,16],"rotation":270,"texture":"#barrel"},"south":{"uv":[7,4,8,5],"texture":"#barrel"}}},{"from":[3,7.76131,6.8],"to":[7.5,8.2387,9.2],"faces":{"north":{"uv":[7,4,8,5],"rotation":180,"texture":"#barrel"},"east":{"uv":[5,15,6,16],"rotation":270,"texture":"#barrel"},"south":{"uv":[7,4,8,5],"texture":"#barrel"}}},{"from":[3,7.76131,6.8],"to":[7.5,8.2387,9.2],"rotation":{"angle":22.5,"axis":"x","origin":[5.25,8,8]},"faces":{"north":{"uv":[7,4,8,5],"rotation":180,"texture":"#barrel"},"east":{"uv":[5,15,6,16],"rotation":90,"texture":"#barrel"},"south":{"uv":[7,4,8,5],"texture":"#barrel"}}},{"from":[7.5,7,7.8011],"to":[17,9,8.1989],"rotation":{"angle":22.5,"axis":"x","origin":[12.5,8,8]},"faces":{"east":{"uv":[0,5,1,11],"texture":"#barrel"},"up":{"uv":[5,4,6,5],"texture":"#barrel"},"down":{"uv":[7,4,8,5],"texture":"#barrel"}}},{"from":[7.5,7,7.8011],"to":[17,9,8.1989],"rotation":{"angle":-22.5,"axis":"x","origin":[12.5,8,8]},"faces":{"east":{"uv":[0,5,1,11],"texture":"#barrel"},"up":{"uv":[5,4,6,5],"texture":"#barrel"},"down":{"uv":[7,4,8,5],"texture":"#barrel"}}},{"from":[7.5,7,7.8011],"to":[17,9,8.1989],"rotation":{"angle":-45,"axis":"x","origin":[12.5,8,8]},"faces":{"east":{"uv":[0,5,1,11],"texture":"#barrel"},"up":{"uv":[7,4,8,5],"texture":"#barrel"},"down":{"uv":[7,4,8,5],"texture":"#barrel"}}},{"from":[7.5,7.8011,7],"to":[17,8.1989,9],"rotation":{"angle":22.5,"axis":"x","origin":[12.5,8,8]},"faces":{"north":{"uv":[7,4,8,5],"rotation":180,"texture":"#barrel"},"east":{"uv":[0,5,1,11],"rotation":90,"texture":"#barrel"},"south":{"uv":[7,4,8,5],"texture":"#barrel"}}},{"from":[7.5,7.8011,7],"to":[17,8.1989,9],"faces":{"north":{"uv":[7,4,8,5],"rotation":180,"texture":"#barrel"},"east":{"uv":[0,5,1,11],"rotation":90,"texture":"#barrel"},"south":{"uv":[7,4,8,5],"texture":"#barrel"}}},{"from":[16.05,8.2011,7],"to":[16.3,8.9489,7.35],"faces":{"north":{"uv":[1,3,5,4],"rotation":90,"texture":"#barrel"},"east":{"uv":[5,15,6,16],"rotation":90,"texture":"#barrel"},"south":{"uv":[7,4,8,5],"texture":"#barrel"},"west":{"uv":[0,0,5,1],"texture":"#barrel"}}},{"from":[15,8.2011,7],"to":[15.25,8.9489,7.35],"faces":{"north":{"uv":[1,3,5,4],"rotation":90,"texture":"#barrel"},"east":{"uv":[5,15,6,16],"rotation":90,"texture":"#barrel"},"south":{"uv":[7,4,8,5],"texture":"#barrel"},"west":{"uv":[0,0,5,1],"texture":"#barrel"}}},{"from":[15,7.7511,8.95],"to":[15.3,8.2489,9.3],"faces":{"north":{"uv":[8,4,7,5],"texture":"#barrel"},"east":{"uv":[5,5,12,4],"texture":"#barrel"},"south":{"uv":[7,3,4,4],"rotation":180,"texture":"#barrel"},"west":{"uv":[12,4,7,5],"texture":"#barrel"},"up":{"uv":[0,0,2,2],"texture":"#barrel"},"down":{"uv":[0,13,1,14],"texture":"#barrel"}}},{"from":[-9.6,7.7511,8.85],"to":[-9.3,8.2489,9.2],"faces":{"north":{"uv":[8,4,7,5],"texture":"#barrel"},"east":{"uv":[5,5,12,4],"texture":"#barrel"},"south":{"uv":[7,3,4,4],"rotation":180,"texture":"#barrel"},"west":{"uv":[12,4,7,5],"texture":"#barrel"},"up":{"uv":[0,0,2,2],"texture":"#barrel"},"down":{"uv":[0,13,1,14],"texture":"#barrel"}}},{"from":[14.60054,7.2,9.09946],"to":[14.79946,7.3,9.19946],"rotation":{"angle":0,"axis":"y","origin":[14.7,7.7,9.14946]},"faces":{"north":{"uv":[9,13,10,10],"rotation":180,"texture":"#altgrey"},"south":{"uv":[10,10,9,13],"texture":"#altgrey"},"up":{"uv":[7,2,8,7],"texture":"#altgrey"},"down":{"uv":[7,2,8,7],"rotation":180,"texture":"#altgrey"}}},{"from":[-9.69946,7.3,8.99946],"to":[-9.50054,7.4,9.09946],"rotation":{"angle":0,"axis":"y","origin":[-9.6,7.8,9.04946]},"faces":{"north":{"uv":[9,13,10,10],"rotation":180,"texture":"#altgrey"},"south":{"uv":[10,10,9,13],"texture":"#altgrey"},"up":{"uv":[7,2,8,7],"texture":"#altgrey"},"down":{"uv":[7,2,8,7],"rotation":180,"texture":"#altgrey"}}},{"from":[14.60054,8.7,9.09946],"to":[14.79946,8.8,9.19946],"rotation":{"angle":0,"axis":"y","origin":[14.7,8.3,9.14946]},"faces":{"north":{"uv":[9,13,10,10],"rotation":180,"texture":"#altgrey"},"south":{"uv":[10,10,9,13],"texture":"#altgrey"},"up":{"uv":[7,2,8,7],"texture":"#altgrey"},"down":{"uv":[7,2,8,7],"rotation":180,"texture":"#altgrey"}}},{"from":[-9.69946,8.4,8.99946],"to":[-9.50054,8.5,9.09946],"rotation":{"angle":0,"axis":"y","origin":[-9.6,8,9.04946]},"faces":{"north":{"uv":[9,13,10,10],"rotation":180,"texture":"#altgrey"},"south":{"uv":[10,10,9,13],"texture":"#altgrey"},"up":{"uv":[7,2,8,7],"texture":"#altgrey"},"down":{"uv":[7,2,8,7],"rotation":180,"texture":"#altgrey"}}},{"from":[14.2,7.60054,9.09946],"to":[14.3,8.39946,9.19946],"rotation":{"angle":0,"axis":"z","origin":[14.7,8.3,9.14946]},"faces":{"north":{"uv":[9,13,10,10],"rotation":270,"texture":"#altgrey"},"east":{"uv":[7,2,8,7],"rotation":90,"texture":"#altgrey"},"south":{"uv":[10,10,9,13],"rotation":270,"texture":"#altgrey"},"west":{"uv":[7,2,8,7],"rotation":270,"texture":"#altgrey"}}},{"from":[-9.5,7.30054,8.99946],"to":[-9.4,8.49946,9.09946],"rotation":{"angle":0,"axis":"z","origin":[14.9,7.8,9.04946]},"faces":{"north":{"uv":[9,13,10,10],"rotation":270,"texture":"#altgrey"},"east":{"uv":[7,2,8,7],"rotation":90,"texture":"#altgrey"},"south":{"uv":[10,10,9,13],"rotation":270,"texture":"#altgrey"},"west":{"uv":[7,2,8,7],"rotation":270,"texture":"#altgrey"},"up":{"uv":[0,0,1,1],"rotation":90,"texture":"#altgrey"},"down":{"uv":[0,0,1,1],"rotation":270,"texture":"#altgrey"}}},{"from":[-10.1,7.70054,8.99946],"to":[-10,8.09946,9.09946],"rotation":{"angle":0,"axis":"z","origin":[14.9,7.8,9.04946]},"faces":{"north":{"uv":[9,13,10,10],"rotation":270,"texture":"#altgrey"},"east":{"uv":[7,2,8,7],"rotation":90,"texture":"#altgrey"},"south":{"uv":[10,10,9,13],"rotation":270,"texture":"#altgrey"},"west":{"uv":[7,2,8,7],"rotation":270,"texture":"#altgrey"}}},{"from":[15.1,7.60054,9.09946],"to":[15.2,8.39946,9.19946],"rotation":{"angle":0,"axis":"z","origin":[14.7,8.3,9.14946]},"faces":{"north":{"uv":[9,13,10,10],"rotation":90,"texture":"#altgrey"},"east":{"uv":[7,2,8,7],"rotation":90,"texture":"#altgrey"},"south":{"uv":[10,10,9,13],"rotation":90,"texture":"#altgrey"},"west":{"uv":[7,2,8,7],"rotation":270,"texture":"#altgrey"}}},{"from":[14.2,7.60054,9.09946],"to":[14.3,7.79946,9.19946],"rotation":{"angle":22.5,"axis":"z","origin":[14.7,7.7,9.14946]},"faces":{"north":{"uv":[9,13,10,10],"rotation":90,"texture":"#altgrey"},"east":{"uv":[7,2,8,7],"rotation":90,"texture":"#altgrey"},"south":{"uv":[10,10,9,13],"rotation":90,"texture":"#altgrey"},"west":{"uv":[7,2,8,7],"rotation":270,"texture":"#altgrey"}}},{"from":[-10.1,7.70054,8.99946],"to":[-10,7.89946,9.09946],"rotation":{"angle":22.5,"axis":"z","origin":[-9.6,7.8,9.04946]},"faces":{"north":{"uv":[9,13,10,10],"rotation":90,"texture":"#altgrey"},"east":{"uv":[7,2,8,7],"rotation":90,"texture":"#altgrey"},"south":{"uv":[10,10,9,13],"rotation":90,"texture":"#altgrey"},"west":{"uv":[7,2,8,7],"rotation":270,"texture":"#altgrey"}}},{"from":[15.1,8.20054,9.09946],"to":[15.2,8.39946,9.19946],"rotation":{"angle":22.5,"axis":"z","origin":[14.7,8.3,9.14946]},"faces":{"north":{"uv":[9,13,10,10],"rotation":90,"texture":"#altgrey"},"east":{"uv":[7,2,8,7],"rotation":90,"texture":"#altgrey"},"south":{"uv":[10,10,9,13],"rotation":90,"texture":"#altgrey"},"west":{"uv":[7,2,8,7],"rotation":270,"texture":"#altgrey"}}},{"from":[15.1,7.60054,9.09946],"to":[15.2,7.79946,9.19946],"rotation":{"angle":-22.5,"axis":"z","origin":[14.7,7.7,9.14946]},"faces":{"north":{"uv":[9,13,10,10],"rotation":270,"texture":"#altgrey"},"east":{"uv":[7,2,8,7],"rotation":90,"texture":"#altgrey"},"south":{"uv":[10,10,9,13],"rotation":270,"texture":"#altgrey"},"west":{"uv":[7,2,8,7],"rotation":270,"texture":"#altgrey"}}},{"from":[14.2,8.20054,9.09946],"to":[14.3,8.39946,9.19946],"rotation":{"angle":-22.5,"axis":"z","origin":[14.7,8.3,9.14946]},"faces":{"north":{"uv":[9,13,10,10],"rotation":270,"texture":"#altgrey"},"east":{"uv":[7,2,8,7],"rotation":90,"texture":"#altgrey"},"south":{"uv":[10,10,9,13],"rotation":270,"texture":"#altgrey"},"west":{"uv":[7,2,8,7],"rotation":270,"texture":"#altgrey"}}},{"from":[-10.1,7.90054,8.99946],"to":[-10,8.09946,9.09946],"rotation":{"angle":-22.5,"axis":"z","origin":[-9.6,8,9.04946]},"faces":{"north":{"uv":[9,13,10,10],"rotation":270,"texture":"#altgrey"},"east":{"uv":[7,2,8,7],"rotation":90,"texture":"#altgrey"},"south":{"uv":[10,10,9,13],"rotation":270,"texture":"#altgrey"},"west":{"uv":[7,2,8,7],"rotation":270,"texture":"#altgrey"}}},{"from":[14.60054,7.2,9.09946],"to":[14.79946,7.3,9.19946],"rotation":{"angle":45,"axis":"z","origin":[14.7,7.7,9.14946]},"faces":{"north":{"uv":[9,13,10,10],"rotation":180,"texture":"#altgrey"},"south":{"uv":[10,10,9,13],"texture":"#altgrey"},"up":{"uv":[7,2,8,7],"texture":"#altgrey"},"down":{"uv":[7,2,8,7],"rotation":180,"texture":"#altgrey"}}},{"from":[14.60054,8.7,9.09946],"to":[14.79946,8.8,9.19946],"rotation":{"angle":45,"axis":"z","origin":[14.7,8.3,9.14946]},"faces":{"north":{"uv":[9,13,10,10],"rotation":180,"texture":"#altgrey"},"south":{"uv":[10,10,9,13],"texture":"#altgrey"},"up":{"uv":[7,2,8,7],"texture":"#altgrey"},"down":{"uv":[7,2,8,7],"rotation":180,"texture":"#altgrey"}}},{"from":[-9.69946,8.4,8.99946],"to":[-9.50054,8.5,9.09946],"rotation":{"angle":45,"axis":"z","origin":[-9.6,8,9.04946]},"faces":{"north":{"uv":[9,13,10,10],"rotation":180,"texture":"#altgrey"},"south":{"uv":[10,10,9,13],"texture":"#altgrey"},"up":{"uv":[7,2,8,7],"texture":"#altgrey"},"down":{"uv":[7,2,8,7],"rotation":180,"texture":"#altgrey"}}},{"from":[14.60054,7.2,9.09946],"to":[14.79946,7.3,9.19946],"rotation":{"angle":22.5,"axis":"z","origin":[14.7,7.7,9.14946]},"faces":{"north":{"uv":[9,13,10,10],"rotation":180,"texture":"#altgrey"},"south":{"uv":[10,10,9,13],"texture":"#altgrey"},"up":{"uv":[7,2,8,7],"texture":"#altgrey"},"down":{"uv":[7,2,8,7],"rotation":180,"texture":"#altgrey"}}},{"from":[14.60054,8.7,9.09946],"to":[14.79946,8.8,9.19946],"rotation":{"angle":22.5,"axis":"z","origin":[14.7,8.3,9.14946]},"faces":{"north":{"uv":[9,13,10,10],"rotation":180,"texture":"#altgrey"},"south":{"uv":[10,10,9,13],"texture":"#altgrey"},"up":{"uv":[7,2,8,7],"texture":"#altgrey"},"down":{"uv":[7,2,8,7],"rotation":180,"texture":"#altgrey"}}},{"from":[-9.69946,8.4,8.99946],"to":[-9.50054,8.5,9.09946],"rotation":{"angle":22.5,"axis":"z","origin":[-9.6,8,9.04946]},"faces":{"north":{"uv":[9,13,10,10],"rotation":180,"texture":"#altgrey"},"south":{"uv":[10,10,9,13],"texture":"#altgrey"},"up":{"uv":[7,2,8,7],"texture":"#altgrey"},"down":{"uv":[7,2,8,7],"rotation":180,"texture":"#altgrey"}}},{"from":[14.60054,7.2,9.09946],"to":[14.79946,7.3,9.19946],"rotation":{"angle":-45,"axis":"z","origin":[14.7,7.7,9.14946]},"faces":{"north":{"uv":[9,13,10,10],"rotation":180,"texture":"#altgrey"},"south":{"uv":[10,10,9,13],"texture":"#altgrey"},"up":{"uv":[7,2,8,7],"texture":"#altgrey"},"down":{"uv":[7,2,8,7],"rotation":180,"texture":"#altgrey"}}},{"from":[-9.69946,7.3,8.99946],"to":[-9.50054,7.4,9.09946],"rotation":{"angle":-45,"axis":"z","origin":[-9.6,7.8,9.04946]},"faces":{"north":{"uv":[9,13,10,10],"rotation":180,"texture":"#altgrey"},"south":{"uv":[10,10,9,13],"texture":"#altgrey"},"up":{"uv":[7,2,8,7],"texture":"#altgrey"},"down":{"uv":[7,2,8,7],"rotation":180,"texture":"#altgrey"}}},{"from":[14.60054,8.7,9.09946],"to":[14.79946,8.8,9.19946],"rotation":{"angle":-45,"axis":"z","origin":[14.7,8.3,9.14946]},"faces":{"north":{"uv":[9,13,10,10],"rotation":180,"texture":"#altgrey"},"south":{"uv":[10,10,9,13],"texture":"#altgrey"},"up":{"uv":[7,2,8,7],"texture":"#altgrey"},"down":{"uv":[7,2,8,7],"rotation":180,"texture":"#altgrey"}}},{"from":[14.60054,7.2,9.09946],"to":[14.79946,7.3,9.19946],"rotation":{"angle":-22.5,"axis":"z","origin":[14.7,7.7,9.14946]},"faces":{"north":{"uv":[9,13,10,10],"rotation":180,"texture":"#altgrey"},"south":{"uv":[10,10,9,13],"texture":"#altgrey"},"up":{"uv":[7,2,8,7],"texture":"#altgrey"},"down":{"uv":[7,2,8,7],"rotation":180,"texture":"#altgrey"}}},{"from":[-9.69946,7.3,8.99946],"to":[-9.50054,7.4,9.09946],"rotation":{"angle":-22.5,"axis":"z","origin":[-9.6,7.8,9.04946]},"faces":{"north":{"uv":[9,13,10,10],"rotation":180,"texture":"#altgrey"},"south":{"uv":[10,10,9,13],"texture":"#altgrey"},"up":{"uv":[7,2,8,7],"texture":"#altgrey"},"down":{"uv":[7,2,8,7],"rotation":180,"texture":"#altgrey"}}},{"from":[14.60054,8.7,9.09946],"to":[14.79946,8.8,9.19946],"rotation":{"angle":-22.5,"axis":"z","origin":[14.7,8.3,9.14946]},"faces":{"north":{"uv":[9,13,10,10],"rotation":180,"texture":"#altgrey"},"south":{"uv":[10,10,9,13],"texture":"#altgrey"},"up":{"uv":[7,2,8,7],"texture":"#altgrey"},"down":{"uv":[7,2,8,7],"rotation":180,"texture":"#altgrey"}}},{"from":[16.4,9.1,6.9],"to":[16.65,11.05,7.4],"faces":{"north":{"uv":[7,12,14,13],"rotation":180,"texture":"#barrel"},"east":{"uv":[0,6,9,7],"rotation":180,"texture":"#barrel"},"south":{"uv":[7,12,14,13],"texture":"#barrel"},"west":{"uv":[0,6,9,7],"texture":"#barrel"},"up":{"uv":[3,3,8,4],"rotation":90,"texture":"#barrel"},"down":{"uv":[0,13,1,14],"texture":"#barrel"}}},{"from":[4.75,9.3,6.85],"to":[5.1,10.75,7.45],"faces":{"north":{"uv":[7,12,14,13],"rotation":180,"texture":"#barrel"},"east":{"uv":[0,6,9,7],"rotation":180,"texture":"#barrel"},"south":{"uv":[7,12,14,13],"texture":"#barrel"},"west":{"uv":[0,6,9,7],"texture":"#barrel"},"up":{"uv":[3,3,8,4],"rotation":90,"texture":"#barrel"},"down":{"uv":[0,13,1,14],"texture":"#barrel"}}},{"from":[16.4,11.05,7.35],"to":[16.65,11.55,7.4],"faces":{"north":{"uv":[1,5,2,10],"rotation":180,"texture":"#barrel"},"east":{"uv":[0,6,1,7],"rotation":180,"texture":"#barrel"},"south":{"uv":[7,12,14,13],"texture":"#barrel"},"west":{"uv":[0,6,1,7],"texture":"#barrel"},"up":{"uv":[5,3,6,4],"rotation":90,"texture":"#barrel"},"down":{"uv":[0,13,1,14],"texture":"#barrel"}}},{"from":[4.8,9.95,7.3],"to":[5.05,11.55,7.4],"rotation":{"angle":0,"axis":"y","origin":[-3.6,8,8]},"faces":{"north":{"uv":[1,5,2,10],"rotation":180,"texture":"#barrel"},"east":{"uv":[0,6,1,7],"rotation":180,"texture":"#barrel"},"south":{"uv":[7,12,14,13],"texture":"#barrel"},"west":{"uv":[0,6,1,7],"texture":"#barrel"},"up":{"uv":[5,3,6,4],"rotation":90,"texture":"#barrel"},"down":{"uv":[0,13,1,14],"texture":"#barrel"}}},{"from":[16.4,11.05,6.9],"to":[16.65,11.55,6.95],"faces":{"north":{"uv":[7,12,14,13],"rotation":180,"texture":"#barrel"},"east":{"uv":[0,6,1,7],"rotation":180,"texture":"#barrel"},"south":{"uv":[1,5,2,10],"rotation":180,"texture":"#barrel"},"west":{"uv":[0,6,1,7],"texture":"#barrel"},"up":{"uv":[5,3,6,4],"rotation":90,"texture":"#barrel"},"down":{"uv":[0,13,1,14],"texture":"#barrel"}}},{"from":[16.4,11.05,7.125],"to":[16.55,11.3,7.175],"faces":{"north":{"uv":[1,5,2,10],"rotation":180,"texture":"#barrel"},"east":{"uv":[0,6,1,7],"rotation":180,"texture":"#barrel"},"south":{"uv":[1,5,2,10],"rotation":180,"texture":"#barrel"},"west":{"uv":[0,6,1,7],"texture":"#barrel"},"up":{"uv":[5,3,6,4],"rotation":90,"texture":"#barrel"},"down":{"uv":[0,13,1,14],"texture":"#barrel"}}},{"from":[4.8,9.95,6.9],"to":[5.05,11.55,7],"rotation":{"angle":0,"axis":"y","origin":[-3.6,8,8]},"faces":{"north":{"uv":[7,12,14,13],"rotation":180,"texture":"#barrel"},"east":{"uv":[0,6,1,7],"rotation":180,"texture":"#barrel"},"south":{"uv":[1,5,2,10],"rotation":180,"texture":"#barrel"},"west":{"uv":[0,6,1,7],"texture":"#barrel"},"up":{"uv":[5,3,6,4],"rotation":90,"texture":"#barrel"},"down":{"uv":[0,13,1,14],"texture":"#barrel"}}},{"from":[16.4,11.525,6.95],"to":[16.65,11.5728,7.35],"faces":{"north":{"uv":[7,12,14,13],"rotation":180,"texture":"#barrel"},"east":{"uv":[0,6,1,7],"rotation":180,"texture":"#barrel"},"south":{"uv":[1,5,2,10],"rotation":180,"texture":"#barrel"},"west":{"uv":[0,6,1,7],"texture":"#barrel"},"up":{"uv":[5,3,6,4],"rotation":90,"texture":"#barrel"},"down":{"uv":[0,13,1,14],"texture":"#barrel"}}},{"from":[4.801,11.525,6.95],"to":[5.0508,11.5728,7.35],"rotation":{"angle":0,"axis":"y","origin":[-3.6,8,8]},"faces":{"north":{"uv":[7,12,14,13],"rotation":180,"texture":"#barrel"},"east":{"uv":[0,6,1,7],"rotation":180,"texture":"#barrel"},"south":{"uv":[1,5,2,10],"rotation":180,"texture":"#barrel"},"west":{"uv":[0,6,1,7],"texture":"#barrel"},"up":{"uv":[5,3,6,4],"rotation":90,"texture":"#barrel"},"down":{"uv":[0,13,1,14],"texture":"#barrel"}}},{"from":[7.5,7,7.8011],"to":[17,9,8.1989],"rotation":{"angle":45,"axis":"x","origin":[12.5,8,8]},"faces":{"east":{"uv":[0,5,1,11],"texture":"#barrel"},"up":{"uv":[7,4,8,5],"texture":"#barrel"},"down":{"uv":[7,4,8,5],"texture":"#barrel"}}},{"from":[7.5,7.8011,7],"to":[17,8.1989,9],"rotation":{"angle":-22.5,"axis":"x","origin":[12.5,8,8]},"faces":{"north":{"uv":[7,4,8,5],"rotation":180,"texture":"#barrel"},"east":{"uv":[0,5,1,11],"rotation":270,"texture":"#barrel"},"south":{"uv":[7,4,8,5],"texture":"#barrel"}}},{"from":[-4.5,8.875,7.7265],"to":[-3,9.375,8.2735],"rotation":{"angle":22.5,"axis":"z","origin":[-3,9.375,8]},"faces":{"north":{"uv":[0.5,0.5,0.5,0.5],"texture":"#6"},"south":{"uv":[0.5,0.5,0.5,0.5],"texture":"#6"},"up":{"uv":[3,12,13,13],"texture":"#4"},"down":{"uv":[3,12,13,13],"texture":"#4"}}},{"from":[-4.5,6.625,7.7265],"to":[-3,7.125,8.2735],"rotation":{"angle":-22.5,"axis":"z","origin":[-3,6.625,8]},"faces":{"north":{"uv":[0.5,0.5,0.5,0.5],"texture":"#6"},"south":{"uv":[0.5,0.5,0.5,0.5],"texture":"#6"},"up":{"uv":[3,13,13,12],"texture":"#4"},"down":{"uv":[3,13,13,12],"texture":"#4"}}},{"from":[-4.5,7.7265,6.625],"to":[-3,8.2735,7.375],"rotation":{"angle":22.5,"axis":"y","origin":[-3,8,6.625]},"faces":{"north":{"uv":[3,12,13,13],"rotation":180,"texture":"#4"},"south":{"uv":[3,12,13,13],"texture":"#4"},"up":{"uv":[0.5,0.5,0.5,0.5],"rotation":180,"texture":"#6"},"down":{"uv":[0.5,0.5,0.5,0.5],"texture":"#6"}}},{"from":[-4.5,7.7265,8.625],"to":[-3,8.2735,9.375],"rotation":{"angle":-22.5,"axis":"y","origin":[-3,8,9.375]},"faces":{"north":{"uv":[13,12,3,13],"texture":"#4"},"south":{"uv":[13,12,3,13],"rotation":180,"texture":"#4"},"up":{"uv":[0.5,0.5,0.5,0.5],"rotation":180,"texture":"#6"},"down":{"uv":[0.5,0.5,0.5,0.5],"texture":"#6"}}},{"from":[-15.75,6.25,7.27512],"to":[-14,6.75,8.72487],"faces":{"east":{"uv":[6,15,7,16],"texture":"#barrel"},"west":{"uv":[9,9,10,10],"texture":"#barrel"},"up":{"uv":[9,9,10,10],"texture":"#barrel"},"down":{"uv":[7,4,8,5],"texture":"#barrel"}}},{"from":[-15.75,6.25,7.27512],"to":[-14,6.75,8.72487],"rotation":{"angle":45,"axis":"x","origin":[-14.875,8,8]},"faces":{"east":{"uv":[6,15,7,16],"texture":"#barrel"},"west":{"uv":[9,9,10,10],"texture":"#barrel"},"up":{"uv":[9,9,10,10],"texture":"#barrel"},"down":{"uv":[7,4,8,5],"texture":"#barrel"}}},{"from":[-15.75,6.25,7.27512],"to":[-14,6.75,8.72487],"rotation":{"angle":-45,"axis":"x","origin":[-14.875,8,8]},"faces":{"east":{"uv":[6,15,7,16],"texture":"#barrel"},"west":{"uv":[9,9,10,10],"texture":"#barrel"},"up":{"uv":[9,9,10,10],"texture":"#barrel"},"down":{"uv":[7,4,8,5],"texture":"#barrel"}}},{"from":[-15.75,7.27513,9.25],"to":[-14,8.72488,9.75],"faces":{"north":{"uv":[9,9,10,10],"rotation":180,"texture":"#barrel"},"east":{"uv":[6,15,7,16],"rotation":270,"texture":"#barrel"},"south":{"uv":[7,4,8,5],"texture":"#barrel"},"west":{"uv":[9,9,10,10],"rotation":90,"texture":"#barrel"}}},{"from":[-15.75,7.27513,6.25],"to":[-14,8.72488,6.75],"faces":{"north":{"uv":[7,4,8,5],"rotation":180,"texture":"#barrel"},"east":{"uv":[6,15,7,16],"rotation":270,"texture":"#barrel"},"south":{"uv":[9,9,10,10],"texture":"#barrel"},"west":{"uv":[9,9,10,10],"rotation":90,"texture":"#barrel"}}},{"from":[-15.75,9.25,7.27512],"to":[-14,9.75,8.72487],"rotation":{"angle":-45,"axis":"x","origin":[-14.875,8,8]},"faces":{"east":{"uv":[6,15,7,16],"texture":"#barrel"},"west":{"uv":[9,9,10,10],"texture":"#barrel"},"up":{"uv":[7,4,8,5],"texture":"#barrel"},"down":{"uv":[9,9,10,10],"texture":"#barrel"}}},{"from":[-15.75,9.25,7.27512],"to":[-14,9.75,8.72487],"faces":{"east":{"uv":[6,15,7,16],"texture":"#barrel"},"west":{"uv":[9,9,10,10],"texture":"#barrel"},"up":{"uv":[7,4,8,5],"texture":"#barrel"},"down":{"uv":[9,9,10,10],"texture":"#barrel"}}},{"from":[-15.75,9.25,7.27512],"to":[-14,9.75,8.72487],"rotation":{"angle":45,"axis":"x","origin":[-14.875,8,8]},"faces":{"east":{"uv":[6,15,7,16],"texture":"#barrel"},"west":{"uv":[9,9,10,10],"texture":"#barrel"},"up":{"uv":[7,4,8,5],"texture":"#barrel"},"down":{"uv":[9,9,10,10],"texture":"#barrel"}}},{"from":[2.45,6,7.5005],"to":[3.55,7.25,8.4995],"rotation":{"angle":-45,"axis":"z","origin":[3.55,6,8.0005]},"faces":{"north":{"uv":[15,3,16,4],"texture":"#6"},"south":{"uv":[15,3,16,4],"texture":"#6"},"down":{"uv":[12,15,12.5,15.5],"texture":"#6"}}},{"from":[5.15,6,7.5005],"to":[6.6,7.25,8.4995],"rotation":{"angle":45,"axis":"z","origin":[5.15,6,8.0005]},"faces":{"north":{"uv":[15,3,16,4],"texture":"#6"},"south":{"uv":[15,3,16,4],"texture":"#6"},"down":{"uv":[12,15,12.5,15.5],"texture":"#6"}}}],"display":{"thirdperson_righthand":{"rotation":[0,90,0],"translation":[0,1,2.5],"scale":[0.75,0.75,0.75]},"thirdperson_lefthand":{"rotation":[0,-90,190],"translation":[-1.25,-5,9],"scale":[0.75,0.75,0.75]},"firstperson_righthand":{"rotation":[0,80,0],"translation":[2,3,-0.75]},"firstperson_lefthand":{"translation":[2,3,-2],"scale":[0,0,0]},"ground":{"translation":[0,2.2,0],"scale":[0.75,0.75,0.75]},"gui":{"rotation":[0,0,45],"translation":[0.5,1.25,0],"scale":[0.6,0.6,0.6]},"head":{"scale":[1.4,1.4,1.4]},"fixed":{"rotation":[0,180,0],"translation":[0,0,-2.5],"scale":[1.4,1.4,1.4]}}}