{"gui_light":"front","textures":{"8":"block/green_shulker_box","altgrey":"block/chiseled_stone_bricks"},"elements":[{"from":[12.33112,6,7.17158],"to":[16.73112,10,8.82842],"rotation":{"angle":0,"axis":"y","origin":[-2.16888,8,8]},"faces":{"east":{"uv":[0,0,1,1],"texture":"#8"},"west":{"uv":[0.5,0.5,0.5,0.5],"rotation":90,"texture":"#8"},"up":{"uv":[9,0,11,7],"rotation":90,"texture":"#8"},"down":{"uv":[9,0,11,7],"rotation":90,"texture":"#8"}}},{"from":[-11.76888,7.575,7.575],"to":[21.58112,8.425,8.425],"rotation":{"angle":45,"axis":"x","origin":[20.95612,8,8]},"faces":{"north":{"uv":[3,3,6,4],"texture":"#altgrey"},"east":{"uv":[3,3,5,5],"texture":"#altgrey"},"south":{"uv":[3,3,6,4],"texture":"#altgrey"},"west":{"uv":[0,0,1,1],"texture":"#altgrey"},"up":{"uv":[5,3,8,4],"texture":"#altgrey"},"down":{"uv":[9,10,11,11],"texture":"#altgrey"}}},{"from":[8.53112,7.25,5.5],"to":[12.23112,8.75,7],"rotation":{"angle":22.5,"axis":"y","origin":[13.53112,8.28554,5.5]},"faces":{"north":{"uv":[10,1,11,13],"rotation":270,"texture":"#8"},"up":{"uv":[0,0,1,1],"texture":"#8"},"down":{"uv":[0,0,1,1],"rotation":180,"texture":"#8"}}},{"from":[8.53112,7.25,9],"to":[12.23112,8.75,10.5],"rotation":{"angle":-22.5,"axis":"y","origin":[13.53112,8.28554,10.5]},"faces":{"south":{"uv":[10,13,11,1],"rotation":270,"texture":"#8"},"up":{"uv":[0,1,1,0],"texture":"#8"},"down":{"uv":[0,1,1,0],"rotation":180,"texture":"#8"}}},{"from":[8.53112,9,7.25],"to":[12.23112,10.5,8.75],"rotation":{"angle":22.5,"axis":"z","origin":[13.53112,10.5,8.78554]},"faces":{"north":{"uv":[0,0,1,1],"texture":"#8"},"south":{"uv":[0,0,1,1],"texture":"#8"},"up":{"uv":[10,1,11,13],"rotation":90,"texture":"#8"}}},{"from":[8.53112,5.5,7.25],"to":[12.23112,7,8.75],"rotation":{"angle":-22.5,"axis":"z","origin":[13.53112,5.5,8.78554]},"faces":{"north":{"uv":[0,1,1,0],"texture":"#8"},"south":{"uv":[0,1,1,0],"texture":"#8"},"down":{"uv":[11,1,10,13],"rotation":90,"texture":"#8"}}},{"from":[6.83112,6.95,7.56508],"to":[18.83112,9.05,8.43492],"rotation":{"angle":0,"axis":"y","origin":[-2.16888,8,8]},"faces":{"east":{"uv":[0.5,0.5,0.5,0.5],"texture":"#8"},"west":{"uv":[0,0,1,1],"rotation":90,"texture":"#8"},"up":{"uv":[10,11,11,12],"rotation":90,"texture":"#8"},"down":{"uv":[10,11,11,12],"rotation":90,"texture":"#8"}}},{"from":[6.83112,6.95,7.56508],"to":[18.83112,9.05,8.43492],"rotation":{"angle":45,"axis":"x","origin":[9.58112,8,8]},"faces":{"east":{"uv":[0.5,0.5,0.5,0.5],"texture":"#8"},"west":{"uv":[0,0,1,1],"rotation":90,"texture":"#8"},"up":{"uv":[10,11,11,12],"rotation":90,"texture":"#8"},"down":{"uv":[10,11,11,12],"rotation":90,"texture":"#8"}}},{"from":[6.83112,6.95,7.56508],"to":[18.83112,9.05,8.43492],"rotation":{"angle":-45,"axis":"x","origin":[9.58112,8,8]},"faces":{"east":{"uv":[0.5,0.5,0.5,0.5],"texture":"#8"},"west":{"uv":[0,0,1,1],"rotation":90,"texture":"#8"},"up":{"uv":[10,11,11,12],"rotation":90,"texture":"#8"},"down":{"uv":[10,11,11,12],"rotation":90,"texture":"#8"}}},{"from":[6.83112,7.56508,6.95],"to":[18.83112,8.43492,9.05],"rotation":{"angle":0,"axis":"y","origin":[-2.16888,8,8]},"faces":{"north":{"uv":[10,11,11,12],"rotation":270,"texture":"#8"},"east":{"uv":[0.5,0.5,0.5,0.5],"rotation":270,"texture":"#8"},"south":{"uv":[10,11,11,12],"rotation":90,"texture":"#8"},"west":{"uv":[0,0,1,1],"rotation":180,"texture":"#8"}}},{"from":[9.53112,8.7,7],"to":[12.23112,10.2,9],"rotation":{"angle":22.5,"axis":"z","origin":[13.53112,10.5,8.53554]},"faces":{"north":{"uv":[0,0,1,1],"texture":"#8"},"south":{"uv":[0,0,1,1],"texture":"#8"},"up":{"uv":[10,1,11,13],"rotation":90,"texture":"#8"}}},{"from":[9.53112,5.8,7],"to":[12.23112,7.3,9],"rotation":{"angle":-22.5,"axis":"z","origin":[13.53112,5.5,8.53554]},"faces":{"north":{"uv":[0,1,1,0],"texture":"#8"},"south":{"uv":[0,1,1,0],"texture":"#8"},"down":{"uv":[11,1,10,13],"rotation":90,"texture":"#8"}}},{"from":[9.63112,7,8.7],"to":[12.23112,9,10.2],"rotation":{"angle":-22.5,"axis":"y","origin":[13.53112,8.03554,10.5]},"faces":{"south":{"uv":[10,13,11,1],"rotation":270,"texture":"#8"},"up":{"uv":[0,1,1,0],"texture":"#8"},"down":{"uv":[0,1,1,0],"rotation":180,"texture":"#8"}}},{"from":[9.63112,7,5.8],"to":[12.23112,9,7.3],"rotation":{"angle":22.5,"axis":"y","origin":[13.53112,8.03554,5.5]},"faces":{"north":{"uv":[10,1,11,13],"rotation":270,"texture":"#8"},"up":{"uv":[0,0,1,1],"texture":"#8"},"down":{"uv":[0,0,1,1],"rotation":180,"texture":"#8"}}},{"from":[11.03112,9,6.75],"to":[12.23112,9.9,9.25],"rotation":{"angle":22.5,"axis":"z","origin":[13.53112,10.5,8.28554]},"faces":{"north":{"uv":[0,0,1,1],"texture":"#8"},"south":{"uv":[0,0,1,1],"texture":"#8"},"up":{"uv":[10,1,11,13],"rotation":90,"texture":"#8"}}},{"from":[11.03112,6.1,6.75],"to":[12.23112,7,9.25],"rotation":{"angle":-22.5,"axis":"z","origin":[13.53112,5.5,8.28554]},"faces":{"north":{"uv":[0,1,1,0],"texture":"#8"},"south":{"uv":[0,1,1,0],"texture":"#8"},"down":{"uv":[11,1,10,13],"rotation":90,"texture":"#8"}}},{"from":[10.93112,6.75,6.1],"to":[12.23112,9.25,6.7],"rotation":{"angle":22.5,"axis":"y","origin":[13.53112,7.78554,5.5]},"faces":{"north":{"uv":[10,1,11,13],"rotation":270,"texture":"#8"},"up":{"uv":[0,0,1,1],"texture":"#8"},"down":{"uv":[0,0,1,1],"rotation":180,"texture":"#8"}}},{"from":[10.93112,6.75,9.3],"to":[12.23112,9.25,9.9],"rotation":{"angle":-22.5,"axis":"y","origin":[13.53112,7.78554,10.5]},"faces":{"south":{"uv":[10,13,11,1],"rotation":270,"texture":"#8"},"up":{"uv":[0,1,1,0],"texture":"#8"},"down":{"uv":[0,1,1,0],"rotation":180,"texture":"#8"}}},{"from":[16.83112,7.5,5.5],"to":[20.63112,8.5,6.9],"rotation":{"angle":-22.5,"axis":"y","origin":[15.53112,8.53554,5.5]},"faces":{"north":{"uv":[10,13,11,1],"rotation":270,"texture":"#8"},"east":{"uv":[0.5,0.5,0.5,0.5],"texture":"#8"},"west":{"uv":[0,0,1,1],"texture":"#8"},"up":{"uv":[1,0,0,1],"texture":"#8"},"down":{"uv":[1,0,0,1],"rotation":180,"texture":"#8"}}},{"from":[16.83112,9.1,7.5],"to":[20.63112,10.5,8.5],"rotation":{"angle":-22.5,"axis":"z","origin":[15.53112,10.5,9.03554]},"faces":{"north":{"uv":[1,0,0,1],"texture":"#8"},"east":{"uv":[0.5,0.5,0.5,0.5],"texture":"#8"},"south":{"uv":[1,0,0,1],"texture":"#8"},"west":{"uv":[0,0,1,1],"texture":"#8"},"up":{"uv":[10,13,11,1],"rotation":90,"texture":"#8"}}},{"from":[6.83112,6.6,7.9],"to":[7.63112,9.4,8.1],"rotation":{"angle":-22.5,"axis":"x","origin":[7.23112,8,8]},"faces":{"north":{"uv":[0.5,0.5,0.5,0.5],"texture":"#8"},"east":{"uv":[0.5,0.5,0.5,0.5],"texture":"#8"},"south":{"uv":[0.5,0.5,0.5,0.5],"texture":"#8"},"west":{"uv":[0,0,1,1],"rotation":90,"texture":"#8"},"up":{"uv":[10,11,11,12],"rotation":90,"texture":"#8"},"down":{"uv":[10,11,11,12],"rotation":90,"texture":"#8"}}},{"from":[6.83112,7.9,6.6],"to":[7.63112,8.1,9.4],"rotation":{"angle":22.5,"axis":"x","origin":[7.23112,8,8]},"faces":{"north":{"uv":[10,11,11,12],"rotation":270,"texture":"#8"},"east":{"uv":[0.5,0.5,0.5,0.5],"rotation":270,"texture":"#8"},"south":{"uv":[10,11,11,12],"rotation":90,"texture":"#8"},"west":{"uv":[0,0,1,1],"rotation":180,"texture":"#8"},"up":{"uv":[0.5,0.5,0.5,0.5],"rotation":180,"texture":"#8"},"down":{"uv":[0.5,0.5,0.5,0.5],"texture":"#8"}}},{"from":[6.83112,7.9,6.6],"to":[7.63112,8.1,9.4],"rotation":{"angle":-22.5,"axis":"x","origin":[7.23112,8,8]},"faces":{"north":{"uv":[10,11,11,12],"rotation":270,"texture":"#8"},"east":{"uv":[0.5,0.5,0.5,0.5],"rotation":90,"texture":"#8"},"south":{"uv":[10,11,11,12],"rotation":90,"texture":"#8"},"west":{"uv":[0,0,1,1],"texture":"#8"},"up":{"uv":[0.5,0.5,0.5,0.5],"texture":"#8"},"down":{"uv":[0.5,0.5,0.5,0.5],"rotation":180,"texture":"#8"}}},{"from":[6.83112,6.6,7.9],"to":[7.63112,9.4,8.1],"rotation":{"angle":22.5,"axis":"x","origin":[7.23112,8,8]},"faces":{"north":{"uv":[0.5,0.5,0.5,0.5],"texture":"#8"},"east":{"uv":[0.5,0.5,0.5,0.5],"texture":"#8"},"south":{"uv":[0.5,0.5,0.5,0.5],"texture":"#8"},"west":{"uv":[0,0,1,1],"rotation":90,"texture":"#8"},"up":{"uv":[10,11,11,12],"rotation":90,"texture":"#8"},"down":{"uv":[10,11,11,12],"rotation":90,"texture":"#8"}}},{"from":[-11.66888,7.375,7.74112],"to":[20.83112,8.625,8.25888],"rotation":{"angle":0,"axis":"y","origin":[-2.16888,8,8]},"faces":{"east":{"uv":[0.5,0.5,0.5,0.5],"texture":"#8"},"west":{"uv":[0,0,1,1],"texture":"#8"},"up":{"uv":[10,11,11,12],"rotation":90,"texture":"#8"},"down":{"uv":[10,11,11,12],"rotation":90,"texture":"#8"}}},{"from":[6.33112,7.35,7.73076],"to":[6.83112,8.65,8.26924],"rotation":{"angle":0,"axis":"y","origin":[6.5811,8,8]},"faces":{"east":{"uv":[0.5,0.5,0.5,0.5],"texture":"#8"},"west":{"uv":[7,7,8,8],"texture":"#altgrey"},"up":{"uv":[3,0,4,3],"rotation":90,"texture":"#altgrey"},"down":{"uv":[13,13,14,16],"rotation":90,"texture":"#altgrey"}}},{"from":[-1.96888,7.35,7.73076],"to":[-1.16888,8.65,8.26924],"rotation":{"angle":0,"axis":"y","origin":[-1.4189,8,8]},"faces":{"east":{"uv":[0.5,0.5,1.5,1.5],"texture":"#altgrey"},"west":{"uv":[7,7,8,8],"texture":"#altgrey"},"up":{"uv":[3,0,4,3],"rotation":90,"texture":"#altgrey"},"down":{"uv":[13,13,14,16],"rotation":90,"texture":"#altgrey"}}},{"from":[-0.16888,7.35,7.73076],"to":[0.03112,8.65,8.26924],"rotation":{"angle":0,"axis":"y","origin":[0.0811,8,8]},"faces":{"east":{"uv":[0.5,0.5,1.5,1.5],"texture":"#altgrey"},"west":{"uv":[7,7,8,8],"texture":"#altgrey"},"up":{"uv":[3,0,4,3],"rotation":90,"texture":"#altgrey"},"down":{"uv":[13,13,14,16],"rotation":90,"texture":"#altgrey"}}},{"from":[0.93112,7.35,7.73076],"to":[1.13112,8.65,8.26924],"rotation":{"angle":0,"axis":"y","origin":[1.1811,8,8]},"faces":{"east":{"uv":[0.5,0.5,1.5,1.5],"texture":"#altgrey"},"west":{"uv":[7,7,8,8],"texture":"#altgrey"},"up":{"uv":[3,0,4,3],"rotation":90,"texture":"#altgrey"},"down":{"uv":[13,13,14,16],"rotation":90,"texture":"#altgrey"}}},{"from":[6.33112,7.73076,7.35],"to":[6.83112,8.26924,8.65],"rotation":{"angle":0,"axis":"x","origin":[6.5811,8,8]},"faces":{"north":{"uv":[13,13,14,16],"rotation":270,"texture":"#altgrey"},"east":{"uv":[0.5,0.5,0.5,0.5],"rotation":270,"texture":"#8"},"south":{"uv":[3,0,4,3],"rotation":90,"texture":"#altgrey"},"west":{"uv":[7,7,8,8],"rotation":90,"texture":"#altgrey"}}},{"from":[-1.96888,7.73076,7.35],"to":[-1.16888,8.26924,8.65],"rotation":{"angle":0,"axis":"x","origin":[-1.4189,8,8]},"faces":{"north":{"uv":[13,13,14,16],"rotation":270,"texture":"#altgrey"},"east":{"uv":[0.5,0.5,1.5,1.5],"rotation":270,"texture":"#altgrey"},"south":{"uv":[3,0,4,3],"rotation":90,"texture":"#altgrey"},"west":{"uv":[7,7,8,8],"rotation":90,"texture":"#altgrey"}}},{"from":[-0.16888,7.73076,7.35],"to":[0.03112,8.26924,8.65],"rotation":{"angle":0,"axis":"x","origin":[0.0811,8,8]},"faces":{"north":{"uv":[13,13,14,16],"rotation":270,"texture":"#altgrey"},"east":{"uv":[0.5,0.5,1.5,1.5],"rotation":270,"texture":"#altgrey"},"south":{"uv":[3,0,4,3],"rotation":90,"texture":"#altgrey"},"west":{"uv":[7,7,8,8],"rotation":90,"texture":"#altgrey"}}},{"from":[0.93112,7.73076,7.35],"to":[1.13112,8.26924,8.65],"rotation":{"angle":0,"axis":"x","origin":[1.1811,8,8]},"faces":{"north":{"uv":[13,13,14,16],"rotation":270,"texture":"#altgrey"},"east":{"uv":[0.5,0.5,1.5,1.5],"rotation":270,"texture":"#altgrey"},"south":{"uv":[3,0,4,3],"rotation":90,"texture":"#altgrey"},"west":{"uv":[7,7,8,8],"rotation":90,"texture":"#altgrey"}}},{"from":[6.33112,7.35,7.73076],"to":[6.83112,8.65,8.26924],"rotation":{"angle":-45,"axis":"x","origin":[6.5811,8,8]},"faces":{"east":{"uv":[0.5,0.5,0.5,0.5],"texture":"#8"},"west":{"uv":[7,7,8,8],"texture":"#altgrey"},"up":{"uv":[3,0,4,3],"rotation":90,"texture":"#altgrey"},"down":{"uv":[13,13,14,16],"rotation":90,"texture":"#altgrey"}}},{"from":[-1.96888,7.35,7.73076],"to":[-1.16888,8.65,8.26924],"rotation":{"angle":-45,"axis":"x","origin":[-1.4189,8,8]},"faces":{"east":{"uv":[0,0,1,1],"texture":"#altgrey"},"west":{"uv":[7,7,8,8],"texture":"#altgrey"},"up":{"uv":[3,0,4,3],"rotation":90,"texture":"#altgrey"},"down":{"uv":[13,13,14,16],"rotation":90,"texture":"#altgrey"}}},{"from":[-0.16888,7.35,7.73076],"to":[0.03112,8.65,8.26924],"rotation":{"angle":-45,"axis":"x","origin":[0.0811,8,8]},"faces":{"east":{"uv":[0,0,1,1],"texture":"#altgrey"},"west":{"uv":[7,7,8,8],"texture":"#altgrey"},"up":{"uv":[3,0,4,3],"rotation":90,"texture":"#altgrey"},"down":{"uv":[13,13,14,16],"rotation":90,"texture":"#altgrey"}}},{"from":[0.93112,7.35,7.73076],"to":[1.13112,8.65,8.26924],"rotation":{"angle":-45,"axis":"x","origin":[1.1811,8,8]},"faces":{"east":{"uv":[0,0,1,1],"texture":"#altgrey"},"west":{"uv":[7,7,8,8],"texture":"#altgrey"},"up":{"uv":[3,0,4,3],"rotation":90,"texture":"#altgrey"},"down":{"uv":[13,13,14,16],"rotation":90,"texture":"#altgrey"}}},{"from":[6.33112,7.35,7.73076],"to":[6.83112,8.65,8.26924],"rotation":{"angle":45,"axis":"x","origin":[6.5811,8,8]},"faces":{"east":{"uv":[0.5,0.5,0.5,0.5],"texture":"#8"},"west":{"uv":[7,7,8,8],"texture":"#altgrey"},"up":{"uv":[3,0,4,3],"rotation":90,"texture":"#altgrey"},"down":{"uv":[14,13,15,16],"rotation":90,"texture":"#altgrey"}}},{"from":[-1.96888,7.35,7.73076],"to":[-1.16888,8.65,8.26924],"rotation":{"angle":45,"axis":"x","origin":[-1.4189,8,8]},"faces":{"east":{"uv":[0.5,0.5,1.5,1.5],"texture":"#altgrey"},"west":{"uv":[7,7,8,8],"texture":"#altgrey"},"up":{"uv":[3,0,4,3],"rotation":90,"texture":"#altgrey"},"down":{"uv":[14,13,15,16],"rotation":90,"texture":"#altgrey"}}},{"from":[-0.16888,7.35,7.73076],"to":[0.03112,8.65,8.26924],"rotation":{"angle":45,"axis":"x","origin":[0.0811,8,8]},"faces":{"east":{"uv":[0.5,0.5,1.5,1.5],"texture":"#altgrey"},"west":{"uv":[7,7,8,8],"texture":"#altgrey"},"up":{"uv":[3,0,4,3],"rotation":90,"texture":"#altgrey"},"down":{"uv":[14,13,15,16],"rotation":90,"texture":"#altgrey"}}},{"from":[0.93112,7.35,7.73076],"to":[1.13112,8.65,8.26924],"rotation":{"angle":45,"axis":"x","origin":[1.1811,8,8]},"faces":{"east":{"uv":[0.5,0.5,1.5,1.5],"texture":"#altgrey"},"west":{"uv":[7,7,8,8],"texture":"#altgrey"},"up":{"uv":[3,0,4,3],"rotation":90,"texture":"#altgrey"},"down":{"uv":[14,13,15,16],"rotation":90,"texture":"#altgrey"}}},{"from":[16.83112,7.5,9.1],"to":[20.63112,8.5,10.5],"rotation":{"angle":22.5,"axis":"y","origin":[15.53112,8.53554,10.5]},"faces":{"east":{"uv":[0.5,0.5,0.5,0.5],"texture":"#8"},"south":{"uv":[10,1,11,13],"rotation":270,"texture":"#8"},"west":{"uv":[0,0,1,1],"texture":"#8"},"up":{"uv":[1,1,0,0],"texture":"#8"},"down":{"uv":[1,1,0,0],"rotation":180,"texture":"#8"}}},{"from":[16.83112,5.5,7.5],"to":[20.63112,6.9,8.5],"rotation":{"angle":22.5,"axis":"z","origin":[15.53112,5.5,9.03554]},"faces":{"north":{"uv":[1,1,0,0],"texture":"#8"},"east":{"uv":[0.5,0.5,0.5,0.5],"texture":"#8"},"south":{"uv":[1,1,0,0],"texture":"#8"},"west":{"uv":[0,0,1,1],"texture":"#8"},"down":{"uv":[11,13,10,1],"rotation":90,"texture":"#8"}}},{"from":[-11.66888,7.375,7.74112],"to":[20.83112,8.625,8.25888],"rotation":{"angle":45,"axis":"x","origin":[19.83112,8,8]},"faces":{"east":{"uv":[0.5,0.5,0.5,0.5],"texture":"#8"},"west":{"uv":[0,0,1,1],"texture":"#8"},"up":{"uv":[10,11,11,12],"rotation":90,"texture":"#8"},"down":{"uv":[10,11,11,12],"rotation":90,"texture":"#8"}}},{"from":[-11.66888,7.375,7.74112],"to":[20.83112,8.625,8.25888],"rotation":{"angle":-45,"axis":"x","origin":[19.83112,8,8]},"faces":{"east":{"uv":[0.5,0.5,0.5,0.5],"texture":"#8"},"west":{"uv":[0,0,1,1],"texture":"#8"},"up":{"uv":[10,11,11,12],"rotation":90,"texture":"#8"},"down":{"uv":[10,11,11,12],"rotation":90,"texture":"#8"}}},{"from":[-11.66888,7.74112,7.375],"to":[20.83112,8.25888,8.625],"rotation":{"angle":0,"axis":"y","origin":[-2.16888,8,8]},"faces":{"north":{"uv":[10,11,11,12],"rotation":270,"texture":"#8"},"east":{"uv":[0.5,0.5,0.5,0.5],"rotation":270,"texture":"#8"},"south":{"uv":[10,11,11,12],"rotation":90,"texture":"#8"},"west":{"uv":[0,0,1,1],"texture":"#8"}}},{"from":[12.33112,6,7.17158],"to":[16.73112,10,8.82842],"rotation":{"angle":45,"axis":"x","origin":[14.08112,8,8]},"faces":{"east":{"uv":[0,0,1,1],"texture":"#8"},"west":{"uv":[0.5,0.5,0.5,0.5],"rotation":90,"texture":"#8"},"up":{"uv":[9,0,11,7],"rotation":90,"texture":"#8"},"down":{"uv":[9,0,11,7],"rotation":90,"texture":"#8"}}},{"from":[12.33112,6,7.17158],"to":[16.73112,10,8.82842],"rotation":{"angle":-45,"axis":"x","origin":[14.08112,8,8]},"faces":{"east":{"uv":[0,0,1,1],"texture":"#8"},"west":{"uv":[0.5,0.5,0.5,0.5],"rotation":90,"texture":"#8"},"up":{"uv":[9,0,11,7],"rotation":90,"texture":"#8"},"down":{"uv":[9,0,11,7],"rotation":90,"texture":"#8"}}},{"from":[12.33112,7.17158,6],"to":[16.73112,8.82842,10],"rotation":{"angle":0,"axis":"y","origin":[-2.16888,8,8]},"faces":{"north":{"uv":[9,0,11,7],"rotation":270,"texture":"#8"},"east":{"uv":[0,0,1,1],"rotation":90,"texture":"#8"},"south":{"uv":[9,0,11,7],"rotation":90,"texture":"#8"},"west":{"uv":[0.5,0.5,0.5,0.5],"texture":"#8"}}}],"display":{"thirdperson_righthand":{"rotation":[0,-50,109],"translation":[-0.5,1.25,1.25],"scale":[0.75,0.75,0.75]},"thirdperson_lefthand":{"rotation":[0,-35,-68],"translation":[-0.5,1.25,1],"scale":[0.75,0.75,0.75]},"firstperson_righthand":{"rotation":[0,124,39],"translation":[5.25,0.5,-2]},"firstperson_lefthand":{"rotation":[-18,-67,-63],"translation":[6.5,1,-2]},"ground":{"translation":[0,2.2,0],"scale":[0.75,0.75,0.75]},"gui":{"rotation":[0,0,45],"translation":[0.5,1.25,0],"scale":[0.8,0.8,0.8]},"head":{"scale":[1.4,1.4,1.4]},"fixed":{"rotation":[0,0,180],"translation":[0,0,-3.25],"scale":[1.4,1.4,1.4]}}}