{"gui_light":"front","textures":{"1":"block/coal_block","2":"block/furnace_top","3":"block/anvil","4":"block/gray_wool","5":"block/black_wool","6":"block/bedrock","7":"block/fire_coral_fan","8":"block/observer_side","9":"block/detector_rail","10":"block/furnace_front","11":"block/tripwire_hook","particle":"block/bedrock"},"elements":[{"from":[1.5,1.75,7.5],"to":[3.5,5.25,8.5],"rotation":{"angle":-22.5,"axis":"z","origin":[2.75,3,8.25]},"faces":{"north":{"uv":[0,0,16,16],"texture":"#3"},"east":{"uv":[15,9.5,16,14.5],"texture":"#2"},"south":{"uv":[0,0,16,16],"texture":"#3"},"west":{"uv":[10,0,11,16],"texture":"#1"},"down":{"uv":[0,0,0.5,0.5],"texture":"#3"}}},{"from":[4.15,4.85,7.625],"to":[4.9,6.2,8.375],"faces":{"north":{"uv":[15,10,16,14],"texture":"#2"},"east":{"uv":[15,0,16,16],"rotation":90,"texture":"#3"},"south":{"uv":[15,9,16,14],"texture":"#2"},"down":{"uv":[0,0,0.5,0.5],"texture":"#1"}}},{"from":[1,6.45,7.399],"to":[3.5,8.2,8.601],"rotation":{"angle":22.5,"axis":"z","origin":[3.5,8.2,7.399]},"faces":{"north":{"uv":[0,0,16,16],"rotation":180,"texture":"#3"},"east":{"uv":[0.01,0.01,0.01,0.01],"texture":"#1"},"south":{"uv":[0,0,16,16],"rotation":180,"texture":"#3"},"west":{"uv":[10,9,14.5,12.25],"texture":"#1"},"up":{"uv":[1,14,12,15],"rotation":90,"texture":"#2"},"down":{"uv":[8,9,9,10],"texture":"#1"}}},{"from":[11,7.625,7.3],"to":[21.75,7.75,7.4],"faces":{"north":{"uv":[6,0,1,2],"rotation":180,"texture":"#3"},"east":{"uv":[7,7,9,11],"texture":"#3"},"south":{"uv":[1,0,6,2],"rotation":180,"texture":"#1"},"west":{"uv":[8,9,9,10],"texture":"#1"},"up":{"uv":[0.01,0.01,0.01,0.01],"texture":"#1"},"down":{"uv":[0,0,4,2],"texture":"#4"}}},{"from":[5.05,4.85,7.9],"to":[5.15,5.25,8.1],"rotation":{"angle":22.5,"axis":"z","origin":[5.15,5.3,8.05]},"faces":{"north":{"uv":[0,0,0.5,0.5],"texture":"#1"},"east":{"uv":[0,0,0.5,0.5],"texture":"#1"},"south":{"uv":[15,15,16,16],"texture":"#1"},"west":{"uv":[0,0,0.5,0.5],"texture":"#1"},"down":{"uv":[0,0,0.5,0.5],"texture":"#1"}}},{"from":[5.3,7.2,7.95],"to":[10.55,7.8,8.45],"faces":{"north":{"uv":[0,0,0.5,0.5],"texture":"#3"},"east":{"uv":[0,0,0.5,0.5],"texture":"#3"},"south":{"uv":[8,0,14,1],"rotation":90,"texture":"#2"},"west":{"uv":[0,0,0.5,0.5],"texture":"#3"},"up":{"uv":[0,0,0.5,0.5],"texture":"#3"},"down":{"uv":[0,0,0.5,0.5],"texture":"#3"}}},{"from":[9.75,7.25,8.45],"to":[9.95,7.55,9.2],"faces":{"north":{"uv":[0,0,0.5,0.5],"texture":"#1"},"east":{"uv":[4,0,5,5],"texture":"#1"},"south":{"uv":[5,0,6,5],"texture":"#1"},"west":{"uv":[7,12,12,13],"rotation":90,"texture":"#1"},"up":{"uv":[10,10,16,11],"texture":"#1"},"down":{"uv":[0,0,0.5,0.5],"texture":"#1"}}},{"from":[11,7.75,7.3],"to":[11.5,8,8.7],"faces":{"north":{"uv":[0,5,2,7],"texture":"#3"},"east":{"uv":[0.01,0.01,0.01,0.01],"texture":"#1"},"south":{"uv":[0,5,2,7],"texture":"#3"},"west":{"uv":[8,9,9,10],"texture":"#1"},"down":{"uv":[0,0,4,2],"texture":"#3"}}},{"from":[12.5,7.75,7.3],"to":[12.75,8,7.35],"faces":{"north":{"uv":[0,5,2,7],"texture":"#3"},"east":{"uv":[0.01,0.01,0.01,0.01],"texture":"#1"},"south":{"uv":[0,5,2,7],"texture":"#3"},"west":{"uv":[8,9,9,10],"texture":"#1"},"down":{"uv":[0,0,4,2],"texture":"#3"}}},{"from":[11,8,7.3],"to":[21.25,8.2,7.5],"faces":{"north":{"uv":[0,5,3,7],"texture":"#3"},"east":{"uv":[7,7,9,11],"texture":"#3"},"south":{"uv":[3,5,0,7],"texture":"#1"},"west":{"uv":[8,9,9,10],"texture":"#1"},"up":{"uv":[6,1.5,8,13.5],"rotation":90,"texture":"#4"},"down":{"uv":[0,0,4,2],"texture":"#3"}}},{"from":[11,8.2,7.3],"to":[13.25,8.4,8.7],"faces":{"north":{"uv":[0,5,2,7],"texture":"#3"},"east":{"uv":[7,7,9,11],"texture":"#1"},"south":{"uv":[0,5,2,7],"texture":"#3"},"west":{"uv":[8,9,9,10],"texture":"#1"},"up":{"uv":[4,1,6,3],"rotation":90,"texture":"#4"},"down":{"uv":[0,0,4,2],"texture":"#3"}}},{"from":[10.75,7.2,7.92541],"to":[27,7.275,8.07459],"faces":{"north":{"uv":[9,13,10,14],"texture":"#2"},"south":{"uv":[9,13,10,14],"texture":"#2"},"up":{"uv":[10,10,16,11],"rotation":90,"texture":"#1"},"down":{"uv":[14,12,15,13],"texture":"#1"}}},{"from":[26.05,7.9,7.925],"to":[26.55,8.85,8.075],"faces":{"north":{"uv":[0,-0.09951,0.89967,11.99918],"rotation":180,"texture":"#3"},"east":{"uv":[7,7,9,11],"texture":"#3"},"south":{"uv":[0,0,1,12],"rotation":180,"texture":"#3"},"west":{"uv":[8,9,9,10],"texture":"#1"},"up":{"uv":[0,0,4,12],"rotation":90,"texture":"#3"},"down":{"uv":[0,0,4,1],"texture":"#4"}}},{"from":[13.75,5.85,7.25],"to":[17.75,7.6,8.75],"faces":{"north":{"uv":[2,0,4,16],"rotation":90,"texture":"#5"},"east":{"uv":[14.25,12.75,15.75,15.5],"texture":"#1"},"south":{"uv":[14,0,16,16],"rotation":270,"texture":"#5"},"west":{"uv":[14,12,16,16],"texture":"#1"},"up":{"uv":[10,10,16,12],"texture":"#1"},"down":{"uv":[10,15,16,16],"texture":"#1"}}},{"from":[13.55,5.8,7.1],"to":[13.8,7.15,8.9],"faces":{"north":{"uv":[2,13.25,4,16],"rotation":90,"texture":"#5"},"east":{"uv":[14.25,12.75,15.75,15.5],"texture":"#1"},"south":{"uv":[14.25,13,16,16],"rotation":90,"texture":"#5"},"west":{"uv":[14,12,16,16],"texture":"#1"},"up":{"uv":[10,10,16,12],"texture":"#1"},"down":{"uv":[14.75,14.75,16,16],"texture":"#1"}}},{"from":[12.85,8.5,7.15],"to":[16.1,9.5,8.85],"faces":{"north":{"uv":[0,0,16,4.5],"texture":"#1"},"east":{"uv":[0,14,16,16],"texture":"#2"},"south":{"uv":[0,0,16,4],"texture":"#1"},"west":{"uv":[1,14,6,16],"texture":"#2"},"up":{"uv":[6,0,7,16],"rotation":180,"texture":"#2"},"down":{"uv":[9,9.75,13,11.75],"texture":"#1"}}},{"from":[7.05,8.5,7.15],"to":[8.25,9.5,7.4],"faces":{"north":{"uv":[6,4,11,8],"texture":"#11"},"south":{"uv":[5,4,10,8],"texture":"#11"},"west":{"uv":[0,15,2,16],"texture":"#2"},"up":{"uv":[4.25,12,6,13.75],"rotation":90,"texture":"#4"},"down":{"uv":[7,7,8,9],"texture":"#1"}}},{"from":[2.475,7.6,7.151],"to":[7.475,8.6,7.399],"rotation":{"angle":22.5,"axis":"z","origin":[5,8,8.15]},"faces":{"north":{"uv":[3,6,2,14],"texture":"#2"},"east":{"uv":[0,13,16,16],"texture":"#2"},"south":{"uv":[0,4,6,5],"rotation":90,"texture":"#3"},"west":{"uv":[0,15,2,16],"texture":"#2"},"up":{"uv":[4.25,10,8,13.75],"rotation":90,"texture":"#4"},"down":{"uv":[9,9.75,13,11.75],"texture":"#1"}}},{"from":[21.25,7.625,7.299],"to":[21.75,8,8.701],"faces":{"north":{"uv":[0,5,2,7],"texture":"#3"},"east":{"uv":[0.01,0.01,0.01,0.01],"texture":"#3"},"south":{"uv":[0,5,2,7],"texture":"#3"},"west":{"uv":[0.01,0.01,0.01,0.01],"texture":"#1"},"down":{"uv":[0,0,4,2],"texture":"#3"}}},{"from":[14.4408,8.10237,7.3],"to":[14.9908,8.30237,7.5],"rotation":{"angle":-22.5,"axis":"z","origin":[14.7158,8.20237,8.55]},"faces":{"north":{"uv":[0,5,2,7],"texture":"#3"},"east":{"uv":[7,7,9,11],"texture":"#3"},"south":{"uv":[0,5,2,7],"texture":"#1"},"west":{"uv":[8,9,9,10],"texture":"#1"},"up":{"uv":[4.25,10,8,10.75],"rotation":90,"texture":"#4"},"down":{"uv":[0,0,4,2],"texture":"#3"}}},{"from":[11,7.125,7.3],"to":[11.25,7.625,8.7],"faces":{"north":{"uv":[3,0,1,1],"texture":"#3"},"east":{"uv":[7,7,9,11],"texture":"#3"},"south":{"uv":[1,0,3,1],"texture":"#3"},"west":{"uv":[8,9,9,10],"texture":"#1"},"down":{"uv":[0,0,4,2],"texture":"#4"}}},{"from":[11.25,7.125,7.4],"to":[21.75,7.625,8.6],"faces":{"north":{"uv":[15,5,14,6],"texture":"#3"},"east":{"uv":[7,7,9,11],"texture":"#3"},"south":{"uv":[14,5,15,6],"texture":"#3"},"west":{"uv":[8,9,9,10],"texture":"#1"},"up":{"uv":[0.01,0.01,0.01,0.01],"texture":"#1"},"down":{"uv":[0,0,4,2],"texture":"#4"}}},{"from":[11,7,7.3],"to":[21.75,7.125,7.5],"faces":{"north":{"uv":[6,0,1,2],"texture":"#3"},"east":{"uv":[7,7,9,9],"texture":"#3"},"south":{"uv":[1,0,6,2],"texture":"#3"},"west":{"uv":[8,9,9,10],"texture":"#1"},"up":{"uv":[0.01,0.01,0.01,0.01],"texture":"#3"},"down":{"uv":[0,0,4,2],"texture":"#1"}}},{"from":[11,6.625,7.3],"to":[21.75,6.75,7.5],"faces":{"north":{"uv":[6,1,3,2],"texture":"#3"},"east":{"uv":[7,7,9,9],"texture":"#3"},"south":{"uv":[2,1,6,2],"texture":"#3"},"west":{"uv":[8,9,9,10],"texture":"#1"},"up":{"uv":[0.01,0.01,0.01,0.01],"texture":"#1"},"down":{"uv":[0.01,0.01,0.01,0.01],"texture":"#1"}}},{"from":[11,6.75,7.3],"to":[12,7,8.7],"faces":{"north":{"uv":[0,5,2,7],"texture":"#3"},"east":{"uv":[0.01,0.01,0.01,0.01],"texture":"#1"},"south":{"uv":[0,5,2,7],"texture":"#3"},"west":{"uv":[8,9,9,10],"texture":"#1"}}},{"from":[13,6.75,7.3],"to":[13.25,7,7.35],"faces":{"north":{"uv":[0,5,2,7],"texture":"#3"},"east":{"uv":[0.01,0.01,0.01,0.01],"texture":"#1"},"south":{"uv":[0,5,2,7],"texture":"#3"},"west":{"uv":[0.01,0.01,0.01,0.01],"texture":"#1"}}},{"from":[11,6.375,7.3],"to":[11.5,6.625,8.7],"faces":{"north":{"uv":[0,5,2,7],"texture":"#3"},"east":{"uv":[0.01,0.01,0.01,0.01],"texture":"#1"},"south":{"uv":[0,5,2,7],"texture":"#3"},"west":{"uv":[8,9,9,10],"texture":"#1"},"down":{"uv":[0,0,4,2],"texture":"#3"}}},{"from":[12.5,6.375,7.3],"to":[12.75,6.625,7.35],"faces":{"north":{"uv":[0,5,2,7],"texture":"#3"},"east":{"uv":[0.01,0.01,0.01,0.01],"texture":"#1"},"south":{"uv":[0,5,2,7],"texture":"#3"},"west":{"uv":[0.01,0.01,0.01,0.01],"texture":"#1"}}},{"from":[11,6.25,7.3],"to":[21.75,6.375,8.7],"faces":{"north":{"uv":[6,0,1,2],"texture":"#3"},"east":{"uv":[7,7,9,9],"texture":"#3"},"south":{"uv":[1,0,6,2],"texture":"#3"},"west":{"uv":[8,9,9,10],"texture":"#1"},"up":{"uv":[0.01,0.01,0.01,0.01],"texture":"#1"}}},{"from":[11,5.7,7.86076],"to":[21.75,6.1,8.13924],"faces":{"east":{"uv":[7,7,9,9],"rotation":270,"texture":"#3"},"west":{"uv":[8,9,9,10],"rotation":90,"texture":"#1"},"down":{"uv":[15,11,16,12],"texture":"#3"}}},{"from":[11,5.7,7.86076],"to":[21.75,6.1,8.13924],"rotation":{"angle":22.5,"axis":"x","origin":[16.375,6.4,8]},"faces":{"east":{"uv":[7,7,9,9],"rotation":270,"texture":"#3"},"west":{"uv":[8,9,9,10],"rotation":90,"texture":"#1"},"down":{"uv":[10,13,11,14],"texture":"#3"}}},{"from":[11,5.7,7.86076],"to":[21.75,6.1,8.13924],"rotation":{"angle":-22.5,"axis":"x","origin":[16.375,6.4,8]},"faces":{"east":{"uv":[7,7,9,9],"rotation":270,"texture":"#3"},"west":{"uv":[8,9,9,10],"rotation":90,"texture":"#1"},"down":{"uv":[10,13,11,14],"texture":"#3"}}},{"from":[11,5.7,7.86076],"to":[21.75,6.1,8.13924],"rotation":{"angle":45,"axis":"x","origin":[16.375,6.4,8]},"faces":{"north":{"uv":[0.01,0.01,0.01,0.01],"rotation":180,"texture":"#1"},"east":{"uv":[7,7,9,9],"rotation":270,"texture":"#3"},"west":{"uv":[8,9,9,10],"rotation":90,"texture":"#1"},"down":{"uv":[15,10,16,11],"texture":"#3"}}},{"from":[11,5.7,7.86076],"to":[21.75,6.1,8.13924],"rotation":{"angle":-45,"axis":"x","origin":[16.375,6.4,8]},"faces":{"east":{"uv":[7,7,9,9],"rotation":270,"texture":"#3"},"south":{"uv":[0.01,0.01,0.01,0.01],"texture":"#1"},"west":{"uv":[8,9,9,10],"rotation":90,"texture":"#1"},"down":{"uv":[15,10,16,11],"texture":"#3"}}},{"from":[11,6.26076,7.3],"to":[21.75,6.28926,7.9],"rotation":{"angle":-22.5,"axis":"x","origin":[16.375,6.4,8]},"faces":{"north":{"uv":[5,1,6,2],"rotation":180,"texture":"#3"},"east":{"uv":[7,7,9,8],"rotation":180,"texture":"#3"},"west":{"uv":[8,9,9,10],"rotation":180,"texture":"#1"}}},{"from":[11,6.26076,8.1],"to":[21.75,6.28926,8.7],"rotation":{"angle":22.5,"axis":"x","origin":[16.375,6.4,8]},"faces":{"east":{"uv":[7,7,9,8],"texture":"#3"},"south":{"uv":[6,6,7,7],"texture":"#3"},"west":{"uv":[8,9,9,10],"texture":"#1"}}},{"from":[11,6.2893,8.3],"to":[12,6.5393,8.7],"rotation":{"angle":22.5,"axis":"x","origin":[16.375,6.4,8]},"faces":{"east":{"uv":[0.01,0.01,0.01,0.01],"texture":"#1"},"south":{"uv":[1,0,6,2],"texture":"#3"},"west":{"uv":[8,9,9,10],"texture":"#1"}}},{"from":[11,6.2893,7.3],"to":[12,6.5393,7.7],"rotation":{"angle":-22.5,"axis":"x","origin":[16.375,6.4,8]},"faces":{"north":{"uv":[1,0,6,2],"rotation":180,"texture":"#3"},"east":{"uv":[0.01,0.01,0.01,0.01],"rotation":180,"texture":"#1"},"west":{"uv":[8,9,9,10],"rotation":180,"texture":"#1"}}},{"from":[13,6.2893,8.65],"to":[13.25,6.5393,8.7],"rotation":{"angle":22.5,"axis":"x","origin":[18.375,6.4,8]},"faces":{"east":{"uv":[0.01,0.01,0.01,0.01],"texture":"#1"},"south":{"uv":[1,0,6,2],"texture":"#3"},"west":{"uv":[0.01,0.01,0.01,0.01],"texture":"#1"}}},{"from":[13,6.2893,7.3],"to":[13.25,6.5393,7.35],"rotation":{"angle":-22.5,"axis":"x","origin":[18.375,6.4,8]},"faces":{"north":{"uv":[1,0,6,2],"rotation":180,"texture":"#3"},"east":{"uv":[0.01,0.01,0.01,0.01],"rotation":180,"texture":"#1"},"west":{"uv":[0.01,0.01,0.01,0.01],"rotation":180,"texture":"#1"}}},{"from":[13.25,8.2,7.3],"to":[14.5,8.4,7.5],"faces":{"north":{"uv":[0,5,2,7],"texture":"#3"},"east":{"uv":[7,7,9,11],"texture":"#3"},"south":{"uv":[0,5,2,7],"texture":"#1"},"west":{"uv":[8,9,9,10],"texture":"#1"},"up":{"uv":[4,1,6,3],"rotation":90,"texture":"#4"},"down":{"uv":[0,0,4,2],"texture":"#3"}}},{"from":[21.25,8,7.3],"to":[21.75,8.2,8.7],"faces":{"north":{"uv":[0,5,3,7],"texture":"#3"},"east":{"uv":[7,7,9,11],"texture":"#3"},"south":{"uv":[3,5,0,7],"texture":"#3"},"west":{"uv":[0.01,0.01,0.01,0.01],"texture":"#1"},"up":{"uv":[4,2,10,3],"rotation":90,"texture":"#4"},"down":{"uv":[0,0,4,2],"texture":"#3"}}},{"from":[13.25,8.2,8.5],"to":[14.5,8.4,8.7],"faces":{"north":{"uv":[0,5,2,7],"texture":"#1"},"east":{"uv":[7,7,9,11],"texture":"#3"},"south":{"uv":[0,5,2,7],"texture":"#3"},"west":{"uv":[8,9,9,10],"texture":"#1"},"up":{"uv":[4,1,6,3],"rotation":90,"texture":"#4"},"down":{"uv":[0,0,4,2],"texture":"#3"}}},{"from":[14.4408,8.10237,8.5],"to":[14.9908,8.30237,8.7],"rotation":{"angle":-22.5,"axis":"z","origin":[14.7158,8.20237,9.75]},"faces":{"north":{"uv":[0,5,2,7],"texture":"#1"},"east":{"uv":[7,7,9,11],"texture":"#3"},"south":{"uv":[0,5,2,7],"texture":"#3"},"west":{"uv":[8,9,9,10],"texture":"#1"},"up":{"uv":[4.25,10,8,10.75],"rotation":90,"texture":"#4"},"down":{"uv":[0,0,4,2],"texture":"#3"}}},{"from":[11,8,8.5],"to":[21.25,8.2,8.7],"faces":{"north":{"uv":[0,5,3,7],"texture":"#1"},"east":{"uv":[7,7,9,11],"texture":"#3"},"south":{"uv":[3,5,0,7],"texture":"#3"},"west":{"uv":[8,9,9,10],"texture":"#1"},"up":{"uv":[6,1.5,8,13.5],"rotation":90,"texture":"#4"},"down":{"uv":[0,0,4,2],"texture":"#3"}}},{"from":[13.25,8.35,7.75],"to":[14.5,8.4,7.875],"faces":{"north":{"uv":[0.01,0.01,0.01,0.01],"texture":"#1"},"south":{"uv":[0.01,0.01,0.01,0.01],"texture":"#1"},"west":{"uv":[8,9,9,10],"texture":"#1"},"up":{"uv":[4,1,6,3],"rotation":90,"texture":"#4"},"down":{"uv":[0,0,4,2],"texture":"#3"}}},{"from":[14.4408,8.25237,7.75],"to":[14.9908,8.30237,7.875],"rotation":{"angle":-22.5,"axis":"z","origin":[14.7158,8.20237,8.9]},"faces":{"north":{"uv":[0.01,0.01,0.01,0.01],"texture":"#1"},"south":{"uv":[0.01,0.01,0.01,0.01],"texture":"#1"},"up":{"uv":[4.25,10,8,10.75],"rotation":90,"texture":"#4"},"down":{"uv":[0,0,4,2],"texture":"#3"}}},{"from":[15,8.15,7.75],"to":[21.25,8.2,7.875],"faces":{"north":{"uv":[0.01,0.01,0.01,0.01],"texture":"#1"},"east":{"uv":[7,7,9,11],"texture":"#3"},"south":{"uv":[0.01,0.01,0.01,0.01],"texture":"#1"},"west":{"uv":[8,9,9,10],"texture":"#1"},"up":{"uv":[6,1.5,8,13.5],"rotation":90,"texture":"#4"},"down":{"uv":[0,0,4,2],"texture":"#3"}}},{"from":[13.25,8.35,8.125],"to":[14.5,8.4,8.25],"faces":{"north":{"uv":[0.01,0.01,0.01,0.01],"texture":"#1"},"south":{"uv":[0.01,0.01,0.01,0.01],"texture":"#1"},"west":{"uv":[8,9,9,10],"texture":"#1"},"up":{"uv":[4,1,6,3],"rotation":90,"texture":"#4"},"down":{"uv":[0,0,4,2],"texture":"#3"}}},{"from":[14.4408,8.25237,8.125],"to":[14.9908,8.30237,8.25],"rotation":{"angle":-22.5,"axis":"z","origin":[14.7158,8.20237,9.25]},"faces":{"north":{"uv":[0.01,0.01,0.01,0.01],"texture":"#1"},"south":{"uv":[0.01,0.01,0.01,0.01],"texture":"#1"},"up":{"uv":[4.25,10,8,10.75],"rotation":90,"texture":"#4"},"down":{"uv":[0,0,4,2],"texture":"#3"}}},{"from":[15,8.15,8.125],"to":[21.25,8.2,8.25],"faces":{"north":{"uv":[0.01,0.01,0.01,0.01],"texture":"#1"},"east":{"uv":[7,7,9,11],"texture":"#3"},"south":{"uv":[0.01,0.01,0.01,0.01],"texture":"#1"},"west":{"uv":[8,9,9,10],"texture":"#1"},"up":{"uv":[6,1.5,8,13.5],"rotation":90,"texture":"#4"},"down":{"uv":[0,0,4,2],"texture":"#3"}}},{"from":[14.25,8.35,7.875],"to":[14.5,8.4,8.125],"faces":{"east":{"uv":[0.01,0.01,0.01,0.01],"texture":"#1"},"west":{"uv":[8,9,9,10],"texture":"#1"},"up":{"uv":[4,1,6,3],"rotation":90,"texture":"#4"},"down":{"uv":[0,0,4,2],"texture":"#3"}}},{"from":[13.25,8.35,7.5],"to":[14,8.4,7.75],"faces":{"east":{"uv":[0.01,0.01,0.01,0.01],"texture":"#1"},"west":{"uv":[8,9,9,10],"texture":"#1"},"up":{"uv":[4,2,6,3],"rotation":90,"texture":"#4"},"down":{"uv":[0,0,4,2],"texture":"#3"}}},{"from":[13.25,8.35,8.25],"to":[14,8.4,8.5],"faces":{"east":{"uv":[0.01,0.01,0.01,0.01],"texture":"#1"},"west":{"uv":[8,9,9,10],"texture":"#1"},"up":{"uv":[4,2,6,3],"rotation":90,"texture":"#4"},"down":{"uv":[0,0,4,2],"texture":"#3"}}},{"from":[15,8.15,8.25],"to":[15.25,8.2,8.5],"faces":{"east":{"uv":[0.01,0.01,0.01,0.01],"texture":"#1"},"south":{"uv":[0.01,0.01,0.01,0.01],"texture":"#1"},"west":{"uv":[8,9,9,10],"texture":"#1"},"up":{"uv":[6,1,8,2],"rotation":90,"texture":"#4"},"down":{"uv":[0,0,4,2],"texture":"#3"}}},{"from":[16.25,8.15,8.25],"to":[16.5,8.2,8.5],"faces":{"east":{"uv":[0.01,0.01,0.01,0.01],"texture":"#1"},"south":{"uv":[0.01,0.01,0.01,0.01],"texture":"#1"},"west":{"uv":[8,9,9,10],"texture":"#1"},"up":{"uv":[4,2,6,3],"rotation":90,"texture":"#4"},"down":{"uv":[0,0,4,2],"texture":"#3"}}},{"from":[17.5,8.15,8.25],"to":[17.75,8.2,8.5],"faces":{"east":{"uv":[0.01,0.01,0.01,0.01],"texture":"#1"},"south":{"uv":[0.01,0.01,0.01,0.01],"texture":"#1"},"west":{"uv":[8,9,9,10],"texture":"#1"},"up":{"uv":[6,6,8,7],"rotation":90,"texture":"#4"},"down":{"uv":[0,0,4,2],"texture":"#3"}}},{"from":[18.75,8.15,8.25],"to":[19,8.2,8.5],"faces":{"east":{"uv":[0.01,0.01,0.01,0.01],"texture":"#1"},"south":{"uv":[0.01,0.01,0.01,0.01],"texture":"#1"},"west":{"uv":[8,9,9,10],"texture":"#1"},"up":{"uv":[0,4,2,5],"rotation":90,"texture":"#4"},"down":{"uv":[0,0,4,2],"texture":"#3"}}},{"from":[20,8.15,8.25],"to":[20.25,8.2,8.5],"faces":{"east":{"uv":[0.01,0.01,0.01,0.01],"texture":"#1"},"south":{"uv":[0.01,0.01,0.01,0.01],"texture":"#5"},"west":{"uv":[8,9,9,10],"texture":"#1"},"up":{"uv":[4,2,6,3],"rotation":90,"texture":"#4"},"down":{"uv":[0,0,4,2],"texture":"#3"}}},{"from":[15.5,8.15,7.875],"to":[15.75,8.2,8.125],"faces":{"east":{"uv":[0.01,0.01,0.01,0.01],"texture":"#1"},"west":{"uv":[8,9,9,10],"texture":"#1"},"up":{"uv":[0,3,2,4],"rotation":90,"texture":"#4"},"down":{"uv":[0,0,4,2],"texture":"#3"}}},{"from":[16.75,8.15,7.875],"to":[17,8.2,8.125],"faces":{"east":{"uv":[0.01,0.01,0.01,0.01],"texture":"#1"},"west":{"uv":[8,9,9,10],"texture":"#1"},"up":{"uv":[4,1,6,2],"rotation":90,"texture":"#4"},"down":{"uv":[0,0,4,2],"texture":"#3"}}},{"from":[18,8.15,7.875],"to":[18.25,8.2,8.125],"faces":{"east":{"uv":[0.01,0.01,0.01,0.01],"texture":"#1"},"west":{"uv":[8,9,9,10],"texture":"#1"},"up":{"uv":[4,2,6,3],"rotation":90,"texture":"#4"},"down":{"uv":[0,0,4,2],"texture":"#3"}}},{"from":[19.25,8.15,7.875],"to":[19.5,8.2,8.125],"faces":{"east":{"uv":[0.01,0.01,0.01,0.01],"texture":"#1"},"west":{"uv":[8,9,9,10],"texture":"#1"},"up":{"uv":[0,4,2,5],"rotation":90,"texture":"#4"},"down":{"uv":[0,0,4,2],"texture":"#3"}}},{"from":[20.5,8.15,7.875],"to":[21.25,8.2,8.125],"faces":{"east":{"uv":[0.01,0.01,0.01,0.01],"texture":"#1"},"west":{"uv":[8,9,9,10],"texture":"#1"},"up":{"uv":[0,3,2,5],"rotation":90,"texture":"#4"},"down":{"uv":[0,0,4,2],"texture":"#3"}}},{"from":[10.75,7.2,7.92541],"to":[27,7.275,8.07459],"rotation":{"angle":-22.5,"axis":"x","origin":[13.125,7.575,8]},"faces":{"north":{"uv":[9,13,10,14],"texture":"#2"},"south":{"uv":[9,13,10,14],"texture":"#2"},"up":{"uv":[10,10,16,12],"rotation":90,"texture":"#1"},"down":{"uv":[15,11,16,12],"texture":"#1"}}},{"from":[10.75,7.2,7.92541],"to":[27,7.275,8.07459],"rotation":{"angle":22.5,"axis":"x","origin":[13.125,7.575,8]},"faces":{"north":{"uv":[9,13,10,14],"texture":"#2"},"south":{"uv":[9,13,10,14],"texture":"#2"},"up":{"uv":[10,10,16,11],"rotation":90,"texture":"#1"},"down":{"uv":[15,9,16,10],"texture":"#1"}}},{"from":[10.75,7.2,7.92541],"to":[27,7.275,8.07459],"rotation":{"angle":-45,"axis":"x","origin":[13.125,7.575,8]},"faces":{"north":{"uv":[9,13,10,14],"texture":"#2"},"south":{"uv":[9,13,10,14],"texture":"#2"},"up":{"uv":[10,10,16,11],"rotation":90,"texture":"#1"},"down":{"uv":[15,10,16,11],"texture":"#1"}}},{"from":[10.75,7.2,7.92541],"to":[27,7.275,8.07459],"rotation":{"angle":45,"axis":"x","origin":[13.125,7.575,8]},"faces":{"north":{"uv":[9,13,10,14],"texture":"#2"},"south":{"uv":[9,13,10,14],"texture":"#2"},"up":{"uv":[10,10,16,11],"rotation":90,"texture":"#1"},"down":{"uv":[15,9,16,10],"texture":"#1"}}},{"from":[10.75,7.50041,7.625],"to":[27,7.64959,7.7],"rotation":{"angle":22.5,"axis":"x","origin":[13.125,7.575,8]},"faces":{"north":{"uv":[15,1,16,4],"texture":"#2"},"south":{"uv":[12,10,16,11],"texture":"#1"},"up":{"uv":[9,13,10,14],"texture":"#2"},"down":{"uv":[9,13,10,14],"rotation":180,"texture":"#2"}}},{"from":[10.75,7.50041,7.625],"to":[27,7.64959,7.7],"rotation":{"angle":-22.5,"axis":"x","origin":[13.125,7.575,8]},"faces":{"north":{"uv":[12,10,15,11],"rotation":90,"texture":"#1"},"south":{"uv":[10,10,16,11],"rotation":90,"texture":"#1"},"up":{"uv":[9,13,10,14],"rotation":180,"texture":"#2"},"down":{"uv":[9,13,10,14],"texture":"#2"}}},{"from":[10.75,7.50041,7.625],"to":[27,7.64959,7.7],"faces":{"north":{"uv":[15,4,16,7],"texture":"#2"},"south":{"uv":[11,10,16,11],"rotation":90,"texture":"#1"},"up":{"uv":[9,13,10,14],"rotation":180,"texture":"#2"},"down":{"uv":[9,13,10,14],"texture":"#2"}}},{"from":[28.1,7.125,7.91049],"to":[28.5,7.275,8.08951],"faces":{"east":{"uv":[0,2,1,3],"texture":"#1"},"up":{"uv":[3,11,5,14],"rotation":90,"texture":"#2"},"down":{"uv":[15,15,16,16],"texture":"#1"}}},{"from":[28.1,7.125,7.91049],"to":[28.5,7.275,8.08951],"rotation":{"angle":22.5,"axis":"x","origin":[28.3,7.575,8]},"faces":{"east":{"uv":[0,2,1,3],"texture":"#1"},"up":{"uv":[3,11,5,14],"rotation":90,"texture":"#2"},"down":{"uv":[15,15,16,16],"texture":"#1"}}},{"from":[28.1,7.125,7.91049],"to":[28.5,7.275,8.08951],"rotation":{"angle":-22.5,"axis":"x","origin":[28.3,7.575,8]},"faces":{"east":{"uv":[0,2,1,3],"texture":"#1"},"up":{"uv":[3,11,5,14],"rotation":90,"texture":"#2"},"down":{"uv":[15,15,16,16],"texture":"#1"}}},{"from":[28.1,7.125,7.91049],"to":[28.5,7.275,8.08951],"rotation":{"angle":-45,"axis":"x","origin":[28.3,7.575,8]},"faces":{"east":{"uv":[0,2,1,3],"texture":"#1"},"up":{"uv":[3,11,5,14],"rotation":90,"texture":"#2"},"down":{"uv":[15,15,16,16],"texture":"#1"}}},{"from":[28.1,7.125,7.91049],"to":[28.5,7.275,8.08951],"rotation":{"angle":45,"axis":"x","origin":[28.3,7.575,8]},"faces":{"east":{"uv":[0,2,1,3],"texture":"#1"},"up":{"uv":[3,11,5,14],"rotation":90,"texture":"#2"},"down":{"uv":[15,9,16,10],"texture":"#1"}}},{"from":[28.1,7.48549,7.55],"to":[28.5,7.66451,7.7],"rotation":{"angle":22.5,"axis":"x","origin":[28.3,7.575,8]},"faces":{"north":{"uv":[15,3,16,7],"texture":"#2"},"east":{"uv":[0,2,1,3],"rotation":90,"texture":"#1"},"south":{"uv":[4,9,7,11],"texture":"#2"}}},{"from":[28.1,7.48549,7.55],"to":[28.5,7.66451,7.7],"rotation":{"angle":-22.5,"axis":"x","origin":[28.3,7.575,8]},"faces":{"north":{"uv":[14,10,16,11],"texture":"#1"},"east":{"uv":[0,2,1,3],"rotation":270,"texture":"#1"},"south":{"uv":[3,11,5,14],"rotation":90,"texture":"#2"}}},{"from":[28.1,7.48549,7.55],"to":[28.5,7.66451,7.7],"faces":{"north":{"uv":[11,10,15,11],"rotation":90,"texture":"#1"},"east":{"uv":[0,2,1,3],"rotation":90,"texture":"#1"},"south":{"uv":[4,9,7,11],"texture":"#2"}}},{"from":[28.1,7.48549,8.3],"to":[28.5,7.66451,8.45],"rotation":{"angle":-22.5,"axis":"x","origin":[28.3,7.575,8]},"faces":{"north":{"uv":[4,9,7,11],"rotation":180,"texture":"#2"},"east":{"uv":[0,2,1,3],"rotation":270,"texture":"#1"},"south":{"uv":[15.99,3,15.99,6.99],"texture":"#2"}}},{"from":[28.1,7.48549,8.3],"to":[28.5,7.66451,8.45],"faces":{"north":{"uv":[3,11,5,14],"rotation":270,"texture":"#2"},"east":{"uv":[0,2,1,3],"rotation":90,"texture":"#1"},"south":{"uv":[11.01,10,15.01,11],"rotation":90,"texture":"#1"}}},{"from":[28.1,7.48549,8.3],"to":[28.5,7.66451,8.45],"rotation":{"angle":22.5,"axis":"x","origin":[28.3,7.575,8]},"faces":{"north":{"uv":[3,11,5,14],"rotation":270,"texture":"#2"},"east":{"uv":[0,2,1,3],"rotation":90,"texture":"#1"},"south":{"uv":[14,10,16,11],"rotation":90,"texture":"#1"}}},{"from":[28.1,7.875,7.91049],"to":[28.5,8.025,8.08951],"rotation":{"angle":45,"axis":"x","origin":[28.3,7.575,8]},"faces":{"east":{"uv":[0,2,1,3],"texture":"#1"},"up":{"uv":[9,15.99,13,15.99],"rotation":90,"texture":"#2"},"down":{"uv":[4,9,7,11],"texture":"#2"}}},{"from":[28.1,7.875,7.91049],"to":[28.5,8.025,8.08951],"rotation":{"angle":22.5,"axis":"x","origin":[28.3,7.575,8]},"faces":{"east":{"uv":[0,2,1,3],"texture":"#1"},"up":{"uv":[10,8.99,14,8.99],"rotation":90,"texture":"#2"},"down":{"uv":[4,9,7,11],"texture":"#2"}}},{"from":[28.1,7.875,7.91049],"to":[28.5,8.025,8.08951],"rotation":{"angle":-22.5,"axis":"x","origin":[28.3,7.575,8]},"faces":{"east":{"uv":[0,2,1,3],"texture":"#1"},"up":{"uv":[10,8.99,13.99,8.99],"rotation":270,"texture":"#2"},"down":{"uv":[4,9,7,11],"texture":"#2"}}},{"from":[28.1,7.875,7.91049],"to":[28.5,8.025,8.08951],"faces":{"east":{"uv":[0,2,1,3],"texture":"#1"},"up":{"uv":[5,2,8,3],"rotation":270,"texture":"#2"},"down":{"uv":[4,9,7,11],"texture":"#2"}}},{"from":[28.1,7.875,7.91049],"to":[28.5,8.025,8.08951],"rotation":{"angle":-45,"axis":"x","origin":[28.3,7.575,8]},"faces":{"east":{"uv":[0,2,1,3],"texture":"#1"},"up":{"uv":[9.01,15.99,13.01,15.99],"rotation":270,"texture":"#2"},"down":{"uv":[4,9,7,11],"texture":"#2"}}},{"from":[10.75,7.875,7.92541],"to":[27,7.95,8.07459],"rotation":{"angle":-45,"axis":"x","origin":[13.125,7.575,8]},"faces":{"north":{"uv":[9,13,10,14],"texture":"#2"},"south":{"uv":[9,13,10,14],"texture":"#2"},"up":{"uv":[9,15.99,12,15.99],"rotation":270,"texture":"#2"},"down":{"uv":[13,10,16,11],"texture":"#1"}}},{"from":[10.75,7.875,7.92541],"to":[27,7.95,8.07459],"rotation":{"angle":-22.5,"axis":"x","origin":[13.125,7.575,8]},"faces":{"north":{"uv":[9,13,10,14],"texture":"#2"},"south":{"uv":[9,13,10,14],"texture":"#2"},"up":{"uv":[7,2.99,10,2.99],"rotation":270,"texture":"#2"},"down":{"uv":[13,10,16,11],"texture":"#1"}}},{"from":[10.75,7.875,7.92541],"to":[27,7.95,8.07459],"faces":{"north":{"uv":[9,13,10,14],"texture":"#2"},"south":{"uv":[9,13,10,14],"texture":"#2"},"up":{"uv":[5,2.99,8,2.99],"rotation":90,"texture":"#2"},"down":{"uv":[13,10,16,11],"texture":"#1"}}},{"from":[10.75,7.875,7.92541],"to":[27,7.95,8.07459],"rotation":{"angle":22.5,"axis":"x","origin":[13.125,7.575,8]},"faces":{"north":{"uv":[9,13,10,14],"texture":"#2"},"south":{"uv":[9,13,10,14],"texture":"#2"},"up":{"uv":[11,8.99,14,8.99],"rotation":90,"texture":"#2"},"down":{"uv":[13,10,16,11],"texture":"#1"}}},{"from":[10.75,7.875,7.92541],"to":[27,7.95,8.07459],"rotation":{"angle":45,"axis":"x","origin":[13.125,7.575,8]},"faces":{"north":{"uv":[9,13,10,14],"texture":"#2"},"south":{"uv":[9,13,10,14],"texture":"#2"},"up":{"uv":[9,15.99,12,15.99],"rotation":90,"texture":"#2"},"down":{"uv":[14,10,16,11],"texture":"#1"}}},{"from":[10.75,7.50041,8.3],"to":[27,7.64959,8.375],"rotation":{"angle":-22.5,"axis":"x","origin":[13.125,7.575,8]},"faces":{"north":{"uv":[12,10,16,11],"rotation":180,"texture":"#1"},"south":{"uv":[15,2,16,5],"texture":"#2"},"up":{"uv":[9,13,10,14],"rotation":180,"texture":"#2"},"down":{"uv":[9,13,10,14],"texture":"#2"}}},{"from":[10.75,7.50041,8.3],"to":[27,7.64959,8.375],"faces":{"north":{"uv":[11,10,16,11],"rotation":180,"texture":"#1"},"south":{"uv":[15,4,16,7],"texture":"#2"},"up":{"uv":[9,13,10,14],"rotation":180,"texture":"#2"},"down":{"uv":[9,13,10,14],"texture":"#2"}}},{"from":[10.75,7.50041,8.3],"to":[27,7.64959,8.375],"rotation":{"angle":22.5,"axis":"x","origin":[13.125,7.575,8]},"faces":{"north":{"uv":[10,10,16,11],"rotation":270,"texture":"#1"},"south":{"uv":[12,10,15,11],"rotation":90,"texture":"#1"},"up":{"uv":[9,13,10,14],"texture":"#2"},"down":{"uv":[9,13,10,14],"rotation":180,"texture":"#2"}}},{"from":[26.15,7.95,7.9251],"to":[26.55,8.7,8.0749],"rotation":{"angle":22.5,"axis":"z","origin":[26.55,8.7,8.0241]},"faces":{"north":{"uv":[0,-0.09951,0.89967,11.99918],"rotation":180,"texture":"#3"},"east":{"uv":[7,7,9,11],"texture":"#3"},"south":{"uv":[0,0,1,12],"rotation":180,"texture":"#3"},"west":{"uv":[8,9,9,10],"texture":"#1"},"up":{"uv":[0,0,4,12],"rotation":90,"texture":"#3"}}},{"from":[27,7.875,7.91049],"to":[28.1,8.025,8.08951],"rotation":{"angle":-45,"axis":"x","origin":[27.2,7.575,8]},"faces":{"west":{"uv":[8,9,9,10],"texture":"#1"},"up":{"uv":[10,6,14,8],"texture":"#5"},"down":{"uv":[4,11,7,12],"texture":"#2"}}},{"from":[27,7.875,7.91049],"to":[28.1,8.025,8.08951],"faces":{"west":{"uv":[8,9,9,10],"texture":"#1"},"up":{"uv":[10,6,14,8],"texture":"#5"},"down":{"uv":[4,11,7,12],"texture":"#2"}}},{"from":[27,7.875,7.91049],"to":[28.1,8.025,8.08951],"rotation":{"angle":-22.5,"axis":"x","origin":[27.2,7.575,8]},"faces":{"west":{"uv":[8,9,9,10],"texture":"#1"},"up":{"uv":[10,6,14,8],"texture":"#5"},"down":{"uv":[4,11,7,12],"texture":"#2"}}},{"from":[27,7.875,7.91049],"to":[28.1,8.025,8.08951],"rotation":{"angle":22.5,"axis":"x","origin":[27.2,7.575,8]},"faces":{"west":{"uv":[8,9,9,10],"texture":"#1"},"up":{"uv":[10,6,14,8],"texture":"#5"},"down":{"uv":[4,11,7,12],"texture":"#2"}}},{"from":[27,7.875,7.91049],"to":[28.1,8.025,8.08951],"rotation":{"angle":45,"axis":"x","origin":[27.2,7.575,8]},"faces":{"west":{"uv":[8,9,9,10],"texture":"#1"},"up":{"uv":[10,6,14,8],"texture":"#5"},"down":{"uv":[4,11,7,12],"texture":"#2"}}},{"from":[27,7.48549,8.3],"to":[28.1,7.66451,8.45],"rotation":{"angle":22.5,"axis":"x","origin":[27.2,7.575,8]},"faces":{"north":{"uv":[3,11,5,14],"rotation":270,"texture":"#2"},"south":{"uv":[12,10,16,12],"rotation":270,"texture":"#5"},"west":{"uv":[8,9,9,10],"rotation":270,"texture":"#1"}}},{"from":[27,7.48549,8.3],"to":[28.1,7.66451,8.45],"faces":{"north":{"uv":[3,11,5,14],"rotation":270,"texture":"#2"},"south":{"uv":[12,8,16,10],"rotation":270,"texture":"#5"},"west":{"uv":[8,9,9,10],"rotation":270,"texture":"#1"}}},{"from":[27,7.48549,8.3],"to":[28.1,7.66451,8.45],"rotation":{"angle":-22.5,"axis":"x","origin":[27.2,7.575,8]},"faces":{"north":{"uv":[4,9,7,11],"rotation":180,"texture":"#2"},"south":{"uv":[12,8,16,10],"rotation":270,"texture":"#5"},"west":{"uv":[8,9,9,10],"rotation":90,"texture":"#1"}}},{"from":[27,7.48549,7.55],"to":[28.1,7.66451,7.7],"faces":{"north":{"uv":[10,6,14,8],"rotation":180,"texture":"#5"},"south":{"uv":[4,9,7,11],"texture":"#2"},"west":{"uv":[8,9,9,10],"rotation":270,"texture":"#1"}}},{"from":[27,7.48549,7.55],"to":[28.1,7.66451,7.7],"rotation":{"angle":-22.5,"axis":"x","origin":[27.2,7.575,8]},"faces":{"north":{"uv":[12,8,16,10],"rotation":90,"texture":"#5"},"south":{"uv":[3,11,5,14],"rotation":90,"texture":"#2"},"west":{"uv":[8,9,9,10],"rotation":90,"texture":"#1"}}},{"from":[27,7.48549,7.55],"to":[28.1,7.66451,7.7],"rotation":{"angle":22.5,"axis":"x","origin":[27.2,7.575,8]},"faces":{"north":{"uv":[0,6,4,8],"rotation":90,"texture":"#5"},"south":{"uv":[4,9,7,11],"texture":"#2"},"west":{"uv":[8,9,9,10],"rotation":270,"texture":"#1"}}},{"from":[27,7.125,7.91049],"to":[28.1,7.275,8.08951],"rotation":{"angle":45,"axis":"x","origin":[27.2,7.575,8]},"faces":{"west":{"uv":[8,9,9,10],"texture":"#1"},"up":{"uv":[3,11,5,14],"rotation":90,"texture":"#2"},"down":{"uv":[12,8,16,10],"rotation":270,"texture":"#5"}}},{"from":[27,7.125,7.91049],"to":[28.1,7.275,8.08951],"rotation":{"angle":-45,"axis":"x","origin":[27.2,7.575,8]},"faces":{"west":{"uv":[8,9,9,10],"texture":"#1"},"up":{"uv":[3,11,5,14],"rotation":90,"texture":"#2"},"down":{"uv":[12,10,16,12],"texture":"#5"}}},{"from":[27,7.125,7.91049],"to":[28.1,7.275,8.08951],"rotation":{"angle":-22.5,"axis":"x","origin":[27.2,7.575,8]},"faces":{"west":{"uv":[8,9,9,10],"texture":"#1"},"up":{"uv":[3,11,5,14],"rotation":90,"texture":"#2"},"down":{"uv":[4,9,5,10],"texture":"#1"}}},{"from":[27,7.125,7.91049],"to":[28.1,7.275,8.08951],"rotation":{"angle":22.5,"axis":"x","origin":[27.2,7.575,8]},"faces":{"west":{"uv":[8,9,9,10],"texture":"#1"},"up":{"uv":[3,11,5,14],"rotation":90,"texture":"#2"},"down":{"uv":[12,7,16,9],"rotation":90,"texture":"#5"}}},{"from":[27,7.125,7.91049],"to":[28.1,7.275,8.08951],"faces":{"west":{"uv":[8,9,9,10],"texture":"#1"},"up":{"uv":[3,11,5,14],"rotation":90,"texture":"#2"},"down":{"uv":[4,9,5,10],"texture":"#1"}}},{"from":[21.75,6.025,7.91049],"to":[28.25,6.925,8.08951],"rotation":{"angle":-45,"axis":"x","origin":[21.95,6.475,8]},"faces":{"east":{"uv":[0,4,5,5],"rotation":90,"texture":"#1"},"west":{"uv":[8,9,9,10],"texture":"#1"},"up":{"uv":[12,0,14,1],"rotation":90,"texture":"#2"},"down":{"uv":[11,10,13,11],"rotation":90,"texture":"#1"}}},{"from":[21.75,6.025,7.91049],"to":[28.25,6.925,8.08951],"rotation":{"angle":-22.5,"axis":"x","origin":[21.95,6.475,8]},"faces":{"east":{"uv":[0,4,5,5],"rotation":90,"texture":"#1"},"west":{"uv":[8,9,9,10],"texture":"#1"},"up":{"uv":[8,15.99,9,15.99],"rotation":90,"texture":"#2"},"down":{"uv":[12,10,14,11],"rotation":90,"texture":"#1"}}},{"from":[21.75,6.025,7.91049],"to":[28.25,6.925,8.08951],"faces":{"east":{"uv":[0,4,5,5],"rotation":90,"texture":"#1"},"west":{"uv":[8,9,9,10],"texture":"#1"},"up":{"uv":[8,15.99,9,15.99],"rotation":90,"texture":"#2"},"down":{"uv":[15,10,16,11],"texture":"#1"}}},{"from":[21.75,6.025,7.91049],"to":[28.25,6.925,8.08951],"rotation":{"angle":22.5,"axis":"x","origin":[21.95,6.475,8]},"faces":{"east":{"uv":[0,4,5,5],"rotation":90,"texture":"#1"},"west":{"uv":[8,9,9,10],"texture":"#1"},"up":{"uv":[13,15.99,13.99,15.99],"rotation":90,"texture":"#2"},"down":{"uv":[13,10,15,11],"rotation":270,"texture":"#1"}}},{"from":[21.75,6.025,7.91049],"to":[28.25,6.925,8.08951],"rotation":{"angle":45,"axis":"x","origin":[21.95,6.475,8]},"faces":{"east":{"uv":[0,4,5,5],"rotation":90,"texture":"#1"},"west":{"uv":[8,9,9,10],"texture":"#1"},"up":{"uv":[12,15.99,14,15.99],"rotation":270,"texture":"#2"},"down":{"uv":[11,10,13,11],"rotation":270,"texture":"#1"}}},{"from":[21.75,6.38549,7.55],"to":[28.25,6.56451,8.45],"rotation":{"angle":-22.5,"axis":"x","origin":[21.95,6.475,8]},"faces":{"north":{"uv":[10,10,12,11],"rotation":90,"texture":"#1"},"east":{"uv":[0,4,5,5],"rotation":180,"texture":"#1"},"south":{"uv":[11,15.99,13,15.99],"rotation":90,"texture":"#2"},"west":{"uv":[8,9,9,10],"rotation":90,"texture":"#1"}}},{"from":[21.75,6.38549,7.55],"to":[28.25,6.56451,8.45],"faces":{"north":{"uv":[15,1,16,3],"texture":"#2"},"east":{"uv":[0,4,5,5],"texture":"#1"},"south":{"uv":[15,10,16,12],"texture":"#2"},"west":{"uv":[8,9,9,10],"rotation":270,"texture":"#1"}}},{"from":[21.75,6.38549,7.55],"to":[28.25,6.56451,8.45],"rotation":{"angle":22.5,"axis":"x","origin":[21.95,6.475,8]},"faces":{"north":{"uv":[5,0,7,1],"rotation":90,"texture":"#2"},"east":{"uv":[0,4,5,5],"texture":"#1"},"south":{"uv":[15,5,16,7],"texture":"#2"},"west":{"uv":[8,9,9,10],"rotation":270,"texture":"#1"}}},{"from":[21.5,6.2893,7.3],"to":[21.75,6.5393,7.9],"rotation":{"angle":-22.5,"axis":"x","origin":[26.875,6.4,8]},"faces":{"north":{"uv":[1,0,6,2],"rotation":180,"texture":"#3"},"east":{"uv":[8,11,9,12],"rotation":180,"texture":"#3"}}},{"from":[21.5,6.2893,8.1],"to":[21.75,6.5393,8.7],"rotation":{"angle":22.5,"axis":"x","origin":[26.875,6.4,8]},"faces":{"east":{"uv":[8,11,9,12],"texture":"#3"},"south":{"uv":[1,0,6,2],"texture":"#3"}}},{"from":[21.5,6.25,7.3],"to":[21.75,7.15,8.7],"faces":{"north":{"uv":[5,1,6,2],"texture":"#3"},"east":{"uv":[8,11,9,12],"texture":"#3"},"south":{"uv":[4,1,6,2],"texture":"#3"}}},{"from":[26.049,8.75,7.95],"to":[26.199,8.85,8.05],"rotation":{"angle":0,"axis":"y","origin":[7.9,8.15,8]},"faces":{"east":{"uv":[0.01,0.01,0.01,0.01],"texture":"#7"},"west":{"uv":[6,4,9,6],"texture":"#7"}}},{"from":[26.05,7.9,7.775],"to":[26.9,8.05,8.225],"faces":{"north":{"uv":[0,0,0.89967,1.09868],"rotation":180,"texture":"#3"},"east":{"uv":[7,7,9,11],"texture":"#3"},"south":{"uv":[0,0,1,1],"rotation":180,"texture":"#3"},"west":{"uv":[8,9,9,10],"texture":"#1"},"up":{"uv":[0,0,4,12],"rotation":90,"texture":"#3"},"down":{"uv":[0,0,4,1],"texture":"#4"}}},{"from":[21.75,5.975,7.90054],"to":[23.3,6.975,8.09946],"faces":{"east":{"uv":[0,4,5,5],"rotation":90,"texture":"#1"},"west":{"uv":[8,9,9,10],"texture":"#1"},"up":{"uv":[0,7,8,9],"rotation":180,"texture":"#5"},"down":{"uv":[8,8,16,10],"rotation":180,"texture":"#1"}}},{"from":[23,6.375,7.75147],"to":[23.15,7.075,8.24853],"faces":{"east":{"uv":[0,4,5,5],"rotation":90,"texture":"#1"},"west":{"uv":[8,9,9,10],"texture":"#1"},"up":{"uv":[10,10,16,11],"texture":"#1"},"down":{"uv":[10,10,16,11],"texture":"#1"}}},{"from":[21.75,5.975,7.90054],"to":[23.3,6.975,8.09946],"rotation":{"angle":22.5,"axis":"x","origin":[22.5,6.475,8]},"faces":{"east":{"uv":[0,4,5,5],"rotation":90,"texture":"#1"},"west":{"uv":[8,9,9,10],"texture":"#1"},"up":{"uv":[0,7,8,9],"rotation":180,"texture":"#5"},"down":{"uv":[0,3,8,5],"rotation":180,"texture":"#5"}}},{"from":[21.75,5.975,7.90054],"to":[23.3,6.975,8.09946],"rotation":{"angle":45,"axis":"x","origin":[22.5,6.475,8]},"faces":{"east":{"uv":[0,4,5,5],"rotation":90,"texture":"#1"},"west":{"uv":[8,9,9,10],"texture":"#1"},"up":{"uv":[8,9,16,11],"rotation":180,"texture":"#5"},"down":{"uv":[0,7,8,9],"rotation":180,"texture":"#5"}}},{"from":[21.75,6.37554,7.5],"to":[23.3,6.57446,8.5],"rotation":{"angle":-22.5,"axis":"x","origin":[22.5,6.475,8]},"faces":{"north":{"uv":[0,7,8,9],"texture":"#5"},"east":{"uv":[0,4,5,5],"texture":"#1"},"south":{"uv":[8,9,16,11],"rotation":180,"texture":"#5"},"west":{"uv":[8,9,9,10],"rotation":90,"texture":"#1"}}},{"from":[21.75,5.975,7.90054],"to":[23.3,6.975,8.09946],"rotation":{"angle":-22.5,"axis":"x","origin":[22.5,6.475,8]},"faces":{"east":{"uv":[0,4,5,5],"rotation":90,"texture":"#1"},"west":{"uv":[8,9,9,10],"texture":"#1"},"up":{"uv":[0,7,8,9],"rotation":180,"texture":"#5"},"down":{"uv":[0,3,8,5],"rotation":180,"texture":"#5"}}},{"from":[21.75,5.975,7.90054],"to":[23.3,6.975,8.09946],"rotation":{"angle":-45,"axis":"x","origin":[22.5,6.475,8]},"faces":{"east":{"uv":[0,4,5,5],"rotation":90,"texture":"#1"},"west":{"uv":[8,9,9,10],"texture":"#1"},"up":{"uv":[8,9,16,11],"rotation":180,"texture":"#5"},"down":{"uv":[0,7,8,9],"rotation":180,"texture":"#5"}}},{"from":[21.75,6.37554,7.5],"to":[23.3,6.57446,8.5],"rotation":{"angle":22.5,"axis":"x","origin":[22.5,6.475,8]},"faces":{"north":{"uv":[8,9,16,11],"texture":"#5"},"east":{"uv":[0,4,5,5],"rotation":180,"texture":"#1"},"south":{"uv":[0,7,8,9],"rotation":180,"texture":"#5"},"west":{"uv":[8,9,9,10],"rotation":270,"texture":"#1"}}},{"from":[21.75,6.37554,7.5],"to":[23.3,6.57446,8.5],"faces":{"north":{"uv":[8,9,16,11],"texture":"#5"},"east":{"uv":[0,4,5,5],"rotation":180,"texture":"#1"},"south":{"uv":[8,9,16,11],"rotation":180,"texture":"#5"},"west":{"uv":[8,9,9,10],"rotation":270,"texture":"#1"}}},{"from":[23,6.375,7.75147],"to":[23.15,7.075,8.24853],"rotation":{"angle":45,"axis":"x","origin":[23.525,6.475,8]},"faces":{"east":{"uv":[0,4,5,5],"rotation":90,"texture":"#1"},"west":{"uv":[8,9,9,10],"texture":"#1"},"up":{"uv":[10,10,16,11],"texture":"#1"},"down":{"uv":[10,10,16,11],"texture":"#1"}}},{"from":[23,6.375,7.75147],"to":[23.15,7.075,8.24853],"rotation":{"angle":-45,"axis":"x","origin":[23.525,6.475,8]},"faces":{"east":{"uv":[0,4,5,5],"rotation":90,"texture":"#1"},"west":{"uv":[8,9,9,10],"texture":"#1"},"up":{"uv":[10,10,16,11],"texture":"#1"},"down":{"uv":[10,10,16,11],"texture":"#1"}}},{"from":[23,6.22647,7.4],"to":[23.15,6.72353,8.6],"faces":{"north":{"uv":[10,10,16,11],"rotation":180,"texture":"#1"},"east":{"uv":[0,4,5,5],"texture":"#1"},"south":{"uv":[10,10,16,11],"texture":"#1"},"west":{"uv":[8,9,9,10],"rotation":90,"texture":"#1"}}},{"from":[23,5.52647,8.4],"to":[23.15,6.22353,8.6],"rotation":{"angle":22.5,"axis":"x","origin":[23.425,6.225,8.6]},"faces":{"north":{"uv":[10,10,16,11],"rotation":180,"texture":"#1"},"east":{"uv":[0,4,5,5],"texture":"#1"},"south":{"uv":[10,10,16,11],"texture":"#1"},"west":{"uv":[8,9,9,10],"rotation":90,"texture":"#1"}}},{"from":[23,5.52647,7.4],"to":[23.15,6.22353,7.6],"rotation":{"angle":-22.5,"axis":"x","origin":[23.425,6.225,7.4]},"faces":{"north":{"uv":[16,10,10,11],"texture":"#1"},"east":{"uv":[5,4,0,5],"texture":"#1"},"south":{"uv":[16,10,10,11],"rotation":180,"texture":"#1"},"west":{"uv":[8,10,9,9],"rotation":90,"texture":"#1"}}},{"from":[23.001,5.575,7.66397],"to":[23.149,5.775,8.33603],"faces":{"east":{"uv":[0,4,5,5],"rotation":90,"texture":"#1"},"west":{"uv":[8,9,9,10],"texture":"#1"},"up":{"uv":[10,10,16,11],"texture":"#1"},"down":{"uv":[10,10,16,11],"texture":"#1"}}},{"from":[23.001,5.9,7.66397],"to":[23.149,6.1,8.33603],"faces":{"east":{"uv":[0,4,5,5],"rotation":90,"texture":"#1"},"west":{"uv":[8,9,9,10],"texture":"#1"},"up":{"uv":[10,10,16,11],"texture":"#1"},"down":{"uv":[10,10,16,11],"texture":"#1"}}},{"from":[13.55,5.8,7.1],"to":[13.8,6.54558,7.9],"rotation":{"angle":-45,"axis":"x","origin":[13.675,6.17279,8]},"faces":{"north":{"uv":[2,13.25,4,16],"rotation":90,"texture":"#5"},"east":{"uv":[14.25,12.75,15.75,15.5],"texture":"#1"},"south":{"uv":[14.25,13,16,16],"rotation":90,"texture":"#5"},"west":{"uv":[15,15,16,16],"texture":"#1"},"up":{"uv":[10,10,16,12],"texture":"#1"},"down":{"uv":[14.75,14.75,16,16],"texture":"#1"}}},{"from":[13.55,5.8,8.1],"to":[13.8,6.54558,8.9],"rotation":{"angle":45,"axis":"x","origin":[13.675,6.17279,8]},"faces":{"north":{"uv":[2,13.25,4,16],"rotation":90,"texture":"#5"},"east":{"uv":[14.25,12.75,15.75,15.5],"texture":"#1"},"south":{"uv":[14.25,13,16,16],"rotation":90,"texture":"#5"},"west":{"uv":[15,15,16,16],"texture":"#1"},"up":{"uv":[10,10,16,12],"texture":"#1"},"down":{"uv":[14.75,14.75,16,16],"texture":"#1"}}},{"from":[13.55,5.27279,7.62721],"to":[13.8,6.07279,8.37279],"faces":{"north":{"uv":[10,10,16,12],"rotation":180,"texture":"#1"},"east":{"uv":[14.25,12.75,15.75,15.5],"rotation":90,"texture":"#1"},"south":{"uv":[14.75,14.75,16,16],"texture":"#1"},"west":{"uv":[15,15,16,16],"rotation":270,"texture":"#1"},"up":{"uv":[14.25,13,16,16],"rotation":90,"texture":"#5"},"down":{"uv":[2,13.25,4,16],"rotation":270,"texture":"#5"}}},{"from":[13.75,5.85,7.25],"to":[17.75,6.47132,8.75],"rotation":{"angle":45,"axis":"x","origin":[15.5,6.16066,8]},"faces":{"south":{"uv":[14,0,16,16],"rotation":270,"texture":"#5"}}},{"from":[13.75,5.85,7.25],"to":[17.75,6.47132,8.75],"rotation":{"angle":-45,"axis":"x","origin":[15.5,6.16066,8]},"faces":{"north":{"uv":[2,0,4,16],"rotation":90,"texture":"#5"}}},{"from":[13.75,5.41066,7.68934],"to":[17.75,6.91066,8.31066],"faces":{"down":{"uv":[2,0,4,16],"rotation":270,"texture":"#5"}}},{"from":[17.75,5.85,7.25],"to":[21.25,7.6,8.75],"faces":{"north":{"uv":[0,0,2,16],"rotation":90,"texture":"#1"},"east":{"uv":[14.25,12.75,15.75,15.5],"texture":"#1"},"south":{"uv":[14,0,16,16],"rotation":270,"texture":"#1"},"west":{"uv":[14,12,16,16],"texture":"#1"},"up":{"uv":[10,10,16,12],"texture":"#1"},"down":{"uv":[10,15,16,16],"texture":"#1"}}},{"from":[16.6,5.4,7.35],"to":[18.55,7.15,8.65],"rotation":{"angle":-22.5,"axis":"z","origin":[17.75,5.85,8.6]},"faces":{"north":{"uv":[14,7,16,16],"rotation":90,"texture":"#1"},"south":{"uv":[15,6,16,16],"rotation":270,"texture":"#1"},"west":{"uv":[14,12,16,16],"texture":"#1"},"up":{"uv":[10,10,16,12],"texture":"#1"},"down":{"uv":[10,15,16,16],"texture":"#1"}}},{"from":[19.45,5.85,7.25],"to":[21.95,6.47132,7.35],"rotation":{"angle":-45,"axis":"x","origin":[21.2,6.16066,8]},"faces":{"north":{"uv":[0,0,2,16],"rotation":90,"texture":"#1"},"east":{"uv":[0.01,0.01,0.01,0.01],"texture":"#1"},"south":{"uv":[0.01,0.01,0.01,0.01],"rotation":90,"texture":"#1"}}},{"from":[19.45,5.41066,7.68934],"to":[21.95,5.51066,8.31066],"faces":{"east":{"uv":[0.01,0.01,0.01,0.01],"rotation":90,"texture":"#1"},"up":{"uv":[0.01,0.01,0.01,0.01],"rotation":90,"texture":"#1"},"down":{"uv":[0,0,2,16],"rotation":270,"texture":"#1"}}},{"from":[19.45,5.85,8.65],"to":[21.95,6.47132,8.75],"rotation":{"angle":45,"axis":"x","origin":[21.2,6.16066,8]},"faces":{"north":{"uv":[0.01,0.01,0.01,0.01],"rotation":90,"texture":"#1"},"east":{"uv":[0.01,0.01,0.01,0.01],"texture":"#1"},"south":{"uv":[14,0,16,16],"rotation":270,"texture":"#1"}}},{"from":[18.325,5.125,7.35],"to":[19.825,6.875,8.65],"faces":{"north":{"uv":[14,7,16,16],"rotation":90,"texture":"#1"},"south":{"uv":[14,6,16,16],"rotation":270,"texture":"#1"},"west":{"uv":[14,12,16,16],"texture":"#1"},"up":{"uv":[10,10,16,12],"texture":"#1"},"down":{"uv":[10,15,16,16],"texture":"#1"}}},{"from":[19.825,5.125,7.35],"to":[21.45,6.875,8.65],"rotation":{"angle":22.5,"axis":"z","origin":[19.8,5.15,8.6]},"faces":{"north":{"uv":[14,7,16,16],"rotation":90,"texture":"#1"},"south":{"uv":[14,6,16,16],"rotation":270,"texture":"#1"},"west":{"uv":[14,12,16,16],"texture":"#1"},"up":{"uv":[10,10,16,12],"texture":"#1"},"down":{"uv":[10,15,16,16],"texture":"#1"}}},{"from":[21.25,5.85,7.25],"to":[21.95,6.1,7.35],"faces":{"north":{"uv":[0,14,1,16],"rotation":90,"texture":"#1"},"east":{"uv":[14.25,12.75,15.75,15.5],"texture":"#1"},"south":{"uv":[14,0,16,16],"rotation":270,"texture":"#1"},"west":{"uv":[14,12,16,16],"texture":"#1"},"up":{"uv":[10,10,16,12],"texture":"#1"},"down":{"uv":[10,15,16,16],"texture":"#1"}}},{"from":[21.75,6.1,7.251],"to":[21.95,6.4,7.35],"rotation":{"angle":45,"axis":"z","origin":[21.95,6.1,7.3]},"faces":{"north":{"uv":[0,11,1,16],"rotation":90,"texture":"#1"},"east":{"uv":[14.25,12.75,15.75,15.5],"texture":"#1"},"south":{"uv":[14,0,16,16],"rotation":270,"texture":"#1"},"west":{"uv":[14,12,16,16],"texture":"#1"},"up":{"uv":[10,10,16,12],"texture":"#1"},"down":{"uv":[10,15,16,16],"texture":"#1"}}},{"from":[21.25,6.1,7.25],"to":[21.751,7.3844,7.35],"faces":{"north":{"uv":[0,15,1,16],"rotation":90,"texture":"#1"},"east":{"uv":[14.25,12.75,15.75,15.5],"texture":"#1"},"south":{"uv":[14,0,16,16],"rotation":270,"texture":"#1"},"west":{"uv":[14,12,16,16],"texture":"#1"},"up":{"uv":[10,10,16,12],"texture":"#1"},"down":{"uv":[10,15,16,16],"texture":"#1"}}},{"from":[21.2,7.08438,7.251],"to":[21.75,7.38438,7.35],"rotation":{"angle":-22.5,"axis":"z","origin":[21.75,7.38438,7.3]},"faces":{"north":{"uv":[0,11,1,16],"rotation":90,"texture":"#1"},"east":{"uv":[14.25,12.75,15.75,15.5],"texture":"#1"},"south":{"uv":[14,0,16,16],"rotation":270,"texture":"#1"},"west":{"uv":[14,12,16,16],"texture":"#1"},"up":{"uv":[10,10,16,12],"texture":"#1"},"down":{"uv":[10,15,16,16],"texture":"#1"}}},{"from":[21.2,7.08438,8.65],"to":[21.75,7.38438,8.749],"rotation":{"angle":-22.5,"axis":"z","origin":[21.75,7.38438,8.7]},"faces":{"north":{"uv":[14,16,16,0],"rotation":270,"texture":"#1"},"east":{"uv":[15.75,12.75,14.25,15.5],"texture":"#1"},"south":{"uv":[0,16,1,11],"rotation":90,"texture":"#1"},"west":{"uv":[16,12,14,16],"texture":"#1"},"up":{"uv":[10,12,16,10],"texture":"#1"},"down":{"uv":[10,16,16,15],"texture":"#1"}}},{"from":[21.25,6.1,8.65],"to":[21.751,7.3844,8.75],"faces":{"north":{"uv":[14,16,16,0],"rotation":270,"texture":"#1"},"east":{"uv":[15.75,12.75,14.25,15.5],"texture":"#1"},"south":{"uv":[0,16,1,15],"rotation":90,"texture":"#1"},"west":{"uv":[16,12,14,16],"texture":"#1"},"up":{"uv":[10,12,16,10],"texture":"#1"},"down":{"uv":[10,16,16,15],"texture":"#1"}}},{"from":[21.75,6.1,8.65],"to":[21.95,6.4,8.749],"rotation":{"angle":45,"axis":"z","origin":[21.95,6.1,8.7]},"faces":{"north":{"uv":[14,16,16,0],"rotation":270,"texture":"#1"},"east":{"uv":[15.75,12.75,14.25,15.5],"texture":"#1"},"south":{"uv":[0,16,1,11],"rotation":90,"texture":"#1"},"west":{"uv":[16,12,14,16],"texture":"#1"},"up":{"uv":[10,12,16,10],"texture":"#1"},"down":{"uv":[10,16,16,15],"texture":"#1"}}},{"from":[21.25,5.85,8.65],"to":[21.95,6.1,8.75],"faces":{"north":{"uv":[14,16,16,0],"rotation":270,"texture":"#1"},"east":{"uv":[15.75,12.75,14.25,15.5],"texture":"#1"},"south":{"uv":[0,16,1,14],"rotation":90,"texture":"#1"},"west":{"uv":[16,12,14,16],"texture":"#1"},"up":{"uv":[10,12,16,10],"texture":"#1"},"down":{"uv":[10,16,16,15],"texture":"#1"}}},{"from":[15,8.15,7.5],"to":[15.25,8.2,7.75],"faces":{"north":{"uv":[0.01,0.01,0.01,0.01],"texture":"#1"},"east":{"uv":[0.01,0.01,0.01,0.01],"texture":"#1"},"west":{"uv":[9,9,8,10],"texture":"#1"},"up":{"uv":[8,1,6,2],"rotation":90,"texture":"#4"},"down":{"uv":[0,2,4,0],"texture":"#3"}}},{"from":[16.25,8.15,7.5],"to":[16.5,8.2,7.75],"faces":{"north":{"uv":[0.01,0.01,0.01,0.01],"texture":"#1"},"east":{"uv":[0.01,0.01,0.01,0.01],"texture":"#1"},"west":{"uv":[9,9,8,10],"texture":"#1"},"up":{"uv":[6,2,4,3],"rotation":90,"texture":"#4"},"down":{"uv":[0,2,4,0],"texture":"#3"}}},{"from":[17.5,8.15,7.5],"to":[17.75,8.2,7.75],"faces":{"north":{"uv":[0.01,0.01,0.01,0.01],"texture":"#1"},"east":{"uv":[0.01,0.01,0.01,0.01],"texture":"#1"},"west":{"uv":[9,9,8,10],"texture":"#1"},"up":{"uv":[8,6,6,7],"rotation":90,"texture":"#4"},"down":{"uv":[0,2,4,0],"texture":"#3"}}},{"from":[18.75,8.15,7.5],"to":[19,8.2,7.75],"faces":{"north":{"uv":[0.01,0.01,0.01,0.01],"texture":"#1"},"east":{"uv":[0.01,0.01,0.01,0.01],"texture":"#1"},"west":{"uv":[9,9,8,10],"texture":"#1"},"up":{"uv":[2,4,0,5],"rotation":90,"texture":"#4"},"down":{"uv":[0,2,4,0],"texture":"#3"}}},{"from":[20,8.15,7.5],"to":[20.25,8.2,7.75],"faces":{"north":{"uv":[0.01,0.01,0.01,0.01],"texture":"#5"},"east":{"uv":[0.01,0.01,0.01,0.01],"texture":"#1"},"west":{"uv":[9,9,8,10],"texture":"#1"},"up":{"uv":[6,2,4,3],"rotation":90,"texture":"#4"},"down":{"uv":[0,2,4,0],"texture":"#3"}}},{"from":[20,7.75,8.65],"to":[20.25,8,8.7],"faces":{"north":{"uv":[2,5,0,7],"texture":"#1"},"east":{"uv":[0.01,0.01,0.01,0.01],"texture":"#1"},"south":{"uv":[2,5,0,7],"texture":"#3"},"west":{"uv":[9,9,8,10],"texture":"#1"},"down":{"uv":[0,2,4,0],"texture":"#3"}}},{"from":[18.75,7.75,8.65],"to":[19,8,8.7],"faces":{"north":{"uv":[2,5,0,7],"texture":"#1"},"east":{"uv":[0.01,0.01,0.01,0.01],"texture":"#1"},"south":{"uv":[2,5,0,7],"texture":"#3"},"west":{"uv":[9,9,8,10],"texture":"#1"},"down":{"uv":[0,2,4,0],"texture":"#3"}}},{"from":[17.5,7.75,8.65],"to":[17.75,8,8.7],"faces":{"north":{"uv":[2,5,0,7],"texture":"#1"},"east":{"uv":[0.01,0.01,0.01,0.01],"texture":"#1"},"south":{"uv":[2,5,0,7],"texture":"#3"},"west":{"uv":[9,9,8,10],"texture":"#1"},"down":{"uv":[0,2,4,0],"texture":"#3"}}},{"from":[16.25,7.75,8.65],"to":[16.5,8,8.7],"faces":{"north":{"uv":[2,5,0,7],"texture":"#1"},"east":{"uv":[0.01,0.01,0.01,0.01],"texture":"#1"},"south":{"uv":[2,5,0,7],"texture":"#3"},"west":{"uv":[9,9,8,10],"texture":"#1"},"down":{"uv":[0,2,4,0],"texture":"#3"}}},{"from":[15,7.75,8.65],"to":[15.25,8,8.7],"faces":{"north":{"uv":[2,5,0,7],"texture":"#1"},"east":{"uv":[0.01,0.01,0.01,0.01],"texture":"#1"},"south":{"uv":[2,5,0,7],"texture":"#3"},"west":{"uv":[9,9,8,10],"texture":"#1"},"down":{"uv":[0,2,4,0],"texture":"#3"}}},{"from":[13.75,7.75,8.65],"to":[14,8,8.7],"faces":{"north":{"uv":[2,5,0,7],"texture":"#1"},"east":{"uv":[0.01,0.01,0.01,0.01],"texture":"#1"},"south":{"uv":[2,5,0,7],"texture":"#3"},"west":{"uv":[9,9,8,10],"texture":"#1"},"down":{"uv":[0,2,4,0],"texture":"#3"}}},{"from":[12.5,7.75,8.65],"to":[12.75,8,8.7],"faces":{"north":{"uv":[2,5,0,7],"texture":"#1"},"east":{"uv":[0.01,0.01,0.01,0.01],"texture":"#1"},"south":{"uv":[2,5,0,7],"texture":"#3"},"west":{"uv":[9,9,8,10],"texture":"#1"},"down":{"uv":[0,2,4,0],"texture":"#3"}}},{"from":[11.2,6.1,7.6],"to":[13.6,6.9,8.4],"rotation":{"angle":45,"axis":"x","origin":[12.4,6.55,8.1]},"faces":{"north":{"uv":[13,0,14,16],"rotation":270,"texture":"#6"},"south":{"uv":[13,0,14,16],"rotation":90,"texture":"#6"},"up":{"uv":[13,0,14,16],"rotation":90,"texture":"#6"},"down":{"uv":[13,0,14,16],"rotation":90,"texture":"#6"}}},{"from":[13,6.75,8.65],"to":[13.25,7,8.7],"faces":{"north":{"uv":[2,5,0,7],"texture":"#3"},"east":{"uv":[0.01,0.01,0.01,0.01],"texture":"#1"},"south":{"uv":[2,5,0,7],"texture":"#3"},"west":{"uv":[0.01,0.01,0.01,0.01],"texture":"#1"}}},{"from":[12.5,6.375,8.65],"to":[12.75,6.625,8.7],"faces":{"north":{"uv":[2,5,0,7],"texture":"#3"},"east":{"uv":[0.01,0.01,0.01,0.01],"texture":"#1"},"south":{"uv":[2,5,0,7],"texture":"#3"},"west":{"uv":[0.01,0.01,0.01,0.01],"texture":"#1"}}},{"from":[11,6.625,8.5],"to":[21.75,6.75,8.7],"faces":{"north":{"uv":[6,1,2,2],"texture":"#3"},"east":{"uv":[9,7,7,9],"texture":"#3"},"south":{"uv":[3,1,6,2],"texture":"#3"},"west":{"uv":[9,9,8,10],"texture":"#1"},"up":{"uv":[0.01,0.01,0.01,0.01],"texture":"#1"},"down":{"uv":[0.01,0.01,0.01,0.01],"texture":"#1"}}},{"from":[11,7,8.5],"to":[21.75,7.125,8.7],"faces":{"north":{"uv":[6,0,1,2],"texture":"#3"},"east":{"uv":[9,7,7,9],"texture":"#3"},"south":{"uv":[1,0,6,2],"texture":"#3"},"west":{"uv":[9,9,8,10],"texture":"#1"},"up":{"uv":[0.01,0.01,0.01,0.01],"texture":"#3"},"down":{"uv":[0,2,4,0],"texture":"#1"}}},{"from":[11,7.625,8.6],"to":[21.75,7.75,8.7],"faces":{"north":{"uv":[6,0,1,2],"rotation":180,"texture":"#1"},"east":{"uv":[9,7,7,11],"texture":"#3"},"south":{"uv":[1,0,6,2],"rotation":180,"texture":"#3"},"west":{"uv":[9,9,8,10],"texture":"#1"},"up":{"uv":[0.01,0.01,0.01,0.01],"texture":"#1"},"down":{"uv":[0,2,4,0],"texture":"#4"}}},{"from":[20,7.75,7.3],"to":[20.25,8,7.35],"faces":{"north":{"uv":[0,5,2,7],"texture":"#3"},"east":{"uv":[0.01,0.01,0.01,0.01],"texture":"#1"},"south":{"uv":[0,5,2,7],"texture":"#1"},"west":{"uv":[8,9,9,10],"texture":"#1"},"down":{"uv":[0,0,4,2],"texture":"#3"}}},{"from":[18.75,7.75,7.3],"to":[19,8,7.35],"faces":{"north":{"uv":[0,5,2,7],"texture":"#3"},"east":{"uv":[0.01,0.01,0.01,0.01],"texture":"#1"},"south":{"uv":[0,5,2,7],"texture":"#1"},"west":{"uv":[8,9,9,10],"texture":"#1"},"down":{"uv":[0,0,4,2],"texture":"#3"}}},{"from":[17.5,7.75,7.3],"to":[17.75,8,7.35],"faces":{"north":{"uv":[0,5,2,7],"texture":"#3"},"east":{"uv":[0.01,0.01,0.01,0.01],"texture":"#1"},"south":{"uv":[0,5,2,7],"texture":"#1"},"west":{"uv":[8,9,9,10],"texture":"#1"},"down":{"uv":[0,0,4,2],"texture":"#3"}}},{"from":[16.25,7.75,7.3],"to":[16.5,8,7.35],"faces":{"north":{"uv":[0,5,2,7],"texture":"#3"},"east":{"uv":[0.01,0.01,0.01,0.01],"texture":"#1"},"south":{"uv":[0,5,2,7],"texture":"#1"},"west":{"uv":[8,9,9,10],"texture":"#1"},"down":{"uv":[0,0,4,2],"texture":"#3"}}},{"from":[15,7.75,7.3],"to":[15.25,8,7.35],"faces":{"north":{"uv":[0,5,2,7],"texture":"#3"},"east":{"uv":[0.01,0.01,0.01,0.01],"texture":"#1"},"south":{"uv":[0,5,2,7],"texture":"#1"},"west":{"uv":[8,9,9,10],"texture":"#1"},"down":{"uv":[0,0,4,2],"texture":"#3"}}},{"from":[13.75,7.75,7.3],"to":[14,8,7.35],"faces":{"north":{"uv":[0,5,2,7],"texture":"#3"},"east":{"uv":[0.01,0.01,0.01,0.01],"texture":"#1"},"south":{"uv":[0,5,2,7],"texture":"#1"},"west":{"uv":[8,9,9,10],"texture":"#1"},"down":{"uv":[0,0,4,2],"texture":"#3"}}},{"from":[12.5,7.75,7.3],"to":[12.75,8,7.35],"faces":{"north":{"uv":[0,5,2,7],"texture":"#3"},"east":{"uv":[0.01,0.01,0.01,0.01],"texture":"#1"},"south":{"uv":[0,5,2,7],"texture":"#1"},"west":{"uv":[8,9,9,10],"texture":"#1"},"down":{"uv":[0,0,4,2],"texture":"#3"}}},{"from":[3.5,7.5113,7.4],"to":[11,7.75,8.1],"rotation":{"angle":45,"axis":"x","origin":[6.75,7.63065,8]},"faces":{"north":{"uv":[9.01,15,12.99,16],"rotation":90,"texture":"#2"},"south":{"uv":[5,6,16,7],"texture":"#1"},"west":{"uv":[14,12,16,16],"texture":"#1"}}},{"from":[3.5,7.5113,7.4],"to":[11,7.75,8.1],"rotation":{"angle":22.5,"axis":"x","origin":[6.75,7.63065,8]},"faces":{"north":{"uv":[10,10,14,11],"rotation":90,"texture":"#1"},"south":{"uv":[5,6,16,7],"texture":"#1"},"west":{"uv":[14,12,16,16],"texture":"#1"}}},{"from":[3.5,7.5113,7.9],"to":[8,7.75,8.6],"rotation":{"angle":-22.5,"axis":"x","origin":[6.75,7.63065,8]},"faces":{"north":{"uv":[5,6,16,7],"texture":"#1"},"east":{"uv":[0.01,0.01,0.01,0.01],"texture":"#1"},"south":{"uv":[11,10,16,11],"rotation":90,"texture":"#1"},"west":{"uv":[14,12,16,16],"texture":"#1"}}},{"from":[3.5,6.25,7.4],"to":[11,7.75,8.1],"faces":{"north":{"uv":[13,15,14,16],"rotation":90,"texture":"#1"},"east":{"uv":[14.25,12.75,15.75,15.5],"texture":"#1"},"south":{"uv":[5,6,16,9],"texture":"#1"},"west":{"uv":[14,12,16,16],"texture":"#1"},"up":{"uv":[10,10,16,12],"texture":"#1"},"down":{"uv":[10,15,16,16],"texture":"#1"}}},{"from":[3.5,7.53065,7.88065],"to":[11,8.23065,8.11935],"rotation":{"angle":-22.5,"axis":"x","origin":[6.75,7.63065,8]},"faces":{"west":{"uv":[14,12,16,16],"rotation":90,"texture":"#1"},"up":{"uv":[10,8.99,13.99,8.99],"rotation":270,"texture":"#2"},"down":{"uv":[5,6,16,7],"texture":"#1"}}},{"from":[3.5,7.53065,7.88065],"to":[11,8.23065,8.11935],"faces":{"west":{"uv":[14,12,16,16],"rotation":90,"texture":"#1"},"up":{"uv":[3,13,6,14],"rotation":90,"texture":"#2"},"down":{"uv":[5,6,16,7],"texture":"#1"}}},{"from":[3.5,7.5113,7.9],"to":[11,7.75,8.6],"rotation":{"angle":-45,"axis":"x","origin":[6.75,7.63065,8]},"faces":{"north":{"uv":[5,6,16,7],"texture":"#1"},"south":{"uv":[9,15.99,14,15.99],"rotation":90,"texture":"#2"},"west":{"uv":[14,12,16,16],"texture":"#1"},"down":{"uv":[0.01,0.01,0.01,0.01],"texture":"#1"}}},{"from":[3.5,7.53065,7.88065],"to":[11,8.23065,8.11935],"rotation":{"angle":22.5,"axis":"x","origin":[6.75,7.63065,8]},"faces":{"west":{"uv":[14,12,16,16],"rotation":270,"texture":"#1"},"up":{"uv":[10,8.99,13.99,8.99],"rotation":90,"texture":"#2"},"down":{"uv":[5,6,16,7],"rotation":180,"texture":"#1"}}},{"from":[11,8,7.4],"to":[11.5,8.25,8.6],"faces":{"north":{"uv":[0,5,2,7],"texture":"#3"},"east":{"uv":[0.01,0.01,0.01,0.01],"texture":"#1"},"south":{"uv":[0,5,2,7],"texture":"#3"},"west":{"uv":[8,9,9,10],"texture":"#1"},"down":{"uv":[0,0,4,2],"texture":"#3"}}},{"from":[4,6.25,7.4],"to":[10.25,6.4887,8.1],"rotation":{"angle":-22.5,"axis":"x","origin":[7.25,6.36935,8]},"faces":{"north":{"uv":[15,7,16,6],"texture":"#1"},"south":{"uv":[5,7,16,6],"texture":"#1"},"west":{"uv":[14,16,16,12],"texture":"#1"}}},{"from":[4,6.25,7.4],"to":[10.25,6.4887,8.1],"rotation":{"angle":-45,"axis":"x","origin":[7.25,6.36935,8]},"faces":{"north":{"uv":[15,7,16,6],"texture":"#1"},"south":{"uv":[5,7,16,6],"texture":"#1"},"west":{"uv":[14,16,16,12],"texture":"#1"}}},{"from":[4.5,5.76935,7.88065],"to":[8.55,6.46935,8.11935],"faces":{"west":{"uv":[16,12,14,16],"rotation":90,"texture":"#1"},"up":{"uv":[5,7,16,6],"texture":"#1"},"down":{"uv":[15,7,16,6],"rotation":180,"texture":"#1"}}},{"from":[4.5,5.76935,7.88065],"to":[8.55,6.46935,8.11935],"rotation":{"angle":22.5,"axis":"x","origin":[7.75,6.36935,8]},"faces":{"west":{"uv":[16,12,14,16],"rotation":90,"texture":"#1"},"up":{"uv":[5,7,16,6],"texture":"#1"},"down":{"uv":[15,7,16,6],"rotation":180,"texture":"#1"}}},{"from":[4,6.25,7.9],"to":[10.25,6.4887,8.6],"rotation":{"angle":22.5,"axis":"x","origin":[7.25,6.36935,8]},"faces":{"north":{"uv":[5,7,16,6],"texture":"#1"},"south":{"uv":[15,7,16,6],"texture":"#1"},"west":{"uv":[14,16,16,12],"texture":"#1"}}},{"from":[4,6.25,7.9],"to":[10.25,6.4887,8.6],"rotation":{"angle":45,"axis":"x","origin":[7.25,6.36935,8]},"faces":{"north":{"uv":[5,7,16,6],"texture":"#1"},"south":{"uv":[15,7,16,6],"texture":"#1"},"west":{"uv":[14,16,16,12],"texture":"#1"}}},{"from":[4.5,5.76935,7.88065],"to":[8.55,6.46935,8.11935],"rotation":{"angle":-22.5,"axis":"x","origin":[7.75,6.36935,8]},"faces":{"west":{"uv":[16,12,14,16],"rotation":270,"texture":"#1"},"up":{"uv":[5,7,16,6],"rotation":180,"texture":"#1"},"down":{"uv":[15,7,16,6],"texture":"#1"}}},{"from":[10.25,5.75,7.4],"to":[11,6.25,8.6],"faces":{"north":{"uv":[15,6,16,9],"texture":"#1"},"east":{"uv":[14.25,12.75,15.75,15.5],"texture":"#1"},"south":{"uv":[15,6,16,9],"texture":"#1"},"west":{"uv":[14,12,16,16],"texture":"#1"},"up":{"uv":[10,10,16,12],"texture":"#1"},"down":{"uv":[14,0,16,16],"texture":"#8"}}},{"from":[3.5,6.25,7.9],"to":[11,7.25,8.6],"faces":{"north":{"uv":[5,6,16,9],"texture":"#1"},"east":{"uv":[14.25,12.75,15.75,15.5],"texture":"#1"},"south":{"uv":[14,7,16,9],"texture":"#1"},"west":{"uv":[14,12,16,16],"texture":"#1"},"up":{"uv":[10,10,16,12],"texture":"#1"},"down":{"uv":[10,15,16,16],"texture":"#1"}}},{"from":[10.5,7.25,7.9],"to":[11,7.75,8.6],"faces":{"north":{"uv":[5,6,16,9],"texture":"#1"},"east":{"uv":[14.25,12.75,15.75,15.5],"texture":"#1"},"south":{"uv":[14,7,16,9],"texture":"#1"},"west":{"uv":[14,12,16,16],"texture":"#1"},"up":{"uv":[10,10,16,12],"texture":"#1"},"down":{"uv":[10,15,16,16],"texture":"#1"}}},{"from":[3.5,7.5,7.9],"to":[8,7.75,8.6],"faces":{"north":{"uv":[5,6,16,9],"texture":"#1"},"east":{"uv":[14.25,12.75,15.75,15.5],"texture":"#1"},"south":{"uv":[14,7,16,9],"texture":"#1"},"west":{"uv":[14,12,16,16],"texture":"#1"},"up":{"uv":[10,10,16,12],"texture":"#1"},"down":{"uv":[10,15,16,16],"texture":"#1"}}},{"from":[10.5,7.5113,7.9],"to":[11,7.75,8.6],"rotation":{"angle":-22.5,"axis":"x","origin":[7.75,7.63065,8]},"faces":{"north":{"uv":[5,6,16,7],"texture":"#1"},"south":{"uv":[12,10,16,11],"rotation":90,"texture":"#1"},"west":{"uv":[14,14,16,16],"texture":"#1"}}},{"from":[5.3,7.4,8.05],"to":[10.55,7.7,8.55],"faces":{"north":{"uv":[0,0,0.5,0.5],"texture":"#3"},"east":{"uv":[0,0,0.5,0.5],"texture":"#3"},"south":{"uv":[8,0,9,10],"texture":"#3"},"west":{"uv":[0,0,0.5,0.5],"texture":"#3"},"up":{"uv":[0,0,0.5,0.5],"texture":"#3"},"down":{"uv":[0,0,0.5,0.5],"texture":"#1"}}},{"from":[3.5,7.25,7.9],"to":[6.75,7.5,8.6],"faces":{"north":{"uv":[5,6,16,9],"texture":"#1"},"east":{"uv":[14.25,12.75,15.75,15.5],"texture":"#1"},"south":{"uv":[14,7,16,9],"texture":"#1"},"west":{"uv":[14,12,16,16],"texture":"#1"},"up":{"uv":[10,10,16,12],"texture":"#1"},"down":{"uv":[10,15,16,16],"texture":"#1"}}},{"from":[10.3,5.8,8.35],"to":[10.6,6.1,8.85],"rotation":{"angle":-45,"axis":"y","origin":[10.65,5.95,8.7]},"faces":{"north":{"uv":[0,0,0.5,0.5],"texture":"#1"},"east":{"uv":[10,10,16,11],"texture":"#1"},"south":{"uv":[10,10,16,11],"rotation":180,"texture":"#1"},"west":{"uv":[7,12,12,13],"rotation":90,"texture":"#1"},"up":{"uv":[10,9,12,11],"rotation":270,"texture":"#1"},"down":{"uv":[0,0,0.5,0.5],"texture":"#1"}}},{"from":[8.25,5.75,7.6],"to":[10.25,6,8.4],"faces":{"north":{"uv":[15,6,16,9],"texture":"#1"},"east":{"uv":[14.25,12.75,15.75,15.5],"texture":"#1"},"south":{"uv":[15,6,16,9],"texture":"#1"},"west":{"uv":[14,12,16,16],"texture":"#1"},"up":{"uv":[10,10,16,12],"texture":"#1"},"down":{"uv":[1,3,15,13],"texture":"#8"}}},{"from":[2.24425,5.20158,7.499],"to":[3.74425,6.20158,8.501],"rotation":{"angle":45,"axis":"z","origin":[2.74425,5.45158,8.1]},"faces":{"north":{"uv":[0,0,13,13],"rotation":270,"texture":"#3"},"east":{"uv":[0.01,0.01,0.01,0.01],"texture":"#1"},"south":{"uv":[0,0,13,14],"rotation":270,"texture":"#3"},"west":{"uv":[10,9,14.5,12.25],"texture":"#1"},"up":{"uv":[2,13,7,14],"rotation":90,"texture":"#2"},"down":{"uv":[8,9,9,10],"texture":"#1"}}},{"from":[1.5,4.8,7.399],"to":[3.5,6.45,8.601],"rotation":{"angle":22.5,"axis":"z","origin":[3.5,8.2,7.399]},"faces":{"north":{"uv":[0,0,16,16],"texture":"#3"},"east":{"uv":[0.01,0.01,0.01,0.01],"texture":"#1"},"south":{"uv":[0,0,16,9],"texture":"#3"},"west":{"uv":[10,9,14.5,12.25],"texture":"#1"},"up":{"uv":[2,13,7,14],"rotation":90,"texture":"#2"},"down":{"uv":[8,9,9,10],"texture":"#1"}}},{"from":[1.7,1.75,7.4],"to":[3.3,5.25,8.6],"rotation":{"angle":-22.5,"axis":"z","origin":[2.75,3,8.15]},"faces":{"north":{"uv":[10,0,16,16],"rotation":180,"texture":"#3"},"east":{"uv":[15,9.5,16,14.5],"texture":"#2"},"south":{"uv":[11,0,16,16],"texture":"#3"},"west":{"uv":[7,0,10,16],"texture":"#1"},"down":{"uv":[0,0,0.5,0.5],"texture":"#3"}}},{"from":[6.535,4.94973,7.8],"to":[6.935,5.9481,8.2],"faces":{"north":{"uv":[0,5,5,6],"rotation":90,"texture":"#3"},"east":{"uv":[7.75,11.75,8.25,12],"rotation":180,"texture":"#3"},"south":{"uv":[0,5,5,6],"rotation":90,"texture":"#3"},"west":{"uv":[0.01,0.01,0.01,0.01],"rotation":180,"texture":"#3"},"up":{"uv":[5.5,7.75,7,8.25],"rotation":180,"texture":"#3"},"down":{"uv":[5.5,7.75,7,8.25],"rotation":180,"texture":"#3"}}},{"from":[6.54918,5.19973,7.8],"to":[6.64918,5.4981,8.2],"rotation":{"angle":-22.5,"axis":"z","origin":[5.89918,5.34891,8.05]},"faces":{"north":{"uv":[9,11.75,10.5,12],"texture":"#3"},"east":{"uv":[7.75,11.75,8.25,12],"rotation":180,"texture":"#3"},"south":{"uv":[3,5,4.5,5.25],"texture":"#3"},"west":{"uv":[4,12,11,13],"texture":"#8"},"up":{"uv":[5.5,7.75,7,8.25],"rotation":180,"texture":"#3"},"down":{"uv":[5.5,7.75,7,8.25],"rotation":180,"texture":"#3"}}},{"from":[5.75,4.59891,7.8],"to":[6.04837,4.69891,8.2],"rotation":{"angle":45,"axis":"z","origin":[5.89918,5.34891,8.05]},"faces":{"north":{"uv":[1,2,4,4],"texture":"#8"},"east":{"uv":[5.5,7.75,7,8.25],"rotation":270,"texture":"#3"},"south":{"uv":[5,2,8,4],"texture":"#8"},"west":{"uv":[5.5,7.75,7,8.25],"rotation":270,"texture":"#3"},"up":{"uv":[4,12,11,13],"rotation":90,"texture":"#8"},"down":{"uv":[7.75,11.75,8.25,12],"rotation":270,"texture":"#3"}}},{"from":[5.75,4.59891,7.8],"to":[6.04837,4.69891,8.2],"rotation":{"angle":22.5,"axis":"z","origin":[5.89918,5.34891,8.05]},"faces":{"north":{"uv":[9,2,12,4],"texture":"#8"},"east":{"uv":[5.5,7.75,7,8.25],"rotation":270,"texture":"#3"},"south":{"uv":[9,2,12,4],"texture":"#8"},"west":{"uv":[5.5,7.75,7,8.25],"rotation":270,"texture":"#3"},"up":{"uv":[1,2,8,3],"rotation":90,"texture":"#8"},"down":{"uv":[7.75,11.75,8.25,12],"rotation":270,"texture":"#3"}}},{"from":[5.5,4.59891,7.8],"to":[6.04837,4.69891,8.2],"faces":{"north":{"uv":[9,2,12,4],"texture":"#8"},"east":{"uv":[5.5,7.75,7,8.25],"rotation":270,"texture":"#3"},"south":{"uv":[1,2,4,4],"texture":"#8"},"west":{"uv":[5.5,7.75,7,8.25],"rotation":270,"texture":"#3"},"up":{"uv":[1,2,8,3],"rotation":90,"texture":"#8"},"down":{"uv":[7.75,11.75,8.25,12],"rotation":270,"texture":"#3"}}},{"from":[4.9,4.59891,7.8],"to":[5.79837,4.69891,8.2],"rotation":{"angle":-22.5,"axis":"z","origin":[5.64918,5.34891,8.05]},"faces":{"north":{"uv":[5,2,8,4],"texture":"#8"},"east":{"uv":[5.5,7.75,7,8.25],"rotation":270,"texture":"#3"},"south":{"uv":[9,2,13,4],"texture":"#8"},"west":{"uv":[5.5,7.75,7,8.25],"rotation":270,"texture":"#3"},"up":{"uv":[1,2,8,3],"rotation":90,"texture":"#8"},"down":{"uv":[7.75,11.75,8.25,12],"rotation":270,"texture":"#3"}}},{"from":[5.55,5.99891,7.801],"to":[6.04837,6.29891,8.199],"rotation":{"angle":-45,"axis":"z","origin":[5.89918,5.34891,8.051]},"faces":{"north":{"uv":[9,11.75,10.5,12],"rotation":270,"texture":"#3"},"east":{"uv":[5.5,7.75,7,8.25],"rotation":270,"texture":"#3"},"south":{"uv":[5.5,11.75,7,12],"rotation":90,"texture":"#3"},"west":{"uv":[5.5,7.75,7,8.25],"rotation":270,"texture":"#3"},"up":{"uv":[0.01,0.01,0.01,0.01],"rotation":90,"texture":"#3"},"down":{"uv":[10,10,10.5,10.25],"rotation":270,"texture":"#1"}}},{"from":[6.54918,5.19973,7.801],"to":[6.74918,5.4981,8.199],"rotation":{"angle":22.5,"axis":"z","origin":[5.89918,5.34891,8.051]},"faces":{"north":{"uv":[9,11.75,10.5,12],"rotation":180,"texture":"#3"},"east":{"uv":[0.01,0.01,0.01,0.01],"texture":"#3"},"south":{"uv":[5.5,11.75,7,12],"rotation":180,"texture":"#3"},"west":{"uv":[15,1,15.5,1.25],"rotation":180,"texture":"#2"},"up":{"uv":[5.5,7.75,7,8.25],"texture":"#3"},"down":{"uv":[5.5,7.75,7,8.25],"rotation":180,"texture":"#3"}}},{"from":[5.07294,5.18467,7.9],"to":[5.22294,5.93467,8.1],"faces":{"north":{"uv":[0,0,0.5,0.5],"texture":"#1"},"east":{"uv":[0,0,0.5,0.5],"texture":"#1"},"south":{"uv":[15,15,16,16],"texture":"#1"},"west":{"uv":[0,0,0.5,0.5],"texture":"#1"},"down":{"uv":[0,0,0.5,0.5],"texture":"#1"}}},{"from":[4.95,5.45,7.9],"to":[5.15,5.95,8.1],"rotation":{"angle":-22.5,"axis":"z","origin":[5.15,5.3,8.05]},"faces":{"north":{"uv":[0,0,0.5,0.5],"texture":"#1"},"east":{"uv":[0,0,0.5,0.5],"texture":"#1"},"south":{"uv":[15,15,16,16],"texture":"#1"},"west":{"uv":[0,0,0.5,0.5],"texture":"#1"},"down":{"uv":[0,0,0.5,0.5],"texture":"#1"}}},{"from":[1.5,4.55,7.499],"to":[3.5,6.45,8.501],"rotation":{"angle":22.5,"axis":"z","origin":[3.5,8.2,7.499]},"faces":{"north":{"uv":[0,0,16,16],"rotation":270,"texture":"#3"},"east":{"uv":[0.01,0.01,0.01,0.01],"texture":"#1"},"south":{"uv":[0,0,16,16],"rotation":180,"texture":"#3"},"west":{"uv":[10,9,14.5,12.25],"texture":"#1"},"up":{"uv":[2,13,7,14],"rotation":90,"texture":"#2"},"down":{"uv":[8,9,9,10],"texture":"#1"}}},{"from":[6.6,5.55,8.2],"to":[7.7,5.8,8.45],"faces":{"north":{"uv":[0,0,0.5,0.5],"texture":"#1"},"east":{"uv":[3,3,5,5],"rotation":270,"texture":"#2"},"south":{"uv":[1,7,9,8],"texture":"#2"},"west":{"uv":[7,12,12,13],"rotation":90,"texture":"#1"},"up":{"uv":[10,10,16,11],"texture":"#1"},"down":{"uv":[0,0,0.5,0.5],"texture":"#1"}}},{"from":[6.535,5.04973,7.7],"to":[6.835,5.8481,7.8],"faces":{"north":{"uv":[1,7,7,8],"texture":"#2"},"east":{"uv":[7.75,11.75,8.25,12],"rotation":180,"texture":"#3"},"south":{"uv":[5.5,11.75,7,12],"texture":"#3"},"west":{"uv":[0.01,0.01,0.01,0.01],"rotation":180,"texture":"#3"},"up":{"uv":[5.5,7.75,7,8.25],"rotation":180,"texture":"#3"},"down":{"uv":[5.5,7.75,7,8.25],"rotation":180,"texture":"#3"}}},{"from":[6.86,4.99973,7.8],"to":[7.91,5.9981,8.2],"rotation":{"angle":22.5,"axis":"z","origin":[7.04918,5.14891,8.05]},"faces":{"north":{"uv":[0,5,5,6],"rotation":90,"texture":"#3"},"east":{"uv":[7.75,11.75,8.25,12],"rotation":180,"texture":"#3"},"south":{"uv":[0,5,5,6],"rotation":90,"texture":"#3"},"west":{"uv":[0.01,0.01,0.01,0.01],"rotation":180,"texture":"#3"},"up":{"uv":[5.5,7.75,7,8.25],"rotation":180,"texture":"#3"},"down":{"uv":[5.5,7.75,7,8.25],"rotation":180,"texture":"#3"}}},{"from":[7.685,5.32473,7.8],"to":[7.935,5.8731,8.2],"faces":{"north":{"uv":[0,5,5,6],"rotation":90,"texture":"#3"},"east":{"uv":[7.75,11.75,8.25,12],"rotation":180,"texture":"#3"},"south":{"uv":[0,5,5,6],"rotation":90,"texture":"#3"},"west":{"uv":[0.01,0.01,0.01,0.01],"rotation":180,"texture":"#3"},"up":{"uv":[5.5,7.75,7,8.25],"rotation":180,"texture":"#3"},"down":{"uv":[5.5,7.75,7,8.25],"rotation":180,"texture":"#3"}}},{"from":[7.485,5.52473,7.799],"to":[7.785,5.82473,7.899],"faces":{"north":{"uv":[6,6,10,10],"texture":"#9"}}},{"from":[9.985,6.22473,7.399],"to":[10.285,6.52473,7.499],"faces":{"north":{"uv":[6,6,10,10],"texture":"#9"}}},{"from":[1.79918,7.19973,7.85],"to":[1.94918,7.4981,8.15],"rotation":{"angle":-22.5,"axis":"z","origin":[2.54918,7.34891,8.1]},"faces":{"north":{"uv":[1,14,4,16],"rotation":90,"texture":"#2"},"east":{"uv":[7.75,11.75,8.25,12],"rotation":180,"texture":"#1"},"south":{"uv":[9,14,12,16],"rotation":270,"texture":"#2"},"west":{"uv":[7,8,14,9],"texture":"#2"},"up":{"uv":[5.5,7.75,7,8.25],"rotation":180,"texture":"#3"},"down":{"uv":[5.5,7.75,7,8.25],"rotation":180,"texture":"#3"}}},{"from":[2.4,7.94891,7.85],"to":[2.69837,8.09891,8.15],"rotation":{"angle":45,"axis":"z","origin":[2.54918,7.34891,8.1]},"faces":{"north":{"uv":[12,14,15,16],"texture":"#2"},"east":{"uv":[5.5,7.75,7,8.25],"rotation":270,"texture":"#3"},"south":{"uv":[10,14,13,16],"texture":"#2"},"west":{"uv":[5.5,7.75,7,8.25],"rotation":270,"texture":"#3"},"up":{"uv":[7,8,14,9],"rotation":90,"texture":"#2"},"down":{"uv":[7.75,11.75,8.25,12],"rotation":270,"texture":"#1"}}},{"from":[2.4,7.94891,7.85],"to":[2.69837,8.09891,8.15],"rotation":{"angle":-22.5,"axis":"z","origin":[2.54918,7.34891,8.1]},"faces":{"north":{"uv":[9,14,12,16],"texture":"#2"},"east":{"uv":[5.5,7.75,7,8.25],"rotation":270,"texture":"#3"},"south":{"uv":[5,14,8,16],"texture":"#2"},"west":{"uv":[5.5,7.75,7,8.25],"rotation":270,"texture":"#3"},"up":{"uv":[7,8,14,9],"rotation":90,"texture":"#2"},"down":{"uv":[7.75,11.75,8.25,12],"rotation":270,"texture":"#1"}}},{"from":[2.4,7.94891,7.85],"to":[2.69837,8.09891,8.15],"rotation":{"angle":22.5,"axis":"z","origin":[2.54918,7.34891,8.1]},"faces":{"north":{"uv":[10,14,13,16],"texture":"#2"},"east":{"uv":[5.5,7.75,7,8.25],"rotation":270,"texture":"#3"},"south":{"uv":[1,14,4,16],"texture":"#2"},"west":{"uv":[5.5,7.75,7,8.25],"rotation":270,"texture":"#3"},"up":{"uv":[7,8,14,9],"rotation":90,"texture":"#2"},"down":{"uv":[7.75,11.75,8.25,12],"rotation":270,"texture":"#1"}}},{"from":[2.4,7.94891,7.85],"to":[2.69837,8.09891,8.15],"faces":{"north":{"uv":[5,14,8,16],"texture":"#2"},"east":{"uv":[5.5,7.75,7,8.25],"rotation":270,"texture":"#3"},"south":{"uv":[5,14,8,16],"texture":"#2"},"west":{"uv":[5.5,7.75,7,8.25],"rotation":270,"texture":"#3"},"up":{"uv":[7,8,14,9],"rotation":90,"texture":"#2"},"down":{"uv":[7.75,11.75,8.25,12],"rotation":270,"texture":"#1"}}},{"from":[1.2,5.75,7.5],"to":[2.2,7.25,8.5],"faces":{"north":{"uv":[0,0,16,16],"rotation":270,"texture":"#3"},"east":{"uv":[0.01,0.01,0.01,0.01],"texture":"#1"},"south":{"uv":[0,0,16,16],"rotation":270,"texture":"#3"},"west":{"uv":[10,9,14.5,12.25],"texture":"#3"},"up":{"uv":[1,14,12,15],"rotation":90,"texture":"#2"},"down":{"uv":[8,9,9,10],"texture":"#1"}}},{"from":[1.05,6.45,7.85],"to":[1.25,6.95,8.15],"faces":{"north":{"uv":[1,9,15,13],"rotation":90,"texture":"#10"},"east":{"uv":[0.01,0.01,0.01,0.01],"texture":"#1"},"south":{"uv":[1,9,15,13],"rotation":270,"texture":"#10"},"west":{"uv":[2,9,16,10],"rotation":90,"texture":"#10"},"up":{"uv":[7,8,14,9],"texture":"#2"},"down":{"uv":[8,9,9,10],"texture":"#1"}}},{"from":[1.05,5.85,7.75],"to":[1.25,6.35,8.25],"faces":{"north":{"uv":[1,9,16,10],"rotation":90,"texture":"#1"},"east":{"uv":[0.01,0.01,0.01,0.01],"texture":"#1"},"south":{"uv":[1,9,15,10],"rotation":270,"texture":"#1"},"west":{"uv":[3,4,7,8],"rotation":90,"texture":"#1"},"up":{"uv":[0,8,16,9],"rotation":90,"texture":"#1"},"down":{"uv":[8,9,9,10],"texture":"#1"}}},{"from":[2.885,7.12473,7.148],"to":[3.285,7.52473,7.248],"faces":{"north":{"uv":[6,7,10,10],"texture":"#10"}}},{"from":[1.44981,6.60028,8.502],"to":[1.74981,6.90028,8.602],"faces":{"south":{"uv":[7,3,4,6],"texture":"#10"}}},{"from":[5.14981,6.40028,8.452],"to":[5.29981,6.55028,8.602],"rotation":{"angle":0,"axis":"y","origin":[8,8,7.95]},"faces":{"south":{"uv":[3,13,0,16],"texture":"#10"}}},{"from":[6.74981,6.40028,8.452],"to":[6.89981,6.55028,8.602],"rotation":{"angle":0,"axis":"y","origin":[8,8,7.95]},"faces":{"south":{"uv":[3,13,0,16],"texture":"#10"}}},{"from":[8.25,8.5,7.15],"to":[9.25,9.5,7.4],"faces":{"north":{"uv":[6,4,10,8],"texture":"#11"},"south":{"uv":[6,4,10,8],"texture":"#11"},"west":{"uv":[0,15,2,16],"texture":"#2"},"up":{"uv":[4.25,12,6,13.75],"rotation":90,"texture":"#4"},"down":{"uv":[7,7,8,9],"texture":"#1"}}},{"from":[9.25,8.5,7.15],"to":[10.25,9.5,7.4],"faces":{"north":{"uv":[6,4,10,8],"texture":"#11"},"south":{"uv":[6,4,10,8],"texture":"#11"},"west":{"uv":[0,15,2,16],"texture":"#2"},"up":{"uv":[4.25,12,6,13.75],"rotation":90,"texture":"#4"},"down":{"uv":[7,7,8,9],"texture":"#1"}}},{"from":[10.25,8.5,7.15],"to":[11.45,9.5,7.4],"faces":{"north":{"uv":[5.1,4,10.1,8],"texture":"#11"},"south":{"uv":[6,4,10.9,8],"texture":"#11"},"west":{"uv":[0,15,2,16],"texture":"#2"},"up":{"uv":[4.25,12,6,13.75],"rotation":90,"texture":"#4"},"down":{"uv":[7,7,8,9],"texture":"#1"}}},{"from":[11.45,8.5,7.15],"to":[12.85,9.5,7.4],"faces":{"north":{"uv":[5.99,4,5.99,8],"texture":"#11"},"south":{"uv":[9.99,4,9.99,8],"texture":"#11"},"west":{"uv":[0,15,2,16],"texture":"#2"},"up":{"uv":[4.25,12,6,13.75],"rotation":90,"texture":"#4"},"down":{"uv":[7,7,8,9],"texture":"#1"}}},{"from":[7.05,8.5,8.6],"to":[8.25,9.5,8.85],"faces":{"north":{"uv":[10,4,5,8],"texture":"#11"},"south":{"uv":[11,4,6,8],"texture":"#11"},"west":{"uv":[2,15,0,16],"texture":"#2"},"up":{"uv":[6,12,4.25,13.75],"rotation":90,"texture":"#4"},"down":{"uv":[7,9,8,7],"texture":"#1"}}},{"from":[8.25,8.5,8.6],"to":[9.25,9.5,8.85],"faces":{"north":{"uv":[10,4,6,8],"texture":"#11"},"south":{"uv":[10,4,6,8],"texture":"#11"},"west":{"uv":[2,15,0,16],"texture":"#2"},"up":{"uv":[6,12,4.25,13.75],"rotation":90,"texture":"#4"},"down":{"uv":[7,9,8,7],"texture":"#1"}}},{"from":[9.25,8.5,8.6],"to":[10.25,9.5,8.85],"faces":{"north":{"uv":[10,4,6,8],"texture":"#11"},"south":{"uv":[10,4,6,8],"texture":"#11"},"west":{"uv":[2,15,0,16],"texture":"#2"},"up":{"uv":[6,12,4.25,13.75],"rotation":90,"texture":"#4"},"down":{"uv":[7,9,8,7],"texture":"#1"}}},{"from":[10.25,8.5,8.6],"to":[11.45,9.5,8.85],"faces":{"north":{"uv":[10.9,4,6,8],"texture":"#11"},"south":{"uv":[10.1,4,5.1,8],"texture":"#11"},"west":{"uv":[2,15,0,16],"texture":"#2"},"up":{"uv":[6,12,4.25,13.75],"rotation":90,"texture":"#4"},"down":{"uv":[7,9,8,7],"texture":"#1"}}},{"from":[11.45,8.5,8.6],"to":[12.85,9.5,8.85],"faces":{"north":{"uv":[9.99,4,9.99,8],"texture":"#11"},"south":{"uv":[5.99,4,5.99,8],"texture":"#11"},"west":{"uv":[2,15,0,16],"texture":"#2"},"up":{"uv":[6,12,4.25,13.75],"rotation":90,"texture":"#4"},"down":{"uv":[7,9,8,7],"texture":"#1"}}},{"from":[2.475,7.6,8.601],"to":[7.475,8.6,8.849],"rotation":{"angle":22.5,"axis":"z","origin":[5,8,7.85]},"faces":{"north":{"uv":[0,5,6,4],"rotation":90,"texture":"#3"},"east":{"uv":[16,13,0,16],"texture":"#2"},"south":{"uv":[2,6,3,14],"texture":"#2"},"west":{"uv":[2,15,0,16],"texture":"#2"},"up":{"uv":[8,10,4.25,13.75],"rotation":90,"texture":"#4"},"down":{"uv":[9,11.75,13,9.75],"texture":"#1"}}},{"from":[2.885,7.12473,8.752],"to":[3.285,7.52473,8.852],"faces":{"south":{"uv":[10,7,6,10],"texture":"#10"}}},{"from":[13.09981,9.10028,8.702],"to":[13.24981,9.25028,8.852],"faces":{"south":{"uv":[3,13,0,16],"texture":"#10"}}},{"from":[13.09981,9.10028,7.148],"to":[13.24981,9.25028,7.298],"faces":{"north":{"uv":[0,13,3,16],"texture":"#10"}}},{"from":[11.85,8.4,7.625],"to":[12.8,8.6,8.375],"faces":{"north":{"uv":[0,0,0.5,0.5],"texture":"#1"},"east":{"uv":[4,0,5,5],"texture":"#1"},"south":{"uv":[5,0,6,5],"texture":"#1"},"west":{"uv":[9,12,14,13],"rotation":90,"texture":"#1"},"up":{"uv":[10,10,16,11],"texture":"#1"},"down":{"uv":[0,0,0.5,0.5],"texture":"#1"}}},{"from":[11.85,8.6,7.625],"to":[12.05,8.95,7.875],"faces":{"north":{"uv":[0,0,0.5,0.5],"texture":"#1"},"east":{"uv":[4,0,5,5],"texture":"#1"},"south":{"uv":[5,0,6,5],"texture":"#1"},"west":{"uv":[10,10,16,11],"rotation":180,"texture":"#1"},"up":{"uv":[10,10,16,11],"texture":"#1"},"down":{"uv":[0,0,0.5,0.5],"texture":"#1"}}},{"from":[11.85,8.6,8.125],"to":[12.05,8.95,8.375],"faces":{"north":{"uv":[0,0,0.5,0.5],"texture":"#1"},"east":{"uv":[4,0,5,5],"texture":"#1"},"south":{"uv":[5,0,6,5],"texture":"#1"},"west":{"uv":[10,10,16,11],"texture":"#1"},"up":{"uv":[10,10,16,11],"texture":"#1"},"down":{"uv":[0,0,0.5,0.5],"texture":"#1"}}},{"from":[11.85,8.95,7.625],"to":[12.05,9.05,8.375],"faces":{"north":{"uv":[0,0,0.5,0.5],"texture":"#1"},"east":{"uv":[4,0,5,5],"texture":"#1"},"south":{"uv":[5,0,6,5],"texture":"#1"},"west":{"uv":[7,12,12,13],"rotation":90,"texture":"#1"},"up":{"uv":[10,10,16,11],"texture":"#1"},"down":{"uv":[0,0,0.5,0.5],"texture":"#1"}}},{"from":[11.85,8.6,7.875],"to":[12.05,8.7,7.975],"faces":{"north":{"uv":[0,0,0.5,0.5],"texture":"#1"},"east":{"uv":[4,0,5,5],"texture":"#1"},"south":{"uv":[5,0,6,5],"texture":"#1"},"west":{"uv":[10,10,11,11],"rotation":90,"texture":"#1"},"up":{"uv":[10,10,16,11],"texture":"#1"},"down":{"uv":[0,0,0.5,0.5],"texture":"#1"}}},{"from":[11.85,8.6,8.025],"to":[12.05,8.7,8.125],"faces":{"north":{"uv":[0,0,0.5,0.5],"texture":"#1"},"east":{"uv":[4,0,5,5],"texture":"#1"},"south":{"uv":[5,0,6,5],"texture":"#1"},"west":{"uv":[10,10,11,11],"rotation":90,"texture":"#1"},"up":{"uv":[10,10,16,11],"texture":"#1"},"down":{"uv":[0,0,0.5,0.5],"texture":"#1"}}},{"from":[11.95,8.5,8.125],"to":[12.15,9,8.375],"rotation":{"angle":22.5,"axis":"z","origin":[11.95,8.775,8]},"faces":{"north":{"uv":[0,0,0.5,0.5],"texture":"#1"},"east":{"uv":[4,0,5,5],"texture":"#1"},"south":{"uv":[5,0,6,5],"texture":"#1"},"west":{"uv":[7,12,12,13],"rotation":90,"texture":"#1"},"up":{"uv":[10,10,16,11],"texture":"#1"},"down":{"uv":[0,0,0.5,0.5],"texture":"#1"}}},{"from":[11.95,8.5,7.625],"to":[12.15,9,7.875],"rotation":{"angle":22.5,"axis":"z","origin":[11.95,8.775,8]},"faces":{"north":{"uv":[0,0,0.5,0.5],"texture":"#1"},"east":{"uv":[4,0,5,5],"texture":"#1"},"south":{"uv":[5,0,6,5],"texture":"#1"},"west":{"uv":[7,12,12,13],"rotation":90,"texture":"#1"},"up":{"uv":[10,10,16,11],"texture":"#1"},"down":{"uv":[0,0,0.5,0.5],"texture":"#1"}}}],"display":{"thirdperson_righthand":{"rotation":[0,100,0],"translation":[-0.5,1.5,-1],"scale":[0.7,0.7,0.7]},"thirdperson_lefthand":{"rotation":[0,-90,190],"translation":[-2,-6.5,5],"scale":[0.7,0.7,0.7]},"firstperson_righthand":{"rotation":[0,90,0],"translation":[0,4.5,0],"scale":[1.3,1.3,1.3]},"firstperson_lefthand":{"scale":[0,0,0]},"ground":{"translation":[0,1,0],"scale":[0.7,0.7,0.7]},"gui":{"rotation":[0,0,45],"translation":[-4,0,-1],"scale":[0.7,0.7,0.7]},"head":{"scale":[1.4,1.4,1.4]},"fixed":{"translation":[0,1.5,-2.2],"scale":[-1.4,1.4,-1.4]}}}