{"gui_light":"front","textures":{"1":"block/gray_wool","2":"block/gold_block","3":"block/furnace_side","9":"block/furnace_side","particle":"block/furnace_side","1_2":"block/anvil"},"elements":[{"from":[10,10.35,6.76508],"to":[10.475,12.45,7.63492],"faces":{"east":{"uv":[13,3,14,16],"texture":"#2"},"up":{"uv":[4,10,6,14],"rotation":270,"texture":"#2"},"down":{"uv":[13,15,14,16],"rotation":90,"texture":"#2"}}},{"from":[1.7499,9.9,6.90163],"to":[2,12.9,7.49837],"faces":{"east":{"uv":[15,14,16,15],"rotation":270,"texture":"#2"},"west":{"uv":[2,0,3,16],"rotation":180,"texture":"#2"},"up":{"uv":[1,2,2,3],"rotation":270,"texture":"#2"},"down":{"uv":[0,0,1,1],"rotation":270,"texture":"#2"}}},{"from":[1.7498,9.9,6.90163],"to":[2,12.9,7.49837],"rotation":{"angle":22.5,"axis":"x","origin":[1.8749,11.4,7.2]},"faces":{"east":{"uv":[15,14,16,15],"rotation":270,"texture":"#2"},"west":{"uv":[3,0,4,16],"rotation":180,"texture":"#2"},"up":{"uv":[1,2,2,3],"rotation":270,"texture":"#2"},"down":{"uv":[0,0,1,1],"rotation":270,"texture":"#2"}}},{"from":[1.7497,9.9,6.90163],"to":[2,12.9,7.49837],"rotation":{"angle":-22.5,"axis":"x","origin":[1.87485,11.4,7.2]},"faces":{"east":{"uv":[15,14,16,15],"rotation":270,"texture":"#2"},"west":{"uv":[3,0,4,16],"rotation":180,"texture":"#2"},"up":{"uv":[1,2,2,3],"rotation":270,"texture":"#2"},"down":{"uv":[0,0,1,1],"rotation":270,"texture":"#2"}}},{"from":[1.7499,9.9,6.90163],"to":[2,12.9,7.49837],"rotation":{"angle":45,"axis":"x","origin":[1.87495,11.4,7.2]},"faces":{"east":{"uv":[15,14,16,15],"rotation":270,"texture":"#2"},"west":{"uv":[4,0,5,16],"rotation":180,"texture":"#2"},"up":{"uv":[1,2,2,3],"rotation":270,"texture":"#2"},"down":{"uv":[0,0,1,1],"rotation":270,"texture":"#2"}}},{"from":[1.7499,9.9,6.90163],"to":[2,12.9,7.49837],"rotation":{"angle":-45,"axis":"x","origin":[1.87495,11.4,7.2]},"faces":{"east":{"uv":[15,14,16,15],"rotation":270,"texture":"#2"},"west":{"uv":[4,0,5,16],"rotation":180,"texture":"#2"},"up":{"uv":[1,2,2,3],"rotation":270,"texture":"#2"},"down":{"uv":[0,0,1,1],"rotation":270,"texture":"#2"}}},{"from":[1.75,11.10163,5.7],"to":[2,11.69837,8.7],"rotation":{"angle":-22.5,"axis":"x","origin":[1.875,11.4,7.2]},"faces":{"north":{"uv":[0,0,1,1],"rotation":90,"texture":"#2"},"east":{"uv":[15,14,16,15],"rotation":180,"texture":"#2"},"south":{"uv":[1,2,2,3],"rotation":270,"texture":"#2"},"west":{"uv":[8,0,9,16],"rotation":90,"texture":"#2"}}},{"from":[1.75,11.10163,5.7],"to":[2,11.69837,8.7],"rotation":{"angle":22.5,"axis":"x","origin":[1.875,11.4,7.2]},"faces":{"north":{"uv":[1,2,2,3],"rotation":90,"texture":"#2"},"east":{"uv":[15,14,16,15],"texture":"#2"},"south":{"uv":[0,0,1,1],"rotation":270,"texture":"#2"},"west":{"uv":[7,0,8,16],"rotation":90,"texture":"#2"}}},{"from":[1.75,11.10163,5.7],"to":[2,11.69837,8.7],"faces":{"north":{"uv":[0,0,1,1],"rotation":90,"texture":"#2"},"east":{"uv":[15,14,16,15],"rotation":180,"texture":"#2"},"south":{"uv":[1,2,2,3],"rotation":270,"texture":"#2"},"west":{"uv":[8,0,9,16],"rotation":90,"texture":"#2"}}},{"from":[1.65,11.27568,6.575],"to":[1.75,11.52432,7.825],"faces":{"north":{"uv":[0,0,1,1],"rotation":90,"texture":"#3"},"south":{"uv":[0,0,1,1],"rotation":270,"texture":"#3"},"west":{"uv":[5,3,9,4],"texture":"#3"}}},{"from":[1.65,11.27568,6.575],"to":[1.75,11.52432,7.825],"rotation":{"angle":22.5,"axis":"x","origin":[1.7,11.4,7.2]},"faces":{"north":{"uv":[0,0,1,1],"rotation":90,"texture":"#3"},"south":{"uv":[0,0,1,1],"rotation":270,"texture":"#3"},"west":{"uv":[5,3,9,4],"texture":"#3"}}},{"from":[1.65,11.27568,6.575],"to":[1.75,11.52432,7.825],"rotation":{"angle":-22.5,"axis":"x","origin":[1.7,11.4,7.2]},"faces":{"north":{"uv":[0,0,1,1],"rotation":90,"texture":"#3"},"south":{"uv":[0,0,1,1],"rotation":270,"texture":"#3"},"west":{"uv":[5,3,9,4],"rotation":180,"texture":"#3"}}},{"from":[1.65,11.27568,6.575],"to":[1.75,11.52432,7.825],"rotation":{"angle":45,"axis":"x","origin":[1.7,11.4,7.2]},"faces":{"north":{"uv":[0,0,1,1],"rotation":90,"texture":"#3"},"south":{"uv":[0,0,1,1],"rotation":270,"texture":"#3"},"west":{"uv":[5,3,9,4],"texture":"#3"}}},{"from":[1.65,11.27568,6.575],"to":[1.75,11.52432,7.825],"rotation":{"angle":-45,"axis":"x","origin":[1.7,11.4,7.2]},"faces":{"north":{"uv":[0,0,1,1],"rotation":90,"texture":"#3"},"south":{"uv":[0,0,1,1],"rotation":270,"texture":"#3"},"west":{"uv":[5,3,9,4],"rotation":180,"texture":"#3"}}},{"from":[1.65,10.775,7.07568],"to":[1.75,12.025,7.32432],"rotation":{"angle":-22.5,"axis":"x","origin":[1.7,11.4,7.2]},"faces":{"west":{"uv":[5,3,9,4],"rotation":90,"texture":"#3"},"up":{"uv":[0,0,1,1],"rotation":270,"texture":"#3"},"down":{"uv":[0,0,1,1],"rotation":270,"texture":"#3"}}},{"from":[1.65,10.775,7.07568],"to":[1.75,12.025,7.32432],"rotation":{"angle":22.5,"axis":"x","origin":[1.7,11.4,7.2]},"faces":{"west":{"uv":[5,3,9,4],"rotation":90,"texture":"#3"},"up":{"uv":[0,0,1,1],"rotation":270,"texture":"#3"},"down":{"uv":[0,0,1,1],"rotation":270,"texture":"#3"}}},{"from":[1.65,10.775,7.07568],"to":[1.75,12.025,7.32432],"faces":{"west":{"uv":[5,3,9,4],"rotation":90,"texture":"#3"},"up":{"uv":[0,0,1,1],"rotation":270,"texture":"#3"},"down":{"uv":[0,0,1,1],"rotation":270,"texture":"#3"}}},{"from":[2,10.15,6.95136],"to":[10,12.65,7.44864],"rotation":{"angle":22.5,"axis":"x","origin":[3,11.4,7.2]},"faces":{"east":{"uv":[12,1,13,16],"texture":"#2"},"up":{"uv":[11,0,13,15],"rotation":270,"texture":"#2"},"down":{"uv":[16,1,14,16],"rotation":90,"texture":"#2"}}},{"from":[2,10.15,6.95136],"to":[10,12.65,7.44864],"rotation":{"angle":-22.5,"axis":"x","origin":[3,11.4,7.2]},"faces":{"east":{"uv":[12,1,13,16],"texture":"#2"},"up":{"uv":[1,0,3,15],"rotation":270,"texture":"#2"},"down":{"uv":[14,1,16,16],"rotation":90,"texture":"#2"}}},{"from":[2,10.15,6.95136],"to":[10,12.65,7.44864],"rotation":{"angle":45,"axis":"x","origin":[3,11.4,7.2]},"faces":{"east":{"uv":[12,1,13,16],"texture":"#2"},"up":{"uv":[11,0,13,15],"rotation":270,"texture":"#2"},"down":{"uv":[13,1,15,16],"rotation":90,"texture":"#2"}}},{"from":[2,10.15,6.95136],"to":[10,12.65,7.44864],"rotation":{"angle":-45,"axis":"x","origin":[3,11.4,7.2]},"faces":{"east":{"uv":[13,1,14,16],"texture":"#2"},"up":{"uv":[2,0,4,15],"rotation":270,"texture":"#2"},"down":{"uv":[11,1,13,16],"rotation":90,"texture":"#2"}}},{"from":[2,11.15136,5.95],"to":[10,11.64864,8.45],"rotation":{"angle":-22.5,"axis":"x","origin":[3,11.4,7.2]},"faces":{"north":{"uv":[12,1,14,16],"rotation":270,"texture":"#2"},"east":{"uv":[10,1,11,15],"rotation":270,"texture":"#2"},"south":{"uv":[8,1,10,16],"rotation":90,"texture":"#2"}}},{"from":[2,11.15136,5.95],"to":[10,11.64864,8.45],"rotation":{"angle":22.5,"axis":"x","origin":[3,11.4,7.2]},"faces":{"north":{"uv":[8,1,10,16],"rotation":270,"texture":"#2"},"east":{"uv":[10,1,11,15],"rotation":90,"texture":"#2"},"south":{"uv":[10,1,12,16],"rotation":90,"texture":"#2"}}},{"from":[2,11.15136,5.95],"to":[10,11.64864,8.45],"faces":{"north":{"uv":[9,1,11,16],"rotation":270,"texture":"#2"},"east":{"uv":[2,3,3,4],"rotation":270,"texture":"#2"},"south":{"uv":[9,1,11,16],"rotation":90,"texture":"#2"}}},{"from":[10,11.65,6.95136],"to":[11.25,12.65,7.44864],"rotation":{"angle":-22.5,"axis":"z","origin":[10,12.65,7.2]},"faces":{"north":{"uv":[2,3,3,4],"texture":"#2"},"south":{"uv":[2,3,3,4],"texture":"#2"},"up":{"uv":[4,1,6,16],"rotation":270,"texture":"#2"}}},{"from":[10,10.15,6.95136],"to":[11.25,11.15,7.44864],"rotation":{"angle":22.5,"axis":"z","origin":[10,10.15,7.2]},"faces":{"north":{"uv":[15,15,16,16],"texture":"#2"},"south":{"uv":[15,15,16,16],"texture":"#2"},"down":{"uv":[16,1,15,16],"rotation":270,"texture":"#2"}}},{"from":[10,11.15136,7.45],"to":[11.25,11.64864,8.45],"rotation":{"angle":22.5,"axis":"y","origin":[10,11.4,8.45]},"faces":{"south":{"uv":[4,1,6,16],"rotation":270,"texture":"#2"},"up":{"uv":[2,3,3,4],"rotation":180,"texture":"#2"},"down":{"uv":[2,3,3,4],"texture":"#2"}}},{"from":[10,11.15136,5.95],"to":[11.25,11.64864,6.95],"rotation":{"angle":-22.5,"axis":"y","origin":[10,11.4,5.95]},"faces":{"north":{"uv":[4,16,6,1],"rotation":270,"texture":"#2"},"up":{"uv":[2,3,3,4],"rotation":180,"texture":"#2"},"down":{"uv":[2,3,3,4],"texture":"#2"}}},{"from":[2,10.15,6.95136],"to":[10,12.65,7.44864],"faces":{"east":{"uv":[2,3,3,4],"texture":"#2"},"up":{"uv":[4,0,6,15],"rotation":270,"texture":"#2"},"down":{"uv":[15,1,16,16],"rotation":90,"texture":"#2"}}},{"from":[10,10.35,6.76508],"to":[10.475,12.45,7.63492],"rotation":{"angle":-45,"axis":"x","origin":[10.2375,11.4,7.2]},"faces":{"east":{"uv":[13,3,14,16],"texture":"#2"},"up":{"uv":[1,2,3,6],"rotation":270,"texture":"#2"},"down":{"uv":[11,12,12,16],"texture":"#2"}}},{"from":[10,10.35,6.76508],"to":[10.475,12.45,7.63492],"rotation":{"angle":45,"axis":"x","origin":[10.2375,11.4,7.2]},"faces":{"east":{"uv":[14,3,15,16],"texture":"#2"},"up":{"uv":[3,9,5,14],"rotation":270,"texture":"#2"},"down":{"uv":[12,12,13,16],"rotation":180,"texture":"#2"}}},{"from":[10,10.96508,6.15],"to":[10.475,11.83492,8.25],"faces":{"north":{"uv":[2,3,3,4],"rotation":270,"texture":"#2"},"east":{"uv":[10,14,14,16],"texture":"#2"},"south":{"uv":[4,11,5,12],"rotation":270,"texture":"#2"}}},{"from":[10.475,10.525,7.02595],"to":[12.475,12.275,7.37405],"faces":{"east":{"uv":[0,0,1,1],"texture":"#2"},"up":{"uv":[4,10,6,14],"rotation":270,"texture":"#2"},"down":{"uv":[13,15,14,16],"rotation":90,"texture":"#2"}}},{"from":[10.475,10.525,7.02595],"to":[12.475,12.275,7.37405],"rotation":{"angle":22.5,"axis":"x","origin":[11.475,11.4,7.2]},"faces":{"east":{"uv":[0,0,1,1],"texture":"#2"},"up":{"uv":[4,10,6,14],"rotation":270,"texture":"#2"},"down":{"uv":[13,15,14,16],"rotation":90,"texture":"#2"}}},{"from":[10.475,10.525,7.02595],"to":[12.475,12.275,7.37405],"rotation":{"angle":-22.5,"axis":"x","origin":[11.475,11.4,7.2]},"faces":{"east":{"uv":[0,0,1,1],"texture":"#2"},"up":{"uv":[4,10,6,14],"rotation":270,"texture":"#2"},"down":{"uv":[13,15,14,16],"rotation":90,"texture":"#2"}}},{"from":[10.475,10.525,7.02595],"to":[12.475,12.275,7.37405],"rotation":{"angle":45,"axis":"x","origin":[11.475,11.4,7.2]},"faces":{"east":{"uv":[0,0,1,1],"texture":"#2"},"up":{"uv":[4,10,6,14],"rotation":270,"texture":"#2"},"down":{"uv":[13,15,14,16],"rotation":90,"texture":"#2"}}},{"from":[10.475,10.525,7.02595],"to":[12.475,12.275,7.37405],"rotation":{"angle":-45,"axis":"x","origin":[11.475,11.4,7.2]},"faces":{"east":{"uv":[0,0,1,1],"texture":"#2"},"up":{"uv":[4,10,6,14],"rotation":270,"texture":"#2"},"down":{"uv":[13,13,14,14],"rotation":90,"texture":"#2"}}},{"from":[10.475,11.22595,6.325],"to":[12.475,11.57405,8.075],"rotation":{"angle":-22.5,"axis":"x","origin":[11.475,11.4,7.2]},"faces":{"north":{"uv":[11,12,12,13],"rotation":270,"texture":"#2"},"east":{"uv":[0,0,1,1],"rotation":270,"texture":"#2"},"south":{"uv":[4,10,6,14],"rotation":270,"texture":"#2"}}},{"from":[10.475,11.22595,6.325],"to":[12.475,11.57405,8.075],"rotation":{"angle":22.5,"axis":"x","origin":[11.475,11.4,7.2]},"faces":{"north":{"uv":[4,10,6,14],"rotation":90,"texture":"#2"},"east":{"uv":[0,0,1,1],"rotation":90,"texture":"#2"},"south":{"uv":[11,12,12,13],"rotation":90,"texture":"#2"}}},{"from":[10.475,11.22595,6.325],"to":[12.475,11.57405,8.075],"faces":{"north":{"uv":[4,10,6,14],"rotation":90,"texture":"#2"},"east":{"uv":[0,0,1,1],"rotation":90,"texture":"#2"},"south":{"uv":[8,10,9,11],"rotation":90,"texture":"#2"}}},{"from":[12.375,10.6,7.04087],"to":[13.875,12.2,7.35913],"faces":{"east":{"uv":[4,10,5,11],"texture":"#3"},"up":{"uv":[6,9,8,10],"rotation":270,"texture":"#3"},"down":{"uv":[11,8,12,9],"rotation":270,"texture":"#3"}}},{"from":[12.375,10.6,7.04087],"to":[13.875,12.2,7.35913],"rotation":{"angle":-22.5,"axis":"x","origin":[13.5,11.4,7.2]},"faces":{"east":{"uv":[4,10,5,11],"texture":"#3"},"up":{"uv":[9,9.01,10,11.01],"rotation":180,"texture":"#3"},"down":{"uv":[10,8.01,12,8.51],"rotation":90,"texture":"#3"}}},{"from":[12.375,10.6,7.04087],"to":[13.875,12.2,7.35913],"rotation":{"angle":22.5,"axis":"x","origin":[13.5,11.4,7.2]},"faces":{"east":{"uv":[4,10,5,11],"texture":"#3"},"up":{"uv":[9,10,11,11],"rotation":270,"texture":"#3"},"down":{"uv":[10,8,12,9],"rotation":270,"texture":"#3"}}},{"from":[12.375,10.6,7.04087],"to":[13.875,12.2,7.35913],"rotation":{"angle":-45,"axis":"x","origin":[13.5,11.4,7.2]},"faces":{"east":{"uv":[4,10,5,11],"texture":"#3"},"up":{"uv":[11,10,13,11],"rotation":270,"texture":"#3"},"down":{"uv":[9,8.01,11,8.51],"rotation":90,"texture":"#3"}}},{"from":[12.375,10.6,7.04087],"to":[13.875,12.2,7.35913],"rotation":{"angle":45,"axis":"x","origin":[13.5,11.4,7.2]},"faces":{"east":{"uv":[4,10,5,11],"texture":"#3"},"up":{"uv":[11,10,12,12],"texture":"#3"},"down":{"uv":[9,8,11,9],"rotation":270,"texture":"#3"}}},{"from":[12.375,11.24087,6.4],"to":[13.875,11.55913,8],"rotation":{"angle":22.5,"axis":"x","origin":[13.5,11.4,7.2]},"faces":{"north":{"uv":[3,8,5,9],"rotation":270,"texture":"#3"},"east":{"uv":[4,10,5,11],"rotation":90,"texture":"#3"},"south":{"uv":[8,8.01,10,8.51],"rotation":90,"texture":"#3"}}},{"from":[12.375,11.24087,6.4],"to":[13.875,11.55913,8],"rotation":{"angle":-22.5,"axis":"x","origin":[13.5,11.4,7.2]},"faces":{"north":{"uv":[8,8,10,9],"rotation":90,"texture":"#3"},"east":{"uv":[4,10,5,11],"rotation":270,"texture":"#3"},"south":{"uv":[3,8,4.9,9],"rotation":270,"texture":"#3"}}},{"from":[12.375,11.24087,6.4],"to":[13.875,11.55913,8],"faces":{"north":{"uv":[7,8,9,9],"rotation":90,"texture":"#3"},"east":{"uv":[4,10,5,11],"rotation":90,"texture":"#3"},"south":{"uv":[7,8.01,9,8.51],"rotation":90,"texture":"#3"}}},{"from":[13.875,10.65,7.05082],"to":[14.575,12.15,7.34918],"faces":{"east":{"uv":[4,10,5,11],"texture":"#3"},"up":{"uv":[6,9,8,10],"rotation":270,"texture":"#3"},"down":{"uv":[11,8,12,9],"rotation":270,"texture":"#3"}}},{"from":[13.875,10.65,7.05082],"to":[14.575,12.15,7.34918],"rotation":{"angle":22.5,"axis":"x","origin":[14.625,11.4,7.2]},"faces":{"east":{"uv":[4,10,5,11],"texture":"#3"},"up":{"uv":[9,10,11,11],"rotation":270,"texture":"#3"},"down":{"uv":[10,8,12,9],"rotation":270,"texture":"#3"}}},{"from":[13.875,10.65,7.05082],"to":[14.575,12.15,7.34918],"rotation":{"angle":-22.5,"axis":"x","origin":[14.625,11.4,7.2]},"faces":{"east":{"uv":[4,10,5,11],"texture":"#3"},"up":{"uv":[9,9.01,10,11.01],"rotation":180,"texture":"#3"},"down":{"uv":[10,8.01,12,8.51],"rotation":90,"texture":"#3"}}},{"from":[13.875,10.65,7.05082],"to":[14.575,12.15,7.34918],"rotation":{"angle":45,"axis":"x","origin":[14.625,11.4,7.2]},"faces":{"east":{"uv":[4,10,5,11],"texture":"#3"},"up":{"uv":[11,10,12,12],"texture":"#3"},"down":{"uv":[9,8,11,9],"rotation":270,"texture":"#3"}}},{"from":[13.875,10.65,7.05082],"to":[14.575,12.15,7.34918],"rotation":{"angle":-45,"axis":"x","origin":[14.625,11.4,7.2]},"faces":{"east":{"uv":[4,10,5,11],"texture":"#3"},"up":{"uv":[11,10,13,11],"rotation":270,"texture":"#3"},"down":{"uv":[9,8.01,11,8.51],"rotation":90,"texture":"#3"}}},{"from":[13.875,11.25082,6.45],"to":[14.575,11.54918,7.95],"rotation":{"angle":-22.5,"axis":"x","origin":[14.625,11.4,7.2]},"faces":{"north":{"uv":[8,8,10,9],"rotation":90,"texture":"#3"},"east":{"uv":[4,10,5,11],"rotation":270,"texture":"#3"},"south":{"uv":[3,8,4.9,9],"rotation":270,"texture":"#3"}}},{"from":[13.875,11.25082,6.45],"to":[14.575,11.54918,7.95],"rotation":{"angle":22.5,"axis":"x","origin":[14.625,11.4,7.2]},"faces":{"north":{"uv":[3,8,5,9],"rotation":270,"texture":"#3"},"east":{"uv":[4,10,5,11],"rotation":90,"texture":"#3"},"south":{"uv":[8,8.01,10,8.51],"rotation":90,"texture":"#3"}}},{"from":[13.875,11.25082,6.45],"to":[14.575,11.54918,7.95],"faces":{"north":{"uv":[7,8,9,9],"rotation":90,"texture":"#3"},"east":{"uv":[4,10,5,11],"rotation":270,"texture":"#3"},"south":{"uv":[7,8.01,9,8.51],"rotation":90,"texture":"#3"}}},{"from":[14.575,10.7,7.06076],"to":[15.025,12.1,7.33924],"faces":{"east":{"uv":[4,10,5,11],"texture":"#3"},"up":{"uv":[6,9,8,10],"rotation":270,"texture":"#3"},"down":{"uv":[11,8,12,9],"rotation":270,"texture":"#3"}}},{"from":[14.575,10.7,7.06076],"to":[15.025,12.1,7.33924],"rotation":{"angle":-22.5,"axis":"x","origin":[15.425,11.4,7.2]},"faces":{"east":{"uv":[4,10,5,11],"texture":"#3"},"up":{"uv":[9,9.01,10,11.01],"rotation":180,"texture":"#3"},"down":{"uv":[10,8.01,12,8.51],"rotation":90,"texture":"#3"}}},{"from":[14.575,10.7,7.06076],"to":[15.025,12.1,7.33924],"rotation":{"angle":22.5,"axis":"x","origin":[15.425,11.4,7.2]},"faces":{"east":{"uv":[4,10,5,11],"texture":"#3"},"up":{"uv":[9,10,11,11],"rotation":270,"texture":"#3"},"down":{"uv":[10,8,12,9],"rotation":270,"texture":"#3"}}},{"from":[14.575,10.7,7.06076],"to":[15.025,12.1,7.33924],"rotation":{"angle":-45,"axis":"x","origin":[15.425,11.4,7.2]},"faces":{"east":{"uv":[4,10,5,11],"texture":"#3"},"up":{"uv":[11,10,13,11],"rotation":270,"texture":"#3"},"down":{"uv":[9,8.01,11,8.51],"rotation":90,"texture":"#3"}}},{"from":[14.575,11.26076,6.5],"to":[15.025,11.53924,7.9],"rotation":{"angle":22.5,"axis":"x","origin":[15.425,11.4,7.2]},"faces":{"north":{"uv":[3,8,5,9],"rotation":270,"texture":"#3"},"east":{"uv":[4,10,5,11],"rotation":90,"texture":"#3"},"south":{"uv":[8,8.01,10,8.51],"rotation":90,"texture":"#3"}}},{"from":[14.575,10.7,7.06076],"to":[15.025,12.1,7.33924],"rotation":{"angle":45,"axis":"x","origin":[15.425,11.4,7.2]},"faces":{"east":{"uv":[4,10,5,11],"texture":"#3"},"up":{"uv":[10,10,11,12],"texture":"#3"},"down":{"uv":[9,8,11,9],"rotation":270,"texture":"#3"}}},{"from":[14.575,11.26076,6.5],"to":[15.025,11.53924,7.9],"rotation":{"angle":-22.5,"axis":"x","origin":[15.425,11.4,7.2]},"faces":{"north":{"uv":[8,8,10,9],"rotation":90,"texture":"#3"},"east":{"uv":[4,10,5,11],"rotation":270,"texture":"#3"},"south":{"uv":[3,8,4.9,9],"rotation":270,"texture":"#3"}}},{"from":[14.575,11.26076,6.5],"to":[15.025,11.53924,7.9],"faces":{"north":{"uv":[7,8,9,9],"rotation":90,"texture":"#3"},"east":{"uv":[4,10,5,11],"rotation":270,"texture":"#3"},"south":{"uv":[7,8.01,9,8.51],"rotation":90,"texture":"#3"}}},{"from":[15.025,10.75,7.07071],"to":[15.275,12.05,7.32929],"faces":{"east":{"uv":[4,10,5,11],"texture":"#3"},"up":{"uv":[6,9,8,10],"rotation":270,"texture":"#3"},"down":{"uv":[11,8,12,9],"rotation":270,"texture":"#3"}}},{"from":[15.025,10.75,7.07071],"to":[15.275,12.05,7.32929],"rotation":{"angle":22.5,"axis":"x","origin":[15.15,11.4,7.2]},"faces":{"east":{"uv":[4,10,5,11],"texture":"#3"},"up":{"uv":[9,10,11,11],"rotation":270,"texture":"#3"},"down":{"uv":[10,8,12,9],"rotation":270,"texture":"#3"}}},{"from":[15.025,10.75,7.07071],"to":[15.275,12.05,7.32929],"rotation":{"angle":-22.5,"axis":"x","origin":[15.15,11.4,7.2]},"faces":{"east":{"uv":[4,10,5,11],"texture":"#3"},"up":{"uv":[9,9.01,10,11.01],"rotation":180,"texture":"#3"},"down":{"uv":[10,8.01,12,8.51],"rotation":90,"texture":"#3"}}},{"from":[15.025,10.75,7.07071],"to":[15.275,12.05,7.32929],"rotation":{"angle":45,"axis":"x","origin":[15.15,11.4,7.2]},"faces":{"east":{"uv":[4,10,5,11],"texture":"#3"},"up":{"uv":[10,10,11,12],"texture":"#3"},"down":{"uv":[9,8,11,9],"rotation":270,"texture":"#3"}}},{"from":[15.025,10.75,7.07071],"to":[15.275,12.05,7.32929],"rotation":{"angle":-45,"axis":"x","origin":[15.15,11.4,7.2]},"faces":{"east":{"uv":[4,10,5,11],"texture":"#3"},"up":{"uv":[11,10,13,11],"rotation":270,"texture":"#3"},"down":{"uv":[9,8.01,11,8.51],"rotation":90,"texture":"#3"}}},{"from":[15.025,11.27071,6.55],"to":[15.275,11.52929,7.85],"rotation":{"angle":-22.5,"axis":"x","origin":[15.15,11.4,7.2]},"faces":{"north":{"uv":[8,8,10,9],"rotation":90,"texture":"#3"},"east":{"uv":[4,10,5,11],"rotation":270,"texture":"#3"},"south":{"uv":[3,8,4.9,9],"rotation":270,"texture":"#3"}}},{"from":[15.025,11.27071,6.55],"to":[15.275,11.52929,7.85],"rotation":{"angle":22.5,"axis":"x","origin":[15.15,11.4,7.2]},"faces":{"north":{"uv":[3,8,5,9],"rotation":270,"texture":"#3"},"east":{"uv":[4,10,5,11],"rotation":90,"texture":"#3"},"south":{"uv":[8,8.01,10,8.51],"rotation":90,"texture":"#3"}}},{"from":[15.025,11.27071,6.55],"to":[15.275,11.52929,7.85],"faces":{"north":{"uv":[7,8,9,9],"rotation":90,"texture":"#3"},"east":{"uv":[4,10,5,11],"rotation":270,"texture":"#3"},"south":{"uv":[7,8.01,9,8.51],"rotation":90,"texture":"#3"}}},{"from":[15.275,11.6,7],"to":[16.325,12,7.4],"rotation":{"angle":-22.5,"axis":"z","origin":[15.275,12,7.11935]},"faces":{"north":{"uv":[9,9,10,12],"texture":"#3"},"east":{"uv":[8,3,9,4],"texture":"#3"},"south":{"uv":[9,9,10,12],"texture":"#3"},"up":{"uv":[8,9.5,13,10],"rotation":270,"texture":"#3"}}},{"from":[15.275,10.8,7],"to":[16.325,11.2,7.4],"rotation":{"angle":22.5,"axis":"z","origin":[15.275,10.8,7.11935]},"faces":{"north":{"uv":[8,8,11,9],"rotation":90,"texture":"#3"},"east":{"uv":[5,11,4,10],"texture":"#3"},"south":{"uv":[9,8,12,9],"rotation":90,"texture":"#3"},"down":{"uv":[9,1.5,13,2],"rotation":270,"texture":"#3"}}},{"from":[15.275,11.2,7.35],"to":[16.325,11.6,7.8],"rotation":{"angle":22.5,"axis":"y","origin":[15.275,11.4,7.8]},"faces":{"east":{"uv":[11,6,12,7],"rotation":270,"texture":"#3"},"south":{"uv":[7,8,10,9],"rotation":90,"texture":"#3"},"up":{"uv":[5,11,6,12],"rotation":180,"texture":"#3"},"down":{"uv":[5,11,6,12],"texture":"#3"}}},{"from":[15.275,11.2,6.6],"to":[16.325,11.6,7.05],"rotation":{"angle":-22.5,"axis":"y","origin":[15.275,11.4,6.6]},"faces":{"north":{"uv":[7,9,10,8],"rotation":90,"texture":"#3"},"east":{"uv":[11,6,12,5],"rotation":270,"texture":"#3"},"up":{"uv":[5,11,6,12],"rotation":180,"texture":"#3"},"down":{"uv":[5,11,6,12],"texture":"#3"}}},{"from":[1.3,4.7,5.549],"to":[16.6,11.501,5.751],"faces":{"north":{"uv":[0,3,2,13],"rotation":270,"texture":"#1"},"east":{"uv":[0,10,3,11],"texture":"#1_2"},"south":{"uv":[9,0,9.01,0.01],"rotation":90,"texture":"#3"},"up":{"uv":[0,0,16,1],"rotation":90,"texture":"#1_2"}}},{"from":[1.3,-6.7,5.55],"to":[15.5,3.7,10.45],"rotation":{"angle":22.5,"axis":"z","origin":[1.3,3.7,5.85]},"faces":{"north":{"uv":[0,3,2,13],"rotation":270,"texture":"#1"},"east":{"uv":[0,10,3,11],"texture":"#1_2"},"south":{"uv":[0,3,2,13],"rotation":90,"texture":"#1"},"west":{"uv":[0,10,3,11],"texture":"#1_2"},"down":{"uv":[1,1,3,11],"rotation":90,"texture":"#1"}}},{"from":[1.1,-9,5.35],"to":[15.7,-6.7,10.65],"rotation":{"angle":22.5,"axis":"z","origin":[1.3,3.7,5.65]},"faces":{"north":{"uv":[0,5,2,12],"rotation":180,"texture":"#1"},"east":{"uv":[0,13,3,16],"texture":"#1_2"},"south":{"uv":[0,5,2,12],"rotation":180,"texture":"#1"},"west":{"uv":[0,13,3,16],"texture":"#1_2"},"up":{"uv":[0,8,14,14],"texture":"#3"},"down":{"uv":[0,0,1,1],"rotation":90,"texture":"#1_2"}}},{"from":[1.1,3.7,5.35],"to":[16.8,4.7,10.65],"faces":{"north":{"uv":[0,5,2,8],"rotation":180,"texture":"#1"},"east":{"uv":[0,10,3,11],"texture":"#1_2"},"south":{"uv":[0,5,2,8],"rotation":180,"texture":"#1"},"west":{"uv":[0,10,3,11],"texture":"#1_2"},"up":{"uv":[0,8,14,14],"texture":"#3"},"down":{"uv":[0,0,1,1],"texture":"#1_2"}}},{"from":[1.3,11.5,5.549],"to":[8.8,13.3,5.751],"rotation":{"angle":22.5,"axis":"x","origin":[1.3,11.5,5.55]},"faces":{"north":{"uv":[0,8,2,13],"rotation":270,"texture":"#1"},"east":{"uv":[0,10,3,11],"texture":"#1_2"},"south":{"uv":[9,0,9.01,0.01],"rotation":90,"texture":"#3"},"west":{"uv":[0,10,3,11],"texture":"#1_2"},"up":{"uv":[0,0,16,1],"rotation":90,"texture":"#1_2"}}},{"from":[1.3,11.5,10.249],"to":[8.8,13.3,10.451],"rotation":{"angle":-22.5,"axis":"x","origin":[1.3,11.5,10.45]},"faces":{"north":{"uv":[9,0.01,9.01,0],"rotation":90,"texture":"#3"},"east":{"uv":[3,10,0,11],"texture":"#1_2"},"south":{"uv":[0,13,2,8],"rotation":270,"texture":"#1"},"west":{"uv":[3,10,0,11],"texture":"#1_2"},"up":{"uv":[0,0,16,1],"rotation":90,"texture":"#1_2"}}},{"from":[1.3,4.7,5.549],"to":[1.6,11.5,10.451],"faces":{"east":{"uv":[0,10,3,11],"texture":"#1_2"},"west":{"uv":[0,10,3,11],"texture":"#1_2"},"up":{"uv":[0,0,16,1],"texture":"#1_2"}}},{"from":[1.3,4.7,10.249],"to":[16.6,11.501,10.451],"faces":{"north":{"uv":[9,0,9.01,0.01],"rotation":270,"texture":"#3"},"east":{"uv":[0,10,3,11],"texture":"#1_2"},"south":{"uv":[0,3,2,13],"rotation":90,"texture":"#1"},"up":{"uv":[0,0,16,1],"rotation":90,"texture":"#1_2"}}},{"from":[16.3,4.7,5.549],"to":[16.6,11.5,10.451],"faces":{"east":{"uv":[3,10,0,11],"texture":"#1_2"},"west":{"uv":[3,10,0,11],"texture":"#1_2"},"up":{"uv":[16,0,0,1],"texture":"#1_2"}}},{"from":[1.6,4.7,5.749],"to":[16.4,9.2,10.251],"faces":{"up":{"uv":[10,0,9,1],"texture":"#3"}}},{"from":[10.8,4.701,6.149],"to":[12.4,9.201,7.551],"faces":{"up":{"uv":[16,0,15,16],"texture":"#2"}}},{"from":[1.9,4.701,5.949],"to":[10.8,9.201,7.751],"faces":{"up":{"uv":[16,0,15,16],"texture":"#2"}}},{"from":[12.4,4.701,6.249],"to":[15.3,9.201,7.451],"faces":{"up":{"uv":[15,9,1,11],"rotation":90,"texture":"#9"}}},{"from":[15.3,4.701,6.549],"to":[16.3,9.201,7.151],"faces":{"up":{"uv":[15,9,1,11],"rotation":90,"texture":"#9"}}},{"from":[10,8.4,8.46508],"to":[10.475,10.5,9.33492],"faces":{"east":{"uv":[13,3,14,16],"texture":"#2"},"up":{"uv":[4,10,6,14],"rotation":270,"texture":"#2"},"down":{"uv":[13,15,14,16],"rotation":90,"texture":"#2"}}},{"from":[1.7499,7.95,8.60163],"to":[2,10.95,9.19837],"faces":{"east":{"uv":[15,14,16,15],"rotation":270,"texture":"#2"},"west":{"uv":[2,0,3,16],"rotation":180,"texture":"#2"},"up":{"uv":[1,2,2,3],"rotation":270,"texture":"#2"},"down":{"uv":[0,0,1,1],"rotation":270,"texture":"#2"}}},{"from":[1.7498,7.95,8.60163],"to":[2,10.95,9.19837],"rotation":{"angle":22.5,"axis":"x","origin":[1.8749,9.45,8.9]},"faces":{"east":{"uv":[15,14,16,15],"rotation":270,"texture":"#2"},"west":{"uv":[3,0,4,16],"rotation":180,"texture":"#2"},"up":{"uv":[1,2,2,3],"rotation":270,"texture":"#2"},"down":{"uv":[0,0,1,1],"rotation":270,"texture":"#2"}}},{"from":[1.7497,7.95,8.60163],"to":[2,10.95,9.19837],"rotation":{"angle":-22.5,"axis":"x","origin":[1.87485,9.45,8.9]},"faces":{"east":{"uv":[15,14,16,15],"rotation":270,"texture":"#2"},"west":{"uv":[3,0,4,16],"rotation":180,"texture":"#2"},"up":{"uv":[1,2,2,3],"rotation":270,"texture":"#2"},"down":{"uv":[0,0,1,1],"rotation":270,"texture":"#2"}}},{"from":[1.7499,7.95,8.60163],"to":[2,10.95,9.19837],"rotation":{"angle":45,"axis":"x","origin":[1.87495,9.45,8.9]},"faces":{"east":{"uv":[15,14,16,15],"rotation":270,"texture":"#2"},"west":{"uv":[4,0,5,16],"rotation":180,"texture":"#2"},"up":{"uv":[1,2,2,3],"rotation":270,"texture":"#2"},"down":{"uv":[0,0,1,1],"rotation":270,"texture":"#2"}}},{"from":[1.7499,7.95,8.60163],"to":[2,10.95,9.19837],"rotation":{"angle":-45,"axis":"x","origin":[1.87495,9.45,8.9]},"faces":{"east":{"uv":[15,14,16,15],"rotation":270,"texture":"#2"},"west":{"uv":[4,0,5,16],"rotation":180,"texture":"#2"},"up":{"uv":[1,2,2,3],"rotation":270,"texture":"#2"},"down":{"uv":[0,0,1,1],"rotation":270,"texture":"#2"}}},{"from":[1.75,9.15163,7.4],"to":[2,9.74837,10.4],"rotation":{"angle":-22.5,"axis":"x","origin":[1.875,9.45,8.9]},"faces":{"north":{"uv":[0,0,1,1],"rotation":90,"texture":"#2"},"east":{"uv":[15,14,16,15],"rotation":180,"texture":"#2"},"south":{"uv":[1,2,2,3],"rotation":270,"texture":"#2"},"west":{"uv":[8,0,9,16],"rotation":90,"texture":"#2"}}},{"from":[1.75,9.15163,7.4],"to":[2,9.74837,10.4],"rotation":{"angle":22.5,"axis":"x","origin":[1.875,9.45,8.9]},"faces":{"north":{"uv":[1,2,2,3],"rotation":90,"texture":"#2"},"east":{"uv":[15,14,16,15],"texture":"#2"},"south":{"uv":[0,0,1,1],"rotation":270,"texture":"#2"},"west":{"uv":[7,0,8,16],"rotation":90,"texture":"#2"}}},{"from":[1.75,9.15163,7.4],"to":[2,9.74837,10.4],"faces":{"north":{"uv":[0,0,1,1],"rotation":90,"texture":"#2"},"east":{"uv":[15,14,16,15],"rotation":180,"texture":"#2"},"south":{"uv":[1,2,2,3],"rotation":270,"texture":"#2"},"west":{"uv":[8,0,9,16],"rotation":90,"texture":"#2"}}},{"from":[1.65,9.32568,8.275],"to":[1.75,9.57432,9.525],"faces":{"north":{"uv":[0,0,1,1],"rotation":90,"texture":"#3"},"south":{"uv":[0,0,1,1],"rotation":270,"texture":"#3"},"west":{"uv":[5,3,9,4],"texture":"#3"}}},{"from":[1.65,9.32568,8.275],"to":[1.75,9.57432,9.525],"rotation":{"angle":22.5,"axis":"x","origin":[1.7,9.45,8.9]},"faces":{"north":{"uv":[0,0,1,1],"rotation":90,"texture":"#3"},"south":{"uv":[0,0,1,1],"rotation":270,"texture":"#3"},"west":{"uv":[5,3,9,4],"texture":"#3"}}},{"from":[1.65,9.32568,8.275],"to":[1.75,9.57432,9.525],"rotation":{"angle":-22.5,"axis":"x","origin":[1.7,9.45,8.9]},"faces":{"north":{"uv":[0,0,1,1],"rotation":90,"texture":"#3"},"south":{"uv":[0,0,1,1],"rotation":270,"texture":"#3"},"west":{"uv":[5,3,9,4],"rotation":180,"texture":"#3"}}},{"from":[1.65,9.32568,8.275],"to":[1.75,9.57432,9.525],"rotation":{"angle":45,"axis":"x","origin":[1.7,9.45,8.9]},"faces":{"north":{"uv":[0,0,1,1],"rotation":90,"texture":"#3"},"south":{"uv":[0,0,1,1],"rotation":270,"texture":"#3"},"west":{"uv":[5,3,9,4],"texture":"#3"}}},{"from":[1.65,9.32568,8.275],"to":[1.75,9.57432,9.525],"rotation":{"angle":-45,"axis":"x","origin":[1.7,9.45,8.9]},"faces":{"north":{"uv":[0,0,1,1],"rotation":90,"texture":"#3"},"south":{"uv":[0,0,1,1],"rotation":270,"texture":"#3"},"west":{"uv":[5,3,9,4],"rotation":180,"texture":"#3"}}},{"from":[1.65,8.825,8.77568],"to":[1.75,10.075,9.02432],"rotation":{"angle":-22.5,"axis":"x","origin":[1.7,9.45,8.9]},"faces":{"west":{"uv":[5,3,9,4],"rotation":90,"texture":"#3"},"up":{"uv":[0,0,1,1],"rotation":270,"texture":"#3"},"down":{"uv":[0,0,1,1],"rotation":270,"texture":"#3"}}},{"from":[1.65,8.825,8.77568],"to":[1.75,10.075,9.02432],"rotation":{"angle":22.5,"axis":"x","origin":[1.7,9.45,8.9]},"faces":{"west":{"uv":[5,3,9,4],"rotation":90,"texture":"#3"},"up":{"uv":[0,0,1,1],"rotation":270,"texture":"#3"},"down":{"uv":[0,0,1,1],"rotation":270,"texture":"#3"}}},{"from":[1.65,8.825,8.77568],"to":[1.75,10.075,9.02432],"faces":{"west":{"uv":[5,3,9,4],"rotation":90,"texture":"#3"},"up":{"uv":[0,0,1,1],"rotation":270,"texture":"#3"},"down":{"uv":[0,0,1,1],"rotation":270,"texture":"#3"}}},{"from":[2,8.2,8.65136],"to":[10,10.7,9.14864],"rotation":{"angle":22.5,"axis":"x","origin":[3,9.45,8.9]},"faces":{"east":{"uv":[12,1,13,16],"texture":"#2"},"up":{"uv":[11,0,13,15],"rotation":270,"texture":"#2"}}},{"from":[2,8.2,8.65136],"to":[10,10.7,9.14864],"rotation":{"angle":-22.5,"axis":"x","origin":[3,9.45,8.9]},"faces":{"east":{"uv":[12,1,13,16],"texture":"#2"},"up":{"uv":[14,0,16,15],"rotation":270,"texture":"#2"}}},{"from":[2,8.2,8.65136],"to":[10,10.7,9.14864],"rotation":{"angle":45,"axis":"x","origin":[3,9.45,8.9]},"faces":{"east":{"uv":[12,1,13,16],"texture":"#2"},"up":{"uv":[14,0,16,15],"rotation":90,"texture":"#2"}}},{"from":[2,8.2,8.65136],"to":[10,10.7,9.14864],"rotation":{"angle":-45,"axis":"x","origin":[3,9.45,8.9]},"faces":{"east":{"uv":[13,1,14,16],"texture":"#2"},"up":{"uv":[15,1,16,16],"rotation":270,"texture":"#2"}}},{"from":[2,9.20136,7.65],"to":[10,9.69864,10.15],"rotation":{"angle":-22.5,"axis":"x","origin":[3,9.45,8.9]},"faces":{"east":{"uv":[10,1,11,15],"rotation":270,"texture":"#2"},"south":{"uv":[15,1,16,16],"rotation":90,"texture":"#2"}}},{"from":[2,9.20136,7.65],"to":[10,9.69864,10.15],"rotation":{"angle":22.5,"axis":"x","origin":[3,9.45,8.9]},"faces":{"north":{"uv":[15,1,16,16],"rotation":270,"texture":"#2"},"east":{"uv":[10,1,11,15],"rotation":90,"texture":"#2"}}},{"from":[2,9.20136,7.65],"to":[10,9.69864,10.15],"faces":{"north":{"uv":[15,1,16,16],"rotation":270,"texture":"#2"},"east":{"uv":[2,3,3,4],"rotation":270,"texture":"#2"},"south":{"uv":[15,1,16,16],"rotation":90,"texture":"#2"}}},{"from":[10,9.7,8.65136],"to":[11.25,10.7,9.14864],"rotation":{"angle":-22.5,"axis":"z","origin":[10,10.7,8.9]},"faces":{"north":{"uv":[2,3,3,4],"texture":"#2"},"south":{"uv":[2,3,3,4],"texture":"#2"},"up":{"uv":[4,1,6,16],"rotation":270,"texture":"#2"}}},{"from":[10,8.2,8.65136],"to":[11.25,9.2,9.14864],"rotation":{"angle":22.5,"axis":"z","origin":[10,8.2,8.9]},"faces":{"north":{"uv":[15,15,16,16],"texture":"#2"},"south":{"uv":[15,15,16,16],"texture":"#2"},"down":{"uv":[16,1,15,16],"rotation":270,"texture":"#2"}}},{"from":[10,9.20136,9.15],"to":[11.25,9.69864,10.15],"rotation":{"angle":22.5,"axis":"y","origin":[10,9.45,10.15]},"faces":{"south":{"uv":[15,1,16,16],"rotation":270,"texture":"#2"},"up":{"uv":[2,3,3,4],"rotation":180,"texture":"#2"},"down":{"uv":[2,3,3,4],"texture":"#2"}}},{"from":[10,9.20136,7.65],"to":[11.25,9.69864,8.65],"rotation":{"angle":-22.5,"axis":"y","origin":[10,9.45,7.65]},"faces":{"north":{"uv":[15,16,16,1],"rotation":270,"texture":"#2"},"up":{"uv":[15,15,16,16],"rotation":180,"texture":"#2"},"down":{"uv":[2,3,3,4],"texture":"#2"}}},{"from":[2,8.2,8.65136],"to":[10,10.7,9.14864],"faces":{"east":{"uv":[2,3,3,4],"texture":"#2"},"up":{"uv":[4,0,6,15],"rotation":270,"texture":"#2"}}},{"from":[10,8.4,8.46508],"to":[10.475,10.5,9.33492],"rotation":{"angle":-45,"axis":"x","origin":[10.2375,9.45,8.9]},"faces":{"east":{"uv":[13,3,14,16],"texture":"#2"},"up":{"uv":[13,14,16,16],"rotation":180,"texture":"#2"},"down":{"uv":[11,12,12,16],"texture":"#2"}}},{"from":[10,8.4,8.46508],"to":[10.475,10.5,9.33492],"rotation":{"angle":45,"axis":"x","origin":[10.2375,9.45,8.9]},"faces":{"east":{"uv":[14,2,15,16],"texture":"#2"},"up":{"uv":[3,9,5,14],"rotation":270,"texture":"#2"},"down":{"uv":[12,12,13,16],"rotation":180,"texture":"#2"}}},{"from":[10,9.01508,7.85],"to":[10.475,9.88492,9.95],"faces":{"north":{"uv":[2,3,3,4],"rotation":270,"texture":"#2"},"east":{"uv":[10,11,11,16],"texture":"#2"},"south":{"uv":[4,11,5,12],"rotation":270,"texture":"#2"}}},{"from":[10.475,8.575,8.72595],"to":[12.475,10.325,9.07405],"faces":{"east":{"uv":[0,0,1,1],"texture":"#2"},"up":{"uv":[4,10,6,14],"rotation":270,"texture":"#2"}}},{"from":[10.475,8.575,8.72595],"to":[12.475,10.325,9.07405],"rotation":{"angle":22.5,"axis":"x","origin":[11.475,9.45,8.9]},"faces":{"east":{"uv":[0,0,1,1],"texture":"#2"},"up":{"uv":[4,10,6,14],"rotation":270,"texture":"#2"}}},{"from":[10.475,8.575,8.72595],"to":[12.475,10.325,9.07405],"rotation":{"angle":-22.5,"axis":"x","origin":[11.475,9.45,8.9]},"faces":{"east":{"uv":[0,0,1,1],"texture":"#2"},"up":{"uv":[4,10,6,14],"rotation":270,"texture":"#2"}}},{"from":[10.475,8.575,8.72595],"to":[12.475,10.325,9.07405],"rotation":{"angle":45,"axis":"x","origin":[11.475,9.45,8.9]},"faces":{"east":{"uv":[0,0,1,1],"texture":"#2"},"up":{"uv":[4,10,6,14],"rotation":270,"texture":"#2"},"down":{"uv":[13,15,14,16],"rotation":90,"texture":"#2"}}},{"from":[10.475,8.575,8.72595],"to":[12.475,10.325,9.07405],"rotation":{"angle":-45,"axis":"x","origin":[11.475,9.45,8.9]},"faces":{"east":{"uv":[0,0,1,1],"texture":"#2"},"up":{"uv":[12,14,16,16],"rotation":180,"texture":"#2"},"down":{"uv":[15,15,16,16],"rotation":90,"texture":"#2"}}},{"from":[10.475,9.27595,8.025],"to":[12.475,9.62405,9.775],"rotation":{"angle":-22.5,"axis":"x","origin":[11.475,9.45,8.9]},"faces":{"north":{"uv":[15,15,16,16],"rotation":270,"texture":"#2"},"east":{"uv":[0,0,1,1],"rotation":270,"texture":"#2"},"south":{"uv":[4,10,6,14],"rotation":270,"texture":"#2"}}},{"from":[10.475,9.27595,8.025],"to":[12.475,9.62405,9.775],"rotation":{"angle":22.5,"axis":"x","origin":[11.475,9.45,8.9]},"faces":{"north":{"uv":[15,12,16,16],"rotation":90,"texture":"#2"},"east":{"uv":[0,0,1,1],"rotation":90,"texture":"#2"},"south":{"uv":[15,15,16,16],"rotation":90,"texture":"#2"}}},{"from":[10.475,9.27595,8.025],"to":[12.475,9.62405,9.775],"faces":{"north":{"uv":[15,12,16,16],"rotation":90,"texture":"#2"},"east":{"uv":[0,0,1,1],"rotation":90,"texture":"#2"},"south":{"uv":[15,15,16,16],"rotation":90,"texture":"#2"}}},{"from":[12.375,8.65,8.74087],"to":[13.875,10.25,9.05913],"faces":{"east":{"uv":[4,10,5,11],"texture":"#3"},"up":{"uv":[6,9,8,10],"rotation":270,"texture":"#3"}}},{"from":[12.375,8.65,8.74087],"to":[13.875,10.25,9.05913],"rotation":{"angle":-22.5,"axis":"x","origin":[13.5,9.45,8.9]},"faces":{"east":{"uv":[4,10,5,11],"texture":"#3"},"up":{"uv":[9,9.01,10,11.01],"rotation":180,"texture":"#3"}}},{"from":[12.375,8.65,8.74087],"to":[13.875,10.25,9.05913],"rotation":{"angle":22.5,"axis":"x","origin":[13.5,9.45,8.9]},"faces":{"east":{"uv":[4,10,5,11],"texture":"#3"},"up":{"uv":[9,10,11,11],"rotation":270,"texture":"#3"}}},{"from":[12.375,8.65,8.74087],"to":[13.875,10.25,9.05913],"rotation":{"angle":-45,"axis":"x","origin":[13.5,9.45,8.9]},"faces":{"east":{"uv":[4,10,5,11],"texture":"#3"},"up":{"uv":[11,10,13,11],"rotation":270,"texture":"#3"}}},{"from":[12.375,8.65,8.74087],"to":[13.875,10.25,9.05913],"rotation":{"angle":45,"axis":"x","origin":[13.5,9.45,8.9]},"faces":{"east":{"uv":[4,10,5,11],"texture":"#3"},"up":{"uv":[11,10,12,12],"texture":"#3"}}},{"from":[12.375,9.29087,8.1],"to":[13.875,9.60913,9.7],"rotation":{"angle":22.5,"axis":"x","origin":[13.5,9.45,8.9]},"faces":{"north":{"uv":[3,8,5,9],"rotation":270,"texture":"#3"},"east":{"uv":[4,10,5,11],"rotation":90,"texture":"#3"},"south":{"uv":[8,8.01,10,8.51],"rotation":90,"texture":"#3"}}},{"from":[12.375,9.29087,8.1],"to":[13.875,9.60913,9.7],"rotation":{"angle":-22.5,"axis":"x","origin":[13.5,9.45,8.9]},"faces":{"north":{"uv":[8,8,10,9],"rotation":90,"texture":"#3"},"east":{"uv":[4,10,5,11],"rotation":270,"texture":"#3"},"south":{"uv":[3,8,4.9,9],"rotation":270,"texture":"#3"}}},{"from":[12.375,9.29087,8.1],"to":[13.875,9.60913,9.7],"faces":{"north":{"uv":[7,8,9,9],"rotation":90,"texture":"#3"},"east":{"uv":[4,10,5,11],"rotation":90,"texture":"#3"},"south":{"uv":[7,8.01,9,8.51],"rotation":90,"texture":"#3"}}},{"from":[13.875,8.7,8.75082],"to":[14.575,10.2,9.04918],"faces":{"east":{"uv":[4,10,5,11],"texture":"#3"},"up":{"uv":[6,9,8,10],"rotation":270,"texture":"#3"}}},{"from":[13.875,8.7,8.75082],"to":[14.575,10.2,9.04918],"rotation":{"angle":22.5,"axis":"x","origin":[14.625,9.45,8.9]},"faces":{"east":{"uv":[4,10,5,11],"texture":"#3"},"up":{"uv":[9,10,11,11],"rotation":270,"texture":"#3"}}},{"from":[13.875,8.7,8.75082],"to":[14.575,10.2,9.04918],"rotation":{"angle":-22.5,"axis":"x","origin":[14.625,9.45,8.9]},"faces":{"east":{"uv":[4,10,5,11],"texture":"#3"},"up":{"uv":[9,9.01,10,11.01],"rotation":180,"texture":"#3"}}},{"from":[13.875,8.7,8.75082],"to":[14.575,10.2,9.04918],"rotation":{"angle":45,"axis":"x","origin":[14.625,9.45,8.9]},"faces":{"east":{"uv":[4,10,5,11],"texture":"#3"},"up":{"uv":[11,10,12,12],"texture":"#3"},"down":{"uv":[9,8,11,9],"rotation":270,"texture":"#3"}}},{"from":[13.875,8.7,8.75082],"to":[14.575,10.2,9.04918],"rotation":{"angle":-45,"axis":"x","origin":[14.625,9.45,8.9]},"faces":{"east":{"uv":[4,10,5,11],"texture":"#3"},"up":{"uv":[11,10,13,11],"rotation":270,"texture":"#3"},"down":{"uv":[9,8.01,11,8.51],"rotation":90,"texture":"#3"}}},{"from":[13.875,9.30082,8.15],"to":[14.575,9.59918,9.65],"rotation":{"angle":-22.5,"axis":"x","origin":[14.625,9.45,8.9]},"faces":{"north":{"uv":[8,8,10,9],"rotation":90,"texture":"#3"},"east":{"uv":[4,10,5,11],"rotation":270,"texture":"#3"},"south":{"uv":[3,8,4.9,9],"rotation":270,"texture":"#3"}}},{"from":[13.875,9.30082,8.15],"to":[14.575,9.59918,9.65],"rotation":{"angle":22.5,"axis":"x","origin":[14.625,9.45,8.9]},"faces":{"north":{"uv":[3,8,5,9],"rotation":270,"texture":"#3"},"east":{"uv":[4,10,5,11],"rotation":90,"texture":"#3"},"south":{"uv":[8,8.01,10,8.51],"rotation":90,"texture":"#3"}}},{"from":[13.875,9.30082,8.15],"to":[14.575,9.59918,9.65],"faces":{"north":{"uv":[7,8,9,9],"rotation":90,"texture":"#3"},"east":{"uv":[4,10,5,11],"rotation":270,"texture":"#3"},"south":{"uv":[7,8.01,9,8.51],"rotation":90,"texture":"#3"}}},{"from":[14.575,8.75,8.76076],"to":[15.025,10.15,9.03924],"faces":{"east":{"uv":[4,10,5,11],"texture":"#3"},"up":{"uv":[6,9,8,10],"rotation":270,"texture":"#3"},"down":{"uv":[11,8,12,9],"rotation":270,"texture":"#3"}}},{"from":[14.575,8.75,8.76076],"to":[15.025,10.15,9.03924],"rotation":{"angle":-22.5,"axis":"x","origin":[15.425,9.45,8.9]},"faces":{"east":{"uv":[4,10,5,11],"texture":"#3"},"up":{"uv":[9,9.01,10,11.01],"rotation":180,"texture":"#3"},"down":{"uv":[10,8.01,12,8.51],"rotation":90,"texture":"#3"}}},{"from":[14.575,8.75,8.76076],"to":[15.025,10.15,9.03924],"rotation":{"angle":22.5,"axis":"x","origin":[15.425,9.45,8.9]},"faces":{"east":{"uv":[4,10,5,11],"texture":"#3"},"up":{"uv":[9,10,11,11],"rotation":270,"texture":"#3"},"down":{"uv":[10,8,12,9],"rotation":270,"texture":"#3"}}},{"from":[14.575,8.75,8.76076],"to":[15.025,10.15,9.03924],"rotation":{"angle":-45,"axis":"x","origin":[15.425,9.45,8.9]},"faces":{"east":{"uv":[4,10,5,11],"texture":"#3"},"up":{"uv":[11,10,13,11],"rotation":270,"texture":"#3"},"down":{"uv":[9,8.01,11,8.51],"rotation":90,"texture":"#3"}}},{"from":[14.575,9.31076,8.2],"to":[15.025,9.58924,9.6],"rotation":{"angle":22.5,"axis":"x","origin":[15.425,9.45,8.9]},"faces":{"north":{"uv":[3,8,5,9],"rotation":270,"texture":"#3"},"east":{"uv":[4,10,5,11],"rotation":90,"texture":"#3"},"south":{"uv":[8,8.01,10,8.51],"rotation":90,"texture":"#3"}}},{"from":[14.575,8.75,8.76076],"to":[15.025,10.15,9.03924],"rotation":{"angle":45,"axis":"x","origin":[15.425,9.45,8.9]},"faces":{"east":{"uv":[4,10,5,11],"texture":"#3"},"up":{"uv":[10,10,11,12],"texture":"#3"},"down":{"uv":[9,8,11,9],"rotation":270,"texture":"#3"}}},{"from":[14.575,9.31076,8.2],"to":[15.025,9.58924,9.6],"rotation":{"angle":-22.5,"axis":"x","origin":[15.425,9.45,8.9]},"faces":{"north":{"uv":[8,8,10,9],"rotation":90,"texture":"#3"},"east":{"uv":[4,10,5,11],"rotation":270,"texture":"#3"},"south":{"uv":[3,8,4.9,9],"rotation":270,"texture":"#3"}}},{"from":[14.575,9.31076,8.2],"to":[15.025,9.58924,9.6],"faces":{"north":{"uv":[7,8,9,9],"rotation":90,"texture":"#3"},"east":{"uv":[4,10,5,11],"rotation":270,"texture":"#3"},"south":{"uv":[7,8.01,9,8.51],"rotation":90,"texture":"#3"}}},{"from":[15.025,8.8,8.77071],"to":[15.275,10.1,9.02929],"faces":{"east":{"uv":[4,10,5,11],"texture":"#3"},"up":{"uv":[6,9,8,10],"rotation":270,"texture":"#3"},"down":{"uv":[11,8,12,9],"rotation":270,"texture":"#3"}}},{"from":[15.025,8.8,8.77071],"to":[15.275,10.1,9.02929],"rotation":{"angle":22.5,"axis":"x","origin":[15.15,9.45,8.9]},"faces":{"east":{"uv":[4,10,5,11],"texture":"#3"},"up":{"uv":[9,10,11,11],"rotation":270,"texture":"#3"},"down":{"uv":[10,8,12,9],"rotation":270,"texture":"#3"}}},{"from":[15.025,8.8,8.77071],"to":[15.275,10.1,9.02929],"rotation":{"angle":-22.5,"axis":"x","origin":[15.15,9.45,8.9]},"faces":{"east":{"uv":[4,10,5,11],"texture":"#3"},"up":{"uv":[9,9.01,10,11.01],"rotation":180,"texture":"#3"},"down":{"uv":[10,8.01,12,8.51],"rotation":90,"texture":"#3"}}},{"from":[15.025,8.8,8.77071],"to":[15.275,10.1,9.02929],"rotation":{"angle":45,"axis":"x","origin":[15.15,9.45,8.9]},"faces":{"east":{"uv":[4,10,5,11],"texture":"#3"},"up":{"uv":[10,10,11,12],"texture":"#3"},"down":{"uv":[9,8,11,9],"rotation":270,"texture":"#3"}}},{"from":[15.025,8.8,8.77071],"to":[15.275,10.1,9.02929],"rotation":{"angle":-45,"axis":"x","origin":[15.15,9.45,8.9]},"faces":{"east":{"uv":[4,10,5,11],"texture":"#3"},"up":{"uv":[11,10,13,11],"rotation":270,"texture":"#3"},"down":{"uv":[9,8.01,11,8.51],"rotation":90,"texture":"#3"}}},{"from":[15.025,9.32071,8.25],"to":[15.275,9.57929,9.55],"rotation":{"angle":-22.5,"axis":"x","origin":[15.15,9.45,8.9]},"faces":{"north":{"uv":[8,8,10,9],"rotation":90,"texture":"#3"},"east":{"uv":[4,10,5,11],"rotation":270,"texture":"#3"},"south":{"uv":[3,8,4.9,9],"rotation":270,"texture":"#3"}}},{"from":[15.025,9.32071,8.25],"to":[15.275,9.57929,9.55],"rotation":{"angle":22.5,"axis":"x","origin":[15.15,9.45,8.9]},"faces":{"north":{"uv":[3,8,5,9],"rotation":270,"texture":"#3"},"east":{"uv":[4,10,5,11],"rotation":90,"texture":"#3"},"south":{"uv":[8,8.01,10,8.51],"rotation":90,"texture":"#3"}}},{"from":[15.025,9.32071,8.25],"to":[15.275,9.57929,9.55],"faces":{"north":{"uv":[7,8,9,9],"rotation":90,"texture":"#3"},"east":{"uv":[4,10,5,11],"rotation":270,"texture":"#3"},"south":{"uv":[7,8.01,9,8.51],"rotation":90,"texture":"#3"}}},{"from":[15.275,9.65,8.7],"to":[16.325,10.05,9.1],"rotation":{"angle":-22.5,"axis":"z","origin":[15.275,10.05,8.81935]},"faces":{"north":{"uv":[9,9,10,12],"texture":"#3"},"east":{"uv":[8,3,9,4],"texture":"#3"},"south":{"uv":[9,9,10,12],"texture":"#3"},"up":{"uv":[8,9.5,13,10],"rotation":270,"texture":"#3"}}},{"from":[15.275,8.85,8.7],"to":[16.325,9.25,9.1],"rotation":{"angle":22.5,"axis":"z","origin":[15.275,8.85,8.81935]},"faces":{"north":{"uv":[8,8,11,9],"rotation":90,"texture":"#3"},"east":{"uv":[5,11,4,10],"texture":"#3"},"south":{"uv":[9,8,12,9],"rotation":90,"texture":"#3"},"down":{"uv":[9,1.5,13,2],"rotation":270,"texture":"#3"}}},{"from":[15.275,9.25,9.05],"to":[16.325,9.65,9.5],"rotation":{"angle":22.5,"axis":"y","origin":[15.275,9.45,9.5]},"faces":{"east":{"uv":[11,6,12,7],"rotation":270,"texture":"#3"},"south":{"uv":[7,8,10,9],"rotation":90,"texture":"#3"},"up":{"uv":[5,11,6,12],"rotation":180,"texture":"#3"},"down":{"uv":[5,11,6,12],"texture":"#3"}}},{"from":[15.275,9.25,8.3],"to":[16.325,9.65,8.75],"rotation":{"angle":-22.5,"axis":"y","origin":[15.275,9.45,8.3]},"faces":{"north":{"uv":[7,9,10,8],"rotation":90,"texture":"#3"},"east":{"uv":[11,6,12,5],"rotation":270,"texture":"#3"},"up":{"uv":[5,11,6,12],"rotation":180,"texture":"#3"},"down":{"uv":[5,11,6,12],"texture":"#3"}}}],"display":{"thirdperson_righthand":{"rotation":[0,100,0],"translation":[-0.5,0,0],"scale":[0.15,0.15,0.15]},"thirdperson_lefthand":{"rotation":[0,-81,-13],"translation":[-0.5,0,0],"scale":[0.15,0.15,0.15]},"firstperson_righthand":{"rotation":[-71,71,60],"translation":[2,2,0.5],"scale":[0.3,0.3,0.3]},"firstperson_lefthand":{"rotation":[-28,-113,-29],"translation":[3,2,0.5],"scale":[0.3,0.3,0.3]},"ground":{"translation":[0,2,0],"scale":[0.15,0.15,0.15]},"gui":{"rotation":[0,180,14],"translation":[2,4.5,0],"scale":[0.8,0.8,0.8]},"head":{"scale":[0.3,0.3,0.3]},"fixed":{"translation":[0,1.5,-1.5],"scale":[-0.3,0.3,-0.3]}}}